sample_id,defect_class,severity,r_R,area_pct,aspect_ratio,wind_speed,rated_power_kw,power_baseline_kw,power_loss_kw,power_damaged_kw,aep_loss_pct,daily_energy_loss_kwh,tariff_inr,daily_loss_inr,repair_cost_inr,payback_days,confidence,decision,urgency,area_pct_capped,aspect_ratio_capped,wind_speed_capped,decision_label_encoded,urgency_label_encoded,defect_class_target_guided_ordinal,class_onehot_corrosion,class_onehot_crack,class_onehot_craze,class_onehot_hide_craze,class_onehot_surface_injure,class_onehot_thunderstrike
synth_001340,surface_injure,2,0.374,1.333,3.051,7.43,2500.0,354.48,0.01,354.47,0.1,21.6,3.84,82.95,75000.0,904.2,0.915,MONITOR,LOW,1.333,3.051,7.43,1,2,2,0,0,0,0,1,0
synth_001601,corrosion,2,0.521,2.356,1.03,5.81,4200.0,151.79,0.05,151.73,0.1,36.29,4.96,180.11,50000.0,277.6,0.811,MONITOR,LOW,2.356,1.03,5.81,1,2,3,1,0,0,0,0,0
synth_003549,crack,5,0.735,5.129,1.388,10.76,3000.0,2278.54,32.4,2246.15,0.83,215.85,3.72,803.1,40000.0,49.8,0.79,ENGINEERING_ASSESSMENT,CRITICAL,5.129,1.388,10.76,0,0,1,0,1,0,0,0,0
synth_003575,thunderstrike,5,0.688,4.124,2.09,12.33,4200.0,4200.0,0.26,4199.74,0.53,190.94,3.55,678.65,80000.0,117.9,0.907,ENGINEERING_ASSESSMENT,CRITICAL,4.124,2.09,12.33,0,0,0,0,0,0,0,0,1
synth_000211,surface_injure,1,0.244,2.926,2.122,6.69,3000.0,246.38,0.0,246.38,0.1,25.92,3.94,102.25,75000.0,733.5,0.925,MONITOR,LOW,2.926,2.122,6.69,1,2,2,0,0,0,0,1,0
synth_003515,crack,3,0.848,7.416,1.09,13.2,2500.0,2500.0,0.3,2499.7,1.06,229.69,4.68,1074.54,80000.0,74.5,0.832,ENGINEERING_ASSESSMENT,CRITICAL,7.416,1.09,13.2,0,0,1,0,1,0,0,0,0
synth_001465,craze,5,0.878,11.342,1.173,10.32,2000.0,1275.8,63.54,1212.26,2.92,504.06,5.41,2727.47,45000.0,16.5,0.899,REPAIR,HIGH,11.342,1.173,10.32,2,1,5,0,0,1,0,0,0
synth_000134,corrosion,1,0.352,0.995,2.395,6.87,2000.0,189.23,0.0,189.23,0.1,17.28,4.08,70.43,75000.0,1064.9,0.78,MONITOR,LOW,0.995,2.395,6.87,1,2,3,1,0,0,0,0,0
synth_002677,crack,4,0.829,7.863,0.999,12.74,3600.0,3600.0,0.57,3599.43,1.42,441.96,4.55,2009.75,60000.0,29.9,0.847,ENGINEERING_ASSESSMENT,CRITICAL,7.863,0.999,12.74,0,0,1,0,1,0,0,0,0
synth_001742,thunderstrike,4,0.618,6.759,0.814,7.79,2500.0,446.63,1.49,445.14,0.2,42.23,4.55,191.95,60000.0,312.6,0.783,ENGINEERING_ASSESSMENT,CRITICAL,6.759,0.814,7.79,0,0,0,0,0,0,0,0,1
synth_002316,corrosion,2,0.584,1.278,1.248,9.54,3000.0,1363.5,1.0,1362.5,0.1,25.92,3.7,95.96,90000.0,937.9,0.8642600936220012,MONITOR,LOW,1.278,1.248,9.54,1,2,3,1,0,0,0,0,0
synth_000026,surface_injure,1,0.607,0.583,2.928,9.67,3000.0,1450.42,0.64,1449.77,0.1,25.92,4.33,112.21,75000.0,668.4,0.809,MONITOR,LOW,0.583,2.928,9.67,1,2,2,0,0,0,0,1,0
synth_000929,crack,4,0.599,4.418,3.025,5.23,2000.0,35.91,0.1,35.81,0.16,26.83,4.87,130.77,80000.0,611.8,0.822,ENGINEERING_ASSESSMENT,CRITICAL,4.418,3.025,5.23,0,0,1,0,1,0,0,0,0
synth_000032,craze,2,0.431,1.785,0.848,5.27,4200.0,79.91,0.01,79.9,0.1,36.29,3.68,133.56,50000.0,374.4,0.772,MONITOR,LOW,1.785,0.848,5.27,1,2,5,0,0,1,0,0,0
synth_000315,surface_injure,5,0.856,7.393,0.73,9.41,2000.0,857.72,34.8,822.92,2.38,410.67,4.89,2009.09,45000.0,22.4,0.94,REPAIR,HIGH,7.393,0.73,9.41,2,1,2,0,0,0,0,1,0
synth_002707,surface_injure,3,0.675,1.037,2.082,12.13,4200.0,4200.0,0.11,4199.89,0.2,73.67,4.33,318.89,40000.0,125.4,0.936,ENGINEERING_ASSESSMENT,MEDIUM,1.037,2.082,12.13,0,3,2,0,0,0,0,1,0
synth_002887,crack,3,0.533,5.574,2.947,10.57,3000.0,2120.42,1.67,2118.75,0.1,25.92,3.63,94.07,40000.0,425.2,0.913,ENGINEERING_ASSESSMENT,CRITICAL,5.574,2.947,10.57,0,0,1,0,1,0,0,0,0
synth_001509,corrosion,3,0.911,11.243,2.716,9.02,4200.0,1492.88,44.91,1447.98,1.76,639.34,5.34,3414.76,25000.0,7.3,0.955,REPAIR,HIGH,11.243,2.716,9.02,2,1,3,1,0,0,0,0,0
synth_000270,crack,4,0.692,4.314,3.471,5.6,4200.0,119.81,0.83,118.98,0.41,147.55,4.84,714.63,60000.0,84.0,0.872,ENGINEERING_ASSESSMENT,CRITICAL,4.314,3.471,5.6,0,0,1,0,1,0,0,0,0
synth_001965,corrosion,1,0.491,1.074,0.965,6.16,3000.0,154.02,0.02,154.01,0.1,25.92,4.85,125.77,90000.0,715.6,0.909,MONITOR,LOW,1.074,0.965,6.16,1,2,3,1,0,0,0,0,0
synth_000879,surface_injure,2,0.296,1.583,0.656,4.08,2000.0,4.08,0.0,4.08,0.1,17.28,3.71,64.11,50000.0,779.9,0.767,MONITOR,LOW,1.583,0.656,4.08,1,2,2,0,0,0,0,1,0
synth_001924,surface_injure,4,0.818,6.03,0.724,7.15,2500.0,289.97,6.3,283.68,1.27,274.69,5.11,1404.96,25000.0,17.8,0.76,REPAIR,HIGH,6.03,0.724,7.15,2,1,2,0,0,0,0,1,0
synth_001057,crack,4,0.315,1.349,2.268,7.64,2500.0,405.81,0.01,405.8,0.1,21.6,3.63,78.41,60000.0,765.2,0.917,ENGINEERING_ASSESSMENT,CRITICAL,1.349,2.268,7.64,0,0,1,0,1,0,0,0,0
synth_002377,crack,3,0.372,1.712,0.501,12.51,3600.0,3600.0,0.0,3600.0,0.1,31.1,4.12,128.27,60000.0,467.8,0.9,ENGINEERING_ASSESSMENT,CRITICAL,1.712,0.501,12.51,0,0,1,0,1,0,0,0,0
synth_001231,craze,3,0.944,6.445,1.546,7.96,3600.0,715.03,26.18,688.85,2.14,667.05,3.99,2661.27,60000.0,22.5,0.924,REPAIR,HIGH,6.445,1.546,7.96,2,1,5,0,0,1,0,0,0
synth_000439,thunderstrike,5,0.344,2.269,1.747,14.57,4200.0,4200.0,0.0,4200.0,0.1,36.29,5.28,191.62,80000.0,417.5,0.892,ENGINEERING_ASSESSMENT,CRITICAL,2.269,1.747,14.57,0,0,0,0,0,0,0,0,1
synth_000415,crack,3,0.356,1.399,0.7,9.138434681408205,3000.0,139.26,0.01,139.25,0.1,25.92,4.67,121.08,80000.0,660.7,0.897,ENGINEERING_ASSESSMENT,CRITICAL,1.399,0.7,9.138434681408205,0,0,1,0,1,0,0,0,0
synth_000670,hide_craze,3,0.857,6.3,3.052,10.5,2500.0,1719.12,32.94,1686.17,1.12,242.45,6.35,1540.29,35000.0,22.7,0.844,REPAIR,HIGH,6.3,3.052,10.5,2,1,4,0,0,0,1,0,0
synth_002843,hide_craze,4,0.929,10.36,2.293,10.04,4200.0,2390.89,127.23,2263.66,3.12,1131.02,5.18,5856.93,55000.0,9.4,0.804,REPAIR,HIGH,10.36,2.293,10.04,2,1,4,0,0,0,1,0,0
synth_003019,craze,4,0.892,5.46,2.6,11.08,3600.0,3095.81,119.71,2976.1,2.26,704.47,5.99,4222.03,25000.0,5.9,0.8642600936220012,REPAIR,HIGH,5.46,2.6,11.08,2,1,5,0,0,1,0,0,0
synth_000811,corrosion,3,0.837,3.794,2.232,10.41,3000.0,1987.4,32.45,1954.95,0.96,247.86,5.46,1352.32,55000.0,40.7,0.907,REPAIR,HIGH,3.794,2.232,10.41,2,1,3,1,0,0,0,0,0
synth_002357,thunderstrike,4,0.702,5.326,1.574,11.83,4200.0,4200.0,0.22,4199.78,0.46,165.28,4.27,705.6,40000.0,56.7,0.953,ENGINEERING_ASSESSMENT,CRITICAL,5.326,1.574,11.83,0,0,0,0,0,0,0,0,1
synth_000179,hide_craze,3,0.941,3.794,2.345,10.0,2000.0,1118.51,41.97,1076.54,2.2,379.81,4.03,1529.14,55000.0,36.0,0.898,REPAIR,HIGH,3.794,2.345,10.0,2,1,4,0,0,0,1,0,0
synth_002762,crack,4,0.883,7.519,2.399,12.46,2500.0,2500.0,0.61,2499.39,2.17,468.57,4.03,1887.13,40000.0,21.2,0.834,ENGINEERING_ASSESSMENT,CRITICAL,7.519,2.399,12.46,0,0,1,0,1,0,0,0,0
synth_002988,corrosion,4,0.944,5.287,1.271,7.63,2000.0,323.48,18.26,305.21,3.31,571.45,5.74,3281.96,25000.0,7.6,0.76,REPAIR,HIGH,5.287,1.271,7.63,2,1,3,1,0,0,0,0,0
synth_002456,craze,1,0.623,2.11,2.368,6.98,2500.0,257.13,0.14,256.99,0.1,21.6,4.82,104.03,75000.0,720.9,0.968,MONITOR,LOW,2.11,2.368,6.98,1,2,5,0,0,1,0,0,0
synth_001226,corrosion,3,0.555,3.805,2.219,6.79,2000.0,176.67,0.18,176.49,0.1,17.28,3.5,60.53,60000.0,991.2,0.909,MONITOR,LOW,3.805,2.219,6.79,1,2,3,1,0,0,0,0,0
synth_000999,thunderstrike,3,0.661,2.994,1.015,9.138434681408205,2500.0,45.9,0.15,45.75,0.19,40.64,4.75,193.04,60000.0,310.8,0.922,ENGINEERING_ASSESSMENT,CRITICAL,2.994,1.015,9.138434681408205,0,0,0,0,0,0,0,0,1
synth_000817,craze,3,0.823,3.313,0.604,7.83,3000.0,548.92,7.7,541.22,0.82,213.01,5.9,1255.91,55000.0,43.8,0.753,REPAIR,HIGH,3.313,0.604,7.83,2,1,5,0,0,1,0,0,0
synth_000927,thunderstrike,5,0.46,5.867,0.536,9.09,3000.0,1105.79,0.69,1105.1,0.1,25.92,5.25,136.15,80000.0,587.6,0.977,ENGINEERING_ASSESSMENT,CRITICAL,5.867,0.536,9.09,0,0,0,0,0,0,0,0,1
synth_002696,hide_craze,1,0.613,2.296,1.651,9.8,2000.0,1024.31,0.52,1023.79,0.1,17.28,4.37,75.59,90000.0,1190.6,0.951,MONITOR,LOW,2.296,1.651,9.8,1,2,4,0,0,0,1,0,0
synth_003033,thunderstrike,5,0.424,4.564,1.975,12.08,2500.0,2500.0,0.01,2499.99,0.1,21.6,5.22,112.69,80000.0,709.9,0.94,ENGINEERING_ASSESSMENT,CRITICAL,4.564,1.975,12.08,0,0,0,0,0,0,0,0,1
synth_002955,surface_injure,3,0.848,5.763,3.07,13.53,4200.0,4200.0,0.5,4199.5,1.04,377.96,4.08,1543.5,40000.0,25.9,0.8642600936220012,REPAIR,HIGH,5.763,3.07,13.53,2,1,2,0,0,0,0,1,0
synth_000120,corrosion,1,0.35,2.897,1.759,4.25,3000.0,9.55,0.0,9.55,0.1,25.92,4.6,119.15,90000.0,755.4,0.972,MONITOR,LOW,2.897,1.759,4.25,1,2,3,1,0,0,0,0,0
synth_001786,crack,3,0.553,6.634,3.465,14.81,2000.0,2000.0,0.01,1999.99,0.1,17.28,4.28,73.88,40000.0,541.4,0.873,ENGINEERING_ASSESSMENT,CRITICAL,6.634,3.465,14.81,0,0,1,0,1,0,0,0,0
synth_001403,surface_injure,2,0.647,3.794,3.278,6.05,2000.0,92.64,0.13,92.5,0.1,17.28,3.9,67.39,90000.0,1335.5,0.759,MONITOR,LOW,3.794,3.278,6.05,1,2,2,0,0,0,0,1,0
synth_000387,crack,5,0.525,5.698,2.85,13.05,3000.0,3000.0,0.03,2999.97,0.1,25.92,5.39,139.8,60000.0,429.2,0.855,ENGINEERING_ASSESSMENT,CRITICAL,5.698,2.85,13.05,0,0,1,0,1,0,0,0,0
synth_001510,craze,4,0.863,6.229,2.857,11.02,4200.0,3533.54,110.17,3423.37,1.83,662.67,6.12,4053.48,45000.0,11.1,0.765,REPAIR,HIGH,6.229,2.857,11.02,2,1,5,0,0,1,0,0,0
synth_002104,craze,4,0.894,9.619,2.011,10.22,2000.0,1223.95,49.86,1174.08,2.39,412.34,4.7,1938.72,25000.0,12.9,0.934,REPAIR,HIGH,9.619,2.011,10.22,2,1,5,0,0,1,0,0,0
synth_002962,craze,3,0.965,11.836,2.013,9.59,2500.0,1165.69,51.75,1113.94,2.6,561.66,6.43,3613.44,45000.0,12.5,0.894,REPAIR,HIGH,11.836,2.013,9.59,2,1,5,0,0,1,0,0,0
synth_001957,corrosion,4,0.891,4.853,2.084,10.47,4200.0,2852.1,108.63,2743.47,2.23,809.53,5.57,4506.85,35000.0,7.8,0.863,REPAIR,HIGH,4.853,2.084,10.47,2,1,3,1,0,0,0,0,0
synth_000842,thunderstrike,3,0.921,7.463,1.967,9.57,4200.0,1942.3,61.27,1881.03,1.85,670.44,5.19,3481.18,80000.0,23.0,0.902,ENGINEERING_ASSESSMENT,CRITICAL,7.463,1.967,9.57,0,0,0,0,0,0,0,0,1
synth_000184,corrosion,3,0.819,9.397,0.952,10.68,3600.0,2655.43,38.84,2616.59,0.86,266.45,4.53,1208.03,45000.0,37.3,0.919,REPAIR,HIGH,9.397,0.952,10.68,2,1,3,1,0,0,0,0,0
synth_000495,hide_craze,5,0.849,4.072,0.922,10.18,2000.0,1205.3,44.57,1160.73,2.17,374.24,5.34,1997.83,45000.0,22.5,0.869,REPAIR,HIGH,4.072,0.922,10.18,2,1,4,0,0,0,1,0,0
synth_002211,corrosion,3,0.461,7.129,1.025,9.138434681408205,3000.0,3000.0,0.01,2999.99,0.1,25.92,4.42,114.47,80000.0,698.9,0.96,MONITOR,LOW,7.129,1.025,9.138434681408205,1,2,3,1,0,0,0,0,0
synth_003201,surface_injure,2,0.258,2.426,0.597,9.86,3600.0,1888.37,0.01,1888.37,0.1,31.1,3.78,117.5,90000.0,766.0,0.914,MONITOR,LOW,2.426,0.597,9.86,1,2,2,0,0,0,0,1,0
synth_000926,craze,2,0.307,0.394,2.874,10.42,3600.0,2396.12,0.02,2396.1,0.1,31.1,4.71,146.59,50000.0,341.1,0.93,MONITOR,LOW,0.394,2.874,10.42,1,2,5,0,0,1,0,0,0
synth_000461,hide_craze,5,0.826,3.794,3.384,8.38,2500.0,633.33,20.37,612.96,1.88,406.96,4.82,1959.62,45000.0,23.0,0.895,REPAIR,HIGH,3.794,3.384,8.38,2,1,4,0,0,0,1,0,0
synth_000033,surface_injure,2,0.587,0.248,1.894,10.11,4200.0,2454.91,1.77,2453.14,0.1,36.29,4.71,170.94,50000.0,292.5,0.8642600936220012,MONITOR,LOW,0.248,1.894,10.11,1,2,2,0,0,0,0,1,0
synth_001793,hide_craze,4,0.857,8.873,2.529,10.29,3600.0,2273.7,69.47,2204.23,1.79,556.65,6.03,3356.34,25000.0,7.4,0.851,REPAIR,HIGH,8.873,2.529,10.29,2,1,4,0,0,0,1,0,0
synth_000289,crack,3,0.851,3.958,1.258,8.03,3000.0,621.43,11.05,610.38,1.04,269.89,4.15,1120.2,40000.0,35.7,0.792,ENGINEERING_ASSESSMENT,CRITICAL,3.958,1.258,8.03,0,0,1,0,1,0,0,0,0
synth_002589,thunderstrike,4,0.839,5.928,0.707,14.61,3600.0,3600.0,0.62,3599.38,1.51,469.83,5.08,2387.65,80000.0,33.5,0.829,ENGINEERING_ASSESSMENT,CRITICAL,5.928,0.707,14.61,0,0,0,0,0,0,0,0,1
synth_001539,corrosion,3,0.977,4.475,2.326,8.78,2500.0,787.93,35.51,752.42,2.64,570.2,4.28,2439.34,45000.0,18.4,0.89,REPAIR,HIGH,4.475,2.326,8.78,2,1,3,1,0,0,0,0,0
synth_000644,thunderstrike,5,0.607,3.794,0.574,9.138434681408205,3000.0,3000.0,0.08,2999.92,0.24,61.61,5.32,327.49,40000.0,122.1,0.768,ENGINEERING_ASSESSMENT,CRITICAL,3.794,0.574,9.138434681408205,0,0,0,0,0,0,0,0,1
synth_000093,hide_craze,2,0.314,0.592,2.292,6.11,3600.0,176.24,0.0,176.24,0.1,31.1,3.9,121.28,90000.0,742.1,0.896,MONITOR,LOW,0.592,2.292,6.11,1,2,4,0,0,0,1,0,0
synth_000969,craze,5,0.916,3.79,0.893,8.07,2000.0,423.46,25.88,397.58,3.58,618.55,5.94,3674.45,55000.0,15.0,0.879,REPAIR,HIGH,3.79,0.893,8.07,2,1,5,0,0,1,0,0,0
synth_001554,hide_craze,2,0.411,1.618,2.752,6.91,2500.0,242.41,0.02,242.4,0.1,21.6,3.89,83.93,75000.0,893.6,0.848,MONITOR,LOW,1.618,2.752,6.91,1,2,4,0,0,0,1,0,0
synth_001174,hide_craze,3,0.943,5.31,2.954,7.3,3000.0,388.83,14.01,374.83,2.11,546.88,6.24,3412.15,55000.0,16.1,0.765,REPAIR,HIGH,5.31,2.954,7.3,2,1,4,0,0,0,1,0,0
synth_002575,crack,3,0.676,7.431,2.295,9.138434681408205,2000.0,1560.58,6.15,1554.43,0.23,39.9,5.34,213.04,80000.0,375.5,0.839,ENGINEERING_ASSESSMENT,CRITICAL,7.431,2.295,9.138434681408205,0,0,1,0,1,0,0,0,0
synth_003153,hide_craze,2,0.284,2.498,2.713,11.06,3600.0,3067.3,0.02,3067.28,0.1,31.1,4.97,154.61,75000.0,485.1,0.979,MONITOR,LOW,2.498,2.713,11.06,1,2,4,0,0,0,1,0,0
synth_000803,thunderstrike,4,0.515,6.182,2.09,8.13,2500.0,548.82,0.54,548.28,0.1,21.6,5.15,111.32,60000.0,539.0,0.978,ENGINEERING_ASSESSMENT,CRITICAL,6.182,2.09,8.13,0,0,0,0,0,0,0,0,1
synth_001474,surface_injure,1,0.337,0.556,3.28,9.138434681408205,3000.0,618.08,0.01,618.07,0.1,25.92,4.34,112.54,75000.0,666.4,0.967,MONITOR,LOW,0.556,3.28,9.138434681408205,1,2,2,0,0,0,0,1,0
synth_000602,craze,4,0.92,6.48,3.336,10.49,4200.0,2875.28,137.81,2737.47,2.81,1018.71,4.85,4937.52,25000.0,5.1,0.8642600936220012,REPAIR,HIGH,6.48,3.336,10.49,2,1,5,0,0,1,0,0,0
synth_001964,thunderstrike,4,0.762,3.794,2.796,14.5,2500.0,2500.0,0.23,2499.77,0.78,167.4,4.93,824.95,80000.0,97.0,0.865,ENGINEERING_ASSESSMENT,CRITICAL,3.794,2.796,14.5,0,0,0,0,0,0,0,0,1
synth_002728,craze,2,0.416,2.722,1.473,6.8,4200.0,376.29,0.03,376.26,0.1,36.29,3.54,128.62,75000.0,583.1,0.775,MONITOR,LOW,2.722,1.473,6.8,1,2,5,0,0,1,0,0,0
synth_001336,surface_injure,5,0.926,10.396,3.473,8.27,2000.0,476.44,33.67,442.76,4.14,715.36,5.37,3841.01,55000.0,14.3,0.843,REPAIR,HIGH,10.396,3.473,8.27,2,1,2,0,0,0,0,1,0
synth_000948,surface_injure,1,0.238,1.338,1.838,6.84,2500.0,231.4,0.0,231.4,0.1,21.6,4.69,101.23,75000.0,740.9,0.841,MONITOR,LOW,1.338,1.838,6.84,1,2,2,0,0,0,0,1,0
synth_003176,surface_injure,3,0.979,4.983,1.424,10.43,4200.0,2801.23,128.68,2672.55,2.69,976.39,5.27,5150.44,35000.0,6.8,0.955,REPAIR,HIGH,4.983,1.424,10.43,2,1,2,0,0,0,0,1,0
synth_000802,craze,2,0.226,2.75,2.38,11.7,2500.0,2500.0,0.0,2500.0,0.1,21.6,4.14,89.46,75000.0,838.4,0.865,MONITOR,LOW,2.75,2.38,11.7,1,2,5,0,0,1,0,0,0
synth_001765,craze,3,0.808,7.028,2.236,7.46,2500.0,361.9,4.72,357.19,0.76,164.98,4.02,663.14,45000.0,67.9,0.855,REPAIR,HIGH,7.028,2.236,7.46,2,1,5,0,0,1,0,0,0
synth_000070,corrosion,4,0.934,3.681,1.638,10.29,2000.0,1261.13,64.62,1196.51,3.0,518.62,6.35,3291.09,55000.0,16.7,0.92,REPAIR,HIGH,3.681,1.638,10.29,2,1,3,1,0,0,0,0,0
synth_000443,corrosion,1,0.582,1.355,1.965,5.57,3600.0,99.05,0.03,99.01,0.1,31.1,4.27,132.79,50000.0,376.5,0.81,MONITOR,LOW,1.355,1.965,5.57,1,2,3,1,0,0,0,0,0
synth_002329,craze,2,0.428,1.152,2.137,4.52,2000.0,11.41,0.0,11.41,0.1,17.28,4.26,73.58,75000.0,1019.3,0.772,MONITOR,LOW,1.152,2.137,4.52,1,2,5,0,0,1,0,0,0
synth_002453,surface_injure,4,0.81,7.388,0.518,9.99,3000.0,1668.12,34.62,1633.5,1.22,315.08,4.57,1440.65,25000.0,17.4,0.831,REPAIR,HIGH,7.388,0.518,9.99,2,1,2,0,0,0,0,1,0
synth_001067,thunderstrike,4,0.651,6.436,3.0,8.21,3000.0,691.8,3.26,688.54,0.28,71.62,4.21,301.72,80000.0,265.1,0.896,ENGINEERING_ASSESSMENT,CRITICAL,6.436,3.0,8.21,0,0,0,0,0,0,0,0,1
synth_002636,surface_injure,3,0.859,5.282,2.167,7.41,3600.0,504.32,9.69,494.63,1.13,350.04,5.08,1776.46,45000.0,25.3,0.945,REPAIR,HIGH,5.282,2.167,7.41,2,1,2,0,0,0,0,1,0
synth_002772,crack,3,0.948,3.859,1.466,6.82,3000.0,273.01,9.95,263.06,2.14,553.46,4.73,2616.32,60000.0,22.9,0.755,ENGINEERING_ASSESSMENT,CRITICAL,3.859,1.466,6.82,0,0,1,0,1,0,0,0,0
synth_002334,hide_craze,3,0.97,10.706,3.465,10.71,3600.0,2688.72,123.17,2565.55,2.68,834.56,5.47,4568.01,45000.0,9.9,0.969,REPAIR,HIGH,10.706,3.465,10.71,2,1,4,0,0,0,1,0,0
synth_002282,surface_injure,3,0.93,3.662,2.427,7.98,4200.0,842.5,26.88,815.61,1.87,678.23,6.16,4179.31,45000.0,10.8,0.767,REPAIR,HIGH,3.662,2.427,7.98,2,1,2,0,0,0,0,1,0
synth_001414,surface_injure,1,0.244,2.467,3.461,9.138434681408205,2000.0,2000.0,0.0,2000.0,0.1,17.28,4.06,70.07,90000.0,1284.4,0.844,MONITOR,LOW,2.467,3.461,9.138434681408205,1,2,2,0,0,0,0,1,0
synth_000605,corrosion,3,0.774,4.696,3.498,7.02,2000.0,211.7,2.0,209.69,0.55,95.77,3.72,356.28,80000.0,224.5,0.931,MONITOR,LOW,4.696,3.498,7.02,1,2,3,1,0,0,0,0,0
synth_000291,corrosion,1,0.485,2.866,2.643,4.34,4200.0,16.43,0.0,16.43,0.1,36.29,3.9,141.46,90000.0,636.2,0.879,MONITOR,LOW,2.866,2.643,4.34,1,2,3,1,0,0,0,0,0
synth_000564,surface_injure,3,0.367,5.596,2.552,14.07,3600.0,3600.0,0.0,3600.0,0.1,31.1,3.84,119.35,60000.0,502.7,0.87,MONITOR,LOW,5.596,2.552,14.07,1,2,2,0,0,0,0,1,0
synth_002567,surface_injure,3,0.948,4.926,0.906,7.47,2000.0,290.51,10.76,279.74,2.17,375.04,4.63,1737.04,55000.0,31.7,0.907,REPAIR,HIGH,4.926,0.906,7.47,2,1,2,0,0,0,0,1,0
synth_003581,thunderstrike,5,0.808,5.904,2.592,5.88,3600.0,140.63,3.83,136.81,1.59,495.78,4.74,2351.37,40000.0,17.0,0.822,ENGINEERING_ASSESSMENT,CRITICAL,5.904,2.592,5.88,0,0,0,0,0,0,0,0,1
synth_001106,craze,4,0.823,7.906,3.323,9.138434681408205,3600.0,2306.57,53.38,2253.18,1.36,421.65,5.96,2512.65,55000.0,21.9,0.893,REPAIR,HIGH,7.906,3.323,9.138434681408205,2,1,5,0,0,1,0,0,0
synth_002384,hide_craze,4,0.904,10.109,3.436,8.59,2000.0,569.77,25.18,544.59,2.59,447.3,5.41,2420.81,35000.0,14.5,0.953,REPAIR,HIGH,10.109,3.436,8.59,2,1,4,0,0,0,1,0,0
synth_000551,surface_injure,1,0.236,2.107,2.451,11.03,2000.0,1689.14,0.0,1689.14,0.1,17.28,4.27,73.81,90000.0,1219.3,0.96,MONITOR,LOW,2.107,2.451,11.03,1,2,2,0,0,0,0,1,0
synth_001236,craze,1,0.287,1.209,3.117,11.91,3600.0,3600.0,0.0,3600.0,0.1,31.1,4.67,145.37,75000.0,515.9,0.8642600936220012,MONITOR,LOW,1.209,3.117,11.91,1,2,5,0,0,1,0,0,0
synth_001572,corrosion,3,0.968,10.002,0.581,7.47,4200.0,611.4,27.42,583.98,2.63,953.25,6.09,5806.03,45000.0,7.8,0.892,REPAIR,HIGH,10.002,0.581,7.47,2,1,3,1,0,0,0,0,0
synth_001995,craze,4,0.874,7.569,3.21,7.47,3000.0,437.65,15.14,422.51,2.03,525.31,5.99,3148.05,45000.0,14.3,0.8642600936220012,REPAIR,HIGH,7.569,3.21,7.47,2,1,5,0,0,1,0,0,0
synth_001426,corrosion,1,0.433,2.542,3.182,7.67,3000.0,497.63,0.02,497.6,0.1,25.92,3.91,101.37,90000.0,887.8,0.97,MONITOR,LOW,2.542,3.182,7.67,1,2,3,1,0,0,0,0,0
synth_000196,corrosion,1,0.697,1.423,1.176,9.84,3600.0,1872.68,2.18,1870.5,0.1,31.1,4.65,144.56,75000.0,518.8,0.781,MONITOR,LOW,1.423,1.176,9.84,1,2,3,1,0,0,0,0,0
synth_003262,surface_injure,4,0.865,2.571,2.157,11.2,2000.0,1795.77,53.63,1742.14,1.75,302.24,6.39,1930.62,45000.0,23.3,0.858,REPAIR,HIGH,2.571,2.157,11.2,2,1,2,0,0,0,0,1,0
synth_001053,hide_craze,5,0.968,3.794,2.644,9.01,2000.0,706.09,65.66,640.42,5.45,941.23,5.41,5093.98,35000.0,6.9,0.953,REPAIR,HIGH,3.794,2.644,9.01,2,1,4,0,0,0,1,0,0
synth_000889,hide_craze,3,0.633,4.211,2.375,11.42,3600.0,3503.29,8.6,3494.7,0.14,44.7,4.86,217.23,80000.0,368.3,0.969,MONITOR,LOW,4.211,2.375,11.42,1,2,4,0,0,0,1,0,0
synth_002864,craze,2,0.403,2.436,1.24,5.46,3000.0,72.43,0.0,72.42,0.1,25.92,4.35,112.7,50000.0,443.7,0.935,MONITOR,LOW,2.436,1.24,5.46,1,2,5,0,0,1,0,0,0
synth_003199,hide_craze,4,0.95,10.278,1.55,7.75,3000.0,524.94,32.43,492.51,3.62,937.84,4.87,4564.06,45000.0,9.9,0.765,REPAIR,HIGH,10.278,1.55,7.75,2,1,4,0,0,0,1,0,0
synth_000411,crack,3,0.553,2.682,0.743,5.95,3000.0,125.37,0.12,125.25,0.1,25.92,4.13,107.05,80000.0,747.3,0.872,ENGINEERING_ASSESSMENT,CRITICAL,2.682,0.743,5.95,0,0,1,0,1,0,0,0,0
synth_000149,hide_craze,3,0.765,3.794,0.714,13.22,2000.0,2000.0,0.12,1999.88,0.51,88.84,4.36,387.5,80000.0,206.5,0.901,MONITOR,LOW,3.794,0.714,13.22,1,2,4,0,0,0,1,0,0
synth_000937,crack,3,0.351,3.615,0.523,9.138434681408205,3000.0,3000.0,0.0,3000.0,0.1,25.92,4.84,125.5,60000.0,478.1,0.774,MONITOR,LOW,3.615,0.523,9.138434681408205,1,2,1,0,1,0,0,0,0
synth_002225,craze,5,0.872,4.496,2.462,7.7,3600.0,606.7,27.03,579.67,2.61,811.68,4.48,3633.41,25000.0,6.9,0.886,REPAIR,HIGH,4.496,2.462,7.7,2,1,5,0,0,1,0,0,0
synth_000314,craze,1,0.288,2.402,2.942,11.54,3600.0,3600.0,0.0,3600.0,0.1,31.1,4.62,143.69,90000.0,626.3,0.853,MONITOR,LOW,2.402,2.942,11.54,1,2,5,0,0,1,0,0,0
synth_002503,thunderstrike,4,0.758,6.306,1.643,10.84,3600.0,2830.23,37.18,2793.05,0.77,239.34,3.69,884.35,40000.0,45.2,0.829,ENGINEERING_ASSESSMENT,CRITICAL,6.306,1.643,10.84,0,0,0,0,0,0,0,0,1
synth_002269,surface_injure,5,0.879,9.432,1.649,10.69,3000.0,2222.05,109.73,2112.32,2.89,749.71,6.26,4692.68,45000.0,9.6,0.933,REPAIR,HIGH,9.432,1.649,10.69,2,1,2,0,0,0,0,1,0
synth_001896,corrosion,2,0.349,1.779,2.126,6.99,3600.0,372.4,0.01,372.4,0.1,31.1,3.71,115.28,50000.0,433.7,0.88,MONITOR,LOW,1.779,2.126,6.99,1,2,3,1,0,0,0,0,0
synth_001813,craze,1,0.27,3.794,1.469,7.96,4200.0,836.35,0.0,836.35,0.1,36.29,4.87,176.7,50000.0,283.0,0.776,MONITOR,LOW,3.794,1.469,7.96,1,2,5,0,0,1,0,0,0
synth_001298,hide_craze,2,0.288,2.204,1.802,10.1,2500.0,1454.39,0.01,1454.38,0.1,21.6,3.89,84.12,50000.0,594.4,0.773,MONITOR,LOW,2.204,1.802,10.1,1,2,4,0,0,0,1,0,0
synth_002147,hide_craze,3,0.977,8.625,3.426,11.09,3000.0,2589.72,122.49,2467.23,2.77,718.1,5.77,4142.63,35000.0,8.4,0.978,REPAIR,HIGH,8.625,3.426,11.09,2,1,4,0,0,0,1,0,0
synth_003424,crack,3,0.933,2.397,3.304,12.82,4200.0,4200.0,0.95,4199.05,1.85,672.94,3.59,2414.83,80000.0,33.1,0.968,ENGINEERING_ASSESSMENT,CRITICAL,2.397,3.304,12.82,0,0,1,0,1,0,0,0,0
synth_003222,thunderstrike,5,0.837,2.426,2.179,7.18,4200.0,500.26,16.26,484.0,1.9,691.0,5.02,3466.87,80000.0,23.1,0.842,ENGINEERING_ASSESSMENT,CRITICAL,2.426,2.179,7.18,0,0,0,0,0,0,0,0,1
synth_003532,thunderstrike,3,0.394,1.513,0.736,5.12,3000.0,46.24,0.0,46.23,0.1,25.92,5.41,140.26,40000.0,285.2,0.841,ENGINEERING_ASSESSMENT,CRITICAL,1.513,0.736,5.12,0,0,0,0,0,0,0,0,1
synth_000299,thunderstrike,3,0.746,3.327,2.425,5.57,3000.0,82.52,0.6,81.93,0.42,109.51,4.25,465.18,40000.0,86.0,0.931,ENGINEERING_ASSESSMENT,CRITICAL,3.327,2.425,5.57,0,0,0,0,0,0,0,0,1
synth_001108,crack,1,0.224,1.023,1.788,4.46,3000.0,15.05,0.0,15.05,0.1,25.92,3.58,92.76,75000.0,808.5,0.765,MONITOR,LOW,1.023,1.788,4.46,1,2,1,0,1,0,0,0,0
synth_001770,crack,3,0.854,6.424,1.0,7.64,2000.0,324.77,6.08,318.69,1.1,189.55,4.15,786.34,40000.0,50.9,0.946,ENGINEERING_ASSESSMENT,CRITICAL,6.424,1.0,7.64,0,0,1,0,1,0,0,0,0
synth_000805,craze,2,0.461,2.108,2.573,4.51,3000.0,16.76,0.0,16.76,0.1,25.92,4.09,106.13,50000.0,471.1,0.816,MONITOR,LOW,2.108,2.573,4.51,1,2,5,0,0,1,0,0,0
synth_002985,thunderstrike,4,0.503,4.105,1.007,13.19,3600.0,3600.0,0.02,3599.98,0.1,31.1,4.0,124.28,80000.0,643.7,0.863,ENGINEERING_ASSESSMENT,CRITICAL,4.105,1.007,13.19,0,0,0,0,0,0,0,0,1
synth_000183,hide_craze,2,0.612,2.374,2.76,9.25,2000.0,794.82,0.83,793.99,0.1,17.28,3.77,65.08,75000.0,1152.4,0.966,MONITOR,LOW,2.374,2.76,9.25,1,2,4,0,0,0,1,0,0
synth_003327,crack,5,0.503,2.637,2.194,9.23,2000.0,788.27,0.84,787.43,0.1,17.28,4.9,84.69,40000.0,472.3,0.8642600936220012,ENGINEERING_ASSESSMENT,CRITICAL,2.637,2.194,9.23,0,0,1,0,1,0,0,0,0
synth_001025,crack,4,0.334,2.701,2.624,12.95,2000.0,2000.0,0.0,2000.0,0.1,17.28,3.6,62.2,80000.0,1286.2,0.83,ENGINEERING_ASSESSMENT,CRITICAL,2.701,2.624,12.95,0,0,1,0,1,0,0,0,0
synth_002189,surface_injure,3,0.407,7.982,1.358,8.92,2500.0,845.27,0.11,845.15,0.1,21.6,4.95,106.84,80000.0,748.8,0.911,MONITOR,LOW,7.982,1.358,8.92,1,2,2,0,0,0,0,1,0
synth_000881,surface_injure,2,0.308,2.643,0.932,5.73,4200.0,138.4,0.0,138.4,0.1,36.29,3.63,131.58,90000.0,684.0,0.941,MONITOR,LOW,2.643,0.932,5.73,1,2,2,0,0,0,0,1,0
synth_002793,surface_injure,4,0.804,5.018,1.696,7.24,2000.0,248.01,4.74,243.27,1.12,193.5,5.11,989.36,35000.0,35.4,0.976,REPAIR,HIGH,5.018,1.696,7.24,2,1,2,0,0,0,0,1,0
synth_002844,craze,2,0.495,1.162,3.18,7.19,2000.0,238.82,0.06,238.76,0.1,17.28,3.94,68.03,75000.0,1102.5,0.851,MONITOR,LOW,1.162,3.18,7.19,1,2,5,0,0,1,0,0,0
synth_001376,hide_craze,5,0.957,8.387,0.952,8.29,3000.0,721.79,62.58,659.21,5.08,1316.26,6.29,8283.3,25000.0,3.0,0.968,REPAIR,HIGH,8.387,0.952,8.29,2,1,4,0,0,0,1,0,0
synth_001171,hide_craze,2,0.716,2.968,2.386,8.82,2500.0,800.82,2.43,798.39,0.18,38.43,4.68,179.79,50000.0,278.1,0.977,MONITOR,LOW,2.968,2.386,8.82,1,2,4,0,0,0,1,0,0
synth_003423,thunderstrike,3,0.826,3.794,2.136,6.36,3000.0,186.11,2.62,183.49,0.82,213.45,5.22,1113.8,40000.0,35.9,0.814,ENGINEERING_ASSESSMENT,CRITICAL,3.794,2.136,6.36,0,0,0,0,0,0,0,0,1
synth_000051,crack,3,0.93,6.895,0.902,13.38,4200.0,4200.0,0.93,4199.07,1.96,711.96,4.44,3159.24,80000.0,25.3,0.763,ENGINEERING_ASSESSMENT,CRITICAL,6.895,0.902,13.38,0,0,1,0,1,0,0,0,0
synth_000351,crack,5,0.941,2.9,2.19,5.99,4200.0,182.05,13.11,168.94,4.22,1530.35,5.16,7894.51,80000.0,10.1,0.86,ENGINEERING_ASSESSMENT,CRITICAL,2.9,2.19,5.99,0,0,1,0,1,0,0,0,0
synth_001877,crack,3,0.512,1.518,1.634,13.86,4200.0,4200.0,0.02,4199.98,0.1,36.29,3.85,139.68,40000.0,286.4,0.977,ENGINEERING_ASSESSMENT,CRITICAL,1.518,1.634,13.86,0,0,1,0,1,0,0,0,0
synth_000862,surface_injure,1,0.658,2.69,1.276,10.76,2000.0,1522.86,1.25,1521.61,0.1,17.28,4.29,74.1,50000.0,674.8,0.939,MONITOR,LOW,2.69,1.276,10.76,1,2,2,0,0,0,0,1,0
synth_000534,crack,4,0.381,5.197,3.187,10.5,3600.0,2476.51,0.32,2476.19,0.1,31.1,4.53,140.82,60000.0,426.1,0.824,ENGINEERING_ASSESSMENT,CRITICAL,5.197,3.187,10.5,0,0,1,0,1,0,0,0,0
synth_002893,craze,5,0.836,8.208,2.741,9.91,4200.0,2260.6,79.19,2181.41,2.05,744.56,5.72,4259.56,55000.0,12.9,0.893,REPAIR,HIGH,8.208,2.741,9.91,2,1,5,0,0,1,0,0,0
synth_002827,surface_injure,2,0.379,2.054,1.83,5.23,2000.0,36.32,0.0,36.32,0.1,17.28,4.25,73.43,75000.0,1021.4,0.834,MONITOR,LOW,2.054,1.83,5.23,1,2,2,0,0,0,0,1,0
synth_002918,corrosion,4,0.885,6.423,3.282,9.138434681408205,2500.0,1254.42,46.34,1208.08,2.16,467.37,5.6,2619.55,35000.0,13.4,0.873,REPAIR,HIGH,6.423,3.282,9.138434681408205,2,1,3,1,0,0,0,0,0
synth_001044,hide_craze,4,0.878,8.108,1.076,9.84,3600.0,1871.83,66.97,1804.86,2.1,651.84,6.11,3985.06,35000.0,8.8,0.8642600936220012,REPAIR,HIGH,8.108,1.076,9.84,2,1,4,0,0,0,1,0,0
synth_003351,thunderstrike,5,0.891,1.248,1.019,13.27,3600.0,3600.0,1.26,3598.74,2.77,861.01,4.51,3885.69,60000.0,15.4,0.951,ENGINEERING_ASSESSMENT,CRITICAL,1.248,1.019,13.27,0,0,0,0,0,0,0,0,1
synth_000170,craze,5,0.855,4.189,3.49,10.11,2000.0,1171.66,45.24,1126.42,2.26,390.77,5.55,2166.87,55000.0,25.4,0.804,REPAIR,HIGH,4.189,3.49,10.11,2,1,5,0,0,1,0,0,0
synth_000139,corrosion,3,0.651,1.239,3.31,14.87,4200.0,4200.0,0.09,4199.91,0.16,58.22,3.75,218.09,40000.0,183.4,0.897,MONITOR,LOW,1.239,3.31,14.87,1,2,3,1,0,0,0,0,0
synth_001213,corrosion,2,0.601,1.37,2.841,6.33,3000.0,181.13,0.16,180.97,0.1,25.92,4.65,120.47,75000.0,622.6,0.954,MONITOR,LOW,1.37,2.841,6.33,1,2,3,1,0,0,0,0,0
synth_002113,surface_injure,3,0.851,2.542,1.787,9.34,4200.0,1743.52,29.91,1713.6,1.0,364.65,4.54,1656.56,35000.0,21.1,0.97,REPAIR,HIGH,2.542,1.787,9.34,2,1,2,0,0,0,0,1,0
synth_003306,hide_craze,3,0.858,3.794,1.238,7.18,3000.0,355.73,7.05,348.67,1.16,301.03,6.26,1885.1,55000.0,29.2,0.965,REPAIR,HIGH,3.794,1.238,7.18,2,1,4,0,0,0,1,0,0
synth_000279,surface_injure,2,0.67,0.234,2.914,4.07,4200.0,8.43,0.01,8.42,0.1,37.21,4.04,150.16,75000.0,499.5,0.801,MONITOR,LOW,0.234,2.914,4.07,1,2,2,0,0,0,0,1,0
synth_001980,surface_injure,2,0.255,0.374,3.172,10.86,3000.0,2376.28,0.01,2376.28,0.1,25.92,3.97,102.92,90000.0,874.5,0.959,MONITOR,LOW,0.374,3.172,10.86,1,2,2,0,0,0,0,1,0
synth_002899,surface_injure,1,0.504,1.178,1.283,4.57,3000.0,18.96,0.0,18.96,0.1,25.92,4.62,119.64,75000.0,626.9,0.943,MONITOR,LOW,1.178,1.283,4.57,1,2,2,0,0,0,0,1,0
synth_002374,craze,5,0.828,5.305,0.685,10.82,2000.0,1555.17,49.27,1505.9,1.86,320.64,4.95,1587.51,45000.0,28.3,0.757,REPAIR,HIGH,5.305,0.685,10.82,2,1,5,0,0,1,0,0,0
synth_001064,thunderstrike,5,0.496,6.242,1.436,12.94,4200.0,4200.0,0.03,4199.97,0.1,36.29,3.9,141.71,80000.0,564.5,0.961,ENGINEERING_ASSESSMENT,CRITICAL,6.242,1.436,12.94,0,0,0,0,0,0,0,0,1
synth_000567,surface_injure,2,0.451,1.629,0.991,5.12,3600.0,56.23,0.01,56.22,0.1,31.1,4.14,128.67,50000.0,388.6,0.752,MONITOR,LOW,1.629,0.991,5.12,1,2,2,0,0,0,0,1,0
synth_001480,craze,3,0.92,8.042,1.696,9.15,4200.0,1591.8,50.06,1541.74,1.84,668.48,5.37,3591.37,25000.0,7.0,0.9,REPAIR,HIGH,8.042,1.696,9.15,2,1,5,0,0,1,0,0,0
synth_002996,thunderstrike,3,0.749,5.336,1.789,13.31,2500.0,2500.0,0.13,2499.87,0.45,97.22,5.17,502.79,60000.0,119.3,0.876,ENGINEERING_ASSESSMENT,CRITICAL,5.336,1.789,13.31,0,0,0,0,0,0,0,0,1
synth_003114,surface_injure,5,0.925,9.365,1.257,9.79,2500.0,1273.36,88.6,1184.76,4.08,880.28,5.04,4438.77,25000.0,5.6,0.885,REPAIR,HIGH,9.365,1.257,9.79,2,1,2,0,0,0,0,1,0
synth_001608,thunderstrike,4,0.548,6.143,2.727,14.28,2500.0,2500.0,0.02,2499.98,0.1,21.6,4.76,102.77,60000.0,583.8,0.799,ENGINEERING_ASSESSMENT,CRITICAL,6.143,2.727,14.28,0,0,0,0,0,0,0,0,1
synth_002726,hide_craze,3,0.334,2.909,2.598,7.08,2000.0,221.69,0.01,221.68,0.1,17.28,3.9,67.43,80000.0,1186.4,0.908,MONITOR,LOW,2.909,2.598,7.08,1,2,4,0,0,0,1,0,0
synth_000964,craze,4,0.919,8.868,1.536,9.89,3600.0,1918.13,93.48,1824.64,2.85,887.88,6.33,5618.1,55000.0,9.8,0.829,REPAIR,HIGH,8.868,1.536,9.89,2,1,5,0,0,1,0,0,0
synth_001936,craze,5,0.845,4.06,3.005,7.32,2000.0,262.37,9.39,252.98,2.1,362.39,4.8,1739.39,25000.0,14.4,0.849,REPAIR,HIGH,4.06,3.005,7.32,2,1,5,0,0,1,0,0,0
synth_001391,surface_injure,2,0.303,2.228,2.124,8.6,3600.0,1029.57,0.01,1029.56,0.1,31.1,3.66,113.94,75000.0,658.2,0.936,MONITOR,LOW,2.228,2.124,8.6,1,2,2,0,0,0,0,1,0
synth_002396,craze,5,0.905,6.78,2.173,9.15,3000.0,1133.54,66.58,1066.96,3.44,891.69,4.12,3672.06,25000.0,6.8,0.846,REPAIR,HIGH,6.78,2.173,9.15,2,1,5,0,0,1,0,0,0
synth_002221,thunderstrike,5,0.742,7.95,2.889,11.29,3000.0,2781.18,43.79,2737.4,0.92,239.01,5.1,1219.02,60000.0,49.2,0.961,ENGINEERING_ASSESSMENT,CRITICAL,7.95,2.889,11.29,0,0,0,0,0,0,0,0,1
synth_003556,crack,3,0.684,1.747,1.031,6.79,4200.0,371.81,1.45,370.36,0.23,82.77,3.57,295.64,80000.0,270.6,0.8642600936220012,ENGINEERING_ASSESSMENT,CRITICAL,1.747,1.031,6.79,0,0,1,0,1,0,0,0,0
synth_003214,hide_craze,1,0.465,2.153,1.695,4.97,3000.0,37.24,0.0,37.23,0.1,25.92,4.23,109.61,90000.0,821.1,0.78,MONITOR,LOW,2.153,1.695,4.97,1,2,4,0,0,0,1,0,0
synth_003192,hide_craze,4,0.912,3.12,1.22,9.32,2000.0,822.9,35.37,787.53,2.52,435.02,5.06,2201.22,45000.0,20.4,0.867,REPAIR,HIGH,3.12,1.22,9.32,2,1,4,0,0,0,1,0,0
synth_002148,corrosion,5,0.809,5.648,1.695,9.96,4200.0,2304.8,62.91,2241.88,1.6,580.19,4.57,2654.11,25000.0,9.4,0.8642600936220012,REPAIR,HIGH,5.648,1.695,9.96,2,1,3,1,0,0,0,0,0
synth_001488,surface_injure,5,0.97,3.234,2.069,10.07,3600.0,2071.92,183.82,1888.1,5.2,1616.34,4.88,7885.75,35000.0,4.4,0.791,REPAIR,HIGH,3.234,2.069,10.07,2,1,2,0,0,0,0,1,0
synth_002736,craze,2,0.647,1.21,2.013,6.57,2000.0,148.04,0.22,147.83,0.1,17.28,3.5,60.51,75000.0,1239.5,0.85,MONITOR,LOW,1.21,2.013,6.57,1,2,5,0,0,1,0,0,0
synth_002929,craze,3,0.922,10.727,1.032,7.34,2000.0,265.66,8.64,257.01,1.91,329.27,4.34,1430.1,35000.0,24.5,0.789,REPAIR,HIGH,10.727,1.032,7.34,2,1,5,0,0,1,0,0,0
synth_001718,crack,3,0.679,1.271,0.924,9.95,2000.0,1094.42,3.98,1090.44,0.21,36.84,3.8,139.9,60000.0,428.9,0.897,ENGINEERING_ASSESSMENT,CRITICAL,1.271,0.924,9.95,0,0,1,0,1,0,0,0,0
synth_001157,crack,3,0.349,5.868,2.76,7.53,3600.0,544.0,0.03,543.98,0.1,31.1,4.12,128.22,60000.0,467.9,0.863,ENGINEERING_ASSESSMENT,CRITICAL,5.868,2.76,7.53,0,0,1,0,1,0,0,0,0
synth_001953,thunderstrike,5,0.542,3.762,3.233,6.0,2500.0,110.26,0.2,110.07,0.11,22.8,5.02,114.55,80000.0,698.4,0.756,ENGINEERING_ASSESSMENT,CRITICAL,3.762,3.233,6.0,0,0,0,0,0,0,0,0,1
synth_003198,surface_injure,2,0.575,0.976,2.498,6.29,2500.0,145.4,0.09,145.3,0.1,21.6,4.4,95.1,90000.0,946.4,0.802,MONITOR,LOW,0.976,2.498,6.29,1,2,2,0,0,0,0,1,0
synth_002905,hide_craze,5,0.862,7.919,1.242,9.66,2500.0,1201.25,51.39,1149.86,2.51,541.23,6.06,3280.06,35000.0,10.7,0.807,REPAIR,HIGH,7.919,1.242,9.66,2,1,4,0,0,0,1,0,0
synth_002562,craze,1,0.728,2.891,0.7,9.87,3000.0,1583.42,2.56,1580.86,0.1,25.92,4.79,124.03,90000.0,725.6,0.832,MONITOR,LOW,2.891,0.7,9.87,1,2,5,0,0,1,0,0,0
synth_001788,corrosion,3,0.891,6.469,0.913,7.72,2500.0,427.4,10.66,416.74,1.46,315.68,5.27,1662.11,45000.0,27.1,0.856,REPAIR,HIGH,6.469,0.913,7.72,2,1,3,1,0,0,0,0,0
synth_000438,surface_injure,1,0.729,0.829,2.337,9.138434681408205,3000.0,360.54,0.55,359.99,0.1,25.92,4.11,106.65,90000.0,843.9,0.827,MONITOR,LOW,0.829,2.337,9.138434681408205,1,2,2,0,0,0,0,1,0
synth_002611,surface_injure,2,0.289,1.48,1.821,9.61,2500.0,1177.18,0.01,1177.17,0.1,21.6,4.29,92.59,75000.0,810.0,0.887,MONITOR,LOW,1.48,1.821,9.61,1,2,2,0,0,0,0,1,0
synth_000752,hide_craze,5,0.834,5.696,3.165,7.95,3000.0,592.65,19.83,572.82,1.96,507.97,4.78,2429.6,45000.0,18.5,0.759,REPAIR,HIGH,5.696,3.165,7.95,2,1,4,0,0,0,1,0,0
synth_002713,thunderstrike,4,0.719,6.04,2.659,11.0,2500.0,2082.97,19.09,2063.88,0.54,115.95,3.82,443.29,80000.0,180.5,0.87,ENGINEERING_ASSESSMENT,CRITICAL,6.04,2.659,11.0,0,0,0,0,0,0,0,0,1
synth_001397,surface_injure,1,0.496,1.629,1.367,8.17,2500.0,561.45,0.07,561.39,0.1,21.6,4.39,94.73,90000.0,950.1,0.857,MONITOR,LOW,1.629,1.367,8.17,1,2,2,0,0,0,0,1,0
synth_003356,thunderstrike,4,0.72,7.414,1.766,6.77,3000.0,261.27,2.46,258.81,0.55,143.12,4.31,616.47,60000.0,97.3,0.874,ENGINEERING_ASSESSMENT,CRITICAL,7.414,1.766,6.77,0,0,0,0,0,0,0,0,1
synth_001882,hide_craze,5,0.932,3.618,2.47,11.12,4200.0,3664.89,250.96,3413.93,4.01,1455.46,5.58,8114.38,45000.0,5.5,0.853,REPAIR,HIGH,3.618,2.47,11.12,2,1,4,0,0,0,1,0,0
synth_002960,surface_injure,2,0.547,2.084,1.517,5.09,2500.0,37.39,0.02,37.37,0.1,21.6,3.53,76.34,75000.0,982.4,0.79,MONITOR,LOW,2.084,1.517,5.09,1,2,2,0,0,0,0,1,0
synth_002321,corrosion,3,0.901,3.136,1.134,11.01,3600.0,3007.9,76.91,2930.99,1.5,465.83,6.23,2899.98,45000.0,15.5,0.924,REPAIR,HIGH,3.136,1.134,11.01,2,1,3,1,0,0,0,0,0
synth_001829,corrosion,3,0.827,3.794,2.283,7.32,2000.0,262.44,3.94,258.5,0.88,151.8,4.83,733.11,55000.0,75.0,0.822,REPAIR,HIGH,3.794,2.283,7.32,2,1,3,1,0,0,0,0,0
synth_001637,corrosion,1,0.448,2.744,1.687,8.19,4200.0,956.8,0.06,956.74,0.1,36.29,4.41,160.11,90000.0,562.1,0.825,MONITOR,LOW,2.744,1.687,8.19,1,2,3,1,0,0,0,0,0
synth_000408,craze,5,0.859,8.138,3.208,7.07,4200.0,462.13,19.31,442.82,2.45,888.25,5.82,5171.34,55000.0,10.6,0.829,REPAIR,HIGH,8.138,3.208,7.07,2,1,5,0,0,1,0,0,0
synth_003335,surface_injure,4,0.904,10.154,3.066,9.138434681408205,2000.0,1096.57,48.39,1048.18,2.58,446.6,6.09,2717.77,35000.0,12.9,0.774,REPAIR,HIGH,10.154,3.066,9.138434681408205,2,1,2,0,0,0,0,1,0
synth_000052,surface_injure,4,0.98,11.175,3.049,9.63,2000.0,950.47,72.61,877.86,4.47,773.18,5.82,4496.28,35000.0,7.8,0.805,REPAIR,HIGH,11.175,3.049,9.63,2,1,2,0,0,0,0,1,0
synth_000949,thunderstrike,3,0.523,2.693,2.864,8.99,2500.0,872.73,0.58,872.15,0.1,21.6,3.54,76.43,80000.0,1046.7,0.863,ENGINEERING_ASSESSMENT,CRITICAL,2.693,2.864,8.99,0,0,0,0,0,0,0,0,1
synth_001874,crack,4,0.719,5.991,2.967,7.77,2500.0,442.76,4.05,438.71,0.54,115.59,3.5,404.71,80000.0,197.7,0.836,ENGINEERING_ASSESSMENT,CRITICAL,5.991,2.967,7.77,0,0,1,0,1,0,0,0,0
synth_002780,surface_injure,2,0.265,2.95,2.058,11.11,3000.0,2608.87,0.01,2608.86,0.1,25.92,3.79,98.33,90000.0,915.3,0.849,MONITOR,LOW,2.95,2.058,11.11,1,2,2,0,0,0,0,1,0
synth_000393,crack,3,0.506,2.816,1.512,5.88,3600.0,139.44,0.07,139.36,0.1,31.1,3.68,114.44,60000.0,524.3,0.816,ENGINEERING_ASSESSMENT,CRITICAL,2.816,1.512,5.88,0,0,1,0,1,0,0,0,0
synth_000676,corrosion,4,0.83,9.58,1.749,9.32,3600.0,1476.3,36.67,1439.63,1.45,452.46,4.83,2184.24,45000.0,20.6,0.867,REPAIR,HIGH,9.58,1.749,9.32,2,1,3,1,0,0,0,0,0
synth_001791,hide_craze,2,0.686,2.957,2.68,4.76,4200.0,37.27,0.08,37.19,0.13,48.19,4.0,192.89,75000.0,388.8,0.864,MONITOR,LOW,2.957,2.68,4.76,1,2,4,0,0,0,1,0,0
synth_003017,crack,5,0.605,6.904,1.775,14.31,4200.0,4200.0,0.11,4199.89,0.23,83.74,4.82,403.4,80000.0,198.3,0.855,ENGINEERING_ASSESSMENT,CRITICAL,6.904,1.775,14.31,0,0,1,0,1,0,0,0,0
synth_001462,hide_craze,2,0.507,1.931,1.957,5.05,3000.0,41.98,0.01,41.97,0.1,25.92,4.01,104.06,75000.0,720.7,0.764,MONITOR,LOW,1.931,1.957,5.05,1,2,4,0,0,0,1,0,0
synth_001221,corrosion,2,0.386,1.114,2.992,4.62,2000.0,13.91,0.0,13.91,0.1,17.28,4.25,73.37,75000.0,1022.2,0.847,MONITOR,LOW,1.114,2.992,4.62,1,2,3,1,0,0,0,0,0
synth_001583,thunderstrike,4,0.671,1.054,2.737,11.53,3000.0,3000.0,0.12,2999.88,0.3,78.89,4.82,380.2,80000.0,210.4,0.8642600936220012,ENGINEERING_ASSESSMENT,CRITICAL,1.054,2.737,11.53,0,0,0,0,0,0,0,0,1
synth_000144,craze,4,0.917,5.811,3.432,7.72,2000.0,341.75,15.98,325.77,2.74,473.29,5.51,2608.96,45000.0,17.2,0.978,REPAIR,HIGH,5.811,3.432,7.72,2,1,5,0,0,1,0,0,0
synth_001173,craze,5,0.8,10.572,2.181,11.31,2500.0,2338.63,62.03,2276.59,1.55,335.57,6.4,2146.6,25000.0,11.6,0.888,REPAIR,HIGH,10.572,2.181,11.31,2,1,5,0,0,1,0,0,0
synth_003470,thunderstrike,3,0.943,2.021,1.72,10.43,2000.0,1334.09,45.14,1288.95,1.98,342.42,5.23,1791.9,80000.0,44.6,0.8642600936220012,ENGINEERING_ASSESSMENT,CRITICAL,2.021,1.72,10.43,0,0,0,0,0,0,0,0,1
synth_002651,crack,5,0.528,2.593,2.552,12.47,2500.0,2500.0,0.03,2499.97,0.1,21.6,3.84,82.94,60000.0,723.4,0.826,ENGINEERING_ASSESSMENT,CRITICAL,2.593,2.552,12.47,0,0,1,0,1,0,0,0,0
synth_000076,crack,4,0.308,5.189,1.537,10.66,3000.0,2191.36,0.07,2191.29,0.1,25.92,4.93,127.85,80000.0,625.7,0.971,ENGINEERING_ASSESSMENT,CRITICAL,5.189,1.537,10.66,0,0,1,0,1,0,0,0,0
synth_001110,crack,3,0.421,4.572,2.513,10.29,3000.0,1893.35,0.31,1893.05,0.1,25.92,5.25,136.14,60000.0,440.7,0.865,ENGINEERING_ASSESSMENT,CRITICAL,4.572,2.513,10.29,0,0,1,0,1,0,0,0,0
synth_000251,thunderstrike,3,0.834,6.664,0.766,13.84,2000.0,2000.0,0.21,1999.79,0.94,162.79,4.9,797.68,80000.0,100.3,0.916,ENGINEERING_ASSESSMENT,CRITICAL,6.664,0.766,13.84,0,0,0,0,0,0,0,0,1
synth_002315,crack,5,0.564,6.727,0.511,6.82,3600.0,326.94,0.81,326.13,0.14,44.97,3.61,162.45,80000.0,492.5,0.802,ENGINEERING_ASSESSMENT,CRITICAL,6.727,0.511,6.82,0,0,1,0,1,0,0,0,0
synth_000017,corrosion,2,0.645,2.006,3.31,5.39,2000.0,44.74,0.07,44.67,0.1,17.28,4.54,78.39,90000.0,1148.1,0.905,MONITOR,LOW,2.006,3.31,5.39,1,2,3,1,0,0,0,0,0
synth_000298,surface_injure,3,0.804,5.414,1.792,8.59,3600.0,1023.03,12.61,1010.42,0.72,224.58,5.55,1247.14,25000.0,20.0,0.843,REPAIR,HIGH,5.414,1.792,8.59,2,1,2,0,0,0,0,1,0
synth_002236,crack,5,0.878,7.975,2.578,5.16,3000.0,49.05,2.37,46.68,2.83,734.35,5.44,3991.4,40000.0,10.0,0.799,ENGINEERING_ASSESSMENT,CRITICAL,7.975,2.578,5.16,0,0,1,0,1,0,0,0,0
synth_002822,crack,3,0.369,1.94,2.986,13.37,3600.0,3600.0,0.0,3600.0,0.1,31.1,5.0,155.48,40000.0,257.3,0.769,ENGINEERING_ASSESSMENT,CRITICAL,1.94,2.986,13.37,0,0,1,0,1,0,0,0,0
synth_001764,corrosion,2,0.551,1.019,0.745,5.22,4200.0,74.47,0.04,74.43,0.1,36.29,4.69,170.14,75000.0,440.8,0.897,MONITOR,LOW,1.019,0.745,5.22,1,2,3,1,0,0,0,0,0
synth_001738,hide_craze,2,0.264,2.479,0.94,10.79,2500.0,1924.03,0.01,1924.03,0.1,21.6,3.75,81.08,50000.0,616.7,0.754,MONITOR,LOW,2.479,0.94,10.79,1,2,4,0,0,0,1,0,0
synth_000557,corrosion,5,0.872,8.084,0.828,10.78,4200.0,3222.51,149.51,3073.0,2.72,986.08,4.04,3987.46,55000.0,13.8,0.825,REPAIR,HIGH,8.084,0.828,10.78,2,1,3,1,0,0,0,0,0
synth_003196,thunderstrike,5,0.65,7.786,2.691,5.77,3600.0,124.14,0.8,123.35,0.38,117.22,4.17,489.24,60000.0,122.6,0.836,ENGINEERING_ASSESSMENT,CRITICAL,7.786,2.691,5.77,0,0,0,0,0,0,0,0,1
synth_002153,hide_craze,1,0.326,2.242,2.621,8.47,2000.0,531.59,0.0,531.59,0.1,17.28,4.39,75.79,90000.0,1187.5,0.778,MONITOR,LOW,2.242,2.621,8.47,1,2,4,0,0,0,1,0,0
synth_001871,hide_craze,1,0.708,0.359,1.216,9.74,4200.0,2096.44,2.57,2093.87,0.1,36.29,4.37,158.64,90000.0,567.3,0.885,MONITOR,LOW,0.359,1.216,9.74,1,2,4,0,0,0,1,0,0
synth_002223,thunderstrike,3,0.703,5.662,1.678,12.82,2500.0,2500.0,0.09,2499.91,0.3,64.1,3.87,247.78,80000.0,322.9,0.834,ENGINEERING_ASSESSMENT,CRITICAL,5.662,1.678,12.82,0,0,0,0,0,0,0,0,1
synth_002232,craze,1,0.321,2.323,2.677,9.49,4200.0,1865.93,0.01,1865.92,0.1,36.29,3.66,133.0,75000.0,563.9,0.801,MONITOR,LOW,2.323,2.677,9.49,1,2,5,0,0,1,0,0,0
synth_003137,craze,1,0.57,0.486,0.516,5.51,2000.0,51.47,0.01,51.46,0.1,17.28,4.7,81.25,75000.0,923.1,0.973,MONITOR,LOW,0.486,0.516,5.51,1,2,5,0,0,1,0,0,0
synth_000322,surface_injure,4,0.879,7.367,1.113,7.51,2000.0,299.6,10.72,288.88,2.1,362.1,5.91,2140.74,45000.0,21.0,0.969,REPAIR,HIGH,7.367,1.113,7.51,2,1,2,0,0,0,0,1,0
synth_001402,hide_craze,1,0.647,0.451,2.672,9.16,4200.0,1597.68,1.08,1596.6,0.1,36.29,4.42,160.57,50000.0,311.4,0.801,MONITOR,LOW,0.451,2.672,9.16,1,2,4,0,0,0,1,0,0
synth_002018,crack,4,0.91,6.127,1.075,8.39,2500.0,636.55,28.28,608.27,2.6,562.03,5.55,3116.9,45000.0,14.4,0.904,REPAIR,HIGH,6.127,1.075,8.39,2,1,1,0,1,0,0,0,0
synth_003301,corrosion,1,0.455,0.314,0.552,4.12,4200.0,9.57,0.0,9.57,0.1,36.29,3.8,137.88,50000.0,362.6,0.943,MONITOR,LOW,0.314,0.552,4.12,1,2,3,1,0,0,0,0,0
synth_002415,crack,1,0.407,1.213,2.542,10.88,2000.0,1590.91,0.05,1590.86,0.1,17.28,4.91,84.81,50000.0,589.6,0.884,MONITOR,LOW,1.213,2.542,10.88,1,2,1,0,1,0,0,0,0
synth_001569,craze,3,0.806,6.125,1.113,8.3,4200.0,1015.7,12.89,1002.81,0.74,269.74,4.71,1271.49,35000.0,27.5,0.846,REPAIR,HIGH,6.125,1.113,8.3,2,1,5,0,0,1,0,0,0
synth_000932,craze,4,0.851,3.065,2.603,8.23,3000.0,698.82,18.98,679.84,1.59,412.31,6.31,2602.36,45000.0,17.3,0.98,REPAIR,HIGH,3.065,2.603,8.23,2,1,5,0,0,1,0,0,0
synth_001075,crack,3,0.832,3.794,3.028,13.55,3600.0,3600.0,0.38,3599.62,0.84,262.6,3.68,967.36,60000.0,62.0,0.785,ENGINEERING_ASSESSMENT,CRITICAL,3.794,3.028,13.55,0,0,1,0,1,0,0,0,0
synth_001034,surface_injure,1,0.515,2.554,1.806,9.46,2000.0,878.42,0.14,878.29,0.1,17.28,3.81,65.88,75000.0,1138.4,0.825,MONITOR,LOW,2.554,1.806,9.46,1,2,2,0,0,0,0,1,0
synth_001681,hide_craze,4,0.821,11.704,3.111,8.44,3000.0,785.3,18.37,766.94,1.37,355.11,4.23,1503.23,55000.0,36.6,0.816,REPAIR,HIGH,11.704,3.111,8.44,2,1,4,0,0,0,1,0,0
synth_002216,corrosion,1,0.475,1.533,1.347,6.54,2000.0,144.8,0.01,144.78,0.1,17.28,4.04,69.82,75000.0,1074.2,0.8642600936220012,MONITOR,LOW,1.533,1.347,6.54,1,2,3,1,0,0,0,0,0
synth_001795,craze,5,0.932,5.634,1.705,10.95,3000.0,2451.94,172.51,2279.43,4.12,1068.1,4.27,4559.66,55000.0,12.1,0.776,REPAIR,HIGH,5.634,1.705,10.95,2,1,5,0,0,1,0,0,0
synth_001023,thunderstrike,3,0.583,1.506,0.97,12.86,3000.0,3000.0,0.03,2999.97,0.1,25.92,4.25,110.26,60000.0,544.2,0.97,ENGINEERING_ASSESSMENT,CRITICAL,1.506,0.97,12.86,0,0,0,0,0,0,0,0,1
synth_002594,craze,4,0.872,8.091,2.751,8.39,2000.0,510.62,17.48,493.14,2.01,346.49,5.68,1969.39,55000.0,27.9,0.913,REPAIR,HIGH,8.091,2.751,8.39,2,1,5,0,0,1,0,0,0
synth_003557,thunderstrike,5,0.728,3.746,1.643,9.138434681408205,4200.0,4200.0,0.38,4199.62,0.77,278.02,5.02,1395.23,80000.0,57.3,0.837,ENGINEERING_ASSESSMENT,CRITICAL,3.746,1.643,9.138434681408205,0,0,0,0,0,0,0,0,1
synth_000657,hide_craze,1,0.522,0.903,2.179,6.56,2000.0,147.5,0.02,147.47,0.1,17.28,3.7,63.98,90000.0,1406.7,0.936,MONITOR,LOW,0.903,2.179,6.56,1,2,4,0,0,0,1,0,0
synth_000527,crack,5,0.348,1.808,1.679,13.7,4200.0,4200.0,0.0,4200.0,0.1,36.29,4.44,161.29,80000.0,496.0,0.881,ENGINEERING_ASSESSMENT,CRITICAL,1.808,1.679,13.7,0,0,1,0,1,0,0,0,0
synth_002256,crack,4,0.363,6.61,1.084,10.4,2000.0,1318.72,0.12,1318.6,0.1,17.28,3.81,65.9,60000.0,910.5,0.8642600936220012,ENGINEERING_ASSESSMENT,CRITICAL,6.61,1.084,10.4,0,0,1,0,1,0,0,0,0
synth_003440,crack,5,0.697,3.835,0.537,11.35,3600.0,3417.04,33.4,3383.65,0.57,178.07,4.45,792.01,40000.0,50.5,0.808,ENGINEERING_ASSESSMENT,CRITICAL,3.835,0.537,11.35,0,0,1,0,1,0,0,0,0
synth_001891,corrosion,2,0.304,2.828,2.068,8.39,2500.0,639.15,0.01,639.14,0.1,21.6,4.41,95.22,50000.0,525.1,0.775,MONITOR,LOW,2.828,2.068,8.39,1,2,3,1,0,0,0,0,0
synth_002247,craze,1,0.733,2.766,2.591,10.8,2000.0,1544.42,2.61,1541.81,0.1,17.28,4.7,81.16,90000.0,1108.9,0.976,MONITOR,LOW,2.766,2.591,10.8,1,2,5,0,0,1,0,0,0
synth_002725,corrosion,1,0.404,1.058,2.614,11.9,3600.0,3600.0,0.0,3600.0,0.1,31.1,4.52,140.63,90000.0,640.0,0.85,MONITOR,LOW,1.058,2.614,11.9,1,2,3,1,0,0,0,0,0
synth_002764,crack,4,0.352,6.518,2.309,9.9,3000.0,1606.46,0.12,1606.34,0.1,25.92,3.51,91.0,60000.0,659.3,0.923,ENGINEERING_ASSESSMENT,CRITICAL,6.518,2.309,9.9,0,0,1,0,1,0,0,0,0
synth_003075,crack,4,0.946,8.152,1.527,7.09,4200.0,468.87,27.63,441.24,3.45,1252.63,5.0,6258.6,35000.0,5.6,0.941,REPAIR,HIGH,8.152,1.527,7.09,2,1,1,0,1,0,0,0,0
synth_000325,surface_injure,5,0.887,3.219,1.343,8.75,2500.0,771.97,37.62,734.35,2.85,616.54,6.01,3704.69,45000.0,12.1,0.765,REPAIR,HIGH,3.219,1.343,8.75,2,1,2,0,0,0,0,1,0
synth_000432,crack,5,0.638,7.962,0.646,7.02,2500.0,264.15,1.51,262.64,0.34,72.38,4.02,290.69,40000.0,137.6,0.793,ENGINEERING_ASSESSMENT,CRITICAL,7.962,0.646,7.02,0,0,1,0,1,0,0,0,0
synth_000030,surface_injure,2,0.223,0.958,1.053,7.51,2000.0,299.1,0.0,299.1,0.1,17.28,3.62,62.51,50000.0,799.9,0.908,MONITOR,LOW,0.958,1.053,7.51,1,2,2,0,0,0,0,1,0
synth_000457,corrosion,2,0.266,0.378,3.357,5.42,4200.0,96.57,0.0,96.57,0.1,36.29,3.51,127.29,90000.0,707.0,0.907,MONITOR,LOW,0.378,3.357,5.42,1,2,3,1,0,0,0,0,0
synth_000229,surface_injure,5,0.87,6.405,2.524,11.08,2000.0,1720.65,77.28,1643.37,2.63,454.55,5.79,2629.61,55000.0,20.9,0.939,REPAIR,HIGH,6.405,2.524,11.08,2,1,2,0,0,0,0,1,0
synth_000203,surface_injure,2,0.667,0.473,2.136,10.9,3600.0,2885.69,4.99,2880.7,0.1,31.53,4.19,132.12,90000.0,681.2,0.832,MONITOR,LOW,0.473,2.136,10.9,1,2,2,0,0,0,0,1,0
synth_002622,crack,4,0.546,3.039,0.815,12.77,4200.0,4200.0,0.04,4199.96,0.1,36.29,4.16,151.07,40000.0,264.8,0.783,ENGINEERING_ASSESSMENT,CRITICAL,3.039,0.815,12.77,0,0,1,0,1,0,0,0,0
synth_000785,surface_injure,5,0.865,7.851,1.644,9.92,3600.0,1938.47,84.68,1853.79,2.56,795.84,4.52,3600.25,25000.0,6.9,0.973,REPAIR,HIGH,7.851,1.644,9.92,2,1,2,0,0,0,0,1,0
synth_001483,crack,3,0.754,3.597,0.8,6.81,2000.0,180.48,1.41,179.07,0.46,78.93,5.35,422.22,60000.0,142.1,0.82,ENGINEERING_ASSESSMENT,CRITICAL,3.597,0.8,6.81,0,0,1,0,1,0,0,0,0
synth_002270,crack,3,0.833,1.886,3.024,11.72,3600.0,3600.0,0.38,3599.62,0.86,266.38,3.51,934.26,60000.0,64.2,0.769,ENGINEERING_ASSESSMENT,CRITICAL,1.886,3.024,11.72,0,0,1,0,1,0,0,0,0
synth_001582,craze,1,0.415,1.48,2.876,7.3,4200.0,543.19,0.02,543.18,0.1,36.29,3.85,139.84,50000.0,357.6,0.759,MONITOR,LOW,1.48,2.876,7.3,1,2,5,0,0,1,0,0,0
synth_000693,craze,3,0.813,7.732,2.601,10.68,4200.0,3092.6,42.37,3050.24,0.8,291.17,6.4,1863.19,25000.0,13.4,0.768,REPAIR,HIGH,7.732,2.601,10.68,2,1,5,0,0,1,0,0,0
synth_002922,surface_injure,3,0.933,4.949,2.204,9.21,4200.0,1634.99,54.64,1580.35,1.96,710.3,6.37,4521.3,55000.0,12.2,0.848,REPAIR,HIGH,4.949,2.204,9.21,2,1,2,0,0,0,0,1,0
synth_002020,craze,2,0.281,1.1,1.89,11.05,4200.0,3570.78,0.02,3570.76,0.1,36.29,4.49,162.78,75000.0,460.7,0.765,MONITOR,LOW,1.1,1.89,11.05,1,2,5,0,0,1,0,0,0
synth_000192,corrosion,1,0.605,0.448,2.8,5.76,2000.0,68.84,0.03,68.81,0.1,17.28,4.4,75.99,90000.0,1184.4,0.965,MONITOR,LOW,0.448,2.8,5.76,1,2,3,1,0,0,0,0,0
synth_002667,surface_injure,2,0.501,1.574,2.669,11.6,2500.0,2500.0,0.0,2500.0,0.1,21.6,4.6,99.3,90000.0,906.3,0.921,MONITOR,LOW,1.574,2.669,11.6,1,2,2,0,0,0,0,1,0
synth_001536,craze,1,0.626,2.772,2.082,11.17,2500.0,2223.25,1.31,2221.95,0.1,21.6,4.88,105.41,50000.0,474.3,0.934,MONITOR,LOW,2.772,2.082,11.17,1,2,5,0,0,1,0,0,0
synth_003472,thunderstrike,5,0.673,5.834,2.516,7.08,2000.0,221.64,1.76,219.88,0.47,80.53,4.94,397.69,80000.0,201.2,0.82,ENGINEERING_ASSESSMENT,CRITICAL,5.834,2.516,7.08,0,0,0,0,0,0,0,0,1
synth_003048,craze,2,0.315,0.761,2.487,11.15,3600.0,3175.54,0.04,3175.5,0.1,31.1,5.0,155.49,50000.0,321.6,0.933,MONITOR,LOW,0.761,2.487,11.15,1,2,5,0,0,1,0,0,0
synth_000166,hide_craze,2,0.713,0.571,0.918,10.9,4200.0,3366.92,9.12,3357.8,0.16,57.58,4.88,281.23,75000.0,266.7,0.823,MONITOR,LOW,0.571,0.918,10.9,1,2,4,0,0,0,1,0,0
synth_003064,crack,3,0.743,3.794,2.218,5.48,3600.0,89.56,0.64,88.92,0.42,130.77,5.07,663.52,40000.0,60.3,0.779,ENGINEERING_ASSESSMENT,CRITICAL,3.794,2.218,5.48,0,0,1,0,1,0,0,0,0
synth_001736,surface_injure,2,0.231,2.913,0.817,8.56,4200.0,1173.37,0.0,1173.37,0.1,36.29,3.85,139.82,75000.0,536.4,0.919,MONITOR,LOW,2.913,0.817,8.56,1,2,2,0,0,0,0,1,0
synth_002825,hide_craze,5,0.818,6.543,1.716,9.17,2500.0,955.87,28.46,927.41,1.74,376.67,4.38,1649.9,35000.0,21.2,0.792,REPAIR,HIGH,6.543,1.716,9.17,2,1,4,0,0,0,1,0,0
synth_002678,corrosion,3,0.923,6.059,3.495,9.138434681408205,4200.0,576.39,18.07,558.32,1.84,666.35,5.84,3891.42,45000.0,11.6,0.895,REPAIR,HIGH,6.059,3.495,9.138434681408205,2,1,3,1,0,0,0,0,0
synth_003256,corrosion,1,0.275,1.641,2.685,11.7,2000.0,2000.0,0.0,2000.0,0.1,17.28,4.26,73.55,90000.0,1223.7,0.831,MONITOR,LOW,1.641,2.685,11.7,1,2,3,1,0,0,0,0,0
synth_000976,corrosion,5,0.86,11.153,2.637,7.79,2500.0,446.17,19.33,426.84,2.54,548.15,4.72,2584.61,35000.0,13.5,0.81,REPAIR,HIGH,11.153,2.637,7.79,2,1,3,1,0,0,0,0,0
synth_001606,surface_injure,5,0.808,3.794,2.579,7.44,2000.0,284.28,7.79,276.5,1.6,277.24,4.59,1272.46,25000.0,19.6,0.825,REPAIR,HIGH,3.794,2.579,7.44,2,1,2,0,0,0,0,1,0
synth_000321,crack,4,0.412,4.501,0.566,9.12,4200.0,1567.32,0.34,1566.98,0.1,36.29,5.24,190.2,60000.0,315.5,0.91,ENGINEERING_ASSESSMENT,CRITICAL,4.501,0.566,9.12,0,0,1,0,1,0,0,0,0
synth_001511,hide_craze,3,0.871,5.525,2.462,9.85,4200.0,2195.75,46.36,2149.38,1.24,448.8,6.46,2898.79,25000.0,8.6,0.876,REPAIR,HIGH,5.525,2.462,9.85,2,1,4,0,0,0,1,0,0
synth_003430,crack,3,0.659,4.429,3.015,14.87,2000.0,2000.0,0.04,1999.96,0.19,32.44,4.07,131.93,80000.0,606.4,0.779,ENGINEERING_ASSESSMENT,CRITICAL,4.429,3.015,14.87,0,0,1,0,1,0,0,0,0
synth_000194,corrosion,3,0.86,9.152,2.054,9.64,4200.0,1998.67,40.4,1958.27,1.18,429.58,5.47,2348.17,35000.0,14.9,0.93,REPAIR,HIGH,9.152,2.054,9.64,2,1,3,1,0,0,0,0,0
synth_001442,craze,5,0.978,5.372,2.804,10.87,2500.0,1985.97,193.13,1792.84,5.7,1230.29,4.04,4973.9,25000.0,5.0,0.944,REPAIR,HIGH,5.372,2.804,10.87,2,1,5,0,0,1,0,0,0
synth_003004,crack,3,0.51,1.925,0.534,9.73,2000.0,993.69,0.55,993.14,0.1,17.28,5.08,87.83,80000.0,910.9,0.788,ENGINEERING_ASSESSMENT,CRITICAL,1.925,0.534,9.73,0,0,1,0,1,0,0,0,0
synth_003143,thunderstrike,4,0.314,4.348,0.56,9.08,4200.0,1534.77,0.05,1534.72,0.1,36.29,5.44,197.3,80000.0,405.5,0.797,ENGINEERING_ASSESSMENT,CRITICAL,4.348,0.56,9.08,0,0,0,0,0,0,0,0,1
synth_001042,crack,3,0.548,4.805,2.75,9.68,3600.0,1747.22,1.65,1745.57,0.1,31.1,3.75,116.77,80000.0,685.1,0.8642600936220012,ENGINEERING_ASSESSMENT,CRITICAL,4.805,2.75,9.68,0,0,1,0,1,0,0,0,0
synth_003336,surface_injure,5,0.922,7.66,0.854,7.04,3600.0,385.5,25.86,359.65,3.93,1221.88,4.24,5181.53,55000.0,10.6,0.826,REPAIR,HIGH,7.66,0.854,7.04,2,1,2,0,0,0,0,1,0
synth_000501,craze,4,0.857,11.245,0.689,7.05,3000.0,325.48,10.12,315.35,1.82,472.14,5.38,2541.08,35000.0,13.8,0.77,REPAIR,HIGH,11.245,0.689,7.05,2,1,5,0,0,1,0,0,0
synth_002679,corrosion,3,0.897,3.78,1.397,9.48,2500.0,1105.72,27.82,1077.9,1.47,318.31,4.05,1288.5,35000.0,27.2,0.96,REPAIR,HIGH,3.78,1.397,9.48,2,1,3,1,0,0,0,0,0
synth_003405,thunderstrike,3,0.747,7.949,3.33,14.19,3000.0,3000.0,0.15,2999.85,0.45,117.79,4.87,573.23,80000.0,139.6,0.764,ENGINEERING_ASSESSMENT,CRITICAL,7.949,3.33,14.19,0,0,0,0,0,0,0,0,1
synth_002077,craze,1,0.22,2.569,3.006,10.55,2000.0,1399.29,0.0,1399.29,0.1,17.28,4.09,70.75,50000.0,706.7,0.8642600936220012,MONITOR,LOW,2.569,3.006,10.55,1,2,5,0,0,1,0,0,0
synth_001916,craze,5,0.875,10.684,2.331,11.06,2000.0,1706.98,82.47,1624.5,2.83,489.01,6.23,3046.01,45000.0,14.8,0.8642600936220012,REPAIR,HIGH,10.684,2.331,11.06,2,1,5,0,0,1,0,0,0
synth_001789,corrosion,2,0.703,2.509,2.79,4.63,2500.0,17.57,0.05,17.52,0.16,33.68,4.37,147.31,50000.0,339.4,0.975,MONITOR,LOW,2.509,2.79,4.63,1,2,3,1,0,0,0,0,0
synth_003588,crack,4,0.766,1.991,2.25,10.13,2000.0,1180.91,15.38,1165.53,0.76,131.83,3.65,480.52,60000.0,124.9,0.772,ENGINEERING_ASSESSMENT,CRITICAL,1.991,2.25,10.13,0,0,1,0,1,0,0,0,0
synth_003471,crack,4,0.399,5.461,1.161,9.49,3000.0,1335.08,0.24,1334.84,0.1,25.92,5.16,133.66,60000.0,448.9,0.782,ENGINEERING_ASSESSMENT,CRITICAL,5.461,1.161,9.49,0,0,1,0,1,0,0,0,0
synth_003363,crack,4,0.83,7.562,1.185,6.94,2000.0,198.5,4.84,193.66,1.43,247.01,5.02,1239.71,80000.0,64.5,0.88,ENGINEERING_ASSESSMENT,CRITICAL,7.562,1.185,6.94,0,0,1,0,1,0,0,0,0
synth_001436,craze,1,0.706,1.875,1.506,5.47,3000.0,73.48,0.09,73.39,0.1,25.92,3.93,101.8,75000.0,736.7,0.871,MONITOR,LOW,1.875,1.506,5.47,1,2,5,0,0,1,0,0,0
synth_001006,hide_craze,5,0.96,7.201,1.769,10.82,4200.0,3271.86,286.98,2984.88,5.14,1864.26,6.19,11533.72,45000.0,3.9,0.895,REPAIR,HIGH,7.201,1.769,10.82,2,1,4,0,0,0,1,0,0
synth_001163,crack,3,0.858,5.746,0.784,7.96,3600.0,715.66,13.71,701.95,1.12,349.01,4.62,1613.55,40000.0,24.8,0.95,ENGINEERING_ASSESSMENT,CRITICAL,5.746,0.784,7.96,0,0,1,0,1,0,0,0,0
synth_000080,crack,3,0.547,6.21,1.5,7.06,3600.0,391.09,0.37,390.72,0.1,31.1,5.08,157.85,60000.0,380.1,0.874,ENGINEERING_ASSESSMENT,CRITICAL,6.21,1.5,7.06,0,0,1,0,1,0,0,0,0
synth_001632,corrosion,1,0.47,1.944,1.839,6.08,4200.0,199.22,0.02,199.21,0.1,36.29,4.37,158.68,75000.0,472.6,0.791,MONITOR,LOW,1.944,1.839,6.08,1,2,3,1,0,0,0,0,0
synth_000295,craze,1,0.734,0.473,2.139,8.47,2000.0,533.55,0.83,532.71,0.1,17.28,4.25,73.47,75000.0,1020.8,0.874,MONITOR,LOW,0.473,2.139,8.47,1,2,5,0,0,1,0,0,0
synth_002266,corrosion,4,0.861,4.371,1.543,11.33,3600.0,3383.37,101.1,3282.26,1.75,544.41,4.61,2510.74,25000.0,10.0,0.859,REPAIR,HIGH,4.371,1.543,11.33,2,1,3,1,0,0,0,0,0
synth_001717,corrosion,5,0.86,9.674,2.77,7.99,3000.0,608.61,26.11,582.5,2.51,651.33,5.25,3421.11,45000.0,13.2,0.893,REPAIR,HIGH,9.674,2.77,7.99,2,1,3,1,0,0,0,0,0
synth_001578,hide_craze,2,0.219,2.162,1.033,10.84,2000.0,1572.36,0.0,1572.36,0.1,17.28,4.2,72.59,75000.0,1033.2,0.901,MONITOR,LOW,2.162,1.033,10.84,1,2,4,0,0,0,1,0,0
synth_003597,thunderstrike,3,0.579,4.042,0.504,10.56,3000.0,2112.41,2.83,2109.58,0.1,25.92,3.58,92.77,40000.0,431.2,0.888,ENGINEERING_ASSESSMENT,CRITICAL,4.042,0.504,10.56,0,0,0,0,0,0,0,0,1
synth_003235,corrosion,1,0.444,2.494,0.786,6.28,2500.0,144.05,0.01,144.04,0.1,21.6,3.71,80.04,90000.0,1124.4,0.793,MONITOR,LOW,2.494,0.786,6.28,1,2,3,1,0,0,0,0,0
synth_003320,thunderstrike,4,0.337,1.83,3.096,9.6,3000.0,1404.16,0.07,1404.08,0.1,25.92,4.95,128.23,40000.0,311.9,0.868,ENGINEERING_ASSESSMENT,CRITICAL,1.83,3.096,9.6,0,0,0,0,0,0,0,0,1
synth_002623,corrosion,2,0.255,1.687,1.662,8.52,3000.0,822.76,0.0,822.76,0.1,25.92,3.62,93.78,50000.0,533.2,0.806,MONITOR,LOW,1.687,1.662,8.52,1,2,3,1,0,0,0,0,0
synth_001898,crack,5,0.384,7.101,1.717,8.58,2000.0,565.51,0.11,565.4,0.1,17.28,4.75,82.12,60000.0,730.6,0.978,ENGINEERING_ASSESSMENT,CRITICAL,7.101,1.717,8.58,0,0,1,0,1,0,0,0,0
synth_000897,surface_injure,1,0.478,1.221,1.769,9.138434681408205,3000.0,2373.26,0.22,2373.04,0.1,25.92,3.9,101.07,50000.0,494.7,0.835,MONITOR,LOW,1.221,1.769,9.138434681408205,1,2,2,0,0,0,0,1,0
synth_000463,crack,3,0.638,4.085,1.748,13.8,3000.0,3000.0,0.05,2999.95,0.15,39.25,4.51,177.06,40000.0,225.9,0.807,ENGINEERING_ASSESSMENT,CRITICAL,4.085,1.748,13.8,0,0,1,0,1,0,0,0,0
synth_000840,corrosion,2,0.358,3.794,3.107,9.138434681408205,3000.0,788.58,0.02,788.55,0.1,25.92,3.76,97.34,50000.0,513.7,0.8642600936220012,MONITOR,LOW,3.794,3.107,9.138434681408205,1,2,3,1,0,0,0,0,0
synth_001647,thunderstrike,5,0.604,5.761,2.747,11.21,3000.0,2707.54,10.5,2697.05,0.23,58.85,4.9,288.64,40000.0,138.6,0.937,ENGINEERING_ASSESSMENT,CRITICAL,5.761,2.747,11.21,0,0,0,0,0,0,0,0,1
synth_001187,craze,5,0.879,8.843,1.428,7.12,2000.0,227.45,11.2,216.25,2.88,498.28,4.94,2462.42,35000.0,14.2,0.828,REPAIR,HIGH,8.843,1.428,7.12,2,1,5,0,0,1,0,0,0
synth_001228,crack,4,0.341,3.971,1.95,5.16,2500.0,40.8,0.0,40.8,0.1,21.6,4.14,89.35,80000.0,895.4,0.82,ENGINEERING_ASSESSMENT,CRITICAL,3.971,1.95,5.16,0,0,1,0,1,0,0,0,0
synth_002370,thunderstrike,4,0.678,7.165,1.185,7.18,2000.0,237.08,1.49,235.59,0.37,63.67,3.87,246.18,40000.0,162.5,0.84,ENGINEERING_ASSESSMENT,CRITICAL,7.165,1.185,7.18,0,0,0,0,0,0,0,0,1
synth_003516,crack,5,0.375,2.07,2.964,10.68,2000.0,1477.25,0.22,1477.03,0.1,17.28,3.71,64.03,80000.0,1249.4,0.852,ENGINEERING_ASSESSMENT,CRITICAL,2.07,2.964,10.68,0,0,1,0,1,0,0,0,0
synth_001117,corrosion,5,0.97,6.998,1.895,10.61,2500.0,1794.79,168.05,1626.74,5.48,1184.6,5.84,6920.1,25000.0,3.6,0.783,REPAIR,HIGH,6.998,1.895,10.61,2,1,3,1,0,0,0,0,0
synth_002643,hide_craze,4,0.945,10.574,1.341,7.87,2000.0,376.14,22.46,353.68,3.5,604.25,5.04,3048.02,35000.0,11.5,0.885,REPAIR,HIGH,10.574,1.341,7.87,2,1,4,0,0,0,1,0,0
synth_000257,surface_injure,1,0.653,0.352,1.067,9.99,4200.0,2334.9,1.66,2333.24,0.1,36.29,3.98,144.3,90000.0,623.7,0.761,MONITOR,LOW,0.352,1.067,9.99,1,2,2,0,0,0,0,1,0
synth_001429,hide_craze,4,0.979,7.668,3.244,9.32,4200.0,1724.58,127.16,1597.42,4.32,1567.22,5.73,8978.35,25000.0,2.8,0.81,REPAIR,HIGH,7.668,3.244,9.32,2,1,4,0,0,0,1,0,0
synth_001688,craze,3,0.902,8.844,3.381,7.08,3000.0,331.21,9.2,322.01,1.63,421.68,5.31,2240.57,25000.0,11.2,0.97,REPAIR,HIGH,8.844,3.381,7.08,2,1,5,0,0,1,0,0,0
synth_003373,crack,4,0.582,3.567,3.026,5.85,2000.0,75.59,0.16,75.43,0.13,21.63,4.21,91.16,60000.0,658.2,0.942,ENGINEERING_ASSESSMENT,CRITICAL,3.567,3.026,5.85,0,0,1,0,1,0,0,0,0
synth_001815,crack,1,0.524,1.651,3.384,4.09,2500.0,5.3,0.0,5.3,0.1,21.6,4.28,92.35,75000.0,812.1,0.88,MONITOR,LOW,1.651,3.384,4.09,1,2,1,0,1,0,0,0,0
synth_002584,surface_injure,1,0.38,0.695,1.678,9.138434681408205,3600.0,2415.09,0.05,2415.04,0.1,31.1,4.77,148.31,75000.0,505.7,0.882,MONITOR,LOW,0.695,1.678,9.138434681408205,1,2,2,0,0,0,0,1,0
synth_003422,crack,3,0.538,4.121,3.044,14.35,2000.0,2000.0,0.01,1999.99,0.1,17.28,4.82,83.26,60000.0,720.6,0.793,ENGINEERING_ASSESSMENT,CRITICAL,4.121,3.044,14.35,0,0,1,0,1,0,0,0,0
synth_000238,hide_craze,2,0.32,1.767,1.957,4.84,3000.0,30.53,0.0,30.53,0.1,25.92,3.75,97.23,75000.0,771.4,0.872,MONITOR,LOW,1.767,1.957,4.84,1,2,4,0,0,0,1,0,0
synth_000358,hide_craze,5,0.952,5.708,1.155,11.45,2500.0,2454.7,199.81,2254.89,4.77,1029.84,4.06,4184.34,45000.0,10.8,0.87,REPAIR,HIGH,5.708,1.155,11.45,2,1,4,0,0,0,1,0,0
synth_000736,corrosion,3,0.936,5.727,1.005,10.19,4200.0,2537.53,87.07,2450.47,2.01,729.27,5.39,3933.36,45000.0,11.4,0.777,REPAIR,HIGH,5.727,1.005,10.19,2,1,3,1,0,0,0,0,0
synth_003319,thunderstrike,5,0.625,3.212,1.581,9.28,3600.0,1450.55,6.76,1443.79,0.27,84.96,5.03,427.56,40000.0,93.6,0.903,ENGINEERING_ASSESSMENT,CRITICAL,3.212,1.581,9.28,0,0,0,0,0,0,0,0,1
synth_000511,thunderstrike,3,0.8,3.979,0.526,10.65,2500.0,1825.47,21.36,1804.12,0.69,148.01,3.54,524.25,40000.0,76.3,0.938,ENGINEERING_ASSESSMENT,CRITICAL,3.979,0.526,10.65,0,0,0,0,0,0,0,0,1
synth_003398,thunderstrike,4,0.422,7.674,0.938,13.18,4200.0,4200.0,0.01,4199.99,0.1,36.29,3.52,127.87,80000.0,625.6,0.8642600936220012,ENGINEERING_ASSESSMENT,CRITICAL,7.674,0.938,13.18,0,0,0,0,0,0,0,0,1
synth_002871,craze,2,0.328,0.413,1.154,10.62,2500.0,1801.14,0.03,1801.12,0.1,21.6,3.9,84.22,75000.0,890.5,0.881,MONITOR,LOW,0.413,1.154,10.62,1,2,5,0,0,1,0,0,0
synth_000174,thunderstrike,4,0.511,6.161,1.878,9.76,4200.0,2112.84,1.97,2110.87,0.1,36.29,4.25,154.3,40000.0,259.2,0.8642600936220012,ENGINEERING_ASSESSMENT,CRITICAL,6.161,1.878,9.76,0,0,0,0,0,0,0,0,1
synth_000755,craze,1,0.271,0.267,1.567,7.6,4200.0,665.76,0.0,665.76,0.1,36.29,4.0,145.12,75000.0,516.8,0.8642600936220012,MONITOR,LOW,0.267,1.567,7.6,1,2,5,0,0,1,0,0,0
synth_000214,corrosion,1,0.34,0.554,1.025,9.41,2000.0,857.49,0.01,857.48,0.1,17.28,3.99,68.91,90000.0,1306.1,0.901,MONITOR,LOW,0.554,1.025,9.41,1,2,3,1,0,0,0,0,0
synth_000479,craze,5,0.977,7.039,1.076,9.15,2500.0,947.7,92.85,854.85,5.74,1239.55,5.92,7338.04,45000.0,6.1,0.854,REPAIR,HIGH,7.039,1.076,9.15,2,1,5,0,0,1,0,0,0
synth_002928,surface_injure,5,0.887,8.1,0.941,8.47,2000.0,534.02,27.7,506.33,3.04,524.92,6.25,3280.95,25000.0,7.6,0.782,REPAIR,HIGH,8.1,0.941,8.47,2,1,2,0,0,0,0,1,0
synth_000414,craze,5,0.938,8.363,2.153,10.82,2500.0,1950.32,147.81,1802.5,4.44,958.85,4.49,4305.83,55000.0,12.8,0.775,REPAIR,HIGH,8.363,2.153,10.82,2,1,5,0,0,1,0,0,0
synth_002240,crack,4,0.739,6.45,3.068,13.74,2000.0,2000.0,0.15,1999.85,0.65,111.72,3.81,425.73,40000.0,94.0,0.829,ENGINEERING_ASSESSMENT,CRITICAL,6.45,3.068,13.74,0,0,1,0,1,0,0,0,0
synth_000759,corrosion,1,0.488,0.406,2.239,4.43,3000.0,14.21,0.0,14.21,0.1,25.92,4.91,127.17,90000.0,707.7,0.772,MONITOR,LOW,0.406,2.239,4.43,1,2,3,1,0,0,0,0,0
synth_000102,crack,5,0.823,4.769,3.158,11.62,2500.0,2500.0,0.51,2499.49,1.77,381.68,4.98,1899.13,40000.0,21.1,0.952,ENGINEERING_ASSESSMENT,CRITICAL,4.769,3.158,11.62,0,0,1,0,1,0,0,0,0
synth_002934,hide_craze,5,0.924,11.596,2.753,8.94,3600.0,1229.93,86.07,1143.86,4.1,1274.89,4.44,5662.88,35000.0,6.2,0.775,REPAIR,HIGH,11.596,2.753,8.94,2,1,4,0,0,0,1,0,0
synth_001586,crack,1,0.544,0.343,3.463,9.8,2500.0,1280.03,0.27,1279.76,0.1,21.6,3.53,76.36,50000.0,654.8,0.756,MONITOR,LOW,0.343,3.463,9.8,1,2,1,0,1,0,0,0,0
synth_000239,corrosion,1,0.315,3.794,0.941,9.138434681408205,4200.0,81.08,0.0,81.08,0.1,36.29,3.54,128.29,90000.0,701.5,0.817,MONITOR,LOW,3.794,0.941,9.138434681408205,1,2,3,1,0,0,0,0,0
synth_000410,craze,4,0.846,3.375,2.197,10.67,2000.0,1468.74,38.42,1430.32,1.53,264.75,6.24,1650.98,55000.0,33.3,0.877,REPAIR,HIGH,3.375,2.197,10.67,2,1,5,0,0,1,0,0,0
synth_000402,surface_injure,2,0.621,1.811,0.555,7.43,2500.0,354.51,0.4,354.11,0.1,21.6,3.91,84.54,50000.0,591.4,0.8642600936220012,MONITOR,LOW,1.811,0.555,7.43,1,2,2,0,0,0,0,1,0
synth_001564,craze,4,0.932,7.232,2.197,8.11,3000.0,650.56,34.29,616.28,3.09,800.08,5.72,4577.92,45000.0,9.8,0.83,REPAIR,HIGH,7.232,2.197,8.11,2,1,5,0,0,1,0,0,0
synth_002339,thunderstrike,3,0.707,6.859,2.712,5.62,2500.0,72.8,0.39,72.42,0.31,66.99,5.44,364.71,60000.0,164.5,0.879,ENGINEERING_ASSESSMENT,CRITICAL,6.859,2.712,5.62,0,0,0,0,0,0,0,0,1
synth_001624,crack,4,0.896,9.108,1.431,9.138434681408205,3600.0,2159.34,89.25,2070.09,2.42,752.97,5.71,4297.01,45000.0,10.5,0.865,REPAIR,HIGH,9.108,1.431,9.138434681408205,2,1,1,0,1,0,0,0,0
synth_002071,corrosion,3,0.931,3.765,2.648,14.01,3600.0,3600.0,0.8,3599.2,1.89,586.54,5.44,3192.15,60000.0,18.8,0.772,REPAIR,HIGH,3.765,2.648,14.01,2,1,3,1,0,0,0,0,0
synth_002471,craze,1,0.528,2.569,3.317,4.48,4200.0,22.22,0.0,22.22,0.1,36.29,4.93,178.89,90000.0,503.1,0.944,MONITOR,LOW,2.569,3.317,4.48,1,2,5,0,0,1,0,0,0
synth_002293,surface_injure,1,0.305,0.827,1.819,11.48,2000.0,1987.99,0.01,1987.98,0.1,17.28,4.15,71.69,90000.0,1255.4,0.768,MONITOR,LOW,0.827,1.819,11.48,1,2,2,0,0,0,0,1,0
synth_000044,hide_craze,1,0.246,1.258,0.834,9.64,3000.0,1430.54,0.0,1430.54,0.1,25.92,3.87,100.39,90000.0,896.5,0.808,MONITOR,LOW,1.258,0.834,9.64,1,2,4,0,0,0,1,0,0
synth_000045,surface_injure,2,0.608,0.529,1.213,9.19,2000.0,773.78,0.72,773.07,0.1,17.28,4.62,79.82,50000.0,626.4,0.836,MONITOR,LOW,0.529,1.213,9.19,1,2,2,0,0,0,0,1,0
synth_001037,hide_craze,2,0.531,0.304,0.686,4.21,2000.0,5.78,0.0,5.78,0.1,17.28,4.61,79.64,90000.0,1130.1,0.8642600936220012,MONITOR,LOW,0.304,0.686,4.21,1,2,4,0,0,0,1,0,0
synth_000332,hide_craze,1,0.598,0.726,2.965,4.62,2500.0,17.17,0.01,17.17,0.1,21.6,4.54,98.16,90000.0,916.9,0.97,MONITOR,LOW,0.726,2.965,4.62,1,2,4,0,0,0,1,0,0
synth_001068,craze,4,0.93,7.193,2.95,7.25,2500.0,312.16,16.26,295.91,3.05,658.97,6.39,4208.57,35000.0,8.3,0.866,REPAIR,HIGH,7.193,2.95,7.25,2,1,5,0,0,1,0,0,0
synth_002063,craze,4,0.913,10.777,3.267,9.138434681408205,2000.0,260.51,12.36,248.14,2.78,480.37,4.92,2363.85,55000.0,23.3,0.955,REPAIR,HIGH,10.777,3.267,9.138434681408205,2,1,5,0,0,1,0,0,0
synth_001767,thunderstrike,3,0.53,5.86,2.218,14.41,4200.0,4200.0,0.02,4199.98,0.1,36.29,4.75,172.43,40000.0,232.0,0.951,ENGINEERING_ASSESSMENT,CRITICAL,5.86,2.218,14.41,0,0,0,0,0,0,0,0,1
synth_001027,thunderstrike,3,0.93,5.261,0.959,8.99,3600.0,1262.41,41.35,1221.06,1.92,596.66,4.79,2858.01,80000.0,28.0,0.886,ENGINEERING_ASSESSMENT,CRITICAL,5.261,0.959,8.99,0,0,0,0,0,0,0,0,1
synth_001052,surface_injure,2,0.578,2.574,1.587,9.138434681408205,2500.0,2500.0,0.01,2499.99,0.1,21.6,4.52,97.61,75000.0,768.4,0.944,MONITOR,LOW,2.574,1.587,9.138434681408205,1,2,2,0,0,0,0,1,0
synth_000718,craze,1,0.568,1.115,1.659,9.96,2500.0,1371.86,0.4,1371.46,0.1,21.6,3.62,78.18,90000.0,1151.2,0.824,MONITOR,LOW,1.115,1.659,9.96,1,2,5,0,0,1,0,0,0
synth_000058,hide_craze,5,0.957,8.842,2.965,9.138434681408205,2500.0,443.33,38.65,404.68,5.11,1102.94,4.48,4941.97,45000.0,9.1,0.814,REPAIR,HIGH,8.842,2.965,9.138434681408205,2,1,4,0,0,0,1,0,0
synth_003594,crack,5,0.701,5.792,1.305,12.08,4200.0,4200.0,0.3,4199.7,0.62,223.24,4.87,1087.69,40000.0,36.8,0.849,ENGINEERING_ASSESSMENT,CRITICAL,5.792,1.305,12.08,0,0,1,0,1,0,0,0,0
synth_001011,hide_craze,1,0.519,1.172,2.138,7.35,4200.0,563.95,0.09,563.86,0.1,36.29,3.53,127.94,90000.0,703.5,0.866,MONITOR,LOW,1.172,2.138,7.35,1,2,4,0,0,0,1,0,0
synth_003293,craze,2,0.673,2.217,2.199,9.138434681408205,2500.0,2500.0,0.04,2499.96,0.12,24.84,4.44,110.21,75000.0,680.5,0.973,MONITOR,LOW,2.217,2.199,9.138434681408205,1,2,5,0,0,1,0,0,0
synth_003138,thunderstrike,4,0.529,6.065,3.467,12.77,4200.0,4200.0,0.03,4199.97,0.1,36.29,4.5,163.39,60000.0,367.2,0.766,ENGINEERING_ASSESSMENT,CRITICAL,6.065,3.467,12.77,0,0,0,0,0,0,0,0,1
synth_001611,corrosion,4,0.856,3.794,3.148,8.74,2500.0,768.4,23.32,745.08,1.78,384.0,4.85,1862.09,55000.0,29.5,0.784,REPAIR,HIGH,3.794,3.148,8.74,2,1,3,1,0,0,0,0,0
synth_002461,hide_craze,4,0.888,8.975,2.664,8.85,3000.0,977.63,38.09,939.54,2.28,591.43,5.89,3485.09,35000.0,10.0,0.922,REPAIR,HIGH,8.975,2.664,8.85,2,1,4,0,0,0,1,0,0
synth_002002,corrosion,1,0.528,1.69,2.968,4.69,4200.0,33.05,0.01,33.05,0.1,36.29,3.85,139.54,90000.0,645.0,0.8642600936220012,MONITOR,LOW,1.69,2.968,4.69,1,2,3,1,0,0,0,0,0
synth_002389,corrosion,2,0.541,1.726,1.568,8.42,2500.0,648.72,0.29,648.43,0.1,21.6,4.81,103.93,50000.0,481.1,0.954,MONITOR,LOW,1.726,1.568,8.42,1,2,3,1,0,0,0,0,0
synth_001395,hide_craze,5,0.864,11.804,2.471,8.16,3600.0,805.34,36.09,769.25,2.62,816.44,5.15,4202.3,45000.0,10.7,0.924,REPAIR,HIGH,11.804,2.471,8.16,2,1,4,0,0,0,1,0,0
synth_002633,crack,4,0.847,3.794,3.34,7.24,4200.0,519.56,14.12,505.45,1.59,577.42,3.98,2297.95,40000.0,17.4,0.842,ENGINEERING_ASSESSMENT,CRITICAL,3.794,3.34,7.24,0,0,1,0,1,0,0,0,0
synth_000309,surface_injure,2,0.528,0.427,1.65,11.61,3600.0,3600.0,0.01,3599.99,0.1,31.1,4.76,147.97,75000.0,506.9,0.965,MONITOR,LOW,0.427,1.65,11.61,1,2,2,0,0,0,0,1,0
synth_002045,surface_injure,2,0.74,2.905,2.155,5.56,4200.0,114.89,0.43,114.46,0.22,80.13,3.55,284.54,90000.0,316.3,0.818,MONITOR,LOW,2.905,2.155,5.56,1,2,2,0,0,0,0,1,0
synth_001432,hide_craze,5,0.81,2.812,0.578,9.11,2000.0,742.06,19.46,722.59,1.54,265.47,6.21,1649.42,45000.0,27.3,0.8642600936220012,REPAIR,HIGH,2.812,0.578,9.11,2,1,4,0,0,0,1,0,0
synth_001665,corrosion,3,0.971,2.663,1.764,10.14,2000.0,1187.75,49.49,1138.26,2.44,421.69,6.39,2693.31,35000.0,13.0,0.777,REPAIR,HIGH,2.663,1.764,10.14,2,1,3,1,0,0,0,0,0
synth_001116,surface_injure,4,0.856,4.533,2.674,8.95,3000.0,1027.87,29.63,998.24,1.69,437.68,4.49,1967.01,35000.0,17.8,0.755,REPAIR,HIGH,4.533,2.674,8.95,2,1,2,0,0,0,0,1,0
synth_002157,crack,5,0.943,2.824,1.425,9.16,2500.0,952.75,69.25,883.5,4.26,919.58,4.86,4471.24,60000.0,13.4,0.819,ENGINEERING_ASSESSMENT,CRITICAL,2.824,1.425,9.16,0,0,1,0,1,0,0,0,0
synth_002795,craze,5,0.851,8.219,0.597,9.87,3600.0,1900.93,74.74,1826.19,2.3,716.29,6.39,4574.09,25000.0,5.5,0.888,REPAIR,HIGH,8.219,0.597,9.87,2,1,5,0,0,1,0,0,0
synth_000794,surface_injure,4,0.841,3.794,2.918,7.05,3600.0,388.84,10.02,378.82,1.51,469.6,5.94,2790.08,45000.0,16.1,0.898,REPAIR,HIGH,3.794,2.918,7.05,2,1,2,0,0,0,0,1,0
synth_001427,surface_injure,5,0.885,10.674,0.843,9.39,2500.0,1064.18,55.63,1008.55,3.06,661.3,5.03,3324.59,25000.0,7.5,0.927,REPAIR,HIGH,10.674,0.843,9.39,2,1,2,0,0,0,0,1,0
synth_001490,thunderstrike,4,0.447,5.476,0.911,9.57,3000.0,1385.37,0.52,1384.85,0.1,25.92,4.3,111.46,40000.0,358.9,0.82,ENGINEERING_ASSESSMENT,CRITICAL,5.476,0.911,9.57,0,0,0,0,0,0,0,0,1
synth_001468,thunderstrike,3,0.57,1.869,1.251,9.2,3600.0,1396.45,1.6,1394.85,0.1,31.1,3.89,120.93,40000.0,330.8,0.92,ENGINEERING_ASSESSMENT,CRITICAL,1.869,1.251,9.2,0,0,0,0,0,0,0,0,1
synth_000712,hide_craze,5,0.879,6.14,3.116,10.58,4200.0,2973.78,142.41,2831.38,2.8,1017.82,5.14,5232.4,25000.0,4.8,0.867,REPAIR,HIGH,6.14,3.116,10.58,2,1,4,0,0,0,1,0,0
synth_000538,thunderstrike,3,0.599,2.523,0.707,6.34,4200.0,254.31,0.42,253.89,0.1,36.29,5.41,196.21,80000.0,407.7,0.83,ENGINEERING_ASSESSMENT,CRITICAL,2.523,0.707,6.34,0,0,0,0,0,0,0,0,1
synth_001233,hide_craze,1,0.452,0.792,2.245,7.15,2500.0,290.43,0.02,290.41,0.1,21.6,3.6,77.68,50000.0,643.7,0.935,MONITOR,LOW,0.792,2.245,7.15,1,2,4,0,0,0,1,0,0
synth_001211,hide_craze,5,0.937,9.534,1.59,9.01,2500.0,883.33,67.24,816.09,4.46,962.99,4.17,4016.89,35000.0,8.7,0.899,REPAIR,HIGH,9.534,1.59,9.01,2,1,4,0,0,0,1,0,0
synth_000781,crack,3,0.939,3.794,1.163,9.15,4200.0,1594.22,54.33,1539.89,2.0,724.36,4.32,3126.28,40000.0,12.8,0.86,ENGINEERING_ASSESSMENT,CRITICAL,3.794,1.163,9.15,0,0,1,0,1,0,0,0,0
synth_002691,craze,1,0.728,0.767,2.96,9.24,4200.0,1660.94,2.52,1658.42,0.1,36.29,4.5,163.21,75000.0,459.5,0.756,MONITOR,LOW,0.767,2.96,9.24,1,2,5,0,0,1,0,0,0
synth_000188,craze,1,0.402,2.318,3.489,10.74,3600.0,2713.66,0.08,2713.58,0.1,31.1,4.21,130.79,90000.0,688.1,0.839,MONITOR,LOW,2.318,3.489,10.74,1,2,5,0,0,1,0,0,0
synth_001557,thunderstrike,4,0.659,1.448,2.471,6.36,4200.0,259.95,1.21,258.74,0.27,98.82,3.86,381.66,80000.0,209.6,0.877,ENGINEERING_ASSESSMENT,CRITICAL,1.448,2.471,6.36,0,0,0,0,0,0,0,0,1
synth_002817,corrosion,1,0.328,2.49,0.835,8.6,3000.0,857.34,0.01,857.34,0.1,25.92,4.2,108.85,90000.0,826.8,0.898,MONITOR,LOW,2.49,0.835,8.6,1,2,3,1,0,0,0,0,0
synth_003560,crack,5,0.763,6.708,1.803,9.78,3000.0,1520.56,28.36,1492.19,1.09,283.2,3.86,1093.79,40000.0,36.6,0.834,ENGINEERING_ASSESSMENT,CRITICAL,6.708,1.803,9.78,0,0,1,0,1,0,0,0,0
synth_002149,thunderstrike,3,0.49,4.087,2.179,6.03,3000.0,136.26,0.06,136.2,0.1,25.92,4.02,104.23,40000.0,383.8,0.831,ENGINEERING_ASSESSMENT,CRITICAL,4.087,2.179,6.03,0,0,0,0,0,0,0,0,1
synth_002686,hide_craze,3,0.822,3.794,1.927,7.81,3000.0,544.32,8.23,536.09,0.89,229.54,4.1,941.36,45000.0,47.8,0.789,REPAIR,HIGH,3.794,1.927,7.81,2,1,4,0,0,0,1,0,0
synth_003378,thunderstrike,5,0.889,1.612,0.663,9.11,2000.0,744.54,35.36,709.18,2.78,480.67,4.43,2129.73,60000.0,28.2,0.789,ENGINEERING_ASSESSMENT,CRITICAL,1.612,0.663,9.11,0,0,0,0,0,0,0,0,1
synth_002970,surface_injure,3,0.833,11.545,3.253,11.23,2500.0,2269.88,37.6,2232.29,0.97,209.54,6.02,1262.2,35000.0,27.7,0.959,REPAIR,HIGH,11.545,3.253,11.23,2,1,2,0,0,0,0,1,0
synth_000354,corrosion,1,0.488,2.277,2.474,7.94,2000.0,392.74,0.04,392.69,0.1,17.28,4.22,73.0,90000.0,1232.9,0.948,MONITOR,LOW,2.277,2.474,7.94,1,2,3,1,0,0,0,0,0
synth_000240,craze,2,0.404,1.079,3.452,11.11,4200.0,3644.26,0.22,3644.04,0.1,36.29,4.4,159.84,50000.0,312.8,0.89,MONITOR,LOW,1.079,3.452,11.11,1,2,5,0,0,1,0,0,0
synth_000790,craze,1,0.631,1.033,1.185,9.28,3600.0,1450.55,0.85,1449.69,0.1,31.1,3.71,115.24,75000.0,650.8,0.89,MONITOR,LOW,1.033,1.185,9.28,1,2,5,0,0,1,0,0,0
synth_003100,thunderstrike,3,0.87,1.077,2.239,11.55,3000.0,3000.0,0.42,2999.58,1.11,287.34,4.87,1399.97,80000.0,57.1,0.795,ENGINEERING_ASSESSMENT,CRITICAL,1.077,2.239,11.55,0,0,0,0,0,0,0,0,1
synth_000965,thunderstrike,5,0.458,7.942,0.506,6.97,2000.0,204.39,0.13,204.27,0.1,17.28,4.65,80.37,40000.0,497.7,0.973,ENGINEERING_ASSESSMENT,CRITICAL,7.942,0.506,6.97,0,0,0,0,0,0,0,0,1
synth_003487,thunderstrike,4,0.445,4.293,0.803,5.2,2000.0,34.68,0.01,34.67,0.1,17.28,4.52,78.02,40000.0,512.7,0.825,ENGINEERING_ASSESSMENT,CRITICAL,4.293,0.803,5.2,0,0,0,0,0,0,0,0,1
synth_002392,thunderstrike,3,0.596,4.278,2.084,9.11,3600.0,1335.44,2.19,1333.25,0.1,31.1,3.97,123.34,80000.0,648.6,0.827,ENGINEERING_ASSESSMENT,CRITICAL,4.278,2.084,9.11,0,0,0,0,0,0,0,0,1
synth_001001,craze,4,0.878,4.707,1.959,9.81,2000.0,1027.51,35.39,992.12,2.02,348.62,5.15,1795.67,55000.0,30.6,0.8642600936220012,REPAIR,HIGH,4.707,1.959,9.81,2,1,5,0,0,1,0,0,0
synth_000578,crack,5,0.881,9.492,3.377,8.44,3000.0,786.46,39.47,747.0,2.94,761.87,5.27,4011.33,25000.0,6.2,0.946,REPAIR,HIGH,9.492,3.377,8.44,2,1,1,0,1,0,0,0,0
synth_000554,hide_craze,1,0.389,2.035,3.172,4.32,3000.0,11.19,0.0,11.19,0.1,25.92,4.4,113.96,90000.0,789.8,0.768,MONITOR,LOW,2.035,3.172,4.32,1,2,4,0,0,0,1,0,0
synth_000478,hide_craze,5,0.847,5.847,0.847,9.138434681408205,4200.0,504.5,18.78,485.72,2.18,791.2,4.45,3519.05,55000.0,15.6,0.782,REPAIR,HIGH,5.847,0.847,9.138434681408205,2,1,4,0,0,0,1,0,0
synth_003488,crack,4,0.889,1.012,0.509,11.01,4200.0,3509.16,119.04,3390.12,1.99,721.0,5.33,3844.38,80000.0,20.8,0.962,ENGINEERING_ASSESSMENT,CRITICAL,1.012,0.509,11.01,0,0,1,0,1,0,0,0,0
synth_001626,hide_craze,3,0.828,8.911,0.949,10.39,4200.0,2760.69,43.16,2717.53,0.92,332.3,4.61,1533.4,45000.0,29.3,0.943,REPAIR,HIGH,8.911,0.949,10.39,2,1,4,0,0,0,1,0,0
synth_002631,craze,2,0.539,0.418,2.749,4.21,3600.0,10.27,0.0,10.26,0.1,31.1,3.58,111.42,75000.0,673.1,0.779,MONITOR,LOW,0.418,2.749,4.21,1,2,5,0,0,1,0,0,0
synth_000152,craze,2,0.341,1.389,2.399,4.7,3000.0,23.84,0.0,23.84,0.1,25.92,4.72,122.44,50000.0,408.4,0.751,MONITOR,LOW,1.389,2.399,4.7,1,2,5,0,0,1,0,0,0
synth_002740,corrosion,1,0.487,1.023,1.242,4.16,2000.0,5.05,0.0,5.05,0.1,17.28,4.21,72.74,50000.0,687.4,0.789,MONITOR,LOW,1.023,1.242,4.16,1,2,3,1,0,0,0,0,0
synth_002259,craze,5,0.922,9.425,1.44,9.93,2000.0,1084.53,73.64,1010.89,3.98,687.23,4.24,2910.81,25000.0,8.6,0.965,REPAIR,HIGH,9.425,1.44,9.93,2,1,5,0,0,1,0,0,0
synth_002912,crack,3,0.858,7.264,1.177,10.98,2500.0,2065.9,40.2,2025.7,1.14,246.19,4.52,1111.61,80000.0,72.0,0.754,ENGINEERING_ASSESSMENT,CRITICAL,7.264,1.177,10.98,0,0,1,0,1,0,0,0,0
synth_001912,surface_injure,1,0.748,2.764,2.965,10.68,3600.0,2657.26,5.18,2652.07,0.11,35.54,3.77,134.11,90000.0,671.1,0.817,MONITOR,LOW,2.764,2.965,10.68,1,2,2,0,0,0,0,1,0
synth_000256,surface_injure,2,0.593,1.049,3.25,6.32,2500.0,148.94,0.12,148.82,0.1,21.6,4.34,93.85,50000.0,532.8,0.842,MONITOR,LOW,1.049,3.25,6.32,1,2,2,0,0,0,0,1,0
synth_001872,surface_injure,1,0.696,1.648,2.41,4.4,3000.0,13.28,0.02,13.27,0.1,25.92,4.82,124.99,50000.0,400.0,0.911,MONITOR,LOW,1.648,2.41,4.4,1,2,2,0,0,0,0,1,0
synth_000346,craze,3,0.842,8.265,2.29,10.96,4200.0,3455.0,59.84,3395.16,1.01,368.1,6.21,2284.9,35000.0,15.3,0.975,REPAIR,HIGH,8.265,2.29,10.96,2,1,5,0,0,1,0,0,0
synth_001538,hide_craze,2,0.517,1.55,3.327,4.4,2000.0,8.88,0.0,8.87,0.1,17.28,4.25,73.43,75000.0,1021.4,0.797,MONITOR,LOW,1.55,3.327,4.4,1,2,4,0,0,0,1,0,0
synth_001807,crack,3,0.713,2.313,0.756,6.71,2500.0,207.43,1.09,206.34,0.31,66.4,5.24,347.98,40000.0,114.9,0.866,ENGINEERING_ASSESSMENT,CRITICAL,2.313,0.756,6.71,0,0,1,0,1,0,0,0,0
synth_000776,hide_craze,1,0.218,0.238,3.01,6.43,3000.0,196.4,0.0,196.4,0.1,25.92,4.55,117.86,90000.0,763.6,0.864,MONITOR,LOW,0.238,3.01,6.43,1,2,4,0,0,0,1,0,0
synth_002512,hide_craze,4,0.922,9.082,2.544,7.96,2000.0,398.09,19.85,378.24,2.92,504.7,6.34,3198.21,55000.0,17.2,0.85,REPAIR,HIGH,9.082,2.544,7.96,2,1,4,0,0,0,1,0,0
synth_002517,hide_craze,4,0.932,6.139,2.422,7.46,4200.0,605.73,31.57,574.16,3.05,1107.82,5.46,6044.47,35000.0,5.8,0.897,REPAIR,HIGH,6.139,2.422,7.46,2,1,4,0,0,0,1,0,0
synth_001104,hide_craze,1,0.405,2.936,1.098,9.14,3600.0,1354.94,0.04,1354.9,0.1,31.1,3.55,110.29,90000.0,816.0,0.933,MONITOR,LOW,2.936,1.098,9.14,1,2,4,0,0,0,1,0,0
synth_001706,hide_craze,2,0.744,1.579,1.617,10.85,3000.0,2363.8,8.93,2354.87,0.22,57.36,4.28,245.78,75000.0,305.2,0.792,MONITOR,LOW,1.579,1.617,10.85,1,2,4,0,0,0,1,0,0
synth_002954,corrosion,3,0.924,10.589,2.853,7.46,2000.0,288.12,9.51,278.61,1.93,334.21,4.54,1517.77,55000.0,36.2,0.979,REPAIR,HIGH,10.589,2.853,7.46,2,1,3,1,0,0,0,0,0
synth_001424,corrosion,4,0.852,3.445,1.534,8.71,3600.0,1092.81,30.0,1062.81,1.61,500.09,5.92,2962.26,55000.0,18.6,0.792,REPAIR,HIGH,3.445,1.534,8.71,2,1,3,1,0,0,0,0,0
synth_002487,craze,5,0.936,4.861,1.423,8.42,3600.0,935.38,67.16,868.22,4.21,1308.0,5.88,7690.67,45000.0,5.9,0.817,REPAIR,HIGH,4.861,1.423,8.42,2,1,5,0,0,1,0,0,0
synth_001420,craze,2,0.563,1.035,3.275,5.19,2000.0,34.35,0.02,34.33,0.1,17.28,4.74,81.98,50000.0,609.9,0.898,MONITOR,LOW,1.035,3.275,5.19,1,2,5,0,0,1,0,0,0
synth_000178,craze,3,0.73,2.296,2.992,6.74,2500.0,213.15,1.3,211.84,0.36,77.29,3.7,285.72,60000.0,210.0,0.755,MONITOR,LOW,2.296,2.992,6.74,1,2,5,0,0,1,0,0,0
synth_002815,corrosion,4,0.92,4.335,1.445,9.93,2000.0,1086.16,50.94,1035.22,2.75,474.68,5.37,2547.34,25000.0,9.8,0.845,REPAIR,HIGH,4.335,1.445,9.93,2,1,3,1,0,0,0,0,0
synth_001983,crack,4,0.407,3.794,2.299,12.86,4200.0,4200.0,0.01,4199.99,0.1,36.29,4.33,156.98,60000.0,382.2,0.805,ENGINEERING_ASSESSMENT,CRITICAL,3.794,2.299,12.86,0,0,1,0,1,0,0,0,0
synth_001061,thunderstrike,3,0.727,1.129,0.546,13.32,2500.0,2500.0,0.11,2499.89,0.33,72.13,3.85,277.66,40000.0,144.1,0.889,ENGINEERING_ASSESSMENT,CRITICAL,1.129,0.546,13.32,0,0,0,0,0,0,0,0,1
synth_000573,hide_craze,4,0.862,4.055,2.845,8.35,2500.0,622.46,18.72,603.74,1.76,380.43,4.25,1616.97,55000.0,34.0,0.837,REPAIR,HIGH,4.055,2.845,8.35,2,1,4,0,0,0,1,0,0
synth_001268,crack,5,0.598,4.661,2.859,7.4,2000.0,277.06,0.99,276.07,0.21,35.99,5.28,190.16,80000.0,420.7,0.97,ENGINEERING_ASSESSMENT,CRITICAL,4.661,2.859,7.4,0,0,1,0,1,0,0,0,0
synth_001080,thunderstrike,4,0.612,3.794,1.46,7.43,2000.0,282.75,0.79,281.96,0.16,28.4,4.15,117.79,80000.0,679.2,0.968,ENGINEERING_ASSESSMENT,CRITICAL,3.794,1.46,7.43,0,0,0,0,0,0,0,0,1
synth_002700,surface_injure,4,0.96,2.678,3.098,11.24,4200.0,3830.82,230.03,3600.79,3.52,1276.27,4.82,6156.06,55000.0,8.9,0.871,REPAIR,HIGH,2.678,3.098,11.24,2,1,2,0,0,0,0,1,0
synth_001726,hide_craze,5,0.862,5.457,2.273,9.66,2000.0,960.21,39.91,920.29,2.43,420.7,4.83,2032.38,35000.0,17.2,0.951,REPAIR,HIGH,5.457,2.273,9.66,2,1,4,0,0,0,1,0,0
synth_001284,hide_craze,2,0.515,0.248,1.21,11.58,3000.0,3000.0,0.01,2999.99,0.1,25.92,4.05,105.05,75000.0,713.9,0.972,MONITOR,LOW,0.248,1.21,11.58,1,2,4,0,0,0,1,0,0
synth_001123,crack,4,0.573,7.87,2.233,8.49,2500.0,675.38,1.38,674.01,0.12,25.79,5.34,137.81,60000.0,435.4,0.934,ENGINEERING_ASSESSMENT,CRITICAL,7.87,2.233,8.49,0,0,1,0,1,0,0,0,0
synth_003195,corrosion,5,0.839,5.84,2.573,8.49,2000.0,539.67,18.91,520.76,2.05,354.62,4.06,1439.67,25000.0,17.4,0.825,REPAIR,HIGH,5.84,2.573,8.49,2,1,3,1,0,0,0,0,0
synth_000705,hide_craze,3,0.92,9.855,1.294,9.95,2000.0,1094.65,35.0,1059.64,1.87,323.64,5.18,1676.18,45000.0,26.8,0.916,REPAIR,HIGH,9.855,1.294,9.95,2,1,4,0,0,0,1,0,0
synth_000014,corrosion,1,0.473,0.615,2.008,11.98,4200.0,4200.0,0.0,4200.0,0.1,36.29,3.9,141.54,75000.0,529.9,0.829,MONITOR,LOW,0.615,2.008,11.98,1,2,3,1,0,0,0,0,0
synth_000985,crack,5,0.615,4.85,2.299,9.92,2500.0,1347.74,5.79,1341.96,0.25,54.31,4.63,251.5,40000.0,159.0,0.922,ENGINEERING_ASSESSMENT,CRITICAL,4.85,2.299,9.92,0,0,1,0,1,0,0,0,0
synth_000173,crack,3,0.842,5.405,0.829,6.99,3600.0,371.96,6.28,365.67,0.99,307.83,3.63,1117.19,40000.0,35.8,0.899,ENGINEERING_ASSESSMENT,CRITICAL,5.405,0.829,6.99,0,0,1,0,1,0,0,0,0
synth_003428,thunderstrike,5,0.478,3.09,2.511,13.74,3000.0,3000.0,0.02,2999.98,0.1,25.92,4.77,123.63,60000.0,485.3,0.828,ENGINEERING_ASSESSMENT,CRITICAL,3.09,2.511,13.74,0,0,0,0,0,0,0,0,1
synth_002763,corrosion,2,0.213,0.483,0.531,11.74,3000.0,3000.0,0.0,3000.0,0.1,25.92,4.3,111.45,50000.0,448.6,0.873,MONITOR,LOW,0.483,0.531,11.74,1,2,3,1,0,0,0,0,0
synth_000331,surface_injure,2,0.286,1.362,1.056,9.7,4200.0,2058.96,0.01,2058.95,0.1,36.29,4.08,148.04,90000.0,607.9,0.799,MONITOR,LOW,1.362,1.056,9.7,1,2,2,0,0,0,0,1,0
synth_000691,corrosion,1,0.588,1.94,1.606,4.31,3000.0,10.99,0.0,10.99,0.1,25.92,3.78,97.98,50000.0,510.3,0.831,MONITOR,LOW,1.94,1.606,4.31,1,2,3,1,0,0,0,0,0
synth_000430,hide_craze,3,0.942,7.472,2.376,8.02,3000.0,618.16,22.59,595.57,2.14,554.81,5.67,3143.72,45000.0,14.3,0.788,REPAIR,HIGH,7.472,2.376,8.02,2,1,4,0,0,0,1,0,0
synth_002586,surface_injure,2,0.726,0.305,3.054,9.15,3600.0,1360.69,4.1,1356.59,0.18,54.92,4.28,234.84,50000.0,212.9,0.965,MONITOR,LOW,0.305,3.054,9.15,1,2,2,0,0,0,0,1,0
synth_003574,thunderstrike,5,0.679,6.302,3.402,9.138434681408205,2000.0,308.45,2.64,305.81,0.5,86.53,4.56,394.18,40000.0,101.5,0.973,ENGINEERING_ASSESSMENT,CRITICAL,6.302,3.402,9.138434681408205,0,0,0,0,0,0,0,0,1
synth_003377,crack,3,0.681,2.327,1.693,7.75,3600.0,629.21,2.42,626.79,0.23,70.08,4.91,343.75,40000.0,116.4,0.8642600936220012,ENGINEERING_ASSESSMENT,CRITICAL,2.327,1.693,7.75,0,0,1,0,1,0,0,0,0
synth_002840,craze,1,0.654,2.74,1.449,9.138434681408205,2500.0,260.75,0.21,260.55,0.1,21.6,3.96,85.47,75000.0,877.5,0.915,MONITOR,LOW,2.74,1.449,9.138434681408205,1,2,5,0,0,1,0,0,0
synth_002059,corrosion,3,0.948,7.679,0.935,14.41,2000.0,2000.0,0.5,1999.5,2.24,387.55,5.12,1985.13,80000.0,40.3,0.97,REPAIR,HIGH,7.679,0.935,14.41,2,1,3,1,0,0,0,0,0
synth_001677,hide_craze,2,0.49,2.018,1.457,5.95,2500.0,104.92,0.02,104.9,0.1,21.6,4.86,104.88,90000.0,858.1,0.795,MONITOR,LOW,2.018,1.457,5.95,1,2,4,0,0,0,1,0,0
synth_001446,hide_craze,1,0.594,3.794,0.846,10.58,3600.0,2551.91,1.04,2550.88,0.1,31.1,4.32,134.33,90000.0,670.0,0.859,MONITOR,LOW,3.794,0.846,10.58,1,2,4,0,0,0,1,0,0
synth_000544,hide_craze,4,0.853,4.227,1.839,9.27,3600.0,1443.97,40.71,1403.26,1.65,513.63,4.81,2469.03,35000.0,14.2,0.781,REPAIR,HIGH,4.227,1.839,9.27,2,1,4,0,0,0,1,0,0
synth_001161,surface_injure,3,0.905,7.325,3.333,10.65,3600.0,2620.21,73.19,2547.02,1.64,508.86,6.1,3102.93,35000.0,11.3,0.91,REPAIR,HIGH,7.325,3.333,10.65,2,1,2,0,0,0,0,1,0
synth_003232,craze,1,0.615,2.216,1.717,9.0,2500.0,878.09,0.45,877.64,0.1,21.6,4.27,92.27,90000.0,975.4,0.959,MONITOR,LOW,2.216,1.717,9.0,1,2,5,0,0,1,0,0,0
synth_001289,thunderstrike,5,0.681,2.922,1.753,5.32,2500.0,51.15,0.42,50.73,0.48,104.53,5.14,537.46,40000.0,74.4,0.816,ENGINEERING_ASSESSMENT,CRITICAL,2.922,1.753,5.32,0,0,0,0,0,0,0,0,1
synth_002226,hide_craze,2,0.718,2.976,3.482,8.25,3000.0,708.8,2.18,706.62,0.18,46.77,4.36,203.93,50000.0,245.2,0.896,MONITOR,LOW,2.976,3.482,8.25,1,2,4,0,0,0,1,0,0
synth_000450,corrosion,3,0.838,10.858,0.913,7.22,3000.0,367.5,6.29,361.22,1.0,259.74,4.58,1189.01,25000.0,21.0,0.801,REPAIR,HIGH,10.858,0.913,7.22,2,1,3,1,0,0,0,0,0
synth_003044,corrosion,1,0.307,1.158,1.381,9.41,2000.0,857.94,0.0,857.93,0.1,17.28,4.61,79.7,50000.0,627.4,0.867,MONITOR,LOW,1.158,1.381,9.41,1,2,3,1,0,0,0,0,0
synth_001748,thunderstrike,5,0.399,4.609,1.752,6.58,3000.0,223.66,0.05,223.6,0.1,25.92,4.3,111.38,40000.0,359.1,0.919,ENGINEERING_ASSESSMENT,CRITICAL,4.609,1.752,6.58,0,0,0,0,0,0,0,0,1
synth_002493,surface_injure,1,0.504,2.91,2.6,9.64,4200.0,2004.26,0.28,2003.98,0.1,36.29,3.89,141.04,50000.0,354.5,0.869,MONITOR,LOW,2.91,2.6,9.64,1,2,2,0,0,0,0,1,0
synth_000324,craze,3,0.935,10.303,1.357,10.79,4200.0,3239.18,115.84,3123.34,2.09,760.11,5.21,3962.25,45000.0,11.4,0.8642600936220012,REPAIR,HIGH,10.303,1.357,10.79,2,1,5,0,0,1,0,0,0
synth_001022,surface_injure,2,0.511,1.475,3.282,10.64,2500.0,1812.64,0.55,1812.09,0.1,21.6,4.96,107.19,75000.0,699.7,0.872,MONITOR,LOW,1.475,3.282,10.64,1,2,2,0,0,0,0,1,0
synth_000486,hide_craze,5,0.801,9.51,1.442,9.69,3000.0,1461.63,38.68,1422.95,1.55,401.8,6.2,2492.06,25000.0,10.0,0.8642600936220012,REPAIR,HIGH,9.51,1.442,9.69,2,1,4,0,0,0,1,0,0
synth_001146,surface_injure,3,0.917,6.639,3.313,8.78,3000.0,941.07,28.61,912.46,1.78,461.62,5.08,2343.82,40000.0,17.1,0.77,REPAIR,HIGH,6.639,3.313,8.78,2,1,2,0,0,0,0,1,0
synth_000818,craze,4,0.947,10.247,2.062,9.23,2500.0,982.64,59.24,923.4,3.53,762.7,4.33,3305.85,25000.0,7.6,0.867,REPAIR,HIGH,10.247,2.062,9.23,2,1,5,0,0,1,0,0,0
synth_000063,hide_craze,1,0.328,1.862,1.939,9.43,3600.0,1560.45,0.01,1560.44,0.1,31.1,4.68,145.66,50000.0,343.3,0.874,MONITOR,LOW,1.862,1.939,9.43,1,2,4,0,0,0,1,0,0
synth_000266,surface_injure,1,0.217,1.332,1.892,8.25,3600.0,847.04,0.0,847.04,0.1,31.1,4.39,136.61,50000.0,366.0,0.76,MONITOR,LOW,1.332,1.892,8.25,1,2,2,0,0,0,0,1,0
synth_001728,hide_craze,2,0.346,2.466,3.303,8.7,2000.0,601.85,0.01,601.84,0.1,17.28,4.45,76.94,90000.0,1169.7,0.813,MONITOR,LOW,2.466,3.303,8.7,1,2,4,0,0,0,1,0,0
synth_000925,hide_craze,3,0.351,6.517,2.56,13.35,3000.0,3000.0,0.0,3000.0,0.1,25.92,3.83,99.15,60000.0,605.1,0.776,MONITOR,LOW,6.517,2.56,13.35,1,2,4,0,0,0,1,0,0
synth_000157,corrosion,2,0.532,1.819,3.183,6.19,3000.0,159.07,0.06,159.0,0.1,25.92,3.62,93.81,50000.0,533.0,0.842,MONITOR,LOW,1.819,3.183,6.19,1,2,3,1,0,0,0,0,0
synth_000857,crack,3,0.624,4.879,2.461,10.59,2500.0,1778.83,3.99,1774.85,0.13,28.34,4.91,139.26,80000.0,574.5,0.936,ENGINEERING_ASSESSMENT,CRITICAL,4.879,2.461,10.59,0,0,1,0,1,0,0,0,0
synth_000368,hide_craze,3,0.904,1.433,0.951,5.92,4200.0,170.9,4.25,166.66,1.46,528.11,3.83,2020.33,80000.0,39.6,0.853,REPAIR,HIGH,1.433,0.951,5.92,2,1,4,0,0,0,1,0,0
synth_000061,surface_injure,2,0.618,1.495,2.64,9.98,3000.0,1661.07,1.8,1659.27,0.1,25.92,3.56,92.15,90000.0,976.7,0.872,MONITOR,LOW,1.495,2.64,9.98,1,2,2,0,0,0,0,1,0
synth_002978,crack,4,0.913,4.126,0.618,8.85,2000.0,653.24,28.99,624.25,2.6,449.11,4.58,2057.72,25000.0,12.1,0.939,REPAIR,HIGH,4.126,0.618,8.85,2,1,1,0,1,0,0,0,0
synth_002571,surface_injure,1,0.41,2.589,0.798,8.28,2000.0,479.13,0.02,479.11,0.1,17.28,4.12,71.25,90000.0,1263.2,0.78,MONITOR,LOW,2.589,0.798,8.28,1,2,2,0,0,0,0,1,0
synth_003024,hide_craze,1,0.301,1.899,2.413,11.88,2500.0,2500.0,0.0,2500.0,0.1,21.6,4.28,92.37,75000.0,812.0,0.931,MONITOR,LOW,1.899,2.413,11.88,1,2,4,0,0,0,1,0,0
synth_000254,corrosion,1,0.698,1.833,3.437,10.74,4200.0,3168.49,3.79,3164.71,0.1,36.29,4.32,156.9,75000.0,478.0,0.8642600936220012,MONITOR,LOW,1.833,3.437,10.74,1,2,3,1,0,0,0,0,0
synth_002441,thunderstrike,5,0.755,7.76,0.975,5.74,2000.0,67.03,1.18,65.85,1.03,178.19,4.03,717.93,80000.0,111.4,0.791,ENGINEERING_ASSESSMENT,CRITICAL,7.76,0.975,5.74,0,0,0,0,0,0,0,0,1
synth_002791,thunderstrike,4,0.861,7.455,3.464,12.75,4200.0,4200.0,0.86,4199.14,1.83,662.98,3.96,2628.44,80000.0,30.4,0.968,ENGINEERING_ASSESSMENT,CRITICAL,7.455,3.464,12.75,0,0,0,0,0,0,0,0,1
synth_002554,craze,5,0.824,5.279,2.403,9.138434681408205,3600.0,2752.87,84.37,2668.5,1.8,558.34,5.2,2901.35,55000.0,19.0,0.837,REPAIR,HIGH,5.279,2.403,9.138434681408205,2,1,5,0,0,1,0,0,0
synth_002123,craze,5,0.816,8.819,0.658,11.22,2000.0,1806.67,53.86,1752.81,1.75,301.75,6.12,1846.15,35000.0,19.0,0.969,REPAIR,HIGH,8.819,0.658,11.22,2,1,5,0,0,1,0,0,0
synth_000109,craze,5,0.962,4.632,3.185,8.01,4200.0,858.56,73.56,785.01,5.02,1820.92,5.34,9728.15,25000.0,2.6,0.771,REPAIR,HIGH,4.632,3.185,8.01,2,1,5,0,0,1,0,0,0
synth_000124,hide_craze,1,0.47,2.024,3.453,6.61,2000.0,152.88,0.01,152.87,0.1,17.28,4.39,75.78,90000.0,1187.6,0.753,MONITOR,LOW,2.024,3.453,6.61,1,2,4,0,0,0,1,0,0
synth_001263,crack,4,0.58,5.838,2.875,10.21,4200.0,2564.32,5.54,2558.78,0.13,45.89,5.45,250.28,60000.0,239.7,0.863,ENGINEERING_ASSESSMENT,CRITICAL,5.838,2.875,10.21,0,0,1,0,1,0,0,0,0
synth_002436,craze,1,0.567,2.523,3.498,6.61,2000.0,153.09,0.05,153.04,0.1,17.28,4.93,85.27,90000.0,1055.5,0.858,MONITOR,LOW,2.523,3.498,6.61,1,2,5,0,0,1,0,0,0
synth_000263,crack,3,0.865,6.113,2.323,11.48,2500.0,2479.88,50.65,2429.22,1.2,258.42,5.09,1316.0,80000.0,60.8,0.841,ENGINEERING_ASSESSMENT,CRITICAL,6.113,2.323,11.48,0,0,1,0,1,0,0,0,0
synth_003250,hide_craze,2,0.747,1.938,2.944,9.138434681408205,2500.0,634.5,2.48,632.02,0.23,49.44,4.61,228.13,90000.0,394.5,0.868,MONITOR,LOW,1.938,2.944,9.138434681408205,1,2,4,0,0,0,1,0,0
synth_002989,corrosion,4,0.969,9.889,2.43,9.99,2500.0,1392.7,97.55,1295.16,4.1,886.12,5.95,5268.95,25000.0,4.7,0.932,REPAIR,HIGH,9.889,2.43,9.99,2,1,3,1,0,0,0,0,0
synth_000599,thunderstrike,5,0.52,1.388,2.678,10.54,3000.0,2095.57,2.71,2092.86,0.1,25.92,4.68,121.2,40000.0,330.0,0.805,ENGINEERING_ASSESSMENT,CRITICAL,1.388,2.678,10.54,0,0,0,0,0,0,0,0,1
synth_001613,craze,2,0.306,2.365,1.84,9.138434681408205,4200.0,3837.28,0.04,3837.24,0.1,36.29,3.85,139.78,90000.0,643.9,0.966,MONITOR,LOW,2.365,1.84,9.138434681408205,1,2,5,0,0,1,0,0,0
synth_000221,craze,1,0.744,0.421,1.788,5.92,3000.0,121.13,0.21,120.93,0.1,26.0,4.69,121.99,75000.0,614.8,0.979,MONITOR,LOW,0.421,1.788,5.92,1,2,5,0,0,1,0,0,0
synth_001610,thunderstrike,4,0.427,6.691,0.792,13.45,2000.0,2000.0,0.0,2000.0,0.1,17.28,4.02,69.42,40000.0,576.2,0.959,ENGINEERING_ASSESSMENT,CRITICAL,6.691,0.792,13.45,0,0,0,0,0,0,0,0,1
synth_003158,surface_injure,1,0.229,0.943,3.41,10.53,2000.0,1392.73,0.0,1392.73,0.1,17.28,4.26,73.55,75000.0,1019.7,0.832,MONITOR,LOW,0.943,3.41,10.53,1,2,2,0,0,0,0,1,0
synth_002195,craze,4,0.934,7.055,2.68,11.17,2500.0,2218.87,118.49,2100.38,3.13,675.61,4.13,2792.72,45000.0,16.1,0.883,REPAIR,HIGH,7.055,2.68,11.17,2,1,5,0,0,1,0,0,0
synth_000549,crack,2,0.719,3.794,2.708,7.63,4200.0,679.41,2.11,677.3,0.18,66.0,4.26,281.19,90000.0,320.1,0.947,MONITOR,LOW,3.794,2.708,7.63,1,2,1,0,1,0,0,0,0
synth_001743,craze,3,0.526,3.794,3.005,8.02,2000.0,412.97,0.31,412.66,0.1,17.28,3.98,68.73,60000.0,873.0,0.882,MONITOR,LOW,3.794,3.005,8.02,1,2,5,0,0,1,0,0,0
synth_001747,corrosion,3,0.854,5.918,0.553,12.74,3600.0,3600.0,0.45,3599.55,1.1,340.88,4.06,1385.31,40000.0,28.9,0.881,REPAIR,HIGH,5.918,0.553,12.74,2,1,3,1,0,0,0,0,0
synth_002618,surface_injure,3,0.891,5.231,3.118,13.65,2500.0,2500.0,0.41,2499.59,1.44,310.39,4.03,1250.15,40000.0,32.0,0.825,REPAIR,HIGH,5.231,3.118,13.65,2,1,2,0,0,0,0,1,0
synth_000088,corrosion,5,0.837,5.578,1.124,7.39,3000.0,413.62,14.16,399.46,2.01,519.88,5.58,2902.54,25000.0,8.6,0.778,REPAIR,HIGH,5.578,1.124,7.39,2,1,3,1,0,0,0,0,0
synth_002925,craze,1,0.347,2.999,2.084,7.24,3000.0,373.16,0.0,373.15,0.1,25.92,4.32,111.96,50000.0,446.6,0.885,MONITOR,LOW,2.999,2.084,7.24,1,2,5,0,0,1,0,0,0
synth_003090,corrosion,2,0.427,3.794,1.168,5.2,2000.0,34.53,0.0,34.52,0.1,17.28,4.68,80.88,50000.0,618.2,0.808,MONITOR,LOW,3.794,1.168,5.2,1,2,3,1,0,0,0,0,0
synth_002340,corrosion,2,0.459,0.987,1.825,11.41,4200.0,4074.95,0.59,4074.36,0.1,36.29,4.95,179.48,50000.0,278.6,0.77,MONITOR,LOW,0.987,1.825,11.41,1,2,3,1,0,0,0,0,0
synth_002566,corrosion,5,0.847,9.695,3.128,11.34,4200.0,3968.08,152.92,3815.16,2.26,819.1,6.17,5053.38,25000.0,4.9,0.924,REPAIR,HIGH,9.695,3.128,11.34,2,1,3,1,0,0,0,0,0
synth_000594,hide_craze,4,0.916,3.193,0.858,9.82,3600.0,1860.12,82.55,1777.57,2.6,808.5,4.63,3745.78,45000.0,12.0,0.975,REPAIR,HIGH,3.193,0.858,9.82,2,1,4,0,0,0,1,0,0
synth_002310,hide_craze,4,0.874,11.011,2.095,10.88,4200.0,3348.51,119.06,3229.44,2.08,755.74,4.39,3315.16,25000.0,7.5,0.8642600936220012,REPAIR,HIGH,11.011,2.095,10.88,2,1,4,0,0,0,1,0,0
synth_003478,thunderstrike,3,0.565,4.047,2.242,13.49,4200.0,4200.0,0.03,4199.97,0.1,36.29,3.72,134.83,40000.0,296.7,0.8642600936220012,ENGINEERING_ASSESSMENT,CRITICAL,4.047,2.242,13.49,0,0,0,0,0,0,0,0,1
synth_002098,surface_injure,2,0.311,1.695,3.006,5.94,2000.0,82.61,0.0,82.61,0.1,17.28,3.76,64.96,75000.0,1154.6,0.753,MONITOR,LOW,1.695,3.006,5.94,1,2,2,0,0,0,0,1,0
synth_003095,crack,3,0.534,6.298,2.788,8.05,3600.0,756.76,0.61,756.15,0.1,31.1,3.71,115.44,80000.0,693.0,0.853,ENGINEERING_ASSESSMENT,CRITICAL,6.298,2.788,8.05,0,0,1,0,1,0,0,0,0
synth_003241,hide_craze,3,0.873,1.976,0.832,6.27,2000.0,113.96,2.29,111.66,1.18,203.75,4.11,837.0,40000.0,47.8,0.95,REPAIR,HIGH,1.976,0.832,6.27,2,1,4,0,0,0,1,0,0
synth_001894,craze,1,0.594,1.662,2.987,4.43,2500.0,11.82,0.0,11.82,0.1,21.6,4.57,98.76,90000.0,911.3,0.838,MONITOR,LOW,1.662,2.987,4.43,1,2,5,0,0,1,0,0,0
synth_001566,craze,2,0.297,1.348,1.374,6.02,4200.0,188.06,0.0,188.06,0.1,36.29,4.1,148.83,75000.0,503.9,0.819,MONITOR,LOW,1.348,1.374,6.02,1,2,5,0,0,1,0,0,0
synth_001235,crack,5,0.759,7.559,1.104,7.25,3000.0,374.57,6.78,367.79,1.06,274.96,4.44,1219.84,60000.0,49.2,0.843,ENGINEERING_ASSESSMENT,CRITICAL,7.559,1.104,7.25,0,0,1,0,1,0,0,0,0
synth_002609,corrosion,5,0.825,3.794,1.606,8.22,3600.0,833.07,25.71,807.36,1.81,562.27,4.87,2739.35,55000.0,20.1,0.904,REPAIR,HIGH,3.794,1.606,8.22,2,1,3,1,0,0,0,0,0
synth_000721,surface_injure,4,0.889,11.794,3.399,7.71,2000.0,341.0,13.59,327.42,2.33,403.27,5.22,2104.53,25000.0,11.9,0.78,REPAIR,HIGH,11.794,3.399,7.71,2,1,2,0,0,0,0,1,0
synth_003187,hide_craze,1,0.472,0.801,1.033,7.93,2500.0,489.23,0.04,489.19,0.1,21.6,4.29,92.59,90000.0,972.0,0.958,MONITOR,LOW,0.801,1.033,7.93,1,2,4,0,0,0,1,0,0
synth_000283,crack,3,0.325,1.252,1.175,6.75,3600.0,309.68,0.01,309.67,0.1,31.1,5.23,162.76,40000.0,245.8,0.884,ENGINEERING_ASSESSMENT,CRITICAL,1.252,1.175,6.75,0,0,1,0,1,0,0,0,0
synth_000274,corrosion,4,0.854,4.798,2.363,9.25,2500.0,995.15,28.53,966.63,1.68,362.66,5.7,2066.82,25000.0,12.1,0.876,REPAIR,HIGH,4.798,2.363,9.25,2,1,3,1,0,0,0,0,0
synth_000744,thunderstrike,5,0.923,7.518,2.143,12.89,4200.0,4200.0,1.87,4198.13,3.96,1437.65,4.95,7111.75,60000.0,8.4,0.848,ENGINEERING_ASSESSMENT,CRITICAL,7.518,2.143,12.89,0,0,0,0,0,0,0,0,1
synth_002346,corrosion,4,0.934,10.664,1.166,8.74,2500.0,770.58,42.55,728.03,3.23,698.6,6.19,4323.67,35000.0,8.1,0.826,REPAIR,HIGH,10.664,1.166,8.74,2,1,3,1,0,0,0,0,0
synth_003237,crack,3,0.891,5.035,0.556,9.138434681408205,3000.0,2163.84,52.97,2110.87,1.43,371.66,6.19,2301.65,45000.0,19.6,0.774,REPAIR,HIGH,5.035,0.556,9.138434681408205,2,1,1,0,1,0,0,0,0
synth_002754,hide_craze,4,0.822,3.642,1.397,9.2,2000.0,776.09,16.9,759.19,1.28,220.41,4.83,1063.62,35000.0,32.9,0.892,REPAIR,HIGH,3.642,1.397,9.2,2,1,4,0,0,0,1,0,0
synth_000423,thunderstrike,5,0.741,5.149,0.93,6.48,3000.0,206.51,3.11,203.4,0.88,228.63,3.84,878.89,40000.0,45.5,0.85,ENGINEERING_ASSESSMENT,CRITICAL,5.149,0.93,6.48,0,0,0,0,0,0,0,0,1
synth_001739,surface_injure,5,0.882,3.794,2.704,9.0,2000.0,703.35,34.59,668.76,2.88,497.75,4.11,2047.41,55000.0,26.9,0.835,REPAIR,HIGH,3.794,2.704,9.0,2,1,2,0,0,0,0,1,0
synth_000506,corrosion,5,0.887,5.019,0.669,7.76,2500.0,440.12,22.04,418.08,2.93,633.68,4.24,2686.23,35000.0,13.0,0.96,REPAIR,HIGH,5.019,0.669,7.76,2,1,3,1,0,0,0,0,0
synth_001862,crack,3,0.816,1.234,1.787,12.18,3600.0,3600.0,0.33,3599.67,0.73,226.68,4.0,907.67,80000.0,88.1,0.758,ENGINEERING_ASSESSMENT,CRITICAL,1.234,1.787,12.18,0,0,1,0,1,0,0,0,0
synth_002878,surface_injure,2,0.456,0.974,1.136,9.138434681408205,3000.0,289.75,0.04,289.71,0.1,25.92,3.69,95.71,50000.0,522.4,0.827,MONITOR,LOW,0.974,1.136,9.138434681408205,1,2,2,0,0,0,0,1,0
synth_001105,hide_craze,1,0.379,0.454,2.733,9.34,3600.0,1492.43,0.03,1492.4,0.1,31.1,3.93,122.07,50000.0,409.6,0.831,MONITOR,LOW,0.454,2.733,9.34,1,2,4,0,0,0,1,0,0
synth_000442,surface_injure,5,0.836,7.918,1.264,7.95,2500.0,492.39,17.14,475.25,2.04,440.39,5.86,2578.78,55000.0,21.3,0.76,REPAIR,HIGH,7.918,1.264,7.95,2,1,2,0,0,0,0,1,0
synth_000990,corrosion,2,0.544,0.219,2.312,5.92,3000.0,121.75,0.05,121.7,0.1,25.92,3.65,94.64,75000.0,792.5,0.757,MONITOR,LOW,0.219,2.312,5.92,1,2,3,1,0,0,0,0,0
synth_000218,surface_injure,2,0.354,2.182,2.915,11.78,3600.0,3600.0,0.0,3600.0,0.1,31.1,4.74,147.38,90000.0,610.7,0.976,MONITOR,LOW,2.182,2.915,11.78,1,2,2,0,0,0,0,1,0
synth_001778,craze,4,0.958,5.75,1.984,11.19,3000.0,2681.95,167.41,2514.53,3.66,947.67,5.45,5161.28,35000.0,6.8,0.978,REPAIR,HIGH,5.75,1.984,11.19,2,1,5,0,0,1,0,0,0
synth_002997,surface_injure,1,0.529,2.602,2.352,4.68,4200.0,32.3,0.01,32.29,0.1,36.29,3.82,138.64,90000.0,649.2,0.755,MONITOR,LOW,2.602,2.352,4.68,1,2,2,0,0,0,0,1,0
synth_003352,crack,3,0.498,2.697,0.509,12.42,4200.0,4200.0,0.01,4199.99,0.1,36.29,3.81,138.17,60000.0,434.2,0.951,ENGINEERING_ASSESSMENT,CRITICAL,2.697,0.509,12.42,0,0,1,0,1,0,0,0,0
synth_003433,thunderstrike,3,0.74,3.269,3.304,13.84,2500.0,2500.0,0.12,2499.88,0.4,86.57,4.1,354.86,80000.0,225.4,0.843,ENGINEERING_ASSESSMENT,CRITICAL,3.269,3.304,13.84,0,0,0,0,0,0,0,0,1
synth_002739,crack,3,0.819,5.083,2.786,14.26,2500.0,2500.0,0.24,2499.76,0.81,175.8,5.07,890.64,60000.0,67.4,0.804,ENGINEERING_ASSESSMENT,CRITICAL,5.083,2.786,14.26,0,0,1,0,1,0,0,0,0
synth_001656,crack,3,0.932,2.057,3.266,12.26,4200.0,4200.0,0.94,4199.06,1.83,664.24,4.46,2959.88,60000.0,20.3,0.872,ENGINEERING_ASSESSMENT,CRITICAL,2.057,3.266,12.26,0,0,1,0,1,0,0,0,0
synth_001691,hide_craze,4,0.872,3.992,1.164,8.25,4200.0,990.33,32.07,958.26,1.9,688.29,4.0,2756.19,45000.0,16.3,0.801,REPAIR,HIGH,3.992,1.164,8.25,2,1,4,0,0,0,1,0,0
synth_000807,crack,5,0.913,6.566,1.707,6.81,3000.0,270.7,16.8,253.9,3.63,942.14,4.92,4639.11,60000.0,12.9,0.971,ENGINEERING_ASSESSMENT,CRITICAL,6.566,1.707,6.81,0,0,1,0,1,0,0,0,0
synth_001175,surface_injure,4,0.817,9.166,1.183,10.4,3600.0,2378.79,53.07,2325.71,1.31,406.48,5.95,2418.52,35000.0,14.5,0.947,REPAIR,HIGH,9.166,1.183,10.4,2,1,2,0,0,0,0,1,0
synth_000839,hide_craze,5,0.938,9.758,2.931,7.08,2000.0,221.37,16.93,204.44,4.48,774.06,6.34,4904.16,55000.0,11.2,0.858,REPAIR,HIGH,9.758,2.931,7.08,2,1,4,0,0,0,1,0,0
synth_001746,corrosion,4,0.957,8.452,1.258,8.26,2500.0,593.58,37.83,555.75,3.73,806.23,5.27,4246.82,45000.0,10.6,0.777,REPAIR,HIGH,8.452,1.258,8.26,2,1,3,1,0,0,0,0,0
synth_000764,crack,4,0.883,3.841,3.124,9.138434681408205,4200.0,438.86,15.48,423.38,2.07,749.92,6.03,4518.53,55000.0,12.2,0.96,REPAIR,HIGH,3.841,3.124,9.138434681408205,2,1,1,0,1,0,0,0,0
synth_001251,thunderstrike,4,0.843,6.309,2.309,8.21,2000.0,461.24,12.36,448.88,1.57,271.25,3.71,1005.26,40000.0,39.8,0.762,ENGINEERING_ASSESSMENT,CRITICAL,6.309,2.309,8.21,0,0,0,0,0,0,0,0,1
synth_001073,hide_craze,2,0.649,0.308,0.698,10.03,2000.0,1130.51,1.61,1128.9,0.1,17.28,4.29,74.09,75000.0,1012.3,0.978,MONITOR,LOW,0.308,0.698,10.03,1,2,4,0,0,0,1,0,0
synth_001029,crack,4,0.612,6.22,1.471,7.05,3000.0,325.16,1.01,324.15,0.18,47.35,4.09,193.46,40000.0,206.8,0.945,ENGINEERING_ASSESSMENT,CRITICAL,6.22,1.471,7.05,0,0,1,0,1,0,0,0,0
synth_002053,surface_injure,1,0.5,0.573,0.811,9.138434681408205,4200.0,863.37,0.1,863.27,0.1,36.29,4.67,169.52,75000.0,442.4,0.811,MONITOR,LOW,0.573,0.811,9.138434681408205,1,2,2,0,0,0,0,1,0
synth_000000,hide_craze,3,0.932,8.17,3.099,9.01,3600.0,1270.15,43.48,1226.67,2.01,623.7,4.25,2650.69,45000.0,17.0,0.783,REPAIR,HIGH,8.17,3.099,9.01,2,1,4,0,0,0,1,0,0
synth_003399,crack,3,0.423,2.943,1.508,8.56,2000.0,560.06,0.09,559.97,0.1,17.28,5.07,87.63,40000.0,456.5,0.8642600936220012,ENGINEERING_ASSESSMENT,CRITICAL,2.943,1.508,8.56,0,0,1,0,1,0,0,0,0
synth_003460,thunderstrike,4,0.443,3.618,3.098,11.08,2000.0,1716.95,0.59,1716.37,0.1,17.28,5.47,94.55,60000.0,634.6,0.954,ENGINEERING_ASSESSMENT,CRITICAL,3.618,3.098,11.08,0,0,0,0,0,0,0,0,1
synth_002937,surface_injure,1,0.723,2.433,3.383,11.21,3600.0,3246.04,4.97,3241.07,0.1,31.1,3.82,118.84,50000.0,420.7,0.921,MONITOR,LOW,2.433,3.383,11.21,1,2,2,0,0,0,0,1,0
synth_001222,surface_injure,3,0.871,7.895,0.692,7.74,3000.0,521.54,11.37,510.17,1.28,330.98,6.34,2097.91,35000.0,16.7,0.909,REPAIR,HIGH,7.895,0.692,7.74,2,1,2,0,0,0,0,1,0
synth_002099,corrosion,5,0.971,4.635,2.867,9.09,3000.0,1102.91,100.78,1002.14,5.35,1387.19,4.45,6170.66,55000.0,8.9,0.779,REPAIR,HIGH,4.635,2.867,9.09,2,1,3,1,0,0,0,0,0
synth_000247,crack,5,0.797,5.015,0.678,14.56,4200.0,4200.0,0.7,4199.3,1.43,520.48,3.9,2030.37,40000.0,19.7,0.851,ENGINEERING_ASSESSMENT,CRITICAL,5.015,0.678,14.56,0,0,1,0,1,0,0,0,0
synth_002083,crack,5,0.693,2.813,3.11,13.37,4200.0,4200.0,0.27,4199.73,0.54,195.43,3.83,747.8,40000.0,53.5,0.8642600936220012,ENGINEERING_ASSESSMENT,CRITICAL,2.813,3.11,13.37,0,0,1,0,1,0,0,0,0
synth_002953,thunderstrike,3,0.601,4.534,2.387,8.55,4200.0,1168.04,2.04,1166.0,0.1,37.12,4.89,181.55,40000.0,220.3,0.752,ENGINEERING_ASSESSMENT,CRITICAL,4.534,2.387,8.55,0,0,0,0,0,0,0,0,1
synth_002154,craze,1,0.458,1.709,1.742,4.25,3000.0,9.61,0.0,9.61,0.1,25.92,4.89,126.76,50000.0,394.4,0.805,MONITOR,LOW,1.709,1.742,4.25,1,2,5,0,0,1,0,0,0
synth_001614,crack,3,0.72,7.792,1.609,8.45,3000.0,789.35,4.81,784.55,0.36,92.46,4.2,388.32,40000.0,103.0,0.918,ENGINEERING_ASSESSMENT,CRITICAL,7.792,1.609,8.45,0,0,1,0,1,0,0,0,0
synth_001712,hide_craze,2,0.603,1.176,3.469,9.74,4200.0,2097.19,1.91,2095.28,0.1,36.29,3.83,138.85,90000.0,648.2,0.811,MONITOR,LOW,1.176,3.469,9.74,1,2,4,0,0,0,1,0,0
synth_000175,craze,3,0.942,11.457,3.023,10.64,2500.0,1815.34,68.37,1746.97,2.21,476.51,4.19,1997.07,25000.0,12.5,0.808,REPAIR,HIGH,11.457,3.023,10.64,2,1,5,0,0,1,0,0,0
synth_000278,thunderstrike,4,0.792,2.132,1.196,9.77,3000.0,1515.09,24.82,1490.27,0.96,248.74,4.94,1227.95,80000.0,65.1,0.903,ENGINEERING_ASSESSMENT,CRITICAL,2.132,1.196,9.77,0,0,0,0,0,0,0,0,1
synth_002194,crack,3,0.637,6.337,3.362,5.56,4200.0,115.3,0.3,114.99,0.15,56.13,4.35,243.9,80000.0,328.0,0.82,ENGINEERING_ASSESSMENT,CRITICAL,6.337,3.362,5.56,0,0,1,0,1,0,0,0,0
synth_002171,hide_craze,2,0.546,2.113,0.881,5.94,2500.0,103.65,0.05,103.6,0.1,21.6,4.41,95.29,75000.0,787.1,0.898,MONITOR,LOW,2.113,0.881,5.94,1,2,4,0,0,0,1,0,0
synth_003072,hide_craze,1,0.269,0.5,1.901,9.27,3000.0,1203.31,0.0,1203.31,0.1,25.92,3.54,91.88,50000.0,544.2,0.859,MONITOR,LOW,0.5,1.901,9.27,1,2,4,0,0,0,1,0,0
synth_002894,surface_injure,2,0.567,0.364,1.799,9.23,2000.0,786.7,0.45,786.25,0.1,17.28,4.61,79.67,90000.0,1129.7,0.971,MONITOR,LOW,0.364,1.799,9.23,1,2,2,0,0,0,0,1,0
synth_002285,hide_craze,5,0.837,6.236,2.459,9.27,4200.0,1687.59,58.28,1629.3,2.02,734.02,6.23,4574.07,45000.0,9.8,0.801,REPAIR,HIGH,6.236,2.459,9.27,2,1,4,0,0,0,1,0,0
synth_001808,corrosion,4,0.933,3.794,1.751,10.87,3600.0,2852.87,149.86,2703.02,3.08,956.97,5.17,4947.62,55000.0,11.1,0.933,REPAIR,HIGH,3.794,1.751,10.87,2,1,3,1,0,0,0,0,0
synth_000416,crack,5,0.748,2.766,3.431,8.08,3000.0,639.54,9.84,629.7,0.9,233.6,4.73,1104.29,40000.0,36.2,0.781,ENGINEERING_ASSESSMENT,CRITICAL,2.766,3.431,8.08,0,0,1,0,1,0,0,0,0
synth_003284,thunderstrike,4,0.845,3.267,0.805,14.77,4200.0,4200.0,0.76,4199.24,1.52,550.7,3.66,2014.26,60000.0,29.8,0.794,ENGINEERING_ASSESSMENT,CRITICAL,3.267,0.805,14.77,0,0,0,0,0,0,0,0,1
synth_000217,surface_injure,2,0.676,0.561,1.768,7.3,2000.0,259.31,0.49,258.82,0.11,19.08,4.7,89.74,90000.0,1002.9,0.847,MONITOR,LOW,0.561,1.768,7.3,1,2,2,0,0,0,0,1,0
synth_001615,crack,5,0.534,1.112,2.497,10.62,4200.0,3031.27,4.62,3026.65,0.1,36.29,3.75,136.0,60000.0,441.2,0.955,ENGINEERING_ASSESSMENT,CRITICAL,1.112,2.497,10.62,0,0,1,0,1,0,0,0,0
synth_000679,hide_craze,5,0.877,8.39,1.935,8.53,2500.0,688.8,33.23,655.57,2.83,610.33,6.14,3747.31,25000.0,6.7,0.811,REPAIR,HIGH,8.39,1.935,8.53,2,1,4,0,0,0,1,0,0
synth_000642,surface_injure,3,0.836,3.794,2.923,10.78,3600.0,2765.79,47.13,2718.66,1.0,310.44,4.09,1269.67,45000.0,35.4,0.879,REPAIR,HIGH,3.794,2.923,10.78,2,1,2,0,0,0,0,1,0
synth_000798,corrosion,1,0.293,0.629,1.128,4.08,2500.0,5.11,0.0,5.11,0.1,21.6,3.86,83.31,50000.0,600.2,0.78,MONITOR,LOW,0.629,1.128,4.08,1,2,3,1,0,0,0,0,0
synth_002118,surface_injure,1,0.528,3.794,3.242,8.36,2500.0,625.6,0.11,625.49,0.1,21.6,4.71,101.68,75000.0,737.6,0.859,MONITOR,LOW,3.794,3.242,8.36,1,2,2,0,0,0,0,1,0
synth_001352,crack,3,0.592,3.545,0.757,14.95,2000.0,2000.0,0.02,1999.98,0.1,17.28,4.64,80.22,60000.0,747.9,0.828,ENGINEERING_ASSESSMENT,CRITICAL,3.545,0.757,14.95,0,0,1,0,1,0,0,0,0
synth_000787,thunderstrike,3,0.459,6.343,1.905,10.86,4200.0,3326.76,0.97,3325.79,0.1,36.29,4.02,145.98,80000.0,548.0,0.78,ENGINEERING_ASSESSMENT,CRITICAL,6.343,1.905,10.86,0,0,0,0,0,0,0,0,1
synth_000449,craze,3,0.86,10.919,3.158,9.06,4200.0,1524.5,31.14,1493.36,1.2,434.12,5.41,2349.23,35000.0,14.9,0.964,REPAIR,HIGH,10.919,3.158,9.06,2,1,5,0,0,1,0,0,0
synth_001132,craze,2,0.678,1.759,3.294,6.55,4200.0,307.02,0.63,306.39,0.12,43.37,4.09,177.33,75000.0,422.9,0.781,MONITOR,LOW,1.759,3.294,6.55,1,2,5,0,0,1,0,0,0
synth_003225,corrosion,4,0.853,3.794,1.736,8.14,3000.0,664.44,18.54,645.9,1.63,423.69,4.66,1972.51,45000.0,22.8,0.768,REPAIR,HIGH,3.794,1.736,8.14,2,1,3,1,0,0,0,0,0
synth_001833,surface_injure,1,0.726,2.816,2.795,10.24,3600.0,2226.15,3.56,2222.59,0.1,31.1,4.47,138.89,90000.0,648.0,0.782,MONITOR,LOW,2.816,2.795,10.24,1,2,2,0,0,0,0,1,0
synth_000867,crack,1,0.642,0.274,1.264,6.09,3000.0,143.88,0.09,143.79,0.1,25.92,4.31,111.64,90000.0,806.2,0.878,MONITOR,LOW,0.274,1.264,6.09,1,2,1,0,1,0,0,0,0
synth_000433,craze,5,0.808,8.098,1.01,9.04,2000.0,719.12,20.02,699.09,1.63,281.83,5.13,1445.48,35000.0,24.2,0.933,REPAIR,HIGH,8.098,1.01,9.04,2,1,5,0,0,1,0,0,0
synth_000874,craze,3,0.966,5.847,3.129,8.35,3600.0,895.27,38.0,857.26,2.49,773.35,5.4,4175.75,25000.0,6.0,0.918,REPAIR,HIGH,5.847,3.129,8.35,2,1,5,0,0,1,0,0,0
synth_000371,corrosion,1,0.388,2.617,2.094,10.58,4200.0,2978.47,0.07,2978.4,0.1,36.29,3.76,136.45,50000.0,366.4,0.863,MONITOR,LOW,2.617,2.094,10.58,1,2,3,1,0,0,0,0,0
synth_002956,corrosion,3,0.847,6.699,1.308,11.28,3600.0,3321.97,59.13,3262.83,1.04,324.28,5.38,1744.64,25000.0,14.3,0.836,REPAIR,HIGH,6.699,1.308,11.28,2,1,3,1,0,0,0,0,0
synth_002159,hide_craze,5,0.876,3.794,0.588,11.21,3600.0,3238.8,149.01,3089.79,2.69,838.17,5.22,4374.13,25000.0,5.7,0.951,REPAIR,HIGH,3.794,0.588,11.21,2,1,4,0,0,0,1,0,0
synth_001454,craze,4,0.953,3.952,3.408,9.138434681408205,4200.0,617.45,36.43,581.02,3.46,1254.01,5.34,6692.9,35000.0,5.2,0.787,REPAIR,HIGH,3.952,3.408,9.138434681408205,2,1,5,0,0,1,0,0,0
synth_003208,hide_craze,4,0.898,11.111,0.797,10.47,4200.0,2847.53,121.52,2726.01,2.5,907.02,5.86,5314.72,25000.0,4.7,0.847,REPAIR,HIGH,11.111,0.797,10.47,2,1,4,0,0,0,1,0,0
synth_001272,hide_craze,2,0.615,2.627,0.752,10.36,2500.0,1621.56,1.77,1619.79,0.1,21.6,4.94,106.79,50000.0,468.2,0.768,MONITOR,LOW,2.627,0.752,10.36,1,2,4,0,0,0,1,0,0
synth_000810,crack,4,0.488,2.045,1.491,7.41,3600.0,502.75,0.32,502.43,0.1,31.1,5.37,167.08,60000.0,359.1,0.8642600936220012,ENGINEERING_ASSESSMENT,CRITICAL,2.045,1.491,7.41,0,0,1,0,1,0,0,0,0
synth_003484,thunderstrike,5,0.631,3.794,2.934,6.76,2000.0,173.63,0.85,172.78,0.29,49.33,5.38,265.37,40000.0,150.7,0.927,ENGINEERING_ASSESSMENT,CRITICAL,3.794,2.934,6.76,0,0,0,0,0,0,0,0,1
synth_001905,corrosion,2,0.357,2.903,2.81,8.79,3600.0,1139.95,0.03,1139.92,0.1,31.1,4.45,138.5,50000.0,361.0,0.936,MONITOR,LOW,2.903,2.81,8.79,1,2,3,1,0,0,0,0,0
synth_001616,hide_craze,2,0.704,1.834,2.975,6.79,3600.0,320.29,0.84,319.45,0.15,47.81,4.77,227.83,90000.0,395.0,0.832,MONITOR,LOW,1.834,2.975,6.79,1,2,4,0,0,0,1,0,0
synth_000246,thunderstrike,4,0.64,4.939,1.587,9.41,2000.0,858.62,3.55,855.08,0.24,41.79,4.71,196.89,40000.0,203.2,0.949,ENGINEERING_ASSESSMENT,CRITICAL,4.939,1.587,9.41,0,0,0,0,0,0,0,0,1
synth_001373,craze,5,0.881,11.258,2.63,7.16,3000.0,352.47,17.94,334.53,2.98,772.8,6.14,4745.24,45000.0,9.5,0.782,REPAIR,HIGH,11.258,2.63,7.16,2,1,5,0,0,1,0,0,0
synth_000505,corrosion,1,0.622,2.632,2.603,8.52,3600.0,984.43,0.55,983.87,0.1,31.1,4.27,132.95,50000.0,376.1,0.945,MONITOR,LOW,2.632,2.603,8.52,1,2,3,1,0,0,0,0,0
synth_001491,crack,5,0.337,2.305,2.079,10.61,3600.0,2578.45,0.19,2578.26,0.1,31.1,5.23,162.73,80000.0,491.6,0.859,ENGINEERING_ASSESSMENT,CRITICAL,2.305,2.079,10.61,0,0,1,0,1,0,0,0,0
synth_001338,surface_injure,5,0.839,9.314,0.805,7.59,4200.0,661.69,24.0,637.69,2.12,770.97,6.35,4896.78,35000.0,7.1,0.874,REPAIR,HIGH,9.314,0.805,7.59,2,1,2,0,0,0,0,1,0
synth_003445,crack,5,0.415,1.73,1.006,7.62,3000.0,482.48,0.14,482.34,0.1,25.92,4.98,129.19,80000.0,619.2,0.812,ENGINEERING_ASSESSMENT,CRITICAL,1.73,1.006,7.62,0,0,1,0,1,0,0,0,0
synth_003102,hide_craze,5,0.853,3.794,1.826,9.41,2000.0,856.79,32.71,824.08,2.24,386.41,5.78,2234.9,25000.0,11.2,0.867,REPAIR,HIGH,3.794,1.826,9.41,2,1,4,0,0,0,1,0,0
synth_002251,crack,4,0.85,7.338,1.355,9.52,3000.0,1353.23,38.67,1314.56,1.67,433.84,3.52,1526.3,80000.0,52.4,0.8642600936220012,ENGINEERING_ASSESSMENT,CRITICAL,7.338,1.355,9.52,0,0,1,0,1,0,0,0,0
synth_000864,hide_craze,4,0.887,3.26,0.981,7.4,2500.0,347.77,12.44,335.33,2.09,452.41,5.48,2477.8,55000.0,22.2,0.919,REPAIR,HIGH,3.26,0.981,7.4,2,1,4,0,0,0,1,0,0
synth_003151,thunderstrike,5,0.621,7.039,0.639,11.56,2000.0,2000.0,0.06,1999.94,0.28,47.74,3.7,176.66,60000.0,339.6,0.923,ENGINEERING_ASSESSMENT,CRITICAL,7.039,0.639,11.56,0,0,0,0,0,0,0,0,1
synth_002547,thunderstrike,5,0.904,1.99,3.195,8.96,2500.0,863.86,46.22,817.64,3.13,676.89,3.63,2459.8,60000.0,24.4,0.913,ENGINEERING_ASSESSMENT,CRITICAL,1.99,3.195,8.96,0,0,0,0,0,0,0,0,1
synth_002176,hide_craze,5,0.894,5.202,1.389,10.43,2000.0,1334.41,70.62,1263.79,3.1,535.61,5.44,2912.08,45000.0,15.5,0.876,REPAIR,HIGH,5.202,1.389,10.43,2,1,4,0,0,0,1,0,0
synth_002404,thunderstrike,5,0.428,5.861,0.635,7.69,2000.0,334.95,0.13,334.82,0.1,17.28,5.33,92.03,40000.0,434.6,0.94,ENGINEERING_ASSESSMENT,CRITICAL,5.861,0.635,7.69,0,0,0,0,0,0,0,0,1
synth_000543,hide_craze,3,0.885,7.424,2.395,9.138434681408205,2500.0,1551.29,37.47,1513.82,1.41,305.55,4.44,1355.23,35000.0,25.8,0.852,REPAIR,HIGH,7.424,2.395,9.138434681408205,2,1,4,0,0,0,1,0,0
synth_003473,thunderstrike,5,0.52,3.071,0.669,8.47,3600.0,960.7,1.3,959.41,0.1,31.1,4.48,139.32,40000.0,287.1,0.946,ENGINEERING_ASSESSMENT,CRITICAL,3.071,0.669,8.47,0,0,0,0,0,0,0,0,1
synth_002812,surface_injure,4,0.828,9.683,1.599,8.41,3600.0,930.18,22.77,907.41,1.43,445.89,6.45,2874.56,25000.0,8.7,0.762,REPAIR,HIGH,9.683,1.599,8.41,2,1,2,0,0,0,0,1,0
synth_000621,thunderstrike,3,0.848,2.365,0.687,13.27,3600.0,3600.0,0.43,3599.57,0.98,305.52,4.63,1413.12,80000.0,56.6,0.798,ENGINEERING_ASSESSMENT,CRITICAL,2.365,0.687,13.27,0,0,0,0,0,0,0,0,1
synth_000761,corrosion,3,0.962,5.134,2.181,11.49,3600.0,3581.07,146.41,3434.66,2.39,744.82,5.88,4377.29,45000.0,10.3,0.933,REPAIR,HIGH,5.134,2.181,11.49,2,1,3,1,0,0,0,0,0
synth_000612,craze,5,0.942,3.353,2.428,8.16,2500.0,557.9,40.7,517.2,4.27,922.84,4.23,3904.81,55000.0,14.1,0.98,REPAIR,HIGH,3.353,2.428,8.16,2,1,5,0,0,1,0,0,0
synth_001070,hide_craze,4,0.902,8.683,2.897,9.14,2000.0,753.33,32.43,720.89,2.52,435.75,6.14,2673.99,25000.0,9.3,0.817,REPAIR,HIGH,8.683,2.897,9.14,2,1,4,0,0,0,1,0,0
synth_002603,hide_craze,5,0.914,2.94,0.581,10.27,3600.0,2256.6,133.36,2123.23,3.46,1076.67,4.99,5376.44,25000.0,4.6,0.758,REPAIR,HIGH,2.94,0.581,10.27,2,1,4,0,0,0,1,0,0
synth_002382,hide_craze,1,0.526,2.213,1.856,4.72,3000.0,25.05,0.0,25.04,0.1,25.92,4.89,126.85,75000.0,591.2,0.753,MONITOR,LOW,2.213,1.856,4.72,1,2,4,0,0,0,1,0,0
synth_000485,corrosion,2,0.355,1.697,2.298,5.56,2000.0,54.87,0.0,54.87,0.1,17.28,3.75,64.79,50000.0,771.7,0.836,MONITOR,LOW,1.697,2.298,5.56,1,2,3,1,0,0,0,0,0
synth_002086,hide_craze,4,0.931,3.2,1.351,7.03,4200.0,447.29,22.14,425.15,2.9,1052.21,4.38,4605.14,55000.0,11.9,0.815,REPAIR,HIGH,3.2,1.351,7.03,2,1,4,0,0,0,1,0,0
synth_003584,crack,4,0.758,6.41,2.886,10.69,3600.0,2670.48,35.09,2635.39,0.77,239.37,4.04,967.45,40000.0,41.3,0.875,ENGINEERING_ASSESSMENT,CRITICAL,6.41,2.886,10.69,0,0,1,0,1,0,0,0,0
synth_001135,crack,2,0.719,2.833,2.138,6.35,3600.0,220.27,0.68,219.58,0.18,56.54,4.12,233.15,90000.0,386.0,0.8642600936220012,MONITOR,LOW,2.833,2.138,6.35,1,2,1,0,1,0,0,0,0
synth_000258,craze,2,0.234,1.508,3.293,6.72,2000.0,168.05,0.0,168.05,0.1,17.28,4.91,84.86,50000.0,589.2,0.833,MONITOR,LOW,1.508,3.293,6.72,1,2,5,0,0,1,0,0,0
synth_002501,corrosion,3,0.82,3.675,2.744,6.7,2000.0,164.33,2.26,162.07,0.81,139.32,5.18,721.79,80000.0,110.8,0.977,ENGINEERING_ASSESSMENT,MEDIUM,3.675,2.744,6.7,0,3,3,1,0,0,0,0,0
synth_003479,crack,3,0.36,2.107,1.537,13.13,2500.0,2500.0,0.0,2500.0,0.1,21.6,4.76,102.71,80000.0,778.9,0.971,ENGINEERING_ASSESSMENT,CRITICAL,2.107,1.537,13.13,0,0,1,0,1,0,0,0,0
synth_000650,hide_craze,5,0.97,10.801,1.912,9.26,2000.0,798.21,76.85,721.36,5.64,974.44,5.09,4963.91,25000.0,5.0,0.816,REPAIR,HIGH,10.801,1.912,9.26,2,1,4,0,0,0,1,0,0
synth_003037,thunderstrike,3,0.907,3.395,2.689,11.29,4200.0,3894.55,104.49,3790.06,1.57,570.24,3.52,2009.62,60000.0,29.9,0.915,ENGINEERING_ASSESSMENT,CRITICAL,3.395,2.689,11.29,0,0,0,0,0,0,0,0,1
synth_002597,crack,3,0.417,2.372,2.193,9.138434681408205,3000.0,3000.0,0.0,3000.0,0.1,25.92,5.36,138.99,40000.0,287.8,0.909,ENGINEERING_ASSESSMENT,CRITICAL,2.372,2.193,9.138434681408205,0,0,1,0,1,0,0,0,0
synth_003374,thunderstrike,4,0.727,6.779,1.593,8.21,2500.0,575.45,5.72,569.73,0.58,125.76,5.1,641.09,80000.0,124.8,0.867,ENGINEERING_ASSESSMENT,CRITICAL,6.779,1.593,8.21,0,0,0,0,0,0,0,0,1
synth_002715,crack,4,0.643,4.061,1.663,11.91,3600.0,3600.0,0.1,3599.9,0.25,76.59,3.57,273.64,80000.0,292.4,0.945,ENGINEERING_ASSESSMENT,CRITICAL,4.061,1.663,11.91,0,0,1,0,1,0,0,0,0
synth_001097,crack,3,0.813,4.726,1.128,7.92,3600.0,699.37,9.24,690.13,0.77,240.67,4.81,1158.0,80000.0,69.1,0.969,ENGINEERING_ASSESSMENT,CRITICAL,4.726,1.128,7.92,0,0,1,0,1,0,0,0,0
synth_003038,craze,5,0.972,11.96,1.509,7.7,2000.0,338.82,33.51,305.32,5.79,1000.96,5.8,5807.14,25000.0,4.3,0.785,REPAIR,HIGH,11.96,1.509,7.7,2,1,5,0,0,1,0,0,0
synth_000829,craze,1,0.294,0.387,3.427,10.64,4200.0,3046.64,0.01,3046.63,0.1,36.29,4.34,157.63,75000.0,475.8,0.887,MONITOR,LOW,0.387,3.427,10.64,1,2,5,0,0,1,0,0,0
synth_002430,corrosion,2,0.251,0.35,3.009,8.65,2000.0,586.36,0.0,586.36,0.1,17.28,4.72,81.49,50000.0,613.6,0.8642600936220012,MONITOR,LOW,0.35,3.009,8.65,1,2,3,1,0,0,0,0,0
synth_003087,corrosion,2,0.224,1.24,2.812,7.28,4200.0,536.91,0.0,536.91,0.1,36.29,3.98,144.3,50000.0,346.5,0.863,MONITOR,LOW,1.24,2.812,7.28,1,2,3,1,0,0,0,0,0
synth_000596,thunderstrike,4,0.31,5.313,1.201,14.61,4200.0,4200.0,0.0,4200.0,0.1,36.29,5.31,192.55,80000.0,415.5,0.804,ENGINEERING_ASSESSMENT,CRITICAL,5.313,1.201,14.61,0,0,0,0,0,0,0,0,1
synth_002268,corrosion,3,0.841,7.617,3.278,10.8,4200.0,3240.77,55.57,3185.21,1.0,364.42,4.15,1512.72,45000.0,29.7,0.975,REPAIR,HIGH,7.617,3.278,10.8,2,1,3,1,0,0,0,0,0
synth_002069,crack,3,0.801,4.622,1.049,8.89,4200.0,1399.81,16.68,1383.13,0.7,253.31,4.69,1186.94,60000.0,50.6,0.863,ENGINEERING_ASSESSMENT,CRITICAL,4.622,1.049,8.89,0,0,1,0,1,0,0,0,0
synth_000296,surface_injure,4,0.929,3.626,1.69,11.33,3000.0,2820.33,139.32,2681.02,2.89,749.93,5.79,4339.12,45000.0,10.4,0.952,REPAIR,HIGH,3.626,1.69,11.33,2,1,2,0,0,0,0,1,0
synth_001502,hide_craze,5,0.896,10.844,3.082,8.27,3600.0,859.86,48.96,810.9,3.33,1037.27,6.02,6239.32,55000.0,8.8,0.811,REPAIR,HIGH,10.844,3.082,8.27,2,1,4,0,0,0,1,0,0
synth_000507,surface_injure,1,0.235,1.161,2.755,10.82,2500.0,1944.02,0.0,1944.02,0.1,21.6,4.34,93.72,75000.0,800.3,0.754,MONITOR,LOW,1.161,2.755,10.82,1,2,2,0,0,0,0,1,0
synth_000007,crack,3,0.762,6.531,0.848,11.06,2000.0,1704.96,14.97,1689.98,0.51,88.89,5.35,475.79,60000.0,126.1,0.893,ENGINEERING_ASSESSMENT,MEDIUM,6.531,0.848,11.06,0,3,1,0,1,0,0,0,0
synth_002011,corrosion,5,0.941,3.794,0.879,11.21,3000.0,2704.44,211.03,2493.41,4.57,1184.67,5.28,6254.45,55000.0,8.8,0.846,REPAIR,HIGH,3.794,0.879,11.21,2,1,3,1,0,0,0,0,0
synth_002760,craze,5,0.858,4.566,3.272,10.35,4200.0,2712.42,107.86,2604.56,2.33,845.19,4.34,3665.28,35000.0,9.5,0.816,REPAIR,HIGH,4.566,3.272,10.35,2,1,5,0,0,1,0,0,0
synth_001660,crack,5,0.33,7.315,2.454,10.41,3600.0,2382.83,0.16,2382.67,0.1,31.1,4.9,152.39,40000.0,262.5,0.873,ENGINEERING_ASSESSMENT,CRITICAL,7.315,2.454,10.41,0,0,1,0,1,0,0,0,0
synth_001910,crack,3,0.341,2.929,2.565,11.77,4200.0,4200.0,0.0,4200.0,0.1,36.29,4.97,180.45,60000.0,332.5,0.837,ENGINEERING_ASSESSMENT,CRITICAL,2.929,2.565,11.77,0,0,1,0,1,0,0,0,0
synth_001459,craze,3,0.919,7.057,2.377,10.87,2000.0,1584.48,48.8,1535.68,1.8,311.73,6.24,1945.07,45000.0,23.1,0.883,REPAIR,HIGH,7.057,2.377,10.87,2,1,5,0,0,1,0,0,0
synth_002689,craze,4,0.807,3.286,0.551,9.69,3000.0,1462.38,27.89,1434.49,1.12,289.56,6.19,1793.58,25000.0,13.9,0.82,REPAIR,HIGH,3.286,0.551,9.69,2,1,5,0,0,1,0,0,0
synth_003467,thunderstrike,3,0.36,5.329,3.25,10.57,2000.0,1412.95,0.08,1412.87,0.1,17.28,5.41,93.44,40000.0,428.1,0.859,ENGINEERING_ASSESSMENT,CRITICAL,5.329,3.25,10.57,0,0,0,0,0,0,0,0,1
synth_002519,crack,3,0.464,1.776,1.562,13.99,3000.0,3000.0,0.01,2999.99,0.1,25.92,5.29,137.0,40000.0,292.0,0.825,ENGINEERING_ASSESSMENT,CRITICAL,1.776,1.562,13.99,0,0,1,0,1,0,0,0,0
synth_003503,crack,5,0.871,5.157,1.986,10.35,3000.0,1939.42,86.63,1852.8,2.62,678.1,3.76,2551.63,40000.0,15.7,0.823,ENGINEERING_ASSESSMENT,CRITICAL,5.157,1.986,10.35,0,0,1,0,1,0,0,0,0
synth_002313,crack,4,0.37,2.405,3.106,14.0,2500.0,2500.0,0.0,2500.0,0.1,21.6,4.49,97.06,80000.0,824.2,0.846,ENGINEERING_ASSESSMENT,CRITICAL,2.405,3.106,14.0,0,0,1,0,1,0,0,0,0
synth_002483,thunderstrike,5,0.705,7.178,1.638,14.9,3600.0,3600.0,0.26,3599.74,0.65,201.39,5.12,1030.35,80000.0,77.6,0.944,ENGINEERING_ASSESSMENT,CRITICAL,7.178,1.638,14.9,0,0,0,0,0,0,0,0,1
synth_000096,crack,5,0.85,7.687,0.82,6.55,2000.0,145.3,5.66,139.64,2.28,394.11,4.75,1870.71,60000.0,32.1,0.831,ENGINEERING_ASSESSMENT,CRITICAL,7.687,0.82,6.55,0,0,1,0,1,0,0,0,0
synth_002078,hide_craze,1,0.32,2.376,1.111,6.74,2000.0,170.55,0.0,170.54,0.1,17.28,4.49,77.62,50000.0,644.2,0.806,MONITOR,LOW,2.376,1.111,6.74,1,2,4,0,0,0,1,0,0
synth_003453,crack,4,0.355,3.794,0.547,8.21,4200.0,964.45,0.07,964.38,0.1,36.29,5.34,193.77,40000.0,206.4,0.787,ENGINEERING_ASSESSMENT,CRITICAL,3.794,0.547,8.21,0,0,1,0,1,0,0,0,0
synth_002155,craze,1,0.289,2.519,1.16,11.11,3600.0,3127.59,0.01,3127.58,0.1,31.1,3.51,109.12,50000.0,458.2,0.915,MONITOR,LOW,2.519,1.16,11.11,1,2,5,0,0,1,0,0,0
synth_002314,craze,2,0.65,0.381,2.822,9.21,2000.0,780.19,1.12,779.07,0.1,17.28,4.96,85.65,75000.0,875.7,0.944,MONITOR,LOW,0.381,2.822,9.21,1,2,5,0,0,1,0,0,0
synth_000025,crack,4,0.909,5.872,3.47,10.7,2500.0,1858.91,81.6,1777.31,2.57,555.35,3.69,2051.66,80000.0,39.0,0.808,ENGINEERING_ASSESSMENT,CRITICAL,5.872,3.47,10.7,0,0,1,0,1,0,0,0,0
synth_001315,crack,3,0.877,4.965,3.283,11.82,2500.0,2500.0,0.37,2499.63,1.29,278.35,4.18,1162.96,40000.0,34.4,0.902,ENGINEERING_ASSESSMENT,CRITICAL,4.965,3.283,11.82,0,0,1,0,1,0,0,0,0
synth_002335,corrosion,1,0.357,2.488,2.042,9.58,2000.0,926.81,0.01,926.8,0.1,17.28,4.89,84.49,90000.0,1065.2,0.803,MONITOR,LOW,2.488,2.042,9.58,1,2,3,1,0,0,0,0,0
synth_002440,surface_injure,3,0.843,9.927,0.623,9.07,4200.0,1530.93,27.26,1503.67,1.04,378.45,6.48,2453.94,55000.0,22.4,0.819,REPAIR,HIGH,9.927,0.623,9.07,2,1,2,0,0,0,0,1,0
synth_000847,crack,4,0.617,3.794,1.663,7.02,3600.0,381.06,1.2,379.86,0.18,57.43,5.41,310.43,40000.0,128.9,0.796,ENGINEERING_ASSESSMENT,CRITICAL,3.794,1.663,7.02,0,0,1,0,1,0,0,0,0
synth_002543,crack,4,0.434,7.06,1.425,9.98,4200.0,2323.32,0.73,2322.59,0.1,36.29,4.23,153.59,60000.0,390.7,0.913,ENGINEERING_ASSESSMENT,CRITICAL,7.06,1.425,9.98,0,0,1,0,1,0,0,0,0
synth_000997,craze,1,0.558,3.794,3.396,6.98,2500.0,255.86,0.06,255.8,0.1,21.6,4.77,103.04,75000.0,727.9,0.811,MONITOR,LOW,3.794,3.396,6.98,1,2,5,0,0,1,0,0,0
synth_003277,craze,4,0.856,8.141,1.048,9.62,2500.0,1180.89,35.72,1145.16,1.77,382.73,6.0,2296.37,25000.0,10.9,0.816,REPAIR,HIGH,8.141,1.048,9.62,2,1,5,0,0,1,0,0,0
synth_000746,thunderstrike,3,0.408,1.327,2.311,12.8,3000.0,3000.0,0.0,3000.0,0.1,25.92,4.01,103.81,60000.0,578.0,0.882,ENGINEERING_ASSESSMENT,CRITICAL,1.327,2.311,12.8,0,0,0,0,0,0,0,0,1
synth_001835,crack,3,0.505,3.241,0.653,12.0,3000.0,3000.0,0.01,2999.99,0.1,25.92,3.73,96.62,40000.0,414.0,0.793,ENGINEERING_ASSESSMENT,CRITICAL,3.241,0.653,12.0,0,0,1,0,1,0,0,0,0
synth_000067,thunderstrike,5,0.845,2.436,2.709,14.68,3600.0,3600.0,0.89,3599.11,2.02,629.47,4.92,3098.19,40000.0,12.9,0.776,ENGINEERING_ASSESSMENT,CRITICAL,2.436,2.709,14.68,0,0,0,0,0,0,0,0,1
synth_001777,thunderstrike,3,0.704,6.324,2.285,12.26,4200.0,4200.0,0.14,4199.86,0.3,109.42,4.88,534.41,60000.0,112.3,0.751,ENGINEERING_ASSESSMENT,CRITICAL,6.324,2.285,12.26,0,0,0,0,0,0,0,0,1
synth_001018,surface_injure,1,0.243,2.228,2.436,11.26,3600.0,3308.72,0.0,3308.72,0.1,31.1,3.85,119.84,90000.0,751.0,0.975,MONITOR,LOW,2.228,2.436,11.26,1,2,2,0,0,0,0,1,0
synth_002073,surface_injure,3,0.945,9.809,2.683,11.11,2500.0,2170.34,82.77,2087.58,2.23,482.46,4.2,2024.54,35000.0,17.3,0.805,REPAIR,HIGH,9.809,2.683,11.11,2,1,2,0,0,0,0,1,0
synth_002891,crack,3,0.941,3.794,1.573,5.34,3000.0,62.46,2.08,60.38,1.95,505.75,4.99,2524.21,60000.0,23.8,0.802,ENGINEERING_ASSESSMENT,CRITICAL,3.794,1.573,5.34,0,0,1,0,1,0,0,0,0
synth_003269,surface_injure,2,0.396,1.586,2.846,10.5,2000.0,1374.75,0.08,1374.67,0.1,17.28,4.77,82.47,90000.0,1091.3,0.805,MONITOR,LOW,1.586,2.846,10.5,1,2,2,0,0,0,0,1,0
synth_000031,surface_injure,2,0.286,0.871,1.34,4.75,4200.0,36.71,0.0,36.71,0.1,36.29,3.77,136.97,50000.0,365.0,0.92,MONITOR,LOW,0.871,1.34,4.75,1,2,2,0,0,0,0,1,0
synth_002003,crack,3,0.848,1.191,2.919,7.3,2000.0,259.26,4.17,255.08,0.94,162.89,5.31,864.92,40000.0,46.2,0.8,ENGINEERING_ASSESSMENT,CRITICAL,1.191,2.919,7.3,0,0,1,0,1,0,0,0,0
synth_002605,crack,3,0.815,4.138,1.305,14.55,4200.0,4200.0,0.38,4199.62,0.78,282.48,3.8,1072.2,80000.0,74.6,0.952,ENGINEERING_ASSESSMENT,CRITICAL,4.138,1.305,14.55,0,0,1,0,1,0,0,0,0
synth_000610,hide_craze,1,0.424,1.786,1.338,9.2,2000.0,774.78,0.03,774.75,0.1,17.28,3.95,68.32,90000.0,1317.3,0.942,MONITOR,LOW,1.786,1.338,9.2,1,2,4,0,0,0,1,0,0
synth_002042,hide_craze,5,0.873,4.81,2.131,9.58,3000.0,1390.59,62.47,1328.12,2.63,682.02,5.18,3530.92,55000.0,15.6,0.902,REPAIR,HIGH,4.81,2.131,9.58,2,1,4,0,0,0,1,0,0
synth_000570,corrosion,3,0.964,4.044,0.584,8.57,4200.0,1183.66,48.47,1135.18,2.4,870.39,4.79,4168.56,35000.0,8.4,0.819,REPAIR,HIGH,4.044,0.584,8.57,2,1,3,1,0,0,0,0,0
synth_003332,thunderstrike,5,0.57,6.75,0.904,12.3,2500.0,2500.0,0.04,2499.96,0.16,33.59,4.58,153.89,80000.0,519.9,0.872,ENGINEERING_ASSESSMENT,CRITICAL,6.75,0.904,12.3,0,0,0,0,0,0,0,0,1
synth_000343,crack,3,0.722,2.927,1.038,6.56,3600.0,264.94,1.52,263.42,0.34,104.72,4.77,499.71,40000.0,80.0,0.76,ENGINEERING_ASSESSMENT,CRITICAL,2.927,1.038,6.56,0,0,1,0,1,0,0,0,0
synth_002111,hide_craze,1,0.625,0.446,3.088,5.12,3000.0,46.23,0.02,46.2,0.1,25.92,3.9,101.19,90000.0,889.4,0.878,MONITOR,LOW,0.446,3.088,5.12,1,2,4,0,0,0,1,0,0
synth_001556,craze,3,0.949,8.821,2.495,11.33,3600.0,3391.12,131.68,3259.43,2.27,707.45,4.38,3100.66,55000.0,17.7,0.854,REPAIR,HIGH,8.821,2.495,11.33,2,1,5,0,0,1,0,0,0
synth_000678,thunderstrike,4,0.867,6.702,1.679,7.34,2500.0,332.6,10.8,321.8,1.9,410.95,3.9,1603.22,80000.0,49.9,0.82,ENGINEERING_ASSESSMENT,CRITICAL,6.702,1.679,7.34,0,0,0,0,0,0,0,0,1
synth_001350,craze,5,0.936,2.747,2.347,7.4,2500.0,347.94,24.1,323.84,4.06,876.28,4.72,4132.86,55000.0,13.3,0.836,REPAIR,HIGH,2.747,2.347,7.4,2,1,5,0,0,1,0,0,0
synth_002748,surface_injure,3,0.83,9.229,1.345,10.38,2500.0,1636.47,26.14,1610.33,0.94,202.1,4.15,838.48,45000.0,53.7,0.838,REPAIR,HIGH,9.229,1.345,10.38,2,1,2,0,0,0,0,1,0
synth_002949,crack,5,0.598,6.179,1.471,10.21,3000.0,1833.21,6.69,1826.52,0.21,55.39,3.71,205.58,60000.0,291.9,0.955,ENGINEERING_ASSESSMENT,CRITICAL,6.179,1.471,10.21,0,0,1,0,1,0,0,0,0
synth_003521,crack,5,0.854,7.591,3.433,13.89,3000.0,3000.0,0.79,2999.21,2.35,608.31,5.33,3239.89,40000.0,12.3,0.887,ENGINEERING_ASSESSMENT,CRITICAL,7.591,3.433,13.89,0,0,1,0,1,0,0,0,0
synth_000940,corrosion,2,0.249,0.31,2.097,8.7,2500.0,753.93,0.0,753.93,0.1,21.6,3.59,77.6,90000.0,1159.8,0.911,MONITOR,LOW,0.31,2.097,8.7,1,2,3,1,0,0,0,0,0
synth_003268,surface_injure,1,0.667,0.723,3.257,5.11,2500.0,38.18,0.03,38.15,0.1,21.6,3.81,82.36,90000.0,1092.8,0.934,MONITOR,LOW,0.723,3.257,5.11,1,2,2,0,0,0,0,1,0
synth_002132,surface_injure,1,0.229,1.312,2.219,7.47,2000.0,291.57,0.0,291.57,0.1,17.28,4.61,79.61,50000.0,628.1,0.766,MONITOR,LOW,1.312,2.219,7.47,1,2,2,0,0,0,0,1,0
synth_001769,surface_injure,3,0.968,8.293,2.581,11.14,2500.0,2198.55,97.49,2101.07,2.6,560.98,4.27,2393.09,55000.0,23.0,0.936,REPAIR,HIGH,8.293,2.581,11.14,2,1,2,0,0,0,0,1,0
synth_002322,corrosion,1,0.523,1.261,0.777,9.14,4200.0,1579.87,0.27,1579.6,0.1,36.29,4.36,158.13,90000.0,569.2,0.874,MONITOR,LOW,1.261,0.777,9.14,1,2,3,1,0,0,0,0,0
synth_001752,hide_craze,2,0.448,2.447,2.506,9.03,3000.0,1073.68,0.14,1073.54,0.1,25.92,4.68,121.36,75000.0,618.0,0.832,MONITOR,LOW,2.447,2.506,9.03,1,2,4,0,0,0,1,0,0
synth_000576,crack,4,0.346,3.531,2.405,10.35,4200.0,2713.31,0.18,2713.13,0.1,36.29,5.49,199.32,60000.0,301.0,0.829,ENGINEERING_ASSESSMENT,CRITICAL,3.531,2.405,10.35,0,0,1,0,1,0,0,0,0
synth_002526,craze,4,0.883,9.976,1.653,8.04,4200.0,874.37,33.06,841.31,2.21,803.55,4.24,3410.89,55000.0,16.1,0.784,REPAIR,HIGH,9.976,1.653,8.04,2,1,5,0,0,1,0,0,0
synth_003404,crack,4,0.675,3.794,1.606,5.02,3600.0,48.65,0.29,48.35,0.35,108.82,5.19,564.27,60000.0,106.3,0.944,ENGINEERING_ASSESSMENT,CRITICAL,3.794,1.606,5.02,0,0,1,0,1,0,0,0,0
synth_002854,thunderstrike,5,0.792,5.091,1.831,5.54,2000.0,53.24,1.25,51.99,1.37,237.41,5.28,1253.57,80000.0,63.8,0.756,ENGINEERING_ASSESSMENT,CRITICAL,5.091,1.831,5.54,0,0,0,0,0,0,0,0,1
synth_002274,surface_injure,5,0.97,2.56,2.815,7.64,3000.0,487.89,42.49,445.4,5.1,1322.06,4.56,6026.27,25000.0,4.1,0.844,REPAIR,HIGH,2.56,2.815,7.64,2,1,2,0,0,0,0,1,0
synth_000528,surface_injure,5,0.946,8.957,2.113,9.57,2000.0,921.81,74.21,847.6,4.72,814.76,5.53,4501.95,45000.0,10.0,0.756,REPAIR,HIGH,8.957,2.113,9.57,2,1,2,0,0,0,0,1,0
synth_000176,thunderstrike,5,0.593,2.589,0.951,13.89,3600.0,3600.0,0.08,3599.92,0.19,58.59,4.4,257.87,40000.0,155.1,0.868,ENGINEERING_ASSESSMENT,CRITICAL,2.589,0.951,13.89,0,0,0,0,0,0,0,0,1
synth_002457,craze,3,0.925,10.197,1.885,8.68,3600.0,1075.39,35.6,1039.8,1.94,603.04,5.75,3469.36,35000.0,10.1,0.82,REPAIR,HIGH,10.197,1.885,8.68,2,1,5,0,0,1,0,0,0
synth_000422,craze,3,0.829,8.39,2.286,10.14,2000.0,1186.35,18.64,1167.71,0.92,159.04,4.54,721.61,45000.0,62.4,0.773,REPAIR,HIGH,8.39,2.286,10.14,2,1,5,0,0,1,0,0,0
synth_000680,surface_injure,5,0.814,10.617,1.575,7.02,3000.0,317.82,9.43,308.39,1.74,450.58,6.34,2857.42,55000.0,19.2,0.867,REPAIR,HIGH,10.617,1.575,7.02,2,1,2,0,0,0,0,1,0
synth_003474,crack,5,0.769,3.951,1.45,12.42,3000.0,3000.0,0.39,2999.61,1.11,287.07,4.32,1239.6,40000.0,32.3,0.937,ENGINEERING_ASSESSMENT,CRITICAL,3.951,1.45,12.42,0,0,1,0,1,0,0,0,0
synth_001653,corrosion,3,0.806,3.794,0.658,9.27,4200.0,1689.74,22.2,1667.54,0.77,279.26,4.94,1380.47,55000.0,39.8,0.824,REPAIR,HIGH,3.794,0.658,9.27,2,1,3,1,0,0,0,0,0
synth_003386,thunderstrike,3,0.573,3.794,3.213,10.57,2500.0,1769.11,2.19,1766.91,0.1,21.6,4.28,92.39,40000.0,432.9,0.927,ENGINEERING_ASSESSMENT,CRITICAL,3.794,3.213,10.57,0,0,0,0,0,0,0,0,1
synth_002775,craze,3,0.792,7.089,3.186,6.74,4200.0,357.56,4.07,353.48,0.67,242.11,3.56,861.25,40000.0,46.4,0.764,MONITOR,LOW,7.089,3.186,6.74,1,2,5,0,0,1,0,0,0
synth_002500,crack,4,0.66,3.295,1.655,7.21,2000.0,242.26,1.2,241.06,0.29,50.34,4.43,223.13,40000.0,179.3,0.92,ENGINEERING_ASSESSMENT,CRITICAL,3.295,1.655,7.21,0,0,1,0,1,0,0,0,0
synth_001041,crack,3,0.833,6.777,3.216,9.138434681408205,3000.0,92.37,1.47,90.9,0.93,241.43,3.84,927.51,40000.0,43.1,0.902,ENGINEERING_ASSESSMENT,CRITICAL,6.777,3.216,9.138434681408205,0,0,1,0,1,0,0,0,0
synth_003154,craze,3,0.943,6.75,1.438,10.19,3600.0,2182.73,79.93,2102.79,2.14,667.14,4.23,2824.51,80000.0,28.3,0.895,REPAIR,HIGH,6.75,1.438,10.19,2,1,5,0,0,1,0,0,0
synth_000288,surface_injure,5,0.975,4.434,0.504,7.05,3600.0,388.09,36.42,351.67,5.5,1709.74,5.09,8708.91,55000.0,6.3,0.972,REPAIR,HIGH,4.434,0.504,7.05,2,1,2,0,0,0,0,1,0
synth_003281,corrosion,1,0.261,2.821,3.146,5.54,2500.0,67.09,0.0,67.09,0.1,21.6,4.25,91.8,50000.0,544.7,0.952,MONITOR,LOW,2.821,3.146,5.54,1,2,3,1,0,0,0,0,0
synth_002383,crack,3,0.328,1.903,2.317,6.06,4200.0,196.17,0.01,196.17,0.1,36.29,4.67,169.49,40000.0,236.0,0.886,MONITOR,LOW,1.903,2.317,6.06,1,2,1,0,1,0,0,0,0
synth_002009,craze,2,0.235,0.411,3.34,8.79,3000.0,947.41,0.0,947.4,0.1,25.92,3.77,97.67,75000.0,767.9,0.966,MONITOR,LOW,0.411,3.34,8.79,1,2,5,0,0,1,0,0,0
synth_002114,craze,4,0.804,2.636,3.44,10.82,2500.0,1943.61,35.62,1907.98,1.07,231.89,5.81,1346.69,35000.0,26.0,0.772,REPAIR,HIGH,2.636,3.44,10.82,2,1,5,0,0,1,0,0,0
synth_001128,craze,3,0.686,3.036,3.326,7.66,3600.0,595.1,2.45,592.65,0.24,75.12,5.03,377.48,40000.0,106.0,0.91,ENGINEERING_ASSESSMENT,MEDIUM,3.036,3.326,7.66,0,3,5,0,0,1,0,0,0
synth_000177,craze,5,0.815,8.761,3.37,10.61,4200.0,3013.53,89.46,2924.07,1.74,630.97,4.26,2690.09,25000.0,9.3,0.839,REPAIR,HIGH,8.761,3.37,10.61,2,1,5,0,0,1,0,0,0
synth_000838,corrosion,3,0.815,9.929,1.244,9.138434681408205,2000.0,338.21,4.8,333.4,0.83,143.72,4.98,715.7,25000.0,34.9,0.846,REPAIR,HIGH,9.929,1.244,9.138434681408205,2,1,3,1,0,0,0,0,0
synth_001113,crack,4,0.714,7.171,0.841,10.33,3000.0,1923.01,17.01,1906.0,0.52,134.26,5.02,673.75,80000.0,118.7,0.819,ENGINEERING_ASSESSMENT,CRITICAL,7.171,0.841,10.33,0,0,1,0,1,0,0,0,0
synth_001837,crack,3,0.515,5.088,1.865,12.03,2000.0,2000.0,0.01,1999.99,0.1,17.28,4.27,73.87,40000.0,541.5,0.872,ENGINEERING_ASSESSMENT,CRITICAL,5.088,1.865,12.03,0,0,1,0,1,0,0,0,0
synth_002325,thunderstrike,4,0.939,4.149,1.128,13.47,2500.0,2500.0,0.92,2499.08,3.12,674.47,4.1,2768.0,40000.0,14.5,0.867,ENGINEERING_ASSESSMENT,CRITICAL,4.149,1.128,13.47,0,0,0,0,0,0,0,0,1
synth_000370,crack,3,0.462,6.02,1.385,13.56,2000.0,2000.0,0.0,2000.0,0.1,17.28,4.21,72.81,80000.0,1098.8,0.851,ENGINEERING_ASSESSMENT,CRITICAL,6.02,1.385,13.56,0,0,1,0,1,0,0,0,0
synth_001494,crack,5,0.624,7.284,0.831,14.66,4200.0,4200.0,0.14,4199.86,0.29,103.56,4.22,437.49,80000.0,182.9,0.843,ENGINEERING_ASSESSMENT,CRITICAL,7.284,0.831,14.66,0,0,1,0,1,0,0,0,0
synth_000729,crack,3,0.471,2.145,0.768,8.63,4200.0,1218.93,0.39,1218.54,0.1,36.29,4.0,145.23,80000.0,550.9,0.865,ENGINEERING_ASSESSMENT,CRITICAL,2.145,0.768,8.63,0,0,1,0,1,0,0,0,0
synth_000598,corrosion,1,0.478,0.737,2.107,7.8,3600.0,646.81,0.06,646.76,0.1,31.1,4.04,125.71,75000.0,596.6,0.884,MONITOR,LOW,0.737,2.107,7.8,1,2,3,1,0,0,0,0,0
synth_002183,crack,5,0.949,2.754,3.134,14.36,4200.0,4200.0,2.25,4197.75,4.44,1612.31,4.02,6485.96,80000.0,12.3,0.947,ENGINEERING_ASSESSMENT,CRITICAL,2.754,3.134,14.36,0,0,1,0,1,0,0,0,0
synth_001487,corrosion,5,0.803,5.955,2.576,9.61,4200.0,1975.83,51.54,1924.28,1.53,554.47,4.48,2485.43,55000.0,22.1,0.91,REPAIR,HIGH,5.955,2.576,9.61,2,1,3,1,0,0,0,0,0
synth_002272,craze,4,0.967,9.573,1.364,9.34,2000.0,830.3,57.28,773.02,4.04,698.26,4.56,3185.98,45000.0,14.1,0.787,REPAIR,HIGH,9.573,1.364,9.34,2,1,5,0,0,1,0,0,0
synth_002184,craze,1,0.412,2.221,3.193,4.66,2000.0,14.86,0.0,14.86,0.1,17.28,4.06,70.21,90000.0,1281.9,0.865,MONITOR,LOW,2.221,3.193,4.66,1,2,5,0,0,1,0,0,0
synth_003292,crack,3,0.366,5.509,1.304,12.22,2000.0,2000.0,0.0,2000.0,0.1,17.28,4.93,85.22,40000.0,469.4,0.957,ENGINEERING_ASSESSMENT,CRITICAL,5.509,1.304,12.22,0,0,1,0,1,0,0,0,0
synth_002829,thunderstrike,5,0.39,4.219,1.159,12.25,2000.0,2000.0,0.0,2000.0,0.1,17.28,5.4,93.37,40000.0,428.4,0.907,ENGINEERING_ASSESSMENT,CRITICAL,4.219,1.159,12.25,0,0,0,0,0,0,0,0,1
synth_001620,craze,2,0.289,1.551,3.353,7.67,3600.0,598.53,0.0,598.52,0.1,31.1,4.96,154.28,90000.0,583.4,0.752,MONITOR,LOW,1.551,3.353,7.67,1,2,5,0,0,1,0,0,0
synth_000141,corrosion,5,0.975,6.82,2.097,9.138434681408205,4200.0,1726.56,167.08,1559.47,5.67,2056.85,5.22,10741.11,55000.0,5.1,0.783,REPAIR,HIGH,6.82,2.097,9.138434681408205,2,1,3,1,0,0,0,0,0
synth_002966,corrosion,5,0.969,9.717,2.645,10.08,2000.0,1156.28,109.91,1046.36,5.57,962.1,4.66,4487.82,45000.0,10.0,0.961,REPAIR,HIGH,9.717,2.645,10.08,2,1,3,1,0,0,0,0,0
synth_000665,corrosion,3,0.862,7.85,1.826,11.25,2000.0,1826.66,37.03,1789.64,1.19,205.16,4.01,822.6,45000.0,54.7,0.926,REPAIR,HIGH,7.85,1.826,11.25,2,1,3,1,0,0,0,0,0
synth_000809,surface_injure,1,0.468,2.046,2.692,11.28,4200.0,3879.18,0.32,3878.86,0.1,36.29,4.97,180.49,50000.0,277.0,0.763,MONITOR,LOW,2.046,2.692,11.28,1,2,2,0,0,0,0,1,0
synth_002509,craze,3,0.661,2.773,0.987,5.35,3000.0,63.79,0.2,63.59,0.19,48.25,5.17,249.55,60000.0,240.4,0.978,MONITOR,LOW,2.773,0.987,5.35,1,2,5,0,0,1,0,0,0
synth_000654,corrosion,4,0.887,9.788,2.579,11.38,2500.0,2393.12,93.08,2300.04,2.28,492.06,4.71,2319.87,35000.0,15.1,0.921,REPAIR,HIGH,9.788,2.579,11.38,2,1,3,1,0,0,0,0,0
synth_000471,surface_injure,1,0.672,1.33,0.502,5.88,2000.0,77.64,0.07,77.57,0.1,17.28,4.73,81.71,90000.0,1101.5,0.969,MONITOR,LOW,1.33,0.502,5.88,1,2,2,0,0,0,0,1,0
synth_001598,surface_injure,3,0.918,4.567,2.226,10.71,3600.0,2683.28,79.52,2603.76,1.74,539.9,5.45,2944.97,45000.0,15.3,0.977,REPAIR,HIGH,4.567,2.226,10.71,2,1,2,0,0,0,0,1,0
synth_001188,thunderstrike,5,0.455,6.958,2.428,10.57,3000.0,2120.94,1.24,2119.7,0.1,25.92,3.91,101.44,60000.0,591.5,0.854,ENGINEERING_ASSESSMENT,CRITICAL,6.958,2.428,10.57,0,0,0,0,0,0,0,0,1
synth_001138,hide_craze,4,0.968,9.016,2.638,7.08,2500.0,276.57,19.22,257.36,4.07,879.0,4.54,3991.17,35000.0,8.8,0.924,REPAIR,HIGH,9.016,2.638,7.08,2,1,4,0,0,0,1,0,0
synth_000952,hide_craze,5,0.901,8.156,3.37,10.92,4200.0,3403.9,196.84,3207.06,3.39,1229.11,4.12,5062.65,25000.0,4.9,0.908,REPAIR,HIGH,8.156,3.37,10.92,2,1,4,0,0,0,1,0,0
synth_002668,surface_injure,3,0.735,2.549,1.262,8.86,3600.0,1179.18,7.63,1171.55,0.38,117.91,4.75,560.04,80000.0,142.8,0.888,ENGINEERING_ASSESSMENT,MEDIUM,2.549,1.262,8.86,0,3,2,0,0,0,0,1,0
synth_001210,crack,3,0.648,6.582,3.37,10.96,3600.0,2954.4,8.72,2945.69,0.17,53.76,4.13,221.98,60000.0,270.3,0.978,ENGINEERING_ASSESSMENT,CRITICAL,6.582,3.37,10.96,0,0,1,0,1,0,0,0,0
synth_001159,corrosion,3,0.881,8.423,1.876,9.9,3600.0,1925.54,45.35,1880.18,1.38,429.1,5.79,2482.4,35000.0,14.1,0.851,REPAIR,HIGH,8.423,1.876,9.9,2,1,3,1,0,0,0,0,0
synth_001362,craze,5,0.979,10.827,2.737,10.83,2500.0,1957.67,200.99,1756.67,6.01,1298.92,6.41,8328.94,55000.0,6.6,0.936,REPAIR,HIGH,10.827,2.737,10.83,2,1,5,0,0,1,0,0,0
synth_000195,corrosion,1,0.436,1.255,1.875,7.69,4200.0,707.27,0.04,707.23,0.1,36.29,4.22,153.19,50000.0,326.4,0.912,MONITOR,LOW,1.255,1.875,7.69,1,2,3,1,0,0,0,0,0
synth_000532,thunderstrike,3,0.422,6.254,1.046,7.36,2500.0,337.39,0.06,337.33,0.1,21.6,3.79,81.8,60000.0,733.5,0.944,ENGINEERING_ASSESSMENT,CRITICAL,6.254,1.046,7.36,0,0,0,0,0,0,0,0,1
synth_001356,corrosion,1,0.338,2.227,1.747,5.49,2500.0,62.67,0.0,62.67,0.1,21.6,4.86,105.07,90000.0,856.6,0.901,MONITOR,LOW,2.227,1.747,5.49,1,2,3,1,0,0,0,0,0
synth_003254,surface_injure,2,0.545,3.794,1.745,7.27,3600.0,457.63,0.21,457.42,0.1,31.1,4.83,150.23,90000.0,599.1,0.81,MONITOR,LOW,3.794,1.745,7.27,1,2,2,0,0,0,0,1,0
synth_001270,crack,3,0.924,4.641,2.69,9.01,4200.0,1482.39,46.04,1436.35,1.82,660.15,4.54,2998.96,40000.0,13.3,0.885,ENGINEERING_ASSESSMENT,CRITICAL,4.641,2.69,9.01,0,0,1,0,1,0,0,0,0
synth_000869,crack,3,0.376,2.294,2.028,6.14,2500.0,125.53,0.01,125.52,0.1,21.6,4.18,90.35,40000.0,442.7,0.915,ENGINEERING_ASSESSMENT,CRITICAL,2.294,2.028,6.14,0,0,1,0,1,0,0,0,0
synth_003263,craze,2,0.376,1.901,0.606,11.19,3600.0,3219.78,0.13,3219.66,0.1,31.1,4.51,140.24,90000.0,641.8,0.791,MONITOR,LOW,1.901,0.606,11.19,1,2,5,0,0,1,0,0,0
synth_000227,corrosion,3,0.95,5.719,1.69,10.61,2000.0,1436.17,54.56,1381.61,2.23,384.51,5.43,2087.94,35000.0,16.8,0.841,REPAIR,HIGH,5.719,1.69,10.61,2,1,3,1,0,0,0,0,0
synth_000555,hide_craze,3,0.672,1.961,2.152,14.38,4200.0,4200.0,0.11,4199.89,0.2,74.14,4.2,311.67,40000.0,128.3,0.8642600936220012,ENGINEERING_ASSESSMENT,MEDIUM,1.961,2.152,14.38,0,3,4,0,0,0,1,0,0
synth_001703,hide_craze,5,0.821,3.794,1.438,9.37,2500.0,1050.61,32.48,1018.13,1.81,391.11,4.63,1811.69,35000.0,19.3,0.92,REPAIR,HIGH,3.794,1.438,9.37,2,1,4,0,0,0,1,0,0
synth_002721,crack,5,0.541,4.458,0.849,11.47,2000.0,1975.49,3.59,1971.9,0.11,18.39,4.38,80.47,80000.0,994.2,0.823,ENGINEERING_ASSESSMENT,CRITICAL,4.458,0.849,11.47,0,0,1,0,1,0,0,0,0
synth_003156,craze,5,0.871,3.794,0.672,7.37,3600.0,490.29,20.93,469.36,2.5,777.71,5.75,4474.53,25000.0,5.6,0.761,REPAIR,HIGH,3.794,0.672,7.37,2,1,5,0,0,1,0,0,0
synth_002687,hide_craze,4,0.866,3.769,0.578,7.49,2000.0,295.0,9.07,285.92,1.8,311.36,6.21,1932.35,45000.0,23.3,0.977,REPAIR,HIGH,3.769,0.578,7.49,2,1,4,0,0,0,1,0,0
synth_001941,craze,2,0.257,1.554,2.921,9.52,2500.0,1126.14,0.0,1126.14,0.1,21.6,4.93,106.43,75000.0,704.7,0.784,MONITOR,LOW,1.554,2.921,9.52,1,2,5,0,0,1,0,0,0
synth_002401,crack,3,0.936,1.41,1.361,12.54,2500.0,2500.0,0.58,2499.42,1.85,398.77,3.59,1431.82,40000.0,27.9,0.955,ENGINEERING_ASSESSMENT,CRITICAL,1.41,1.361,12.54,0,0,1,0,1,0,0,0,0
synth_000631,hide_craze,3,0.878,5.204,3.176,10.3,3000.0,1900.76,42.43,1858.33,1.31,338.89,3.56,1204.99,80000.0,66.4,0.978,REPAIR,HIGH,5.204,3.176,10.3,2,1,4,0,0,0,1,0,0
synth_003592,crack,5,0.937,5.866,1.56,11.87,2500.0,2500.0,1.23,2498.77,4.3,929.84,4.07,3786.66,60000.0,15.8,0.766,ENGINEERING_ASSESSMENT,CRITICAL,5.866,1.56,11.87,0,0,1,0,1,0,0,0,0
synth_001206,corrosion,2,0.487,1.978,2.534,7.54,2000.0,305.35,0.07,305.28,0.1,17.28,4.24,73.21,90000.0,1229.3,0.826,MONITOR,LOW,1.978,2.534,7.54,1,2,3,1,0,0,0,0,0
synth_000162,hide_craze,1,0.615,1.904,0.608,8.05,2000.0,420.59,0.22,420.38,0.1,17.28,3.74,64.61,50000.0,773.9,0.802,MONITOR,LOW,1.904,0.608,8.05,1,2,4,0,0,0,1,0,0
synth_000219,thunderstrike,5,0.646,5.446,2.122,9.5,2000.0,893.71,5.4,888.31,0.35,61.21,3.94,240.98,40000.0,166.0,0.806,ENGINEERING_ASSESSMENT,CRITICAL,5.446,2.122,9.5,0,0,0,0,0,0,0,0,1
synth_001972,surface_injure,3,0.939,6.436,0.742,9.26,3600.0,1437.74,50.99,1386.75,2.08,646.15,5.31,3427.96,35000.0,10.2,0.788,REPAIR,HIGH,6.436,0.742,9.26,2,1,2,0,0,0,0,1,0
synth_001032,hide_craze,3,0.69,2.988,1.877,13.81,4200.0,4200.0,0.13,4199.87,0.25,90.72,4.15,376.9,60000.0,159.2,0.783,MONITOR,LOW,2.988,1.877,13.81,1,2,4,0,0,0,1,0,0
synth_002166,craze,1,0.663,1.438,0.726,5.21,2000.0,35.05,0.03,35.02,0.1,17.28,4.71,81.38,90000.0,1105.9,0.933,MONITOR,LOW,1.438,0.726,5.21,1,2,5,0,0,1,0,0,0
synth_002126,crack,5,0.84,2.196,0.827,8.72,3000.0,915.46,30.08,885.39,1.92,498.76,4.7,2344.53,40000.0,17.1,0.966,ENGINEERING_ASSESSMENT,CRITICAL,2.196,0.827,8.72,0,0,1,0,1,0,0,0,0
synth_001503,craze,5,0.969,11.729,0.943,9.09,4200.0,1546.13,149.2,1396.93,5.65,2051.03,6.42,13176.64,55000.0,4.2,0.875,REPAIR,HIGH,11.729,0.943,9.09,2,1,5,0,0,1,0,0,0
synth_000547,thunderstrike,4,0.443,1.723,2.085,10.85,2000.0,1575.58,0.52,1575.06,0.1,17.28,4.48,77.36,60000.0,775.6,0.811,ENGINEERING_ASSESSMENT,CRITICAL,1.723,2.085,10.85,0,0,0,0,0,0,0,0,1
synth_002742,crack,3,0.902,6.091,1.879,14.0,2500.0,2500.0,0.45,2499.55,1.57,340.05,5.04,1713.84,60000.0,35.0,0.779,ENGINEERING_ASSESSMENT,CRITICAL,6.091,1.879,14.0,0,0,1,0,1,0,0,0,0
synth_002986,craze,3,0.868,4.088,2.161,11.12,3000.0,2618.8,52.92,2565.88,1.18,306.81,6.24,1915.1,55000.0,28.7,0.771,REPAIR,HIGH,4.088,2.161,11.12,2,1,5,0,0,1,0,0,0
synth_001832,surface_injure,1,0.671,0.734,1.971,5.96,3000.0,126.65,0.11,126.54,0.1,25.92,4.6,119.13,75000.0,629.6,0.96,MONITOR,LOW,0.734,1.971,5.96,1,2,2,0,0,0,0,1,0
synth_000568,thunderstrike,5,0.386,7.209,3.231,7.75,3600.0,628.34,0.12,628.22,0.1,31.1,3.95,122.76,80000.0,651.7,0.895,ENGINEERING_ASSESSMENT,CRITICAL,7.209,3.231,7.75,0,0,0,0,0,0,0,0,1
synth_000871,surface_injure,2,0.622,0.635,3.037,9.33,3600.0,1488.86,1.63,1487.24,0.1,31.1,4.41,137.09,90000.0,656.5,0.901,MONITOR,LOW,0.635,3.037,9.33,1,2,2,0,0,0,0,1,0
synth_002542,surface_injure,1,0.562,1.244,3.343,9.138434681408205,2000.0,984.85,0.27,984.58,0.1,17.28,4.51,77.95,75000.0,962.2,0.94,MONITOR,LOW,1.244,3.343,9.138434681408205,1,2,2,0,0,0,0,1,0
synth_001089,craze,3,0.927,7.881,2.62,7.67,3600.0,597.89,19.74,578.14,1.93,601.6,5.17,3112.03,35000.0,11.2,0.813,REPAIR,HIGH,7.881,2.62,7.67,2,1,5,0,0,1,0,0,0
synth_002481,thunderstrike,3,0.735,2.523,2.502,9.138434681408205,2000.0,2000.0,0.09,1999.91,0.38,65.01,3.66,238.1,40000.0,168.0,0.906,ENGINEERING_ASSESSMENT,CRITICAL,2.523,2.502,9.138434681408205,0,0,0,0,0,0,0,0,1
synth_000611,surface_injure,2,0.206,0.678,2.023,5.58,3600.0,100.85,0.0,100.85,0.1,31.1,3.98,123.72,90000.0,727.4,0.84,MONITOR,LOW,0.678,2.023,5.58,1,2,2,0,0,0,0,1,0
synth_002439,surface_injure,3,0.557,1.224,0.842,10.07,3600.0,2075.06,2.0,2073.06,0.1,31.1,4.97,154.72,60000.0,387.8,0.87,MONITOR,LOW,1.224,0.842,10.07,1,2,2,0,0,0,0,1,0
synth_001907,crack,4,0.796,6.046,1.583,14.97,3600.0,3600.0,0.44,3599.56,1.06,329.32,4.02,1323.46,40000.0,30.2,0.787,ENGINEERING_ASSESSMENT,CRITICAL,6.046,1.583,14.97,0,0,1,0,1,0,0,0,0
synth_003298,corrosion,5,0.978,10.711,1.894,9.138434681408205,2500.0,544.32,55.47,488.85,5.97,1289.31,6.09,7858.29,35000.0,4.5,0.775,REPAIR,HIGH,10.711,1.894,9.138434681408205,2,1,3,1,0,0,0,0,0
synth_003564,thunderstrike,4,0.466,4.325,2.625,11.41,2500.0,2423.41,1.19,2422.21,0.1,21.6,5.06,109.39,60000.0,548.5,0.8642600936220012,ENGINEERING_ASSESSMENT,CRITICAL,4.325,2.625,11.41,0,0,0,0,0,0,0,0,1
synth_000742,craze,1,0.269,2.419,1.481,5.8,2500.0,89.55,0.0,89.55,0.1,21.6,4.52,97.68,90000.0,921.4,0.879,MONITOR,LOW,2.419,1.481,5.8,1,2,5,0,0,1,0,0,0
synth_003230,surface_injure,5,0.92,6.386,0.961,7.68,2000.0,334.42,21.78,312.64,3.81,659.16,6.45,4250.31,25000.0,5.9,0.823,REPAIR,HIGH,6.386,0.961,7.68,2,1,2,0,0,0,0,1,0
synth_003414,thunderstrike,5,0.911,4.999,2.236,9.24,3600.0,1424.67,85.69,1338.97,3.52,1095.82,3.51,3850.26,40000.0,10.4,0.977,ENGINEERING_ASSESSMENT,CRITICAL,4.999,2.236,9.24,0,0,0,0,0,0,0,0,1
synth_001826,craze,3,0.82,11.977,2.051,10.0,4200.0,2343.64,35.17,2308.47,0.88,318.96,4.66,1485.04,35000.0,23.6,0.978,REPAIR,HIGH,11.977,2.051,10.0,2,1,5,0,0,1,0,0,0
synth_000581,corrosion,1,0.677,1.715,2.38,4.42,4200.0,19.72,0.02,19.7,0.1,36.29,4.55,165.18,50000.0,302.7,0.979,MONITOR,LOW,1.715,2.38,4.42,1,2,3,1,0,0,0,0,0
synth_003257,craze,4,0.843,6.103,2.16,9.75,3000.0,1500.57,40.08,1460.49,1.56,405.5,4.36,1768.25,55000.0,31.1,0.781,REPAIR,HIGH,6.103,2.16,9.75,2,1,5,0,0,1,0,0,0
synth_001885,craze,4,0.819,10.539,2.897,8.06,2500.0,527.31,12.06,515.25,1.34,289.38,4.42,1280.12,45000.0,35.2,0.796,REPAIR,HIGH,10.539,2.897,8.06,2,1,5,0,0,1,0,0,0
synth_001003,corrosion,3,0.832,5.162,1.273,7.24,3000.0,372.11,5.77,366.34,0.91,235.34,5.99,1409.44,25000.0,17.7,0.957,REPAIR,HIGH,5.162,1.273,7.24,2,1,3,1,0,0,0,0,0
synth_000073,thunderstrike,3,0.889,5.37,2.692,6.17,2500.0,129.55,3.15,126.41,1.42,307.22,5.38,1652.74,80000.0,48.4,0.782,ENGINEERING_ASSESSMENT,CRITICAL,5.37,2.692,6.17,0,0,0,0,0,0,0,0,1
synth_000048,hide_craze,1,0.259,0.977,1.188,5.5,3600.0,92.14,0.0,92.14,0.1,31.1,4.2,130.48,75000.0,574.8,0.768,MONITOR,LOW,0.977,1.188,5.5,1,2,4,0,0,0,1,0,0
synth_001886,craze,5,0.855,3.527,1.797,9.95,2000.0,1094.25,41.83,1052.41,2.24,386.91,6.31,2441.36,35000.0,14.3,0.829,REPAIR,HIGH,3.527,1.797,9.95,2,1,5,0,0,1,0,0,0
synth_001094,surface_injure,1,0.444,1.687,1.151,7.27,3600.0,455.03,0.03,455.0,0.1,31.1,3.91,121.62,75000.0,616.7,0.786,MONITOR,LOW,1.687,1.151,7.27,1,2,2,0,0,0,0,1,0
synth_001501,hide_craze,1,0.209,0.738,3.485,7.91,3000.0,576.74,0.0,576.74,0.1,25.92,4.1,106.32,50000.0,470.3,0.781,MONITOR,LOW,0.738,3.485,7.91,1,2,4,0,0,0,1,0,0
synth_003207,hide_craze,1,0.524,1.347,0.769,10.82,2000.0,1557.74,0.27,1557.48,0.1,17.28,4.07,70.3,75000.0,1066.9,0.764,MONITOR,LOW,1.347,0.769,10.82,1,2,4,0,0,0,1,0,0
synth_003041,craze,2,0.272,3.794,2.227,4.88,2000.0,21.77,0.0,21.77,0.1,17.28,4.87,84.18,90000.0,1069.1,0.89,MONITOR,LOW,3.794,2.227,4.88,1,2,5,0,0,1,0,0,0
synth_000756,crack,3,0.746,6.453,2.937,5.2,3000.0,52.05,0.39,51.66,0.44,114.7,5.28,605.72,80000.0,132.1,0.936,ENGINEERING_ASSESSMENT,CRITICAL,6.453,2.937,5.2,0,0,1,0,1,0,0,0,0
synth_001074,craze,1,0.367,2.534,1.624,9.138434681408205,4200.0,521.6,0.01,521.6,0.1,36.29,4.94,179.38,50000.0,278.7,0.878,MONITOR,LOW,2.534,1.624,9.138434681408205,1,2,5,0,0,1,0,0,0
synth_002473,hide_craze,1,0.661,2.463,0.565,6.95,3600.0,361.76,0.3,361.45,0.1,31.1,4.98,154.83,90000.0,581.3,0.969,MONITOR,LOW,2.463,0.565,6.95,1,2,4,0,0,0,1,0,0
synth_000978,crack,3,0.43,7.934,2.653,13.02,2000.0,2000.0,0.0,2000.0,0.1,17.28,5.0,86.34,40000.0,463.3,0.801,ENGINEERING_ASSESSMENT,CRITICAL,7.934,2.653,13.02,0,0,1,0,1,0,0,0,0
synth_003514,crack,3,0.364,2.043,2.043,11.1,2500.0,2167.12,0.12,2167.0,0.1,21.6,3.96,85.6,80000.0,934.6,0.864,ENGINEERING_ASSESSMENT,CRITICAL,2.043,2.043,11.1,0,0,1,0,1,0,0,0,0
synth_002541,surface_injure,3,0.526,2.431,3.142,13.97,2000.0,2000.0,0.01,1999.99,0.1,17.28,3.94,68.0,80000.0,1176.5,0.757,MONITOR,LOW,2.431,3.142,13.97,1,2,2,0,0,0,0,1,0
synth_001455,hide_craze,3,0.856,3.089,1.792,11.0,2000.0,1665.14,30.18,1634.96,1.06,183.42,6.17,1132.1,35000.0,30.9,0.887,REPAIR,HIGH,3.089,1.792,11.0,2,1,4,0,0,0,1,0,0
synth_002761,craze,5,0.944,7.481,3.214,9.138434681408205,3600.0,2787.65,218.16,2569.49,4.58,1425.72,6.45,9195.76,35000.0,3.8,0.806,REPAIR,HIGH,7.481,3.214,9.138434681408205,2,1,5,0,0,1,0,0,0
synth_001407,hide_craze,4,0.817,8.926,0.792,7.79,2500.0,447.18,9.95,437.23,1.3,281.58,5.28,1487.6,55000.0,37.0,0.86,REPAIR,HIGH,8.926,0.792,7.79,2,1,4,0,0,0,1,0,0
synth_002354,crack,3,0.827,6.822,1.698,8.3,2500.0,605.1,9.23,595.88,0.89,192.89,4.69,903.72,40000.0,44.3,0.792,ENGINEERING_ASSESSMENT,CRITICAL,6.822,1.698,8.3,0,0,1,0,1,0,0,0,0
synth_000572,hide_craze,2,0.75,0.415,0.752,7.31,2500.0,325.84,1.22,324.62,0.22,47.47,4.52,214.49,50000.0,233.1,0.933,MONITOR,LOW,0.415,0.752,7.31,1,2,4,0,0,0,1,0,0
synth_001963,surface_injure,4,0.939,9.18,2.361,7.52,4200.0,630.41,35.72,594.69,3.32,1204.29,4.21,5072.15,45000.0,8.9,0.8642600936220012,REPAIR,HIGH,9.18,2.361,7.52,2,1,2,0,0,0,0,1,0
synth_003548,thunderstrike,3,0.77,5.686,3.336,6.09,2000.0,95.77,0.89,94.88,0.54,94.0,5.49,516.05,60000.0,116.3,0.807,ENGINEERING_ASSESSMENT,CRITICAL,5.686,3.336,6.09,0,0,0,0,0,0,0,0,1
synth_002865,hide_craze,1,0.535,0.754,2.496,7.15,4200.0,487.23,0.09,487.14,0.1,36.29,4.23,153.57,50000.0,325.6,0.879,MONITOR,LOW,0.754,2.496,7.15,1,2,4,0,0,0,1,0,0
synth_002506,corrosion,3,0.486,5.767,0.666,11.66,3000.0,3000.0,0.01,2999.99,0.1,25.92,4.71,122.15,60000.0,491.2,0.975,MONITOR,LOW,5.767,0.666,11.66,1,2,3,1,0,0,0,0,0
synth_002196,craze,3,0.81,6.778,1.594,10.68,4200.0,3099.32,40.9,3058.42,0.77,280.51,4.03,1131.73,55000.0,48.6,0.803,REPAIR,HIGH,6.778,1.594,10.68,2,1,5,0,0,1,0,0,0
synth_002289,hide_craze,3,0.877,3.237,1.939,9.78,3000.0,1523.38,32.54,1490.84,1.25,324.28,6.12,1985.11,45000.0,22.7,0.855,REPAIR,HIGH,3.237,1.939,9.78,2,1,4,0,0,0,1,0,0
synth_001204,thunderstrike,3,0.335,7.758,0.985,13.52,4200.0,4200.0,0.0,4200.0,0.1,36.29,5.33,193.29,40000.0,206.9,0.906,ENGINEERING_ASSESSMENT,CRITICAL,7.758,0.985,13.52,0,0,0,0,0,0,0,0,1
synth_003115,corrosion,2,0.64,2.383,1.972,5.5,2500.0,63.36,0.09,63.27,0.1,21.6,4.32,93.34,90000.0,964.2,0.77,MONITOR,LOW,2.383,1.972,5.5,1,2,3,1,0,0,0,0,0
synth_001406,corrosion,3,0.863,11.771,3.149,11.23,3600.0,3262.8,68.63,3194.17,1.23,383.22,4.68,1793.36,55000.0,30.7,0.954,REPAIR,HIGH,11.771,3.149,11.23,2,1,3,1,0,0,0,0,0
synth_002131,surface_injure,5,0.847,4.192,1.923,7.42,4200.0,590.66,21.55,569.11,2.14,775.31,4.85,3758.93,25000.0,6.7,0.913,REPAIR,HIGH,4.192,1.923,7.42,2,1,2,0,0,0,0,1,0
synth_002758,surface_injure,4,0.936,10.239,2.702,8.4,3600.0,923.54,51.44,872.1,3.26,1014.68,5.44,5518.26,35000.0,6.3,0.96,REPAIR,HIGH,10.239,2.702,8.4,2,1,2,0,0,0,0,1,0
synth_002206,craze,3,0.902,6.081,2.981,10.35,4200.0,2712.11,72.96,2639.14,1.58,571.8,6.08,3477.86,35000.0,10.1,0.845,REPAIR,HIGH,6.081,2.981,10.35,2,1,5,0,0,1,0,0,0
synth_003533,thunderstrike,5,0.947,4.108,1.418,10.51,3000.0,2071.36,159.05,1912.31,4.5,1165.73,4.51,5251.68,60000.0,11.4,0.789,ENGINEERING_ASSESSMENT,CRITICAL,4.108,1.418,10.51,0,0,0,0,0,0,0,0,1
synth_003318,hide_craze,4,0.945,3.94,2.779,8.93,2500.0,850.24,47.17,803.07,3.25,701.94,5.75,4039.12,55000.0,13.6,0.79,REPAIR,HIGH,3.94,2.779,8.93,2,1,4,0,0,0,1,0,0
synth_000259,hide_craze,4,0.956,10.973,3.309,8.95,3000.0,1030.13,66.57,963.56,3.79,981.13,6.27,6156.45,55000.0,8.9,0.771,REPAIR,HIGH,10.973,3.309,8.95,2,1,4,0,0,0,1,0,0
synth_001600,corrosion,2,0.219,2.809,2.825,9.02,2000.0,711.74,0.0,711.74,0.1,17.28,4.99,86.25,90000.0,1043.5,0.763,MONITOR,LOW,2.809,2.825,9.02,1,2,3,1,0,0,0,0,0
synth_001831,thunderstrike,3,0.505,7.32,1.505,7.34,2000.0,266.37,0.15,266.22,0.1,17.28,4.6,79.42,40000.0,503.7,0.966,ENGINEERING_ASSESSMENT,CRITICAL,7.32,1.505,7.34,0,0,0,0,0,0,0,0,1
synth_003244,thunderstrike,5,0.405,2.417,2.614,5.77,4200.0,144.59,0.04,144.55,0.1,36.29,4.98,180.9,60000.0,331.7,0.922,ENGINEERING_ASSESSMENT,CRITICAL,2.417,2.614,5.77,0,0,0,0,0,0,0,0,1
synth_000812,crack,3,0.545,5.649,1.903,7.55,2500.0,383.68,0.35,383.33,0.1,21.6,3.75,81.09,80000.0,986.6,0.936,ENGINEERING_ASSESSMENT,CRITICAL,5.649,1.903,7.55,0,0,1,0,1,0,0,0,0
synth_002591,hide_craze,3,0.961,7.997,0.808,8.08,2000.0,426.98,17.97,409.01,2.46,425.86,5.99,2552.37,25000.0,9.8,0.8642600936220012,REPAIR,HIGH,7.997,0.808,8.08,2,1,4,0,0,0,1,0,0
synth_002117,surface_injure,4,0.909,3.923,2.175,11.28,3600.0,3328.79,142.91,3185.87,2.51,782.14,4.48,3503.06,25000.0,7.1,0.952,REPAIR,HIGH,3.923,2.175,11.28,2,1,2,0,0,0,0,1,0
synth_001546,thunderstrike,4,0.464,3.794,1.946,14.83,2000.0,2000.0,0.01,1999.99,0.1,17.28,3.99,68.94,60000.0,870.3,0.775,ENGINEERING_ASSESSMENT,CRITICAL,3.794,1.946,14.83,0,0,0,0,0,0,0,0,1
synth_001623,corrosion,2,0.691,0.954,1.373,8.79,2500.0,790.08,1.77,788.31,0.13,28.31,4.17,117.94,50000.0,423.9,0.935,MONITOR,LOW,0.954,1.373,8.79,1,2,3,1,0,0,0,0,0
synth_003427,crack,5,0.627,3.379,2.808,8.31,4200.0,1024.24,4.88,1019.36,0.28,101.34,3.62,366.39,80000.0,218.3,0.891,ENGINEERING_ASSESSMENT,CRITICAL,3.379,2.808,8.31,0,0,1,0,1,0,0,0,0
synth_001973,crack,3,0.898,3.537,1.006,8.07,2000.0,423.66,10.68,412.98,1.48,255.23,5.22,1331.26,80000.0,60.1,0.95,ENGINEERING_ASSESSMENT,CRITICAL,3.537,1.006,8.07,0,0,1,0,1,0,0,0,0
synth_002801,corrosion,3,0.876,5.266,1.981,9.61,4200.0,1975.51,43.17,1932.33,1.28,464.48,6.06,2817.04,25000.0,8.9,0.934,REPAIR,HIGH,5.266,1.981,9.61,2,1,3,1,0,0,0,0,0
synth_003265,corrosion,1,0.706,3.794,2.216,6.2,2000.0,107.1,0.13,106.97,0.1,17.28,4.17,71.99,75000.0,1041.8,0.868,MONITOR,LOW,3.794,2.216,6.2,1,2,3,1,0,0,0,0,0
synth_002619,crack,3,0.865,9.155,3.192,7.14,3600.0,416.01,8.75,407.25,1.23,383.39,6.23,2387.38,45000.0,18.8,0.791,REPAIR,HIGH,9.155,3.192,7.14,2,1,1,0,1,0,0,0,0
synth_001378,surface_injure,3,0.929,11.213,1.552,10.34,3000.0,1929.34,66.14,1863.19,2.01,520.48,4.84,2518.46,25000.0,9.9,0.883,REPAIR,HIGH,11.213,1.552,10.34,2,1,2,0,0,0,0,1,0
synth_003452,thunderstrike,5,0.797,3.515,1.067,7.62,2000.0,320.18,7.65,312.53,1.4,241.67,3.72,899.63,80000.0,88.9,0.979,ENGINEERING_ASSESSMENT,CRITICAL,3.515,1.067,7.62,0,0,0,0,0,0,0,0,1
synth_003133,crack,5,0.869,3.825,2.49,10.47,2000.0,1359.27,58.28,1301.0,2.51,433.92,4.98,2159.86,60000.0,27.8,0.98,ENGINEERING_ASSESSMENT,CRITICAL,3.825,2.49,10.47,0,0,1,0,1,0,0,0,0
synth_001237,crack,3,0.477,7.409,2.348,13.28,2000.0,2000.0,0.01,1999.99,0.1,17.28,5.46,94.37,40000.0,423.9,0.794,ENGINEERING_ASSESSMENT,CRITICAL,7.409,2.348,13.28,0,0,1,0,1,0,0,0,0
synth_003432,crack,3,0.565,4.037,1.696,12.34,3000.0,3000.0,0.02,2999.98,0.1,25.92,4.74,122.78,60000.0,488.7,0.919,ENGINEERING_ASSESSMENT,CRITICAL,4.037,1.696,12.34,0,0,1,0,1,0,0,0,0
synth_001071,hide_craze,1,0.273,2.689,1.98,11.5,4200.0,4200.0,0.0,4200.0,0.1,36.29,3.58,129.93,75000.0,577.2,0.774,MONITOR,LOW,2.689,1.98,11.5,1,2,4,0,0,0,1,0,0
synth_002846,hide_craze,4,0.958,9.292,2.301,8.2,3600.0,822.43,53.15,769.28,3.79,1177.33,5.12,6032.61,35000.0,5.8,0.852,REPAIR,HIGH,9.292,2.301,8.2,2,1,4,0,0,0,1,0,0
synth_001745,craze,5,0.958,7.387,2.932,9.56,4200.0,1933.05,167.14,1765.9,5.06,1837.8,4.05,7437.23,25000.0,3.4,0.8642600936220012,REPAIR,HIGH,7.387,2.932,9.56,2,1,5,0,0,1,0,0,0
synth_002140,corrosion,2,0.248,0.775,0.977,6.56,2500.0,183.55,0.0,183.55,0.1,21.6,4.68,101.13,90000.0,889.9,0.833,MONITOR,LOW,0.775,0.977,6.56,1,2,3,1,0,0,0,0,0
synth_003498,crack,5,0.526,6.686,2.059,9.65,3000.0,1435.81,2.22,1433.59,0.1,25.92,3.7,95.96,80000.0,833.7,0.889,ENGINEERING_ASSESSMENT,CRITICAL,6.686,2.059,9.65,0,0,1,0,1,0,0,0,0
synth_001918,surface_injure,2,0.388,0.683,2.104,4.14,2500.0,6.1,0.0,6.1,0.1,21.6,3.64,78.64,90000.0,1144.5,0.956,MONITOR,LOW,0.683,2.104,4.14,1,2,2,0,0,0,0,1,0
synth_001861,craze,1,0.303,2.011,3.447,10.96,3600.0,2953.14,0.01,2953.12,0.1,31.1,4.66,145.05,50000.0,344.7,0.812,MONITOR,LOW,2.011,3.447,10.96,1,2,5,0,0,1,0,0,0
synth_001725,craze,5,0.825,8.29,3.451,8.9,4200.0,1403.42,44.96,1358.46,1.88,680.88,4.05,2756.08,45000.0,16.3,0.774,REPAIR,HIGH,8.29,3.451,8.9,2,1,5,0,0,1,0,0,0
synth_003553,crack,3,0.393,4.63,1.707,12.49,3000.0,3000.0,0.0,3000.0,0.1,25.92,4.63,119.98,80000.0,666.8,0.885,ENGINEERING_ASSESSMENT,CRITICAL,4.63,1.707,12.49,0,0,1,0,1,0,0,0,0
synth_002957,thunderstrike,5,0.914,1.717,2.264,11.01,4200.0,3513.46,200.36,3313.1,3.34,1212.09,4.83,5858.25,40000.0,6.8,0.827,ENGINEERING_ASSESSMENT,CRITICAL,1.717,2.264,11.01,0,0,0,0,0,0,0,0,1
synth_000108,surface_injure,5,0.913,10.896,1.281,11.17,3000.0,2668.76,172.35,2496.41,3.78,980.46,6.49,6360.51,25000.0,3.9,0.924,REPAIR,HIGH,10.896,1.281,11.17,2,1,2,0,0,0,0,1,0
synth_001084,hide_craze,1,0.692,3.794,2.776,7.66,4200.0,693.58,0.79,692.8,0.1,36.29,4.35,158.01,75000.0,474.7,0.952,MONITOR,LOW,3.794,2.776,7.66,1,2,4,0,0,0,1,0,0
synth_001650,craze,1,0.232,2.068,2.043,4.64,2000.0,14.32,0.0,14.32,0.1,17.28,4.78,82.55,50000.0,605.7,0.92,MONITOR,LOW,2.068,2.043,4.64,1,2,5,0,0,1,0,0,0
synth_001377,corrosion,4,0.843,2.718,3.196,11.32,3000.0,2808.71,70.82,2737.89,1.48,382.78,4.86,1860.73,55000.0,29.6,0.912,REPAIR,HIGH,2.718,3.196,11.32,2,1,3,1,0,0,0,0,0
synth_000318,thunderstrike,5,0.618,4.007,2.697,12.41,2500.0,2500.0,0.08,2499.92,0.26,55.56,5.23,290.35,40000.0,137.8,0.818,ENGINEERING_ASSESSMENT,CRITICAL,4.007,2.697,12.41,0,0,0,0,0,0,0,0,1
synth_000816,crack,3,0.684,7.392,0.532,12.98,3600.0,3600.0,0.1,3599.9,0.25,78.1,5.34,417.28,60000.0,143.8,0.807,ENGINEERING_ASSESSMENT,CRITICAL,7.392,0.532,12.98,0,0,1,0,1,0,0,0,0
synth_000059,craze,1,0.502,1.49,1.49,5.65,3000.0,90.98,0.01,90.97,0.1,25.92,4.05,104.88,75000.0,715.1,0.759,MONITOR,LOW,1.49,1.49,5.65,1,2,5,0,0,1,0,0,0
synth_000893,thunderstrike,4,0.539,1.876,1.592,5.41,2000.0,45.87,0.06,45.81,0.1,17.28,4.06,70.21,60000.0,854.6,0.755,ENGINEERING_ASSESSMENT,CRITICAL,1.876,1.592,5.41,0,0,0,0,0,0,0,0,1
synth_001419,craze,3,0.802,7.47,2.855,11.16,3000.0,2653.3,33.11,2620.19,0.73,189.43,6.06,1148.44,35000.0,30.5,0.82,REPAIR,HIGH,7.47,2.855,11.16,2,1,5,0,0,1,0,0,0
synth_001370,crack,3,0.89,2.848,1.899,7.81,3600.0,652.26,15.22,637.03,1.37,425.19,4.33,1839.33,80000.0,43.5,0.903,ENGINEERING_ASSESSMENT,CRITICAL,2.848,1.899,7.81,0,0,1,0,1,0,0,0,0
synth_001295,craze,2,0.512,1.719,0.94,11.67,3000.0,3000.0,0.01,2999.99,0.1,25.92,3.81,98.73,90000.0,911.6,0.8642600936220012,MONITOR,LOW,1.719,0.94,11.67,1,2,5,0,0,1,0,0,0
synth_003506,thunderstrike,3,0.831,7.952,1.914,11.34,3000.0,2829.59,44.82,2784.77,0.93,240.5,4.26,1023.87,40000.0,39.1,0.947,ENGINEERING_ASSESSMENT,CRITICAL,7.952,1.914,11.34,0,0,0,0,0,0,0,0,1
synth_001966,craze,1,0.691,0.957,1.151,9.03,3000.0,1070.56,1.16,1069.4,0.1,25.92,4.88,126.39,90000.0,712.1,0.783,MONITOR,LOW,0.957,1.151,9.03,1,2,5,0,0,1,0,0,0
synth_000765,thunderstrike,3,0.387,6.641,1.014,14.9,3600.0,3600.0,0.0,3600.0,0.1,31.1,4.25,132.32,60000.0,453.4,0.753,ENGINEERING_ASSESSMENT,CRITICAL,6.641,1.014,14.9,0,0,0,0,0,0,0,0,1
synth_002484,thunderstrike,4,0.523,1.861,1.31,10.06,2000.0,1145.5,1.15,1144.35,0.1,17.28,3.75,64.77,80000.0,1235.1,0.8642600936220012,ENGINEERING_ASSESSMENT,CRITICAL,1.861,1.31,10.06,0,0,0,0,0,0,0,0,1
synth_001979,thunderstrike,4,0.667,1.876,1.207,12.56,3600.0,3600.0,0.13,3599.87,0.3,93.6,4.92,460.89,60000.0,130.2,0.796,ENGINEERING_ASSESSMENT,CRITICAL,1.876,1.207,12.56,0,0,0,0,0,0,0,0,1
synth_000912,craze,5,0.817,6.229,3.282,8.31,3600.0,878.28,25.75,852.53,1.72,534.07,6.06,3234.78,45000.0,13.9,0.87,REPAIR,HIGH,6.229,3.282,8.31,2,1,5,0,0,1,0,0,0
synth_001220,craze,3,0.464,3.29,1.95,10.37,2500.0,1630.42,0.49,1629.93,0.1,21.6,3.92,84.74,80000.0,944.1,0.783,MONITOR,LOW,3.29,1.95,10.37,1,2,5,0,0,1,0,0,0
synth_003089,hide_craze,5,0.818,6.496,2.399,7.71,2500.0,424.89,12.61,412.28,1.74,375.46,6.14,2303.94,55000.0,23.9,0.8642600936220012,REPAIR,HIGH,6.496,2.399,7.71,2,1,4,0,0,0,1,0,0
synth_000727,crack,5,0.623,4.811,1.028,6.68,2500.0,203.6,0.95,202.65,0.27,59.08,5.02,296.64,60000.0,202.3,0.795,ENGINEERING_ASSESSMENT,CRITICAL,4.811,1.028,6.68,0,0,1,0,1,0,0,0,0
synth_001641,corrosion,2,0.428,1.745,1.914,8.81,2000.0,640.07,0.06,640.01,0.1,17.28,5.0,86.36,90000.0,1042.1,0.845,MONITOR,LOW,1.745,1.914,8.81,1,2,3,1,0,0,0,0,0
synth_002553,crack,3,0.551,7.084,2.279,5.39,4200.0,93.3,0.09,93.21,0.1,36.29,3.79,137.59,40000.0,290.7,0.848,ENGINEERING_ASSESSMENT,CRITICAL,7.084,2.279,5.39,0,0,1,0,1,0,0,0,0
synth_000220,corrosion,5,0.908,4.65,3.209,9.138434681408205,2500.0,1574.6,91.72,1482.88,3.41,736.97,5.5,4051.14,45000.0,11.1,0.904,REPAIR,HIGH,4.65,3.209,9.138434681408205,2,1,3,1,0,0,0,0,0
synth_002670,crack,3,0.921,5.295,1.155,12.28,2500.0,2500.0,0.52,2499.48,1.8,388.58,5.3,2058.75,80000.0,38.9,0.813,ENGINEERING_ASSESSMENT,CRITICAL,5.295,1.155,12.28,0,0,1,0,1,0,0,0,0
synth_000582,surface_injure,3,0.902,10.755,2.259,11.07,3600.0,3080.86,86.49,2994.37,1.64,511.44,4.0,2046.72,35000.0,17.1,0.794,REPAIR,HIGH,10.755,2.259,11.07,2,1,2,0,0,0,0,1,0
synth_001055,crack,5,0.918,5.185,3.274,5.15,2500.0,40.38,2.56,37.83,3.71,800.73,4.21,3367.67,60000.0,17.8,0.855,ENGINEERING_ASSESSMENT,CRITICAL,5.185,3.274,5.15,0,0,1,0,1,0,0,0,0
synth_001192,crack,5,0.898,6.068,2.793,11.62,2500.0,2500.0,0.93,2499.07,3.24,700.45,4.38,3069.72,40000.0,13.0,0.885,ENGINEERING_ASSESSMENT,CRITICAL,6.068,2.793,11.62,0,0,1,0,1,0,0,0,0
synth_000907,surface_injure,4,0.848,10.626,2.304,7.14,4200.0,486.51,14.04,472.47,1.69,613.21,4.19,2569.5,25000.0,9.7,0.803,REPAIR,HIGH,10.626,2.304,7.14,2,1,2,0,0,0,0,1,0
synth_000056,corrosion,1,0.488,2.859,2.807,5.18,3600.0,60.45,0.01,60.44,0.1,31.1,4.89,152.08,75000.0,493.2,0.856,MONITOR,LOW,2.859,2.807,5.18,1,2,3,1,0,0,0,0,0
synth_000187,thunderstrike,3,0.544,4.771,0.606,10.24,2000.0,1236.73,1.11,1235.63,0.1,17.28,5.2,89.79,60000.0,668.2,0.753,ENGINEERING_ASSESSMENT,CRITICAL,4.771,0.606,10.24,0,0,0,0,0,0,0,0,1
synth_002124,surface_injure,2,0.615,2.865,3.17,9.91,2500.0,1340.31,1.47,1338.85,0.1,21.6,4.54,98.06,90000.0,917.8,0.791,MONITOR,LOW,2.865,3.17,9.91,1,2,2,0,0,0,0,1,0
synth_002080,hide_craze,5,0.822,6.931,1.802,9.59,3600.0,1678.38,51.81,1626.58,1.81,562.36,5.38,3024.04,55000.0,18.2,0.945,REPAIR,HIGH,6.931,1.802,9.59,2,1,4,0,0,0,1,0,0
synth_002425,craze,1,0.333,1.769,3.005,11.94,3000.0,3000.0,0.0,3000.0,0.1,25.92,4.63,120.12,75000.0,624.4,0.892,MONITOR,LOW,1.769,3.005,11.94,1,2,5,0,0,1,0,0,0
synth_003344,thunderstrike,3,0.643,2.846,2.501,14.86,2000.0,2000.0,0.04,1999.96,0.16,26.92,3.61,97.19,80000.0,823.1,0.839,ENGINEERING_ASSESSMENT,CRITICAL,2.846,2.501,14.86,0,0,0,0,0,0,0,0,1
synth_001805,thunderstrike,4,0.768,7.668,1.12,7.64,2000.0,325.56,4.71,320.85,0.85,146.51,3.68,538.48,80000.0,148.6,0.8642600936220012,ENGINEERING_ASSESSMENT,CRITICAL,7.668,1.12,7.64,0,0,0,0,0,0,0,0,1
synth_001255,corrosion,2,0.3,0.34,1.003,8.88,2500.0,827.23,0.01,827.22,0.1,21.6,4.11,88.78,90000.0,1013.7,0.85,MONITOR,LOW,0.34,1.003,8.88,1,2,3,1,0,0,0,0,0
synth_000468,craze,2,0.612,2.984,1.324,5.86,2000.0,76.33,0.08,76.25,0.1,17.28,3.58,61.88,75000.0,1212.0,0.84,MONITOR,LOW,2.984,1.324,5.86,1,2,5,0,0,1,0,0,0
synth_001149,craze,1,0.212,1.918,0.868,8.99,3000.0,1049.37,0.0,1049.37,0.1,25.92,4.22,109.45,50000.0,456.8,0.8642600936220012,MONITOR,LOW,1.918,0.868,8.99,1,2,5,0,0,1,0,0,0
synth_003308,corrosion,1,0.335,1.613,1.339,6.35,3600.0,220.63,0.0,220.63,0.1,31.1,3.58,111.34,50000.0,449.1,0.867,MONITOR,LOW,1.613,1.339,6.35,1,2,3,1,0,0,0,0,0
synth_002241,hide_craze,3,0.607,3.794,2.174,9.138434681408205,4200.0,4200.0,0.05,4199.95,0.11,40.65,5.07,206.29,60000.0,290.9,0.956,MONITOR,LOW,3.794,2.174,9.138434681408205,1,2,4,0,0,0,1,0,0
synth_000226,surface_injure,5,0.885,4.363,2.273,9.75,4200.0,2101.92,102.97,1998.95,2.87,1041.26,4.7,4895.7,55000.0,11.2,0.751,REPAIR,HIGH,4.363,2.273,9.75,2,1,2,0,0,0,0,1,0
synth_000535,corrosion,1,0.295,0.966,1.659,9.89,2000.0,1066.03,0.0,1066.02,0.1,17.28,3.58,61.82,90000.0,1455.8,0.922,MONITOR,LOW,0.966,1.659,9.89,1,2,3,1,0,0,0,0,0
synth_000905,corrosion,2,0.499,1.976,2.468,10.55,4200.0,2939.23,0.77,2938.45,0.1,36.29,4.46,161.9,90000.0,555.9,0.823,MONITOR,LOW,1.976,2.468,10.55,1,2,3,1,0,0,0,0,0
synth_000921,thunderstrike,3,0.527,5.958,1.979,9.138434681408205,2000.0,596.3,0.44,595.86,0.1,17.28,4.61,79.67,40000.0,502.1,0.968,ENGINEERING_ASSESSMENT,CRITICAL,5.958,1.979,9.138434681408205,0,0,0,0,0,0,0,0,1
synth_002600,corrosion,1,0.615,1.616,2.77,6.38,4200.0,265.16,0.13,265.03,0.1,36.29,3.67,133.09,90000.0,676.2,0.77,MONITOR,LOW,1.616,2.77,6.38,1,2,3,1,0,0,0,0,0
synth_003299,craze,1,0.508,0.888,2.139,8.58,3600.0,1019.18,0.14,1019.04,0.1,31.1,4.82,149.91,90000.0,600.4,0.98,MONITOR,LOW,0.888,2.139,8.58,1,2,5,0,0,1,0,0,0
synth_003407,crack,5,0.616,4.318,3.087,8.02,3000.0,618.18,2.68,615.5,0.25,65.71,4.03,264.64,80000.0,302.3,0.936,ENGINEERING_ASSESSMENT,CRITICAL,4.318,3.087,8.02,0,0,1,0,1,0,0,0,0
synth_003349,thunderstrike,4,0.545,5.962,2.517,14.29,2500.0,2500.0,0.02,2499.98,0.1,21.6,4.93,106.54,80000.0,750.9,0.824,ENGINEERING_ASSESSMENT,CRITICAL,5.962,2.517,14.29,0,0,0,0,0,0,0,0,1
synth_000697,corrosion,3,0.844,6.338,2.531,9.07,4200.0,1529.93,26.6,1503.33,1.02,369.53,4.04,1492.14,45000.0,30.2,0.78,REPAIR,HIGH,6.338,2.531,9.07,2,1,3,1,0,0,0,0,0
synth_002935,crack,4,0.7,7.706,1.873,8.31,2500.0,608.76,4.76,604.0,0.46,98.9,5.02,496.65,60000.0,120.8,0.892,ENGINEERING_ASSESSMENT,CRITICAL,7.706,1.873,8.31,0,0,1,0,1,0,0,0,0
synth_000210,corrosion,4,0.914,11.808,2.179,9.95,2000.0,1094.5,52.73,1041.77,2.82,487.62,4.32,2108.74,25000.0,11.9,0.757,REPAIR,HIGH,11.808,2.179,9.95,2,1,3,1,0,0,0,0,0
synth_002876,craze,1,0.682,0.791,3.028,7.19,3600.0,431.25,0.42,430.82,0.1,31.1,3.7,114.92,50000.0,435.1,0.793,MONITOR,LOW,0.791,3.028,7.19,1,2,5,0,0,1,0,0,0
synth_000069,craze,2,0.577,0.913,1.919,9.45,3000.0,1312.05,0.87,1311.18,0.1,25.92,4.64,120.28,90000.0,748.3,0.83,MONITOR,LOW,0.913,1.919,9.45,1,2,5,0,0,1,0,0,0
synth_000734,craze,5,0.884,3.456,2.609,8.39,2000.0,510.91,24.51,486.41,2.81,485.46,5.66,2747.38,55000.0,20.0,0.856,REPAIR,HIGH,3.456,2.609,8.39,2,1,5,0,0,1,0,0,0
synth_001694,hide_craze,2,0.667,1.017,0.942,6.43,3000.0,197.85,0.35,197.5,0.1,26.96,3.55,95.58,75000.0,784.7,0.855,MONITOR,LOW,1.017,0.942,6.43,1,2,4,0,0,0,1,0,0
synth_001292,crack,5,0.533,1.693,1.078,9.138434681408205,3600.0,3600.0,0.04,3599.96,0.1,31.1,4.69,145.95,80000.0,548.1,0.789,ENGINEERING_ASSESSMENT,CRITICAL,1.693,1.078,9.138434681408205,0,0,1,0,1,0,0,0,0
synth_003264,craze,2,0.293,2.653,0.854,7.14,3600.0,416.1,0.0,416.09,0.1,31.1,3.88,120.66,75000.0,621.6,0.83,MONITOR,LOW,2.653,0.854,7.14,1,2,5,0,0,1,0,0,0
synth_003147,thunderstrike,4,0.437,1.532,3.372,11.04,2000.0,1689.87,0.5,1689.37,0.1,17.28,4.46,77.07,40000.0,519.0,0.842,ENGINEERING_ASSESSMENT,CRITICAL,1.532,3.372,11.04,0,0,0,0,0,0,0,0,1
synth_000376,surface_injure,1,0.343,2.39,0.658,5.92,3600.0,146.03,0.0,146.03,0.1,31.1,3.72,115.58,90000.0,778.7,0.87,MONITOR,LOW,2.39,0.658,5.92,1,2,2,0,0,0,0,1,0
synth_000436,hide_craze,2,0.502,1.083,0.653,7.15,2500.0,289.94,0.08,289.87,0.1,21.6,3.86,83.28,50000.0,600.4,0.933,MONITOR,LOW,1.083,0.653,7.15,1,2,4,0,0,0,1,0,0
synth_002414,craze,4,0.932,4.164,0.552,11.07,3000.0,2566.59,130.79,2435.8,2.98,773.62,5.1,3947.15,35000.0,8.9,0.874,REPAIR,HIGH,4.164,0.552,11.07,2,1,5,0,0,1,0,0,0
synth_001904,craze,3,0.834,3.794,1.757,7.2,4200.0,505.72,8.5,497.22,0.98,357.22,4.59,1638.19,35000.0,21.4,0.8642600936220012,REPAIR,HIGH,3.794,1.757,7.2,2,1,5,0,0,1,0,0,0
synth_003347,crack,4,0.571,1.01,1.022,5.54,3000.0,79.99,0.14,79.85,0.1,26.73,4.38,117.04,40000.0,341.8,0.842,ENGINEERING_ASSESSMENT,CRITICAL,1.01,1.022,5.54,0,0,1,0,1,0,0,0,0
synth_000208,crack,5,0.883,2.182,1.053,10.07,4200.0,2417.38,111.46,2305.92,2.7,980.03,4.7,4602.44,80000.0,17.4,0.919,ENGINEERING_ASSESSMENT,CRITICAL,2.182,1.053,10.07,0,0,1,0,1,0,0,0,0
synth_001580,surface_injure,2,0.514,0.499,2.735,9.05,3000.0,1081.4,0.33,1081.07,0.1,25.92,4.35,112.82,50000.0,443.2,0.972,MONITOR,LOW,0.499,2.735,9.05,1,2,2,0,0,0,0,1,0
synth_000565,thunderstrike,3,0.673,4.603,0.891,10.13,3000.0,1772.59,6.62,1765.98,0.22,56.67,3.71,210.5,80000.0,380.0,0.919,ENGINEERING_ASSESSMENT,CRITICAL,4.603,0.891,10.13,0,0,0,0,0,0,0,0,1
synth_000313,hide_craze,1,0.424,1.575,2.639,11.42,2500.0,2427.38,0.1,2427.28,0.1,21.6,3.66,79.01,90000.0,1139.1,0.844,MONITOR,LOW,1.575,2.639,11.42,1,2,4,0,0,0,1,0,0
synth_000601,hide_craze,2,0.503,1.036,1.053,9.38,3000.0,1267.95,0.34,1267.6,0.1,25.92,3.99,103.5,50000.0,483.1,0.925,MONITOR,LOW,1.036,1.053,9.38,1,2,4,0,0,0,1,0,0
synth_000233,corrosion,1,0.608,0.386,2.585,8.27,3600.0,858.83,0.38,858.45,0.1,31.1,3.71,115.48,50000.0,433.0,0.818,MONITOR,LOW,0.386,2.585,8.27,1,2,3,1,0,0,0,0,0
synth_003116,surface_injure,4,0.914,5.381,3.018,7.42,2500.0,351.51,16.01,335.51,2.67,576.1,4.78,2752.46,35000.0,12.7,0.96,REPAIR,HIGH,5.381,3.018,7.42,2,1,2,0,0,0,0,1,0
synth_003266,surface_injure,4,0.85,10.253,3.311,10.49,3600.0,2461.91,71.92,2389.98,1.71,532.22,4.37,2326.07,55000.0,23.6,0.775,REPAIR,HIGH,10.253,3.311,10.49,2,1,2,0,0,0,0,1,0
synth_002910,surface_injure,3,0.921,11.813,1.932,9.5,3000.0,1338.77,43.63,1295.14,1.91,494.81,6.35,3139.87,25000.0,8.0,0.83,REPAIR,HIGH,11.813,1.932,9.5,2,1,2,0,0,0,0,1,0
synth_001114,crack,4,0.345,2.032,3.139,11.94,2500.0,2500.0,0.0,2500.0,0.1,21.6,5.29,114.16,40000.0,350.4,0.8642600936220012,ENGINEERING_ASSESSMENT,CRITICAL,2.032,3.139,11.94,0,0,1,0,1,0,0,0,0
synth_000012,surface_injure,3,0.448,3.99,0.994,13.18,3000.0,3000.0,0.0,3000.0,0.1,25.92,5.22,135.34,80000.0,591.1,0.846,MONITOR,LOW,3.99,0.994,13.18,1,2,2,0,0,0,0,1,0
synth_000111,crack,3,0.332,4.728,3.474,14.62,2500.0,2500.0,0.0,2500.0,0.1,21.6,3.72,80.33,40000.0,497.9,0.864,ENGINEERING_ASSESSMENT,CRITICAL,4.728,3.474,14.62,0,0,1,0,1,0,0,0,0
synth_002249,thunderstrike,4,0.897,3.514,2.604,13.56,2500.0,2500.0,0.67,2499.33,2.27,490.19,5.31,2600.82,80000.0,30.8,0.925,ENGINEERING_ASSESSMENT,CRITICAL,3.514,2.604,13.56,0,0,0,0,0,0,0,0,1
synth_001652,corrosion,2,0.344,1.343,1.198,9.54,2500.0,1136.94,0.02,1136.92,0.1,21.6,4.77,103.01,75000.0,728.1,0.925,MONITOR,LOW,1.343,1.198,9.54,1,2,3,1,0,0,0,0,0
synth_002486,craze,3,0.921,9.393,2.4,9.61,3600.0,1689.58,54.25,1635.33,1.88,584.95,4.12,2412.69,45000.0,18.7,0.904,REPAIR,HIGH,9.393,2.4,9.61,2,1,5,0,0,1,0,0,0
synth_001993,surface_injure,1,0.524,2.638,2.134,4.19,3600.0,9.76,0.0,9.76,0.1,31.1,3.97,123.58,90000.0,728.3,0.846,MONITOR,LOW,2.638,2.134,4.19,1,2,2,0,0,0,0,1,0
synth_001659,surface_injure,1,0.4,1.736,1.847,10.86,2500.0,1977.03,0.06,1976.97,0.1,21.6,4.27,92.26,50000.0,541.9,0.827,MONITOR,LOW,1.736,1.847,10.86,1,2,2,0,0,0,0,1,0
synth_001017,hide_craze,4,0.922,10.299,0.636,10.52,3000.0,2078.47,104.83,1973.64,2.95,765.72,5.36,4104.61,55000.0,13.4,0.939,REPAIR,HIGH,10.299,0.636,10.52,2,1,4,0,0,0,1,0,0
synth_003026,hide_craze,1,0.689,3.794,1.612,6.18,3600.0,189.23,0.21,189.03,0.1,31.1,4.91,152.64,75000.0,491.4,0.8642600936220012,MONITOR,LOW,3.794,1.612,6.18,1,2,4,0,0,0,1,0,0
synth_001151,crack,5,0.83,6.033,3.175,9.138434681408205,2500.0,621.49,20.3,601.19,1.91,413.28,6.15,2539.97,25000.0,9.8,0.933,REPAIR,HIGH,6.033,3.175,9.138434681408205,2,1,1,0,1,0,0,0,0
synth_002852,corrosion,1,0.431,0.804,1.954,9.4,3600.0,1538.46,0.07,1538.39,0.1,31.1,4.26,132.48,50000.0,377.4,0.787,MONITOR,LOW,0.804,1.954,9.4,1,2,3,1,0,0,0,0,0
synth_000472,thunderstrike,5,0.34,2.567,3.216,8.63,4200.0,1222.22,0.09,1222.12,0.1,36.29,4.38,158.85,80000.0,503.6,0.92,ENGINEERING_ASSESSMENT,CRITICAL,2.567,3.216,8.63,0,0,0,0,0,0,0,0,1
synth_000490,hide_craze,1,0.464,2.298,1.954,8.37,2000.0,503.06,0.04,503.02,0.1,17.28,3.81,65.77,90000.0,1368.4,0.861,MONITOR,LOW,2.298,1.954,8.37,1,2,4,0,0,0,1,0,0
synth_002662,craze,3,0.936,8.269,1.702,11.17,2500.0,2219.22,78.66,2140.56,2.08,448.41,4.96,2224.06,55000.0,24.7,0.785,REPAIR,HIGH,8.269,1.702,11.17,2,1,5,0,0,1,0,0,0
synth_002245,surface_injure,4,0.807,6.94,0.768,9.138434681408205,4200.0,710.82,14.29,696.53,1.18,427.16,5.16,2202.91,45000.0,20.4,0.756,REPAIR,HIGH,6.94,0.768,9.138434681408205,2,1,2,0,0,0,0,1,0
synth_000831,corrosion,3,0.968,10.54,0.511,8.6,4200.0,1203.39,54.08,1149.31,2.63,955.16,6.08,5808.56,35000.0,6.0,0.765,REPAIR,HIGH,10.54,0.511,8.6,2,1,3,1,0,0,0,0,0
synth_002805,hide_craze,3,0.909,3.3,0.511,9.11,2000.0,743.23,20.25,722.98,1.6,275.73,5.09,1402.96,35000.0,24.9,0.8,REPAIR,HIGH,3.3,0.511,9.11,2,1,4,0,0,0,1,0,0
synth_002533,crack,4,0.856,4.488,1.595,14.65,3000.0,3000.0,0.59,2999.41,1.7,439.36,4.51,1980.3,60000.0,30.3,0.91,ENGINEERING_ASSESSMENT,CRITICAL,4.488,1.595,14.65,0,0,1,0,1,0,0,0,0
synth_003260,hide_craze,5,0.831,2.734,1.766,7.47,2000.0,290.44,9.04,281.4,1.82,314.93,6.33,1992.86,55000.0,27.6,0.932,REPAIR,HIGH,2.734,1.766,7.47,2,1,4,0,0,0,1,0,0
synth_002468,thunderstrike,3,0.363,6.527,1.372,8.65,3000.0,879.5,0.05,879.45,0.1,25.92,4.89,126.77,40000.0,315.5,0.852,ENGINEERING_ASSESSMENT,CRITICAL,6.527,1.372,8.65,0,0,0,0,0,0,0,0,1
synth_003311,thunderstrike,4,0.664,6.166,1.363,5.81,2500.0,90.57,0.49,90.08,0.32,68.4,4.53,309.96,40000.0,129.0,0.8642600936220012,ENGINEERING_ASSESSMENT,CRITICAL,6.166,1.363,5.81,0,0,0,0,0,0,0,0,1
synth_003361,thunderstrike,5,0.405,3.282,0.601,9.91,2500.0,1342.17,0.34,1341.82,0.1,21.6,4.69,101.28,80000.0,789.9,0.847,ENGINEERING_ASSESSMENT,CRITICAL,3.282,0.601,9.91,0,0,0,0,0,0,0,0,1
synth_002994,thunderstrike,3,0.551,4.051,2.868,13.39,2000.0,2000.0,0.01,1999.99,0.1,17.28,4.63,79.95,40000.0,500.3,0.864,ENGINEERING_ASSESSMENT,CRITICAL,4.051,2.868,13.39,0,0,0,0,0,0,0,0,1
synth_002653,corrosion,2,0.503,2.482,1.071,7.21,2000.0,243.61,0.07,243.54,0.1,17.28,4.34,74.96,90000.0,1200.6,0.911,MONITOR,LOW,2.482,1.071,7.21,1,2,3,1,0,0,0,0,0
synth_003238,thunderstrike,3,0.882,4.638,3.205,10.3,3000.0,1900.54,43.16,1857.38,1.33,344.74,4.91,1694.06,80000.0,47.2,0.837,ENGINEERING_ASSESSMENT,CRITICAL,4.638,3.205,10.3,0,0,0,0,0,0,0,0,1
synth_001392,corrosion,2,0.733,1.555,1.805,8.2,2500.0,573.08,1.95,571.13,0.2,43.13,4.55,196.37,50000.0,254.6,0.911,MONITOR,LOW,1.555,1.805,8.2,1,2,3,1,0,0,0,0,0
synth_000655,thunderstrike,3,0.716,3.366,1.721,9.138434681408205,2500.0,2500.0,0.1,2499.9,0.32,69.39,4.67,324.38,40000.0,123.3,0.924,ENGINEERING_ASSESSMENT,CRITICAL,3.366,1.721,9.138434681408205,0,0,0,0,0,0,0,0,1
synth_003205,thunderstrike,4,0.794,4.671,0.767,8.07,3000.0,635.28,11.11,624.17,1.02,265.54,4.31,1145.06,80000.0,69.9,0.834,ENGINEERING_ASSESSMENT,CRITICAL,4.671,0.767,8.07,0,0,0,0,0,0,0,0,1
synth_000361,thunderstrike,5,0.688,7.997,1.927,12.69,3000.0,3000.0,0.19,2999.81,0.55,143.58,4.3,616.78,60000.0,97.3,0.757,ENGINEERING_ASSESSMENT,CRITICAL,7.997,1.927,12.69,0,0,0,0,0,0,0,0,1
synth_000135,corrosion,2,0.548,2.92,1.811,5.45,3600.0,85.98,0.04,85.93,0.1,31.1,4.78,148.71,50000.0,336.2,0.843,MONITOR,LOW,2.92,1.811,5.45,1,2,3,1,0,0,0,0,0
synth_001779,surface_injure,4,0.804,10.823,3.19,9.37,2000.0,840.2,17.05,823.15,1.19,205.41,6.22,1278.31,35000.0,27.4,0.859,REPAIR,HIGH,10.823,3.19,9.37,2,1,2,0,0,0,0,1,0
synth_002602,crack,5,0.634,5.465,1.403,10.43,4200.0,2803.98,14.85,2789.13,0.31,112.55,4.45,500.39,80000.0,159.9,0.85,ENGINEERING_ASSESSMENT,CRITICAL,5.465,1.403,10.43,0,0,1,0,1,0,0,0,0
synth_002010,crack,3,0.908,11.335,2.304,10.86,4200.0,3314.75,97.68,3217.07,1.73,626.35,5.15,3226.3,45000.0,13.9,0.794,REPAIR,HIGH,11.335,2.304,10.86,2,1,1,0,1,0,0,0,0
synth_002709,crack,1,0.449,0.558,1.49,10.56,2500.0,1755.95,0.1,1755.85,0.1,21.6,4.12,88.94,50000.0,562.2,0.963,MONITOR,LOW,0.558,1.49,10.56,1,2,1,0,1,0,0,0,0
synth_000366,thunderstrike,4,0.703,5.197,1.345,10.06,2500.0,1434.52,11.17,1423.35,0.46,98.53,4.2,413.91,40000.0,96.6,0.855,ENGINEERING_ASSESSMENT,CRITICAL,5.197,1.345,10.06,0,0,0,0,0,0,0,0,1
synth_002227,crack,5,0.836,7.243,1.781,14.4,4200.0,4200.0,0.96,4199.04,2.02,733.65,4.39,3223.89,80000.0,24.8,0.831,ENGINEERING_ASSESSMENT,CRITICAL,7.243,1.781,14.4,0,0,1,0,1,0,0,0,0
synth_002130,corrosion,5,0.846,11.962,3.056,8.08,2000.0,427.78,16.69,411.09,2.29,394.98,6.25,2469.07,25000.0,10.1,0.922,REPAIR,HIGH,11.962,3.056,8.08,2,1,3,1,0,0,0,0,0
synth_000029,craze,3,0.839,6.844,2.122,10.79,3600.0,2770.18,46.32,2723.86,0.98,304.6,4.49,1366.42,35000.0,25.6,0.8642600936220012,REPAIR,HIGH,6.844,2.122,10.79,2,1,5,0,0,1,0,0,0
synth_002992,craze,4,0.919,7.563,1.714,9.74,3600.0,1796.17,86.47,1709.7,2.82,877.01,4.47,3916.4,35000.0,8.9,0.939,REPAIR,HIGH,7.563,1.714,9.74,2,1,5,0,0,1,0,0,0
synth_000022,crack,4,0.459,7.811,1.803,8.93,4200.0,1426.83,0.66,1426.17,0.1,36.29,5.28,191.76,80000.0,417.2,0.866,ENGINEERING_ASSESSMENT,CRITICAL,7.811,1.803,8.93,0,0,1,0,1,0,0,0,0
synth_003577,crack,3,0.565,4.692,3.354,13.6,3000.0,3000.0,0.02,2999.98,0.1,25.92,3.6,93.19,80000.0,858.5,0.797,ENGINEERING_ASSESSMENT,CRITICAL,4.692,3.354,13.6,0,0,1,0,1,0,0,0,0
synth_001283,crack,4,0.653,3.794,3.321,6.12,2500.0,123.16,0.6,122.56,0.28,61.49,5.34,328.42,40000.0,121.8,0.95,ENGINEERING_ASSESSMENT,CRITICAL,3.794,3.321,6.12,0,0,1,0,1,0,0,0,0
synth_003031,hide_craze,2,0.325,2.331,0.768,5.93,4200.0,172.71,0.0,172.71,0.1,36.29,4.53,164.24,75000.0,456.6,0.891,MONITOR,LOW,2.331,0.768,5.93,1,2,4,0,0,0,1,0,0
synth_001288,crack,4,0.846,3.794,0.951,11.45,4200.0,4122.17,109.0,4013.17,1.55,562.04,3.85,2166.18,60000.0,27.7,0.963,ENGINEERING_ASSESSMENT,CRITICAL,3.794,0.951,11.45,0,0,1,0,1,0,0,0,0
synth_000695,surface_injure,1,0.447,2.616,2.438,6.13,2500.0,124.61,0.01,124.6,0.1,21.6,4.39,94.74,90000.0,950.0,0.965,MONITOR,LOW,2.616,2.438,6.13,1,2,2,0,0,0,0,1,0
synth_001334,craze,2,0.567,2.43,3.064,6.66,3000.0,239.74,0.15,239.59,0.1,25.92,4.39,113.76,75000.0,659.3,0.922,MONITOR,LOW,2.43,3.064,6.66,1,2,5,0,0,1,0,0,0
synth_000700,corrosion,1,0.221,0.455,0.63,11.39,2500.0,2400.57,0.0,2400.57,0.1,21.6,4.53,97.93,50000.0,510.6,0.886,MONITOR,LOW,0.455,0.63,11.39,1,2,3,1,0,0,0,0,0
synth_000420,hide_craze,1,0.42,1.466,2.479,11.89,3600.0,3600.0,0.0,3600.0,0.1,31.1,3.5,108.86,90000.0,826.7,0.841,MONITOR,LOW,1.466,2.479,11.89,1,2,4,0,0,0,1,0,0
synth_000682,craze,3,0.471,1.366,1.632,7.31,4200.0,547.47,0.17,547.3,0.1,36.29,5.1,185.22,80000.0,431.9,0.766,MONITOR,LOW,1.366,1.632,7.31,1,2,5,0,0,1,0,0,0
synth_002789,surface_injure,1,0.546,0.606,2.927,6.7,2500.0,206.41,0.05,206.36,0.1,21.6,4.53,97.77,50000.0,511.4,0.922,MONITOR,LOW,0.606,2.927,6.7,1,2,2,0,0,0,0,1,0
synth_000460,corrosion,1,0.596,1.062,2.628,7.82,3000.0,546.21,0.22,545.99,0.1,25.92,4.69,121.55,90000.0,740.4,0.943,MONITOR,LOW,1.062,2.628,7.82,1,2,3,1,0,0,0,0,0
synth_000043,craze,2,0.482,2.963,3.342,6.99,2000.0,207.52,0.04,207.47,0.1,17.28,4.06,70.09,50000.0,713.4,0.886,MONITOR,LOW,2.963,3.342,6.99,1,2,5,0,0,1,0,0,0
synth_000087,thunderstrike,3,0.82,2.25,2.916,11.53,3000.0,3000.0,0.29,2999.71,0.78,201.97,3.98,803.11,60000.0,74.7,0.971,ENGINEERING_ASSESSMENT,CRITICAL,2.25,2.916,11.53,0,0,0,0,0,0,0,0,1
synth_001456,surface_injure,1,0.336,1.414,3.026,7.66,3000.0,493.83,0.0,493.82,0.1,25.92,4.33,112.14,90000.0,802.6,0.844,MONITOR,LOW,1.414,3.026,7.66,1,2,2,0,0,0,0,1,0
synth_003063,crack,2,0.574,1.455,1.798,5.47,3600.0,88.68,0.06,88.62,0.1,31.1,4.42,137.31,90000.0,655.5,0.967,MONITOR,LOW,1.455,1.798,5.47,1,2,1,0,1,0,0,0,0
synth_001846,thunderstrike,5,0.759,5.793,1.521,10.16,3600.0,2147.39,38.39,2109.0,1.05,325.67,4.43,1442.28,40000.0,27.7,0.826,ENGINEERING_ASSESSMENT,CRITICAL,5.793,1.521,10.16,0,0,0,0,0,0,0,0,1
synth_000561,corrosion,3,0.92,2.469,2.364,12.89,4200.0,4200.0,0.87,4199.13,1.7,615.38,5.05,3107.14,60000.0,19.3,0.96,REPAIR,HIGH,2.469,2.364,12.89,2,1,3,1,0,0,0,0,0
synth_000282,surface_injure,1,0.542,0.903,1.221,8.51,2500.0,681.95,0.14,681.8,0.1,21.6,4.04,87.22,50000.0,573.3,0.952,MONITOR,LOW,0.903,1.221,8.51,1,2,2,0,0,0,0,1,0
synth_001078,thunderstrike,4,0.622,5.265,2.536,7.75,3600.0,627.88,2.16,625.72,0.2,62.59,4.93,308.79,60000.0,194.3,0.861,ENGINEERING_ASSESSMENT,CRITICAL,5.265,2.536,7.75,0,0,0,0,0,0,0,0,1
synth_001421,crack,5,0.307,6.332,3.451,6.07,3600.0,168.95,0.01,168.94,0.1,31.1,3.73,116.12,40000.0,344.5,0.899,ENGINEERING_ASSESSMENT,CRITICAL,6.332,3.451,6.07,0,0,1,0,1,0,0,0,0
synth_003475,thunderstrike,4,0.388,7.217,2.057,12.04,3000.0,3000.0,0.0,3000.0,0.1,25.92,3.65,94.51,60000.0,634.9,0.847,ENGINEERING_ASSESSMENT,CRITICAL,7.217,2.057,12.04,0,0,0,0,0,0,0,0,1
synth_003415,crack,3,0.469,6.202,1.216,7.23,2000.0,246.69,0.08,246.6,0.1,17.28,4.32,74.59,60000.0,804.4,0.81,ENGINEERING_ASSESSMENT,CRITICAL,6.202,1.216,7.23,0,0,1,0,1,0,0,0,0
synth_001398,hide_craze,3,0.874,9.811,2.32,8.44,2500.0,655.56,14.78,640.78,1.32,285.27,6.1,1740.5,45000.0,25.9,0.903,REPAIR,HIGH,9.811,2.32,8.44,2,1,4,0,0,0,1,0,0
synth_000465,thunderstrike,5,0.789,4.59,3.037,8.21,4200.0,966.37,21.97,944.4,1.33,483.16,4.69,2267.04,80000.0,35.3,0.962,ENGINEERING_ASSESSMENT,CRITICAL,4.59,3.037,8.21,0,0,0,0,0,0,0,0,1
synth_001047,hide_craze,2,0.301,0.455,3.347,7.79,2000.0,358.22,0.0,358.22,0.1,17.28,3.79,65.5,75000.0,1145.0,0.96,MONITOR,LOW,0.455,3.347,7.79,1,2,4,0,0,0,1,0,0
synth_002540,hide_craze,1,0.571,2.662,1.581,6.47,4200.0,286.75,0.09,286.66,0.1,36.29,3.99,144.79,90000.0,621.6,0.84,MONITOR,LOW,2.662,1.581,6.47,1,2,4,0,0,0,1,0,0
synth_000859,crack,5,0.415,5.244,0.761,8.37,4200.0,1058.59,0.33,1058.26,0.1,36.29,4.67,169.51,60000.0,354.0,0.889,ENGINEERING_ASSESSMENT,CRITICAL,5.244,0.761,8.37,0,0,1,0,1,0,0,0,0
synth_000533,corrosion,1,0.277,0.884,1.616,7.6,2500.0,396.47,0.0,396.46,0.1,21.6,4.89,105.6,75000.0,710.2,0.78,MONITOR,LOW,0.884,1.616,7.6,1,2,3,1,0,0,0,0,0
synth_001651,surface_injure,2,0.406,1.897,1.98,7.85,3600.0,668.74,0.04,668.7,0.1,31.1,4.61,143.44,90000.0,627.4,0.824,MONITOR,LOW,1.897,1.98,7.85,1,2,2,0,0,0,0,1,0
synth_002933,crack,3,0.732,5.624,0.654,10.21,2500.0,1523.2,10.06,1513.14,0.39,83.54,4.72,394.49,40000.0,101.4,0.758,ENGINEERING_ASSESSMENT,CRITICAL,5.624,0.654,10.21,0,0,1,0,1,0,0,0,0
synth_002066,crack,5,0.63,1.734,2.659,5.34,3000.0,62.49,0.3,62.19,0.28,71.75,5.0,358.77,40000.0,111.5,0.97,ENGINEERING_ASSESSMENT,CRITICAL,1.734,2.659,5.34,0,0,1,0,1,0,0,0,0
synth_003271,corrosion,4,0.803,2.719,2.141,8.06,2500.0,527.87,9.6,518.27,1.07,230.09,4.67,1074.68,45000.0,41.9,0.815,REPAIR,HIGH,2.719,2.141,8.06,2,1,3,1,0,0,0,0,0
synth_002818,surface_injure,3,0.926,3.858,0.733,9.96,4200.0,2307.63,72.03,2235.61,1.83,663.39,4.62,3066.33,45000.0,14.7,0.967,REPAIR,HIGH,3.858,0.733,9.96,2,1,2,0,0,0,0,1,0
synth_003273,hide_craze,2,0.527,1.337,3.228,5.14,2500.0,39.97,0.01,39.96,0.1,21.6,4.19,90.49,90000.0,994.6,0.899,MONITOR,LOW,1.337,3.228,5.14,1,2,4,0,0,0,1,0,0
synth_002627,crack,4,0.328,6.196,1.413,13.8,4200.0,4200.0,0.0,4200.0,0.1,36.29,4.35,157.88,60000.0,380.0,0.876,ENGINEERING_ASSESSMENT,CRITICAL,6.196,1.413,13.8,0,0,1,0,1,0,0,0,0
synth_002538,crack,4,0.854,3.794,2.661,13.97,3000.0,3000.0,0.58,2999.42,1.57,407.55,3.66,1491.18,60000.0,40.2,0.879,ENGINEERING_ASSESSMENT,CRITICAL,3.794,2.661,13.97,0,0,1,0,1,0,0,0,0
synth_002550,corrosion,5,0.822,10.434,2.239,8.9,3600.0,1205.21,38.41,1166.8,1.87,580.65,4.65,2702.75,35000.0,12.9,0.8642600936220012,REPAIR,HIGH,10.434,2.239,8.9,2,1,3,1,0,0,0,0,0
synth_003545,thunderstrike,5,0.792,3.675,3.059,6.36,2000.0,123.96,2.85,121.11,1.35,232.81,4.52,1052.56,60000.0,57.0,0.83,ENGINEERING_ASSESSMENT,CRITICAL,3.675,3.059,6.36,0,0,0,0,0,0,0,0,1
synth_002092,corrosion,4,0.968,2.968,2.606,10.17,3600.0,2158.05,138.0,2020.04,3.75,1165.01,5.03,5860.5,35000.0,6.0,0.943,REPAIR,HIGH,2.968,2.606,10.17,2,1,3,1,0,0,0,0,0
synth_003012,surface_injure,4,0.884,2.567,0.608,9.24,2000.0,789.37,27.21,762.16,2.02,348.91,5.84,2038.9,35000.0,17.2,0.846,REPAIR,HIGH,2.567,0.608,9.24,2,1,2,0,0,0,0,1,0
synth_001344,crack,5,0.677,2.728,2.739,8.09,2500.0,537.62,4.22,533.4,0.46,99.32,5.27,523.56,40000.0,76.4,0.781,ENGINEERING_ASSESSMENT,CRITICAL,2.728,2.739,8.09,0,0,1,0,1,0,0,0,0
synth_000903,hide_craze,1,0.717,0.885,2.83,9.97,2000.0,1102.28,1.51,1100.78,0.1,17.28,4.28,73.98,75000.0,1013.8,0.933,MONITOR,LOW,0.885,2.83,9.97,1,2,4,0,0,0,1,0,0
synth_000637,thunderstrike,5,0.705,4.017,3.491,7.88,2000.0,378.85,4.0,374.85,0.62,106.88,4.71,503.17,60000.0,119.2,0.8642600936220012,ENGINEERING_ASSESSMENT,CRITICAL,4.017,3.491,7.88,0,0,0,0,0,0,0,0,1
synth_003130,hide_craze,1,0.314,1.553,2.709,11.41,3000.0,2901.31,0.02,2901.29,0.1,25.92,3.76,97.38,50000.0,513.5,0.781,MONITOR,LOW,1.553,2.709,11.41,1,2,4,0,0,0,1,0,0
synth_003077,surface_injure,3,0.91,5.252,2.408,11.44,2500.0,2449.89,69.33,2380.57,1.66,358.0,6.38,2282.41,35000.0,15.3,0.81,REPAIR,HIGH,5.252,2.408,11.44,2,1,2,0,0,0,0,1,0
synth_003400,crack,5,0.309,6.561,0.943,13.54,3000.0,3000.0,0.0,3000.0,0.1,25.92,4.76,123.43,40000.0,324.1,0.805,ENGINEERING_ASSESSMENT,CRITICAL,6.561,0.943,13.54,0,0,1,0,1,0,0,0,0
synth_003169,crack,3,0.522,5.866,1.707,13.1,2000.0,2000.0,0.01,1999.99,0.1,17.28,4.06,70.13,80000.0,1140.7,0.978,ENGINEERING_ASSESSMENT,CRITICAL,5.866,1.707,13.1,0,0,1,0,1,0,0,0,0
synth_000942,craze,4,0.976,11.894,0.967,11.27,4200.0,3869.34,289.43,3579.91,4.38,1589.85,4.2,6670.51,35000.0,5.2,0.944,REPAIR,HIGH,11.894,0.967,11.27,2,1,5,0,0,1,0,0,0
synth_003458,thunderstrike,4,0.657,5.283,1.125,12.7,2500.0,2500.0,0.08,2499.92,0.29,62.84,5.08,319.44,40000.0,125.2,0.978,ENGINEERING_ASSESSMENT,CRITICAL,5.283,1.125,12.7,0,0,0,0,0,0,0,0,1
synth_001134,craze,1,0.656,1.37,3.168,6.1,2500.0,121.79,0.09,121.7,0.1,21.6,3.61,77.9,90000.0,1155.3,0.829,MONITOR,LOW,1.37,3.168,6.1,1,2,5,0,0,1,0,0,0
synth_001948,corrosion,3,0.369,1.17,1.898,13.24,4200.0,4200.0,0.0,4200.0,0.1,36.29,5.33,193.52,40000.0,206.7,0.826,MONITOR,LOW,1.17,1.898,13.24,1,2,3,1,0,0,0,0,0
synth_002900,crack,3,0.89,2.642,2.567,10.41,2500.0,1656.97,38.61,1618.35,1.36,294.81,4.58,1349.05,80000.0,59.3,0.792,ENGINEERING_ASSESSMENT,CRITICAL,2.642,2.567,10.41,0,0,1,0,1,0,0,0,0
synth_000887,thunderstrike,5,0.657,5.749,1.789,11.08,2000.0,1716.08,11.66,1704.43,0.4,68.75,4.29,294.8,40000.0,135.7,0.91,ENGINEERING_ASSESSMENT,CRITICAL,5.749,1.789,11.08,0,0,0,0,0,0,0,0,1
synth_003413,crack,3,0.359,3.326,1.966,14.8,2500.0,2500.0,0.0,2500.0,0.1,21.6,4.59,99.12,40000.0,403.6,0.8642600936220012,ENGINEERING_ASSESSMENT,CRITICAL,3.326,1.966,14.8,0,0,1,0,1,0,0,0,0
synth_000685,hide_craze,2,0.621,2.32,2.519,6.45,3600.0,239.71,0.28,239.43,0.1,31.1,4.39,136.51,75000.0,549.4,0.767,MONITOR,LOW,2.32,2.519,6.45,1,2,4,0,0,0,1,0,0
synth_002013,craze,1,0.346,2.777,2.233,8.6,3000.0,857.56,0.01,857.55,0.1,25.92,4.88,126.49,50000.0,395.3,0.755,MONITOR,LOW,2.777,2.233,8.6,1,2,5,0,0,1,0,0,0
synth_000789,surface_injure,3,0.874,9.451,2.761,10.19,3000.0,1816.72,40.93,1775.8,1.32,342.0,4.5,1539.29,25000.0,16.2,0.801,REPAIR,HIGH,9.451,2.761,10.19,2,1,2,0,0,0,0,1,0
synth_001897,thunderstrike,5,0.818,6.421,1.766,5.22,3000.0,53.43,1.59,51.85,1.74,450.89,4.55,2052.92,80000.0,39.0,0.758,ENGINEERING_ASSESSMENT,CRITICAL,6.421,1.766,5.22,0,0,0,0,0,0,0,0,1
synth_001164,hide_craze,1,0.433,0.216,1.849,11.94,3000.0,3000.0,0.0,3000.0,0.1,25.92,3.77,97.83,90000.0,920.0,0.86,MONITOR,LOW,0.216,1.849,11.94,1,2,4,0,0,0,1,0,0
synth_001200,craze,1,0.433,0.586,1.472,9.39,2500.0,1060.72,0.05,1060.67,0.1,21.6,4.39,94.91,50000.0,526.8,0.768,MONITOR,LOW,0.586,1.472,9.39,1,2,5,0,0,1,0,0,0
synth_002771,surface_injure,2,0.293,2.198,1.058,6.27,4200.0,238.14,0.0,238.14,0.1,36.29,4.4,159.65,75000.0,469.8,0.778,MONITOR,LOW,2.198,1.058,6.27,1,2,2,0,0,0,0,1,0
synth_003462,craze,3,0.712,7.575,1.916,5.99,3000.0,130.48,0.73,129.75,0.33,84.92,5.1,432.85,40000.0,92.4,0.876,ENGINEERING_ASSESSMENT,MEDIUM,7.575,1.916,5.99,0,3,5,0,0,1,0,0,0
synth_001818,crack,5,0.702,4.427,3.229,14.67,4200.0,4200.0,0.3,4199.7,0.61,219.96,5.4,1187.77,40000.0,33.7,0.941,ENGINEERING_ASSESSMENT,CRITICAL,4.427,3.229,14.67,0,0,1,0,1,0,0,0,0
synth_000272,crack,3,0.826,7.509,1.28,11.08,2000.0,1717.23,26.16,1691.07,0.89,154.19,4.41,679.93,45000.0,66.2,0.968,REPAIR,HIGH,7.509,1.28,11.08,2,1,1,0,1,0,0,0,0
synth_001467,surface_injure,3,0.436,3.921,1.454,13.62,4200.0,4200.0,0.01,4199.99,0.1,36.29,3.93,142.47,60000.0,421.1,0.909,MONITOR,LOW,3.921,1.454,13.62,1,2,2,0,0,0,0,1,0
synth_000521,surface_injure,2,0.271,3.794,0.999,11.79,3600.0,3600.0,0.0,3600.0,0.1,31.1,3.8,118.25,50000.0,422.8,0.836,MONITOR,LOW,3.794,0.999,11.79,1,2,2,0,0,0,0,1,0
synth_000522,hide_craze,4,0.978,5.628,2.629,7.24,3600.0,445.62,31.93,413.69,4.2,1305.23,5.13,6690.07,35000.0,5.2,0.912,REPAIR,HIGH,5.628,2.629,7.24,2,1,4,0,0,0,1,0,0
synth_001844,surface_injure,5,0.978,10.592,2.788,7.97,3000.0,600.95,61.42,539.53,5.99,1551.56,5.26,8168.32,25000.0,3.1,0.907,REPAIR,HIGH,10.592,2.788,7.97,2,1,2,0,0,0,0,1,0
synth_000350,thunderstrike,3,0.451,1.908,1.407,7.56,3600.0,557.52,0.13,557.39,0.1,31.1,4.21,130.95,40000.0,305.5,0.798,ENGINEERING_ASSESSMENT,CRITICAL,1.908,1.407,7.56,0,0,0,0,0,0,0,0,1
synth_001322,surface_injure,1,0.472,1.064,2.467,8.86,2500.0,818.69,0.07,818.62,0.1,21.6,3.78,81.6,90000.0,1102.9,0.765,MONITOR,LOW,1.064,2.467,8.86,1,2,2,0,0,0,0,1,0
synth_003390,crack,3,0.484,3.021,2.072,13.64,2000.0,2000.0,0.01,1999.99,0.1,17.28,4.73,81.73,60000.0,734.1,0.8642600936220012,ENGINEERING_ASSESSMENT,CRITICAL,3.021,2.072,13.64,0,0,1,0,1,0,0,0,0
synth_002807,surface_injure,3,0.91,10.417,1.383,7.59,3600.0,565.99,16.78,549.21,1.74,540.12,4.08,2203.5,55000.0,25.0,0.78,REPAIR,HIGH,10.417,1.383,7.59,2,1,2,0,0,0,0,1,0
synth_001261,crack,5,0.494,3.514,2.962,12.18,3000.0,3000.0,0.02,2999.98,0.1,25.92,4.72,122.41,40000.0,326.8,0.8642600936220012,ENGINEERING_ASSESSMENT,CRITICAL,3.514,2.962,12.18,0,0,1,0,1,0,0,0,0
synth_000651,thunderstrike,5,0.55,6.981,0.587,12.49,3600.0,3600.0,0.05,3599.95,0.12,37.89,4.04,153.25,60000.0,391.5,0.962,ENGINEERING_ASSESSMENT,CRITICAL,6.981,0.587,12.49,0,0,0,0,0,0,0,0,1
synth_002213,crack,4,0.395,2.026,2.114,7.03,3000.0,320.75,0.05,320.7,0.1,25.92,4.07,105.56,40000.0,378.9,0.843,ENGINEERING_ASSESSMENT,CRITICAL,2.026,2.114,7.03,0,0,1,0,1,0,0,0,0
synth_003101,hide_craze,4,0.825,3.794,0.779,7.39,2000.0,275.56,6.63,268.94,1.41,243.44,6.12,1488.99,55000.0,36.9,0.926,REPAIR,HIGH,3.794,0.779,7.39,2,1,4,0,0,0,1,0,0
synth_003333,corrosion,4,0.864,2.942,2.538,7.57,3600.0,561.0,16.76,544.24,1.75,544.36,5.11,2780.61,35000.0,12.6,0.847,REPAIR,HIGH,2.942,2.538,7.57,2,1,3,1,0,0,0,0,0
synth_001876,hide_craze,5,0.956,4.964,2.158,8.74,2500.0,769.92,63.65,706.27,4.84,1045.88,6.01,6282.77,55000.0,8.8,0.765,REPAIR,HIGH,4.964,2.158,8.74,2,1,4,0,0,0,1,0,0
synth_001602,craze,2,0.526,0.484,2.437,7.98,3600.0,724.85,0.26,724.6,0.1,31.1,4.14,128.82,75000.0,582.2,0.778,MONITOR,LOW,0.484,2.437,7.98,1,2,5,0,0,1,0,0,0
synth_002043,craze,3,0.857,4.073,3.035,8.42,3600.0,931.47,17.31,914.16,1.09,338.64,5.83,1975.42,55000.0,27.8,0.894,REPAIR,HIGH,4.073,3.035,8.42,2,1,5,0,0,1,0,0,0
synth_001584,corrosion,2,0.237,1.37,1.662,10.0,2500.0,1397.79,0.0,1397.79,0.1,21.6,4.32,93.36,90000.0,964.0,0.84,MONITOR,LOW,1.37,1.662,10.0,1,2,3,1,0,0,0,0,0
synth_000168,hide_craze,4,0.891,5.139,2.359,10.83,3600.0,2815.68,107.55,2708.13,2.24,695.9,4.0,2784.18,45000.0,16.2,0.834,REPAIR,HIGH,5.139,2.359,10.83,2,1,4,0,0,0,1,0,0
synth_003338,thunderstrike,4,0.44,2.837,1.196,10.77,4200.0,3202.34,1.04,3201.3,0.1,36.29,4.6,166.81,60000.0,359.7,0.954,ENGINEERING_ASSESSMENT,CRITICAL,2.837,1.196,10.77,0,0,0,0,0,0,0,0,1
synth_000962,craze,2,0.731,1.753,2.744,8.6,3600.0,1030.69,3.49,1027.21,0.2,61.68,3.7,227.99,90000.0,394.8,0.822,MONITOR,LOW,1.753,2.744,8.6,1,2,5,0,0,1,0,0,0
synth_000945,crack,1,0.478,2.402,2.572,11.05,4200.0,3572.66,0.34,3572.32,0.1,36.29,4.76,172.67,50000.0,289.6,0.902,MONITOR,LOW,2.402,2.572,11.05,1,2,1,0,1,0,0,0,0
synth_000462,corrosion,2,0.675,2.371,3.235,7.14,4200.0,487.03,0.98,486.05,0.12,42.77,3.71,158.63,75000.0,472.8,0.974,MONITOR,LOW,2.371,3.235,7.14,1,2,3,1,0,0,0,0,0
synth_003443,crack,3,0.404,3.794,2.159,6.24,2500.0,137.92,0.02,137.9,0.1,21.6,4.27,92.22,80000.0,867.5,0.86,ENGINEERING_ASSESSMENT,CRITICAL,3.794,2.159,6.24,0,0,1,0,1,0,0,0,0
synth_000328,crack,5,0.546,6.82,2.913,13.42,4200.0,4200.0,0.06,4199.94,0.12,42.49,4.25,180.43,80000.0,443.4,0.774,ENGINEERING_ASSESSMENT,CRITICAL,6.82,2.913,13.42,0,0,1,0,1,0,0,0,0
synth_001507,hide_craze,2,0.516,3.794,2.35,6.54,3600.0,259.9,0.09,259.81,0.1,31.1,3.73,116.1,75000.0,646.0,0.933,MONITOR,LOW,3.794,2.35,6.54,1,2,4,0,0,0,1,0,0
synth_002024,hide_craze,1,0.582,1.568,2.437,4.52,2500.0,14.19,0.0,14.18,0.1,21.6,4.23,91.35,75000.0,821.0,0.952,MONITOR,LOW,1.568,2.437,4.52,1,2,4,0,0,0,1,0,0
synth_000367,crack,4,0.862,10.048,1.828,8.25,2000.0,471.68,15.19,456.48,1.89,325.99,4.36,1419.89,55000.0,38.7,0.77,REPAIR,HIGH,10.048,1.828,8.25,2,1,1,0,1,0,0,0,0
synth_003109,corrosion,2,0.673,2.69,2.605,8.64,3600.0,1049.74,2.1,1047.64,0.12,36.38,3.97,144.4,50000.0,346.3,0.795,MONITOR,LOW,2.69,2.605,8.64,1,2,3,1,0,0,0,0,0
synth_003406,thunderstrike,4,0.848,7.735,2.88,7.18,2500.0,298.13,8.42,289.71,1.65,357.42,4.97,1775.05,40000.0,22.5,0.889,ENGINEERING_ASSESSMENT,CRITICAL,7.735,2.88,7.18,0,0,0,0,0,0,0,0,1
synth_002984,crack,5,0.478,2.822,2.294,8.15,2000.0,443.8,0.34,443.45,0.1,17.28,4.42,76.46,40000.0,523.1,0.83,ENGINEERING_ASSESSMENT,CRITICAL,2.822,2.294,8.15,0,0,1,0,1,0,0,0,0
synth_001425,corrosion,1,0.212,1.96,1.826,4.34,2500.0,9.86,0.0,9.86,0.1,21.6,3.76,81.14,90000.0,1109.2,0.84,MONITOR,LOW,1.96,1.826,4.34,1,2,3,1,0,0,0,0,0
synth_000772,surface_injure,1,0.341,0.87,1.795,7.32,4200.0,552.03,0.01,552.02,0.1,36.29,4.42,160.5,75000.0,467.3,0.8642600936220012,MONITOR,LOW,0.87,1.795,7.32,1,2,2,0,0,0,0,1,0
synth_002292,thunderstrike,3,0.385,2.598,0.514,6.2,4200.0,224.25,0.02,224.23,0.1,36.29,3.99,144.97,60000.0,413.9,0.8642600936220012,ENGINEERING_ASSESSMENT,CRITICAL,2.598,0.514,6.2,0,0,0,0,0,0,0,0,1
synth_003221,corrosion,3,0.519,6.879,1.675,6.71,2000.0,165.83,0.11,165.72,0.1,17.28,3.56,61.47,80000.0,1301.4,0.752,MONITOR,LOW,6.879,1.675,6.71,1,2,3,1,0,0,0,0,0
synth_002835,corrosion,2,0.429,0.706,2.195,6.24,3000.0,165.58,0.01,165.56,0.1,25.92,4.0,103.65,90000.0,868.3,0.96,MONITOR,LOW,0.706,2.195,6.24,1,2,3,1,0,0,0,0,0
synth_000498,craze,1,0.733,0.548,1.076,9.138434681408205,3000.0,37.42,0.06,37.36,0.1,25.92,4.58,118.76,75000.0,631.5,0.862,MONITOR,LOW,0.548,1.076,9.138434681408205,1,2,5,0,0,1,0,0,0
synth_001234,surface_injure,2,0.252,0.408,2.964,11.94,3600.0,3600.0,0.0,3600.0,0.1,31.1,4.48,139.43,50000.0,358.6,0.915,MONITOR,LOW,0.408,2.964,11.94,1,2,2,0,0,0,0,1,0
synth_000435,crack,5,0.515,6.362,0.567,9.14,2000.0,752.66,1.01,751.65,0.1,17.28,4.81,83.05,40000.0,481.6,0.773,ENGINEERING_ASSESSMENT,CRITICAL,6.362,0.567,9.14,0,0,1,0,1,0,0,0,0
synth_000365,crack,3,0.452,3.794,0.624,5.3,3600.0,71.42,0.02,71.4,0.1,31.1,5.42,168.65,80000.0,474.4,0.887,ENGINEERING_ASSESSMENT,CRITICAL,3.794,0.624,5.3,0,0,1,0,1,0,0,0,0
synth_003411,crack,5,0.63,4.303,1.367,11.08,3600.0,3094.46,15.5,3078.96,0.29,91.23,4.54,413.92,40000.0,96.6,0.841,ENGINEERING_ASSESSMENT,CRITICAL,4.303,1.367,11.08,0,0,1,0,1,0,0,0,0
synth_000276,thunderstrike,3,0.428,7.66,2.068,14.95,3600.0,3600.0,0.0,3600.0,0.1,31.1,4.92,153.12,60000.0,391.8,0.81,ENGINEERING_ASSESSMENT,CRITICAL,7.66,2.068,14.95,0,0,0,0,0,0,0,0,1
synth_003049,crack,4,0.549,3.242,2.81,14.92,2000.0,2000.0,0.02,1999.98,0.1,17.28,4.68,80.88,80000.0,989.1,0.945,ENGINEERING_ASSESSMENT,CRITICAL,3.242,2.81,14.92,0,0,1,0,1,0,0,0,0
synth_001991,crack,5,0.54,5.868,3.337,12.13,3000.0,3000.0,0.04,2999.96,0.11,27.55,5.32,146.66,60000.0,409.1,0.898,ENGINEERING_ASSESSMENT,CRITICAL,5.868,3.337,12.13,0,0,1,0,1,0,0,0,0
synth_003418,crack,5,0.32,1.769,1.999,9.34,3600.0,1491.24,0.07,1491.16,0.1,31.1,4.36,135.64,80000.0,589.8,0.779,ENGINEERING_ASSESSMENT,CRITICAL,1.769,1.999,9.34,0,0,1,0,1,0,0,0,0
synth_000407,corrosion,2,0.584,1.895,2.244,6.46,4200.0,284.04,0.21,283.83,0.1,36.29,4.76,172.61,75000.0,434.5,0.813,MONITOR,LOW,1.895,2.244,6.46,1,2,3,1,0,0,0,0,0
synth_001537,corrosion,4,0.906,7.392,2.703,8.45,4200.0,1106.01,48.62,1057.39,2.57,934.29,4.39,4097.23,25000.0,6.1,0.852,REPAIR,HIGH,7.392,2.703,8.45,2,1,3,1,0,0,0,0,0
synth_001091,crack,4,0.6,3.794,0.569,9.138434681408205,4200.0,2250.17,5.86,2244.31,0.15,55.33,5.05,279.17,40000.0,143.3,0.874,ENGINEERING_ASSESSMENT,CRITICAL,3.794,0.569,9.138434681408205,0,0,1,0,1,0,0,0,0
synth_000844,surface_injure,3,0.827,5.211,2.258,11.3,4200.0,3912.45,58.5,3853.95,0.88,317.82,5.84,1854.57,25000.0,13.5,0.779,REPAIR,HIGH,5.211,2.258,11.3,2,1,2,0,0,0,0,1,0
synth_001565,corrosion,3,0.441,4.238,2.268,11.04,3000.0,2541.11,0.55,2540.55,0.1,25.92,4.18,108.3,40000.0,369.3,0.928,MONITOR,LOW,4.238,2.268,11.04,1,2,3,1,0,0,0,0,0
synth_002596,corrosion,3,0.81,3.554,2.299,8.08,2000.0,426.55,5.37,421.18,0.74,127.51,4.41,562.47,35000.0,62.2,0.933,REPAIR,HIGH,3.554,2.299,8.08,2,1,3,1,0,0,0,0,0
synth_001756,hide_craze,3,0.864,7.533,0.553,10.0,4200.0,2346.92,48.09,2298.83,1.2,435.51,4.88,2123.57,45000.0,21.2,0.94,REPAIR,HIGH,7.533,0.553,10.0,2,1,4,0,0,0,1,0,0
synth_001258,hide_craze,5,0.968,4.714,0.517,9.65,4200.0,2010.21,179.79,1830.42,5.24,1900.93,6.31,11990.95,45000.0,3.8,0.925,REPAIR,HIGH,4.714,0.517,9.65,2,1,4,0,0,0,1,0,0
synth_001674,thunderstrike,4,0.537,4.354,3.318,6.86,2000.0,187.91,0.24,187.67,0.1,17.28,3.74,64.63,80000.0,1237.8,0.971,ENGINEERING_ASSESSMENT,CRITICAL,4.354,3.318,6.86,0,0,0,0,0,0,0,0,1
synth_001423,craze,3,0.91,8.324,2.983,9.83,3000.0,1554.55,45.41,1509.13,1.71,443.52,5.84,2588.06,35000.0,13.5,0.795,REPAIR,HIGH,8.324,2.983,9.83,2,1,5,0,0,1,0,0,0
synth_001339,hide_craze,5,0.961,6.297,0.601,7.85,2500.0,464.45,40.64,423.81,5.12,1106.97,5.9,6528.32,55000.0,8.4,0.765,REPAIR,HIGH,6.297,0.601,7.85,2,1,4,0,0,0,1,0,0
synth_002019,surface_injure,4,0.816,10.903,3.406,10.48,2500.0,1706.13,38.28,1667.85,1.31,283.86,4.19,1188.36,35000.0,29.5,0.905,REPAIR,HIGH,10.903,3.406,10.48,2,1,2,0,0,0,0,1,0
synth_002732,corrosion,3,0.946,8.105,1.56,10.5,3600.0,2474.62,93.51,2381.11,2.21,688.44,4.29,2954.22,45000.0,15.2,0.827,REPAIR,HIGH,8.105,1.56,10.5,2,1,3,1,0,0,0,0,0
synth_001962,crack,5,0.393,3.794,0.853,10.79,3000.0,2309.18,0.48,2308.7,0.1,25.92,4.7,121.95,60000.0,492.0,0.965,ENGINEERING_ASSESSMENT,CRITICAL,3.794,0.853,10.79,0,0,1,0,1,0,0,0,0
synth_000944,crack,4,0.593,6.788,2.7,5.98,2500.0,107.73,0.27,107.46,0.15,32.23,4.91,158.18,80000.0,505.8,0.807,ENGINEERING_ASSESSMENT,CRITICAL,6.788,2.7,5.98,0,0,1,0,1,0,0,0,0
synth_000199,crack,5,0.314,5.647,1.68,14.63,2500.0,2500.0,0.0,2500.0,0.1,21.6,4.62,99.8,80000.0,801.6,0.846,ENGINEERING_ASSESSMENT,CRITICAL,5.647,1.68,14.63,0,0,1,0,1,0,0,0,0
synth_003387,thunderstrike,3,0.444,4.365,3.166,14.97,3000.0,3000.0,0.0,3000.0,0.1,25.92,4.16,107.74,60000.0,556.9,0.792,ENGINEERING_ASSESSMENT,CRITICAL,4.365,3.166,14.97,0,0,0,0,0,0,0,0,1
synth_001320,surface_injure,2,0.218,1.939,2.265,5.31,2500.0,50.45,0.0,50.45,0.1,21.6,4.77,103.01,50000.0,485.4,0.807,MONITOR,LOW,1.939,2.265,5.31,1,2,2,0,0,0,0,1,0
synth_000801,craze,1,0.737,1.097,0.84,11.31,3600.0,3360.98,5.6,3355.38,0.1,31.1,4.11,127.94,75000.0,586.2,0.938,MONITOR,LOW,1.097,0.84,11.31,1,2,5,0,0,1,0,0,0
synth_002168,corrosion,5,0.953,3.794,2.571,7.98,3600.0,724.54,59.21,665.33,4.79,1488.83,4.69,6978.92,35000.0,5.0,0.768,REPAIR,HIGH,3.794,2.571,7.98,2,1,3,1,0,0,0,0,0
synth_003035,surface_injure,5,0.961,4.778,3.364,7.77,4200.0,743.72,63.44,680.28,5.0,1812.91,6.45,11700.53,35000.0,3.0,0.791,REPAIR,HIGH,4.778,3.364,7.77,2,1,2,0,0,0,0,1,0
synth_002916,corrosion,5,0.957,8.399,0.753,11.16,2000.0,1769.23,153.73,1615.49,5.09,879.45,5.44,4783.12,25000.0,5.2,0.787,REPAIR,HIGH,8.399,0.753,11.16,2,1,3,1,0,0,0,0,0
synth_000231,craze,2,0.451,0.458,0.713,8.77,2500.0,782.24,0.1,782.14,0.1,21.6,4.32,93.41,50000.0,535.3,0.824,MONITOR,LOW,0.458,0.713,8.77,1,2,5,0,0,1,0,0,0
synth_001552,hide_craze,2,0.2,0.296,2.715,9.23,2500.0,982.38,0.0,982.38,0.1,21.6,3.76,81.16,75000.0,924.1,0.913,MONITOR,LOW,0.296,2.715,9.23,1,2,4,0,0,0,1,0,0
synth_003160,crack,1,0.591,2.24,2.611,10.1,4200.0,2446.31,0.96,2445.34,0.1,36.29,4.78,173.3,90000.0,519.3,0.809,MONITOR,LOW,2.24,2.611,10.1,1,2,1,0,1,0,0,0,0
synth_001967,hide_craze,3,0.509,5.946,3.445,13.7,4200.0,4200.0,0.02,4199.98,0.1,36.29,5.07,183.97,80000.0,434.9,0.913,MONITOR,LOW,5.946,3.445,13.7,1,2,4,0,0,0,1,0,0
synth_002005,craze,3,0.848,3.053,2.363,11.55,2500.0,2500.0,0.3,2499.7,1.0,215.71,3.58,772.3,60000.0,77.7,0.853,REPAIR,HIGH,3.053,2.363,11.55,2,1,5,0,0,1,0,0,0
synth_001563,thunderstrike,4,0.537,3.794,2.938,13.62,3600.0,3600.0,0.03,3599.97,0.1,31.1,3.76,117.07,80000.0,683.4,0.925,ENGINEERING_ASSESSMENT,CRITICAL,3.794,2.938,13.62,0,0,0,0,0,0,0,0,1
synth_001330,crack,3,0.435,4.119,1.897,5.52,3600.0,93.8,0.02,93.78,0.1,31.1,4.1,127.53,60000.0,470.5,0.839,ENGINEERING_ASSESSMENT,CRITICAL,4.119,1.897,5.52,0,0,1,0,1,0,0,0,0
synth_003434,thunderstrike,4,0.544,5.842,1.881,8.67,2500.0,743.82,1.05,742.77,0.1,21.6,3.65,78.76,80000.0,1015.7,0.899,ENGINEERING_ASSESSMENT,CRITICAL,5.842,1.881,8.67,0,0,0,0,0,0,0,0,1
synth_002025,corrosion,4,0.832,6.976,1.73,8.38,2500.0,634.27,15.66,618.61,1.45,312.42,6.18,1932.24,35000.0,18.1,0.787,REPAIR,HIGH,6.976,1.73,8.38,2,1,3,1,0,0,0,0,0
synth_001992,surface_injure,4,0.849,6.265,3.466,9.09,4200.0,1542.82,43.22,1499.6,1.64,595.41,4.52,2691.76,35000.0,13.0,0.76,REPAIR,HIGH,6.265,3.466,9.09,2,1,2,0,0,0,0,1,0
synth_000104,corrosion,3,0.886,8.017,1.753,8.22,3600.0,835.03,20.43,814.6,1.43,445.75,5.0,2226.84,35000.0,15.7,0.92,REPAIR,HIGH,8.017,1.753,8.22,2,1,3,1,0,0,0,0,0
synth_002673,surface_injure,4,0.938,4.541,3.307,11.08,4200.0,3608.54,192.83,3415.71,3.13,1135.77,5.79,6576.67,35000.0,5.3,0.893,REPAIR,HIGH,4.541,3.307,11.08,2,1,2,0,0,0,0,1,0
synth_001949,corrosion,2,0.381,0.554,1.996,4.42,2000.0,9.42,0.0,9.41,0.1,17.28,4.65,80.38,90000.0,1119.7,0.79,MONITOR,LOW,0.554,1.996,4.42,1,2,3,1,0,0,0,0,0
synth_001178,crack,3,0.815,3.912,1.333,5.93,3000.0,123.42,1.63,121.79,0.78,201.02,4.47,898.3,60000.0,66.8,0.805,ENGINEERING_ASSESSMENT,CRITICAL,3.912,1.333,5.93,0,0,1,0,1,0,0,0,0
synth_001457,thunderstrike,4,0.838,6.33,3.153,9.98,3000.0,1658.7,42.45,1616.25,1.5,388.57,4.05,1573.61,40000.0,25.4,0.843,ENGINEERING_ASSESSMENT,CRITICAL,6.33,3.153,9.98,0,0,0,0,0,0,0,0,1
synth_001780,crack,3,0.749,7.209,2.526,9.53,3600.0,1632.42,12.84,1619.58,0.46,143.3,5.04,722.7,60000.0,83.0,0.903,ENGINEERING_ASSESSMENT,CRITICAL,7.209,2.526,9.53,0,0,1,0,1,0,0,0,0
synth_002659,thunderstrike,5,0.911,4.598,2.44,14.7,4200.0,4200.0,1.71,4198.29,3.49,1268.26,4.63,5869.19,40000.0,6.8,0.902,ENGINEERING_ASSESSMENT,CRITICAL,4.598,2.44,14.7,0,0,0,0,0,0,0,0,1
synth_001242,surface_injure,1,0.732,1.585,1.535,6.49,4200.0,290.04,0.47,289.57,0.1,36.29,4.26,154.44,50000.0,323.8,0.773,MONITOR,LOW,1.585,1.535,6.49,1,2,2,0,0,0,0,1,0
synth_002752,corrosion,2,0.459,1.762,2.918,9.138434681408205,2000.0,70.25,0.01,70.24,0.1,17.28,4.4,76.11,50000.0,656.9,0.767,MONITOR,LOW,1.762,2.918,9.138434681408205,1,2,3,1,0,0,0,0,0
synth_002170,crack,1,0.585,1.732,2.391,9.28,4200.0,1690.2,0.61,1689.59,0.1,36.29,4.94,179.38,75000.0,418.1,0.972,MONITOR,LOW,1.732,2.391,9.28,1,2,1,0,1,0,0,0,0
synth_002674,crack,3,0.818,11.3,1.202,10.12,3600.0,2116.45,31.12,2085.32,0.86,267.92,5.68,1521.47,25000.0,16.4,0.878,REPAIR,HIGH,11.3,1.202,10.12,2,1,1,0,1,0,0,0,0
synth_001514,thunderstrike,3,0.48,3.35,2.598,11.39,2500.0,2403.14,0.91,2402.23,0.1,21.6,3.88,83.84,80000.0,954.2,0.942,ENGINEERING_ASSESSMENT,CRITICAL,3.35,2.598,11.39,0,0,0,0,0,0,0,0,1
synth_002181,crack,3,0.495,5.054,1.479,14.4,3000.0,3000.0,0.01,2999.99,0.1,25.92,4.94,128.01,40000.0,312.5,0.77,ENGINEERING_ASSESSMENT,CRITICAL,5.054,1.479,14.4,0,0,1,0,1,0,0,0,0
synth_003420,crack,5,0.777,3.721,2.213,13.29,3000.0,3000.0,0.42,2999.58,1.18,306.76,4.48,1374.08,40000.0,29.1,0.801,ENGINEERING_ASSESSMENT,CRITICAL,3.721,2.213,13.29,0,0,1,0,1,0,0,0,0
synth_003510,thunderstrike,4,0.519,5.295,1.005,8.07,3600.0,764.12,0.78,763.33,0.1,31.1,5.47,170.07,60000.0,352.8,0.801,ENGINEERING_ASSESSMENT,CRITICAL,5.295,1.005,8.07,0,0,0,0,0,0,0,0,1
synth_002478,surface_injure,3,0.957,10.799,1.35,10.48,3600.0,2453.87,102.75,2351.12,2.45,762.85,4.2,3206.24,25000.0,7.8,0.903,REPAIR,HIGH,10.799,1.35,10.48,2,1,2,0,0,0,0,1,0
synth_001345,craze,3,0.949,6.059,1.395,8.14,3600.0,794.11,30.04,764.08,2.22,689.05,4.29,2952.98,25000.0,8.5,0.888,REPAIR,HIGH,6.059,1.395,8.14,2,1,5,0,0,1,0,0,0
synth_003027,corrosion,3,0.312,7.577,0.882,14.78,4200.0,4200.0,0.0,4200.0,0.1,36.29,4.14,150.41,80000.0,531.9,0.861,MONITOR,LOW,7.577,0.882,14.78,1,2,3,1,0,0,0,0,0
synth_000994,surface_injure,2,0.446,2.499,0.613,11.32,4200.0,3935.99,0.5,3935.49,0.1,36.29,4.31,156.24,75000.0,480.0,0.89,MONITOR,LOW,2.499,0.613,11.32,1,2,2,0,0,0,0,1,0
synth_000464,corrosion,4,0.956,6.444,3.185,8.9,2500.0,836.01,52.14,783.86,3.65,789.09,5.96,4705.08,45000.0,9.6,0.899,REPAIR,HIGH,6.444,3.185,8.9,2,1,3,1,0,0,0,0,0
synth_002828,thunderstrike,4,0.692,7.951,0.6,14.64,2500.0,2500.0,0.12,2499.88,0.43,92.06,5.16,474.88,60000.0,126.3,0.942,ENGINEERING_ASSESSMENT,CRITICAL,7.951,0.6,14.64,0,0,0,0,0,0,0,0,1
synth_002407,surface_injure,5,0.879,11.201,1.247,11.22,3000.0,2717.02,136.05,2580.96,2.93,760.21,4.27,3244.49,45000.0,13.9,0.885,REPAIR,HIGH,11.201,1.247,11.22,2,1,2,0,0,0,0,1,0
synth_002895,crack,3,0.578,1.68,3.138,12.45,3000.0,3000.0,0.03,2999.97,0.1,25.92,5.3,137.32,40000.0,291.3,0.788,ENGINEERING_ASSESSMENT,CRITICAL,1.68,3.138,12.45,0,0,1,0,1,0,0,0,0
synth_001849,thunderstrike,4,0.807,6.241,0.592,10.78,3000.0,2303.15,45.88,2257.27,1.17,302.45,5.17,1562.77,60000.0,38.4,0.923,ENGINEERING_ASSESSMENT,CRITICAL,6.241,0.592,10.78,0,0,0,0,0,0,0,0,1
synth_002288,hide_craze,5,0.828,4.559,2.545,8.37,4200.0,1059.53,33.28,1026.25,1.84,667.6,6.49,4335.21,45000.0,10.4,0.92,REPAIR,HIGH,4.559,2.545,8.37,2,1,4,0,0,0,1,0,0
synth_002688,craze,2,0.491,1.086,1.886,9.138434681408205,3000.0,374.29,0.09,374.2,0.1,25.92,4.88,126.52,50000.0,395.2,0.841,MONITOR,LOW,1.086,1.886,9.138434681408205,1,2,5,0,0,1,0,0,0
synth_000212,corrosion,3,0.599,3.505,1.021,9.94,4200.0,2288.07,3.8,2284.27,0.1,36.29,5.16,187.13,60000.0,320.6,0.776,MONITOR,LOW,3.505,1.021,9.94,1,2,3,1,0,0,0,0,0
synth_001036,craze,2,0.377,0.272,2.336,10.37,2500.0,1632.05,0.06,1631.99,0.1,21.6,4.4,95.04,90000.0,947.0,0.872,MONITOR,LOW,0.272,2.336,10.37,1,2,5,0,0,1,0,0,0
synth_003482,crack,3,0.819,2.753,2.651,5.38,4200.0,92.05,1.23,90.82,0.78,283.58,5.11,1450.33,40000.0,27.6,0.966,ENGINEERING_ASSESSMENT,CRITICAL,2.753,2.651,5.38,0,0,1,0,1,0,0,0,0
synth_000900,hide_craze,4,0.947,6.093,0.874,9.59,2500.0,1167.07,67.63,1099.44,3.39,733.11,5.98,4384.0,45000.0,10.3,0.964,REPAIR,HIGH,6.093,0.874,9.59,2,1,4,0,0,0,1,0,0
synth_001361,surface_injure,1,0.623,3.794,2.77,9.138434681408205,2000.0,967.69,0.52,967.17,0.1,17.28,3.63,62.68,50000.0,797.7,0.808,MONITOR,LOW,3.794,2.77,9.138434681408205,1,2,2,0,0,0,0,1,0
synth_001506,crack,3,0.793,5.488,3.307,14.24,2500.0,2500.0,0.19,2499.81,0.66,142.39,5.07,721.34,80000.0,110.9,0.898,ENGINEERING_ASSESSMENT,CRITICAL,5.488,3.307,14.24,0,0,1,0,1,0,0,0,0
synth_000741,thunderstrike,3,0.519,4.986,2.011,13.61,2000.0,2000.0,0.01,1999.99,0.1,17.28,3.66,63.19,80000.0,1266.0,0.799,ENGINEERING_ASSESSMENT,CRITICAL,4.986,2.011,13.61,0,0,0,0,0,0,0,0,1
synth_003163,thunderstrike,3,0.441,3.957,1.64,11.41,2500.0,2424.17,0.52,2423.65,0.1,21.6,3.88,83.82,60000.0,715.8,0.964,ENGINEERING_ASSESSMENT,CRITICAL,3.957,1.64,11.41,0,0,0,0,0,0,0,0,1
synth_002792,hide_craze,3,0.95,3.794,2.138,7.84,3600.0,664.52,25.76,638.77,2.27,706.1,4.32,3048.8,25000.0,8.2,0.925,REPAIR,HIGH,3.794,2.138,7.84,2,1,4,0,0,0,1,0,0
synth_001860,corrosion,3,0.85,5.655,1.693,10.01,2500.0,1402.91,25.26,1377.65,1.05,227.79,4.65,1058.47,25000.0,23.6,0.807,REPAIR,HIGH,5.655,1.693,10.01,2,1,3,1,0,0,0,0,0
synth_000509,surface_injure,3,0.835,5.08,3.226,8.42,3600.0,934.88,14.78,920.1,0.93,288.08,6.11,1760.87,55000.0,31.2,0.906,REPAIR,HIGH,5.08,3.226,8.42,2,1,2,0,0,0,0,1,0
synth_000597,hide_craze,2,0.641,2.626,0.983,8.75,2500.0,773.34,1.11,772.23,0.1,21.6,3.69,79.72,90000.0,1129.0,0.854,MONITOR,LOW,2.626,0.983,8.75,1,2,4,0,0,0,1,0,0
synth_003212,hide_craze,4,0.801,7.103,1.632,11.05,2000.0,1700.41,32.57,1667.84,1.12,193.88,6.1,1183.55,35000.0,29.6,0.949,REPAIR,HIGH,7.103,1.632,11.05,2,1,4,0,0,0,1,0,0
synth_000981,thunderstrike,3,0.865,5.235,2.237,9.138434681408205,2500.0,2196.35,44.4,2151.95,1.18,255.76,4.56,1167.24,80000.0,68.5,0.98,ENGINEERING_ASSESSMENT,CRITICAL,5.235,2.237,9.138434681408205,0,0,0,0,0,0,0,0,1
synth_002408,thunderstrike,4,0.765,2.366,2.024,12.69,3000.0,3000.0,0.28,2999.72,0.77,198.82,3.66,727.39,60000.0,82.5,0.777,ENGINEERING_ASSESSMENT,CRITICAL,2.366,2.024,12.69,0,0,0,0,0,0,0,0,1
synth_003167,surface_injure,2,0.429,1.483,2.527,6.79,2500.0,221.29,0.02,221.27,0.1,21.6,4.73,102.09,90000.0,881.6,0.913,MONITOR,LOW,1.483,2.527,6.79,1,2,2,0,0,0,0,1,0
synth_000518,crack,5,0.634,6.998,2.893,9.67,3000.0,1448.78,7.88,1440.9,0.32,82.6,4.22,348.53,40000.0,114.8,0.8642600936220012,ENGINEERING_ASSESSMENT,CRITICAL,6.998,2.893,9.67,0,0,1,0,1,0,0,0,0
synth_002649,thunderstrike,4,0.692,5.55,1.777,11.31,3600.0,3368.5,23.66,3344.84,0.41,127.99,3.76,481.35,40000.0,83.1,0.754,ENGINEERING_ASSESSMENT,CRITICAL,5.55,1.777,11.31,0,0,0,0,0,0,0,0,1
synth_000767,hide_craze,2,0.208,0.446,3.448,7.13,2500.0,287.25,0.0,287.25,0.1,21.6,4.57,98.71,50000.0,506.5,0.815,MONITOR,LOW,0.446,3.448,7.13,1,2,4,0,0,0,1,0,0
synth_002915,craze,3,0.919,8.093,1.595,7.29,3600.0,463.69,14.49,449.2,1.83,569.18,5.23,2978.08,55000.0,18.5,0.833,REPAIR,HIGH,8.093,1.595,7.29,2,1,5,0,0,1,0,0,0
synth_000421,corrosion,2,0.557,0.753,0.834,5.44,3000.0,71.33,0.04,71.29,0.1,25.92,3.89,100.92,50000.0,495.4,0.828,MONITOR,LOW,0.753,0.834,5.44,1,2,3,1,0,0,0,0,0
synth_000123,craze,5,0.966,4.262,0.876,9.08,3600.0,1317.15,115.53,1201.63,5.14,1597.88,4.0,6396.44,45000.0,7.0,0.807,REPAIR,HIGH,4.262,0.876,9.08,2,1,5,0,0,1,0,0,0
synth_002258,hide_craze,4,0.857,8.69,2.979,11.45,3000.0,2945.48,89.84,2855.64,1.79,463.07,5.59,2586.3,35000.0,13.5,0.881,REPAIR,HIGH,8.69,2.979,11.45,2,1,4,0,0,0,1,0,0
synth_002578,crack,5,0.472,4.258,2.068,13.94,3000.0,3000.0,0.01,2999.99,0.1,25.92,5.05,130.82,80000.0,611.5,0.765,ENGINEERING_ASSESSMENT,CRITICAL,4.258,2.068,13.94,0,0,1,0,1,0,0,0,0
synth_000819,surface_injure,3,0.805,4.645,2.263,7.11,3000.0,339.92,4.19,335.74,0.72,186.99,5.81,1085.91,35000.0,32.2,0.779,REPAIR,HIGH,4.645,2.263,7.11,2,1,2,0,0,0,0,1,0
synth_000100,thunderstrike,4,0.503,1.844,1.765,12.31,4200.0,4200.0,0.02,4199.98,0.1,36.29,3.89,140.99,60000.0,425.6,0.8642600936220012,ENGINEERING_ASSESSMENT,CRITICAL,1.844,1.765,12.31,0,0,0,0,0,0,0,0,1
synth_003164,corrosion,5,0.933,7.769,3.262,10.07,2000.0,1150.68,83.66,1067.02,4.26,735.84,6.03,4436.18,55000.0,12.4,0.794,REPAIR,HIGH,7.769,3.262,10.07,2,1,3,1,0,0,0,0,0
synth_003324,surface_injure,4,0.939,7.611,0.73,9.138434681408205,4200.0,3194.73,177.75,3016.98,3.26,1182.58,5.48,6477.53,45000.0,6.9,0.878,REPAIR,HIGH,7.611,0.73,9.138434681408205,2,1,2,0,0,0,0,1,0
synth_002746,surface_injure,5,0.967,7.429,0.831,8.66,2000.0,589.14,54.33,534.81,5.4,933.4,6.48,6043.99,45000.0,7.4,0.98,REPAIR,HIGH,7.429,0.831,8.66,2,1,2,0,0,0,0,1,0
synth_003144,surface_injure,2,0.73,1.478,1.615,7.69,3000.0,503.7,1.67,502.03,0.19,50.44,3.98,200.69,50000.0,249.1,0.789,MONITOR,LOW,1.478,1.615,7.69,1,2,2,0,0,0,0,1,0
synth_001103,surface_injure,1,0.519,0.784,2.367,7.89,3600.0,684.0,0.11,683.89,0.1,31.1,3.63,112.86,90000.0,797.4,0.909,MONITOR,LOW,0.784,2.367,7.89,1,2,2,0,0,0,0,1,0
synth_001351,craze,2,0.687,2.835,1.404,10.8,2500.0,1928.96,4.42,1924.54,0.13,28.98,4.77,138.1,75000.0,543.1,0.791,MONITOR,LOW,2.835,1.404,10.8,1,2,5,0,0,1,0,0,0
synth_002658,crack,4,0.336,6.764,2.62,14.8,4200.0,4200.0,0.0,4200.0,0.1,36.29,4.96,180.13,40000.0,222.1,0.87,ENGINEERING_ASSESSMENT,CRITICAL,6.764,2.62,14.8,0,0,1,0,1,0,0,0,0
synth_002880,crack,4,0.33,3.142,1.389,9.138434681408205,2500.0,2500.0,0.0,2500.0,0.1,21.6,3.77,81.44,60000.0,736.7,0.798,ENGINEERING_ASSESSMENT,CRITICAL,3.142,1.389,9.138434681408205,0,0,1,0,1,0,0,0,0
synth_001278,corrosion,5,0.851,10.072,1.43,10.07,4200.0,2414.33,96.43,2317.91,2.34,848.87,4.52,3833.9,55000.0,14.3,0.91,REPAIR,HIGH,10.072,1.43,10.07,2,1,3,1,0,0,0,0,0
synth_001961,surface_injure,5,0.955,2.919,1.571,7.71,4200.0,714.29,56.51,657.79,4.63,1681.37,4.18,7023.88,45000.0,6.4,0.84,REPAIR,HIGH,2.919,1.571,7.71,2,1,2,0,0,0,0,1,0
synth_002952,craze,5,0.831,3.88,2.487,7.37,2500.0,340.34,10.86,329.48,1.87,403.86,6.34,2559.73,25000.0,9.8,0.824,REPAIR,HIGH,3.88,2.487,7.37,2,1,5,0,0,1,0,0,0
synth_000982,crack,3,0.938,7.287,1.918,14.53,4200.0,4200.0,0.98,4199.02,2.08,754.77,4.27,3224.58,60000.0,18.6,0.769,ENGINEERING_ASSESSMENT,CRITICAL,7.287,1.918,14.53,0,0,1,0,1,0,0,0,0
synth_000456,crack,3,0.478,7.383,1.495,5.98,2000.0,85.76,0.03,85.72,0.1,17.28,5.21,89.97,60000.0,666.9,0.904,MONITOR,LOW,7.383,1.495,5.98,1,2,1,0,1,0,0,0,0
synth_002702,crack,4,0.927,2.121,2.157,10.41,2500.0,1658.48,78.09,1580.38,2.76,595.73,4.14,2467.49,80000.0,32.4,0.896,ENGINEERING_ASSESSMENT,CRITICAL,2.121,2.157,10.41,0,0,1,0,1,0,0,0,0
synth_003561,thunderstrike,5,0.304,1.745,2.88,14.19,3600.0,3600.0,0.0,3600.0,0.1,31.1,4.37,135.8,40000.0,294.6,0.972,ENGINEERING_ASSESSMENT,CRITICAL,1.745,2.88,14.19,0,0,0,0,0,0,0,0,1
synth_000381,corrosion,3,0.751,5.538,3.001,7.31,4200.0,549.38,4.3,545.08,0.46,166.3,4.86,808.67,60000.0,74.2,0.851,MONITOR,LOW,5.538,3.001,7.31,1,2,3,1,0,0,0,0,0
synth_003354,thunderstrike,3,0.842,4.399,1.85,14.69,4200.0,4200.0,0.48,4199.52,0.98,354.27,5.33,1887.6,80000.0,42.4,0.914,ENGINEERING_ASSESSMENT,CRITICAL,4.399,1.85,14.69,0,0,0,0,0,0,0,0,1
synth_002927,crack,5,0.625,4.166,1.77,12.74,4200.0,4200.0,0.14,4199.86,0.28,101.09,3.67,370.9,60000.0,161.8,0.798,ENGINEERING_ASSESSMENT,CRITICAL,4.166,1.77,12.74,0,0,1,0,1,0,0,0,0
synth_003546,thunderstrike,5,0.729,4.858,3.252,8.11,4200.0,911.25,12.25,899.0,0.79,285.76,4.26,1216.08,60000.0,49.3,0.883,ENGINEERING_ASSESSMENT,CRITICAL,4.858,3.252,8.11,0,0,0,0,0,0,0,0,1
synth_001010,corrosion,5,0.927,8.269,1.492,8.87,3000.0,988.46,69.2,919.25,4.1,1062.88,4.95,5260.28,25000.0,4.8,0.899,REPAIR,HIGH,8.269,1.492,8.87,2,1,3,1,0,0,0,0,0
synth_003066,surface_injure,5,0.915,6.504,1.528,8.28,2500.0,600.53,37.74,562.79,3.68,795.02,5.99,4758.55,45000.0,9.5,0.869,REPAIR,HIGH,6.504,1.528,8.28,2,1,2,0,0,0,0,1,0
synth_002014,hide_craze,2,0.44,0.442,2.78,5.79,2500.0,88.56,0.01,88.55,0.1,21.6,4.65,100.52,50000.0,497.4,0.967,MONITOR,LOW,0.442,2.78,5.79,1,2,4,0,0,0,1,0,0
synth_000662,surface_injure,1,0.65,0.948,0.796,5.96,2000.0,84.15,0.06,84.09,0.1,17.28,3.84,66.37,50000.0,753.4,0.851,MONITOR,LOW,0.948,0.796,5.96,1,2,2,0,0,0,0,1,0
synth_002345,craze,3,0.928,5.435,2.214,7.2,2500.0,300.74,9.7,291.04,1.89,408.03,4.77,1947.62,35000.0,18.0,0.757,REPAIR,HIGH,5.435,2.214,7.2,2,1,5,0,0,1,0,0,0
synth_003537,crack,3,0.41,7.684,2.617,7.66,3600.0,594.26,0.08,594.17,0.1,31.1,5.1,158.51,80000.0,504.7,0.761,ENGINEERING_ASSESSMENT,CRITICAL,7.684,2.617,7.66,0,0,1,0,1,0,0,0,0
synth_003259,thunderstrike,4,0.895,7.97,2.334,11.54,4200.0,4200.0,1.12,4198.88,2.38,864.32,5.21,4502.86,80000.0,17.8,0.8642600936220012,ENGINEERING_ASSESSMENT,CRITICAL,7.97,2.334,11.54,0,0,0,0,0,0,0,0,1
synth_002753,crack,4,0.955,9.221,3.226,7.09,2000.0,223.6,14.15,209.46,3.71,640.35,5.52,3535.41,45000.0,12.7,0.962,REPAIR,HIGH,9.221,3.226,7.09,2,1,1,0,1,0,0,0,0
synth_002046,craze,2,0.371,0.506,2.348,7.24,4200.0,521.06,0.02,521.04,0.1,36.29,4.71,170.81,75000.0,439.1,0.829,MONITOR,LOW,0.506,2.348,7.24,1,2,5,0,0,1,0,0,0
synth_002820,surface_injure,2,0.499,2.419,0.85,9.04,2500.0,895.12,0.24,894.88,0.1,21.6,4.05,87.38,75000.0,858.3,0.943,MONITOR,LOW,2.419,0.85,9.04,1,2,2,0,0,0,0,1,0
synth_002741,corrosion,3,0.852,10.577,2.348,8.49,3000.0,807.52,15.45,792.07,1.12,290.4,4.42,1282.14,25000.0,19.5,0.853,REPAIR,HIGH,10.577,2.348,8.49,2,1,3,1,0,0,0,0,0
synth_001927,crack,4,0.532,1.007,1.444,13.04,2500.0,2500.0,0.02,2499.98,0.1,21.6,5.28,114.02,80000.0,701.6,0.876,ENGINEERING_ASSESSMENT,CRITICAL,1.007,1.444,13.04,0,0,1,0,1,0,0,0,0
synth_000845,thunderstrike,5,0.543,3.717,1.572,5.96,2000.0,84.19,0.15,84.04,0.11,18.54,5.33,98.8,40000.0,404.9,0.845,ENGINEERING_ASSESSMENT,CRITICAL,3.717,1.572,5.96,0,0,0,0,0,0,0,0,1
synth_000542,hide_craze,2,0.6,2.585,2.329,4.42,2500.0,11.67,0.01,11.66,0.1,21.6,3.66,78.98,50000.0,633.1,0.8642600936220012,MONITOR,LOW,2.585,2.329,4.42,1,2,4,0,0,0,1,0,0
synth_001822,craze,4,0.881,2.766,3.113,9.7,3600.0,1762.47,59.79,1702.68,1.99,618.01,5.99,3703.04,55000.0,14.9,0.8642600936220012,REPAIR,HIGH,2.766,3.113,9.7,2,1,5,0,0,1,0,0,0
synth_003185,surface_injure,5,0.87,4.622,3.231,8.26,4200.0,997.97,43.72,954.25,2.57,931.16,4.03,3748.51,45000.0,12.0,0.822,REPAIR,HIGH,4.622,3.231,8.26,2,1,2,0,0,0,0,1,0
synth_002576,surface_injure,5,0.811,8.639,2.698,9.7,3000.0,1468.2,42.11,1426.09,1.68,435.48,5.78,2519.11,25000.0,9.9,0.805,REPAIR,HIGH,8.639,2.698,9.7,2,1,2,0,0,0,0,1,0
synth_001196,thunderstrike,3,0.833,7.969,1.774,5.77,3000.0,103.4,1.67,101.73,0.95,244.98,4.45,1089.2,80000.0,73.4,0.952,ENGINEERING_ASSESSMENT,CRITICAL,7.969,1.774,5.77,0,0,0,0,0,0,0,0,1
synth_001102,crack,3,0.913,3.794,1.474,11.63,3600.0,3600.0,0.7,3599.3,1.6,498.07,4.84,2412.76,80000.0,33.2,0.753,ENGINEERING_ASSESSMENT,CRITICAL,3.794,1.474,11.63,0,0,1,0,1,0,0,0,0
synth_002419,craze,1,0.723,2.852,0.942,9.47,3600.0,1584.41,2.46,1581.95,0.1,31.1,3.82,118.71,75000.0,631.8,0.856,MONITOR,LOW,2.852,0.942,9.47,1,2,5,0,0,1,0,0,0
synth_003369,thunderstrike,5,0.828,7.826,2.968,14.13,4200.0,4200.0,0.9,4199.1,1.91,692.7,3.59,2483.44,60000.0,24.2,0.837,ENGINEERING_ASSESSMENT,CRITICAL,7.826,2.968,14.13,0,0,0,0,0,0,0,0,1
synth_001800,corrosion,3,0.866,9.954,3.45,8.03,3600.0,744.57,15.79,728.79,1.24,386.31,4.48,1731.19,35000.0,20.2,0.823,REPAIR,HIGH,9.954,3.45,8.03,2,1,3,1,0,0,0,0,0
synth_001498,thunderstrike,5,0.41,1.76,3.279,12.49,2500.0,2500.0,0.0,2500.0,0.1,21.6,4.11,88.78,80000.0,901.1,0.825,ENGINEERING_ASSESSMENT,CRITICAL,1.76,3.279,12.49,0,0,0,0,0,0,0,0,1
synth_002242,crack,4,0.349,6.007,1.648,12.36,2500.0,2500.0,0.0,2500.0,0.1,21.6,5.49,118.67,80000.0,674.1,0.834,ENGINEERING_ASSESSMENT,CRITICAL,6.007,1.648,12.36,0,0,1,0,1,0,0,0,0
synth_001452,surface_injure,3,0.87,6.292,0.658,9.138434681408205,3000.0,2173.72,46.08,2127.63,1.24,321.85,6.42,2065.05,45000.0,21.8,0.873,REPAIR,HIGH,6.292,0.658,9.138434681408205,2,1,2,0,0,0,0,1,0
synth_001048,thunderstrike,4,0.786,7.081,3.291,10.37,4200.0,2732.8,46.23,2686.56,0.99,359.58,5.0,1799.25,80000.0,44.5,0.84,ENGINEERING_ASSESSMENT,CRITICAL,7.081,3.291,10.37,0,0,0,0,0,0,0,0,1
synth_003145,craze,1,0.292,1.783,2.68,9.15,4200.0,1594.53,0.01,1594.53,0.1,36.29,3.71,134.52,75000.0,557.5,0.903,MONITOR,LOW,1.783,2.68,9.15,1,2,5,0,0,1,0,0,0
synth_002178,craze,3,0.813,3.794,2.814,10.21,2500.0,1528.03,21.02,1507.01,0.81,174.04,5.07,882.88,25000.0,28.3,0.787,REPAIR,HIGH,3.794,2.814,10.21,2,1,5,0,0,1,0,0,0
synth_001880,corrosion,3,0.865,2.742,1.269,10.19,3600.0,2176.04,42.07,2133.97,1.13,352.25,4.83,1699.89,45000.0,26.5,0.866,REPAIR,HIGH,2.742,1.269,10.19,2,1,3,1,0,0,0,0,0
synth_002515,corrosion,2,0.622,2.165,1.837,5.61,2500.0,72.35,0.08,72.26,0.1,21.6,3.78,81.61,50000.0,612.7,0.934,MONITOR,LOW,2.165,1.837,5.61,1,2,3,1,0,0,0,0,0
synth_000237,crack,4,0.72,5.458,2.288,8.41,2000.0,514.53,4.72,509.81,0.54,92.87,3.64,338.36,60000.0,177.3,0.906,ENGINEERING_ASSESSMENT,CRITICAL,5.458,2.288,8.41,0,0,1,0,1,0,0,0,0
synth_002097,surface_injure,3,0.924,6.783,1.436,7.58,3000.0,470.58,15.05,455.53,1.87,485.69,4.27,2076.06,25000.0,12.0,0.764,REPAIR,HIGH,6.783,1.436,7.58,2,1,2,0,0,0,0,1,0
synth_002463,craze,4,0.951,10.93,1.324,7.56,3600.0,557.51,34.69,522.82,3.64,1133.47,4.16,4718.81,35000.0,7.4,0.863,REPAIR,HIGH,10.93,1.324,7.56,2,1,5,0,0,1,0,0,0
synth_001133,hide_craze,2,0.421,0.803,1.169,11.99,4200.0,4200.0,0.0,4200.0,0.1,36.29,4.15,150.59,50000.0,332.0,0.977,MONITOR,LOW,0.803,1.169,11.99,1,2,4,0,0,0,1,0,0
synth_002350,hide_craze,1,0.599,0.616,1.671,7.07,3600.0,394.23,0.16,394.07,0.1,31.1,3.6,112.06,75000.0,669.3,0.919,MONITOR,LOW,0.616,1.671,7.07,1,2,4,0,0,0,1,0,0
synth_002464,hide_craze,4,0.887,3.794,1.0,8.51,2000.0,543.71,20.57,523.13,2.22,382.92,6.07,2322.89,25000.0,10.8,0.945,REPAIR,HIGH,3.794,1.0,8.51,2,1,4,0,0,0,1,0,0
synth_000163,craze,1,0.248,0.869,1.842,8.08,3600.0,767.49,0.0,767.49,0.1,31.1,4.74,147.35,75000.0,509.0,0.951,MONITOR,LOW,0.869,1.842,8.08,1,2,5,0,0,1,0,0,0
synth_001513,surface_injure,5,0.869,8.068,1.139,10.52,3000.0,2079.31,93.79,1985.51,2.64,684.8,5.87,4016.61,25000.0,6.2,0.802,REPAIR,HIGH,8.068,1.139,10.52,2,1,2,0,0,0,0,1,0
synth_000252,corrosion,1,0.236,1.738,0.518,9.06,3000.0,1085.37,0.0,1085.37,0.1,25.92,4.37,113.16,75000.0,662.8,0.87,MONITOR,LOW,1.738,0.518,9.06,1,2,3,1,0,0,0,0,0
synth_002174,surface_injure,2,0.608,1.51,1.931,7.64,3600.0,584.22,0.57,583.65,0.1,31.1,4.85,150.83,75000.0,497.2,0.942,MONITOR,LOW,1.51,1.931,7.64,1,2,2,0,0,0,0,1,0
synth_002499,crack,3,0.488,5.745,2.499,7.13,3600.0,412.09,0.18,411.91,0.1,31.1,3.96,123.1,40000.0,324.9,0.905,ENGINEERING_ASSESSMENT,CRITICAL,5.745,2.499,7.13,0,0,1,0,1,0,0,0,0
synth_001593,surface_injure,5,0.803,6.081,2.11,9.28,2000.0,806.67,20.99,785.68,1.52,263.33,5.32,1401.01,55000.0,39.3,0.959,REPAIR,HIGH,6.081,2.11,9.28,2,1,2,0,0,0,0,1,0
synth_000930,surface_injure,1,0.328,0.352,2.513,8.77,2000.0,626.6,0.0,626.59,0.1,17.28,3.63,62.73,75000.0,1195.6,0.764,MONITOR,LOW,0.352,2.513,8.77,1,2,2,0,0,0,0,1,0
synth_001657,hide_craze,2,0.633,2.327,2.446,8.51,2500.0,682.74,0.9,681.85,0.1,21.6,4.78,103.33,90000.0,871.0,0.973,MONITOR,LOW,2.327,2.446,8.51,1,2,4,0,0,0,1,0,0
synth_001783,corrosion,3,0.838,9.002,3.108,7.62,3600.0,577.88,9.77,568.11,0.99,307.89,4.61,1420.01,35000.0,24.6,0.923,REPAIR,HIGH,9.002,3.108,7.62,2,1,3,1,0,0,0,0,0
synth_003091,surface_injure,3,0.354,5.89,1.497,6.91,3600.0,349.32,0.02,349.3,0.1,31.1,4.13,128.54,80000.0,622.4,0.8642600936220012,MONITOR,LOW,5.89,1.497,6.91,1,2,2,0,0,0,0,1,0
synth_001450,surface_injure,1,0.292,0.336,2.988,9.41,3000.0,1283.59,0.0,1283.59,0.1,25.92,4.68,121.31,90000.0,741.9,0.84,MONITOR,LOW,0.336,2.988,9.41,1,2,2,0,0,0,0,1,0
synth_002990,surface_injure,4,0.973,8.694,0.739,10.67,3000.0,2201.15,157.39,2043.76,4.19,1085.53,6.04,6560.13,25000.0,3.8,0.974,REPAIR,HIGH,8.694,0.739,10.67,2,1,2,0,0,0,0,1,0
synth_001971,craze,5,0.925,9.811,2.312,7.61,4200.0,669.73,46.61,623.12,4.08,1479.2,5.1,7545.65,45000.0,6.0,0.888,REPAIR,HIGH,9.811,2.312,7.61,2,1,5,0,0,1,0,0,0
synth_003442,thunderstrike,4,0.337,3.794,1.935,9.67,4200.0,2025.07,0.12,2024.95,0.1,36.29,4.41,159.88,40000.0,250.2,0.834,ENGINEERING_ASSESSMENT,CRITICAL,3.794,1.935,9.67,0,0,0,0,0,0,0,0,1
synth_001090,corrosion,4,0.931,3.395,3.272,9.138434681408205,3000.0,688.05,34.27,653.78,2.92,756.21,5.58,4216.74,55000.0,13.0,0.973,REPAIR,HIGH,3.395,3.272,9.138434681408205,2,1,3,1,0,0,0,0,0
synth_002872,surface_injure,1,0.739,1.51,2.979,4.96,3000.0,36.64,0.06,36.58,0.1,26.2,4.75,124.54,50000.0,401.5,0.931,MONITOR,LOW,1.51,2.979,4.96,1,2,2,0,0,0,0,1,0
synth_001587,craze,4,0.822,6.638,1.11,9.52,3600.0,1622.57,36.71,1585.86,1.33,412.21,5.57,2296.67,35000.0,15.2,0.765,REPAIR,HIGH,6.638,1.11,9.52,2,1,5,0,0,1,0,0,0
synth_001181,thunderstrike,5,0.574,5.331,1.462,9.44,2000.0,869.06,2.38,866.68,0.16,27.75,3.99,110.78,60000.0,541.6,0.893,ENGINEERING_ASSESSMENT,CRITICAL,5.331,1.462,9.44,0,0,0,0,0,0,0,0,1
synth_000593,craze,2,0.477,0.789,1.017,6.59,4200.0,315.78,0.06,315.72,0.1,36.29,4.73,171.61,50000.0,291.4,0.799,MONITOR,LOW,0.789,1.017,6.59,1,2,5,0,0,1,0,0,0
synth_000677,hide_craze,2,0.325,1.281,1.481,9.138434681408205,3000.0,1353.09,0.02,1353.07,0.1,25.92,4.4,114.14,75000.0,657.1,0.919,MONITOR,LOW,1.281,1.481,9.138434681408205,1,2,4,0,0,0,1,0,0
synth_000041,craze,3,0.921,10.02,3.423,10.55,2500.0,1754.25,56.42,1697.83,1.88,406.88,4.23,1720.29,35000.0,20.3,0.852,REPAIR,HIGH,10.02,3.423,10.55,2,1,5,0,0,1,0,0,0
synth_002283,corrosion,4,0.886,8.617,0.514,10.47,2500.0,1693.49,64.73,1628.75,2.24,483.59,4.9,2368.95,25000.0,10.6,0.753,REPAIR,HIGH,8.617,0.514,10.47,2,1,3,1,0,0,0,0,0
synth_003379,crack,4,0.478,1.704,1.115,9.83,2500.0,1296.7,0.71,1295.99,0.1,21.6,4.53,97.77,80000.0,818.2,0.764,ENGINEERING_ASSESSMENT,CRITICAL,1.704,1.115,9.83,0,0,1,0,1,0,0,0,0
synth_002466,corrosion,2,0.251,1.748,0.655,11.24,4200.0,3822.94,0.01,3822.93,0.1,36.29,4.68,169.95,90000.0,529.6,0.8642600936220012,MONITOR,LOW,1.748,0.655,11.24,1,2,3,1,0,0,0,0,0
synth_000243,thunderstrike,5,0.435,6.477,2.208,12.35,2500.0,2500.0,0.01,2499.99,0.1,21.6,4.1,88.58,60000.0,677.4,0.856,ENGINEERING_ASSESSMENT,CRITICAL,6.477,2.208,12.35,0,0,0,0,0,0,0,0,1
synth_001124,corrosion,3,0.934,9.226,2.766,10.91,2500.0,2013.25,70.65,1942.59,2.06,444.0,4.96,2201.64,45000.0,20.4,0.754,REPAIR,HIGH,9.226,2.766,10.91,2,1,3,1,0,0,0,0,0
synth_001313,craze,5,0.975,10.462,1.14,8.41,2000.0,515.44,51.34,464.1,5.83,1008.17,5.43,5469.58,25000.0,4.6,0.942,REPAIR,HIGH,10.462,1.14,8.41,2,1,5,0,0,1,0,0,0
synth_001499,thunderstrike,3,0.414,6.423,0.763,10.14,4200.0,2487.87,0.37,2487.5,0.1,36.29,3.52,127.78,60000.0,469.6,0.927,ENGINEERING_ASSESSMENT,CRITICAL,6.423,0.763,10.14,0,0,0,0,0,0,0,0,1
synth_002671,craze,4,0.917,4.702,2.163,7.5,2500.0,370.87,17.0,353.87,2.68,579.89,5.25,3044.16,45000.0,14.8,0.897,REPAIR,HIGH,4.702,2.163,7.5,2,1,5,0,0,1,0,0,0
synth_000261,craze,4,0.926,5.055,0.645,9.14,4200.0,1582.54,78.36,1504.18,2.9,1052.43,5.59,5878.72,25000.0,4.3,0.865,REPAIR,HIGH,5.055,0.645,9.14,2,1,5,0,0,1,0,0,0
synth_002608,surface_injure,3,0.858,3.924,2.057,9.72,2500.0,1235.49,23.03,1212.46,1.09,235.85,5.19,1224.72,55000.0,44.9,0.83,REPAIR,HIGH,3.924,2.057,9.72,2,1,2,0,0,0,0,1,0
synth_001999,thunderstrike,4,0.803,7.15,0.956,11.24,2500.0,2277.7,44.28,2233.42,1.14,245.97,5.35,1317.12,40000.0,30.4,0.966,ENGINEERING_ASSESSMENT,CRITICAL,7.15,0.956,11.24,0,0,0,0,0,0,0,0,1
synth_002403,craze,4,0.956,8.114,2.772,9.4,3000.0,1282.68,81.29,1201.39,3.71,962.1,6.11,5879.57,55000.0,9.4,0.799,REPAIR,HIGH,8.114,2.772,9.4,2,1,5,0,0,1,0,0,0
synth_000834,surface_injure,5,0.836,2.939,1.24,8.2,3000.0,686.12,22.29,663.83,1.9,493.23,5.24,2586.01,55000.0,21.3,0.827,REPAIR,HIGH,2.939,1.24,8.2,2,1,2,0,0,0,0,1,0
synth_003447,crack,5,0.485,6.152,1.184,13.37,4200.0,4200.0,0.02,4199.98,0.1,36.29,4.93,178.97,80000.0,447.0,0.922,ENGINEERING_ASSESSMENT,CRITICAL,6.152,1.184,13.37,0,0,1,0,1,0,0,0,0
synth_001360,craze,3,0.471,3.367,2.591,6.07,3000.0,141.83,0.05,141.79,0.1,25.92,4.89,126.86,40000.0,315.3,0.8,MONITOR,LOW,3.367,2.591,6.07,1,2,5,0,0,1,0,0,0
synth_002716,craze,1,0.723,1.942,0.607,7.36,2000.0,270.07,0.41,269.66,0.1,17.28,4.82,83.2,50000.0,601.0,0.755,MONITOR,LOW,1.942,0.607,7.36,1,2,5,0,0,1,0,0,0
synth_001309,hide_craze,1,0.271,2.291,1.363,6.6,3000.0,228.63,0.0,228.63,0.1,25.92,4.5,116.7,50000.0,428.4,0.908,MONITOR,LOW,2.291,1.363,6.6,1,2,4,0,0,0,1,0,0
synth_000340,surface_injure,3,0.906,3.159,2.622,9.87,3000.0,1585.62,41.97,1543.65,1.55,401.82,5.83,2343.62,35000.0,14.9,0.883,REPAIR,HIGH,3.159,2.622,9.87,2,1,2,0,0,0,0,1,0
synth_001533,thunderstrike,5,0.814,2.603,3.063,8.92,3600.0,1217.75,32.75,1185.0,1.58,489.92,4.04,1977.94,60000.0,30.3,0.931,ENGINEERING_ASSESSMENT,CRITICAL,2.603,3.063,8.92,0,0,0,0,0,0,0,0,1
synth_000748,thunderstrike,5,0.898,1.386,3.354,13.21,2000.0,2000.0,0.74,1999.26,2.94,507.98,3.58,1816.23,80000.0,44.0,0.8642600936220012,ENGINEERING_ASSESSMENT,CRITICAL,1.386,3.354,13.21,0,0,0,0,0,0,0,0,1
synth_003086,craze,4,0.935,2.691,1.649,7.13,2500.0,287.45,14.47,272.98,2.95,636.77,4.41,2810.27,25000.0,8.9,0.902,REPAIR,HIGH,2.691,1.649,7.13,2,1,5,0,0,1,0,0,0
synth_000480,thunderstrike,5,0.825,1.483,1.568,8.35,2500.0,622.63,17.84,604.79,1.68,362.44,4.13,1495.94,60000.0,40.1,0.887,ENGINEERING_ASSESSMENT,CRITICAL,1.483,1.568,8.35,0,0,0,0,0,0,0,0,1
synth_001697,thunderstrike,3,0.733,6.666,2.997,11.26,2500.0,2295.95,15.48,2280.47,0.4,85.33,4.9,417.88,40000.0,95.7,0.795,ENGINEERING_ASSESSMENT,CRITICAL,6.666,2.997,11.26,0,0,0,0,0,0,0,0,1
synth_001954,craze,4,0.953,6.201,2.323,9.33,2000.0,827.31,50.25,777.07,3.56,614.7,4.81,2957.67,35000.0,11.8,0.893,REPAIR,HIGH,6.201,2.323,9.33,2,1,5,0,0,1,0,0,0
synth_001662,corrosion,5,0.811,3.794,2.555,7.93,2500.0,487.48,14.16,473.32,1.7,367.47,5.32,1954.43,55000.0,28.1,0.868,REPAIR,HIGH,3.794,2.555,7.93,2,1,3,1,0,0,0,0,0
synth_000783,surface_injure,3,0.88,3.581,3.416,8.85,3600.0,1173.17,25.91,1147.26,1.29,402.4,5.62,2261.32,55000.0,24.3,0.823,REPAIR,HIGH,3.581,3.416,8.85,2,1,2,0,0,0,0,1,0
synth_003083,craze,2,0.261,2.096,1.136,8.42,3600.0,931.85,0.0,931.84,0.1,31.1,4.93,153.29,90000.0,587.1,0.803,MONITOR,LOW,2.096,1.136,8.42,1,2,5,0,0,1,0,0,0
synth_003559,crack,5,0.891,2.178,1.484,10.58,3000.0,2130.98,104.39,2026.59,2.87,743.68,5.05,3757.64,80000.0,21.3,0.762,ENGINEERING_ASSESSMENT,CRITICAL,2.178,1.484,10.58,0,0,1,0,1,0,0,0,0
synth_002359,hide_craze,1,0.518,2.135,1.101,9.4,3600.0,1533.68,0.25,1533.43,0.1,31.1,3.51,109.01,50000.0,458.7,0.8642600936220012,MONITOR,LOW,2.135,1.101,9.4,1,2,4,0,0,0,1,0,0
synth_003543,crack,4,0.404,7.026,1.959,8.86,3600.0,1178.94,0.23,1178.71,0.1,31.1,5.46,169.93,60000.0,353.1,0.756,ENGINEERING_ASSESSMENT,CRITICAL,7.026,1.959,8.86,0,0,1,0,1,0,0,0,0
synth_002381,thunderstrike,3,0.864,1.84,0.789,14.29,3000.0,3000.0,0.4,2999.6,1.09,282.67,4.05,1144.66,60000.0,52.4,0.848,ENGINEERING_ASSESSMENT,CRITICAL,1.84,0.789,14.29,0,0,0,0,0,0,0,0,1
synth_002250,surface_injure,4,0.965,6.374,2.413,8.59,2000.0,568.9,37.69,531.22,3.88,670.44,5.06,3390.78,55000.0,16.2,0.921,REPAIR,HIGH,6.374,2.413,8.59,2,1,2,0,0,0,0,1,0
synth_001411,surface_injure,3,0.459,6.376,1.048,5.13,3000.0,46.97,0.01,46.96,0.1,25.92,3.93,101.98,60000.0,588.4,0.802,MONITOR,LOW,6.376,1.048,5.13,1,2,2,0,0,0,0,1,0
synth_001675,crack,3,0.932,7.848,2.362,9.71,3000.0,1477.29,50.49,1426.8,2.0,518.92,3.83,1985.13,80000.0,40.3,0.864,REPAIR,HIGH,7.848,2.362,9.71,2,1,1,0,1,0,0,0,0
synth_002372,surface_injure,2,0.342,0.417,1.122,4.46,2500.0,12.78,0.0,12.78,0.1,21.6,4.23,91.32,50000.0,547.5,0.832,MONITOR,LOW,0.417,1.122,4.46,1,2,2,0,0,0,0,1,0
synth_002548,corrosion,2,0.494,3.794,2.3,10.39,4200.0,2762.82,0.7,2762.12,0.1,36.29,4.93,178.9,75000.0,419.2,0.941,MONITOR,LOW,3.794,2.3,10.39,1,2,3,1,0,0,0,0,0
synth_001461,crack,5,0.933,3.732,2.928,14.1,2000.0,2000.0,0.96,1999.04,4.05,699.53,3.95,2763.92,40000.0,14.5,0.929,ENGINEERING_ASSESSMENT,CRITICAL,3.732,2.928,14.1,0,0,1,0,1,0,0,0,0
synth_001271,corrosion,1,0.685,0.68,2.37,11.72,3600.0,3600.0,0.03,3599.97,0.1,31.1,4.29,133.43,50000.0,374.7,0.894,MONITOR,LOW,0.68,2.37,11.72,1,2,3,1,0,0,0,0,0
synth_002233,surface_injure,3,0.85,3.227,3.496,8.38,2500.0,633.55,10.98,622.57,1.02,219.32,4.96,1087.13,25000.0,23.0,0.8642600936220012,REPAIR,HIGH,3.227,3.496,8.38,2,1,2,0,0,0,0,1,0
synth_001127,crack,5,0.678,4.542,0.718,8.99,2000.0,698.67,5.74,692.94,0.48,83.11,3.74,310.77,60000.0,193.1,0.905,ENGINEERING_ASSESSMENT,CRITICAL,4.542,0.718,8.99,0,0,1,0,1,0,0,0,0
synth_000626,crack,3,0.324,6.02,0.783,10.38,2000.0,1309.51,0.04,1309.47,0.1,17.28,4.52,78.06,60000.0,768.6,0.794,ENGINEERING_ASSESSMENT,CRITICAL,6.02,0.783,10.38,0,0,1,0,1,0,0,0,0
synth_000347,hide_craze,5,0.852,3.69,2.368,7.9,2000.0,383.73,14.34,369.38,2.19,378.31,4.54,1717.74,25000.0,14.6,0.857,REPAIR,HIGH,3.69,2.368,7.9,2,1,4,0,0,0,1,0,0
synth_002297,surface_injure,2,0.466,1.493,1.389,5.45,2000.0,47.61,0.01,47.6,0.1,17.28,4.62,79.79,90000.0,1128.0,0.921,MONITOR,LOW,1.493,1.389,5.45,1,2,2,0,0,0,0,1,0
synth_001766,hide_craze,4,0.875,10.171,0.989,9.138434681408205,3600.0,1374.61,49.0,1325.61,2.09,649.35,5.64,3660.46,45000.0,12.3,0.8642600936220012,REPAIR,HIGH,10.171,0.989,9.138434681408205,2,1,4,0,0,0,1,0,0
synth_000979,surface_injure,5,0.804,6.999,1.674,8.85,2500.0,815.25,21.72,793.53,1.56,337.05,6.32,2131.79,55000.0,25.8,0.959,REPAIR,HIGH,6.999,1.674,8.85,2,1,2,0,0,0,0,1,0
synth_003096,crack,3,0.822,3.959,2.037,5.96,2500.0,106.07,1.49,104.58,0.82,177.85,3.84,682.55,40000.0,58.6,0.94,ENGINEERING_ASSESSMENT,CRITICAL,3.959,2.037,5.96,0,0,1,0,1,0,0,0,0
synth_001592,corrosion,2,0.234,2.995,1.523,10.6,2000.0,1431.47,0.0,1431.47,0.1,17.28,4.83,83.39,50000.0,599.6,0.804,MONITOR,LOW,2.995,1.523,10.6,1,2,3,1,0,0,0,0,0
synth_000911,thunderstrike,3,0.661,6.573,1.488,5.04,3000.0,41.33,0.14,41.19,0.2,51.11,4.76,243.42,80000.0,328.7,0.959,ENGINEERING_ASSESSMENT,CRITICAL,6.573,1.488,5.04,0,0,0,0,0,0,0,0,1
synth_002252,surface_injure,3,0.965,11.375,2.89,7.74,4200.0,728.68,32.25,696.44,2.59,940.54,5.36,5039.0,55000.0,10.9,0.784,REPAIR,HIGH,11.375,2.89,7.74,2,1,2,0,0,0,0,1,0
synth_000632,thunderstrike,3,0.773,5.436,1.995,6.41,3600.0,231.43,2.2,229.24,0.56,172.84,4.39,758.06,60000.0,79.1,0.947,ENGINEERING_ASSESSMENT,CRITICAL,5.436,1.995,6.41,0,0,0,0,0,0,0,0,1
synth_001431,hide_craze,2,0.61,0.884,2.798,8.93,3600.0,1224.77,1.19,1223.57,0.1,31.1,3.98,123.72,50000.0,404.1,0.83,MONITOR,LOW,0.884,2.798,8.93,1,2,4,0,0,0,1,0,0
synth_000445,crack,3,0.359,5.38,1.261,10.51,2000.0,1376.83,0.08,1376.75,0.1,17.28,4.31,74.56,40000.0,536.5,0.795,ENGINEERING_ASSESSMENT,CRITICAL,5.38,1.261,10.51,0,0,1,0,1,0,0,0,0
synth_000617,crack,5,0.733,2.509,2.771,7.21,2500.0,303.91,4.05,299.87,0.78,168.49,4.96,835.44,40000.0,47.9,0.789,ENGINEERING_ASSESSMENT,CRITICAL,2.509,2.771,7.21,0,0,1,0,1,0,0,0,0
synth_003057,craze,1,0.441,2.315,2.788,6.99,4200.0,434.36,0.02,434.34,0.1,36.29,3.58,129.8,75000.0,577.8,0.752,MONITOR,LOW,2.315,2.788,6.99,1,2,5,0,0,1,0,0,0
synth_001553,hide_craze,5,0.813,10.642,1.68,8.22,3600.0,833.44,24.6,808.84,1.73,537.7,5.89,3166.33,45000.0,14.2,0.925,REPAIR,HIGH,10.642,1.68,8.22,2,1,4,0,0,0,1,0,0
synth_001867,corrosion,1,0.722,2.384,2.465,9.138434681408205,2000.0,433.81,0.66,433.16,0.1,17.28,3.87,66.95,75000.0,1120.2,0.8642600936220012,MONITOR,LOW,2.384,2.465,9.138434681408205,1,2,3,1,0,0,0,0,0
synth_001642,thunderstrike,3,0.672,5.882,2.944,11.74,3000.0,3000.0,0.08,2999.92,0.22,56.64,4.01,227.11,40000.0,176.1,0.785,ENGINEERING_ASSESSMENT,CRITICAL,5.882,2.944,11.74,0,0,0,0,0,0,0,0,1
synth_003055,thunderstrike,3,0.789,3.559,0.781,11.39,3600.0,3458.63,36.79,3421.84,0.62,193.78,4.41,855.44,40000.0,46.8,0.926,ENGINEERING_ASSESSMENT,CRITICAL,3.559,0.781,11.39,0,0,0,0,0,0,0,0,1
synth_001366,corrosion,4,0.871,3.598,2.712,7.46,3600.0,521.0,16.69,504.31,1.88,583.6,5.89,3435.01,55000.0,16.0,0.975,REPAIR,HIGH,3.598,2.712,7.46,2,1,3,1,0,0,0,0,0
synth_001784,craze,3,0.864,11.795,3.106,10.14,3000.0,1780.19,37.8,1742.38,1.24,322.41,5.04,1625.55,45000.0,27.7,0.78,REPAIR,HIGH,11.795,3.106,10.14,2,1,5,0,0,1,0,0,0
synth_001811,crack,3,0.757,6.678,0.591,8.44,4200.0,1098.52,9.18,1089.34,0.49,177.52,5.36,951.79,40000.0,42.0,0.929,ENGINEERING_ASSESSMENT,CRITICAL,6.678,0.591,8.44,0,0,1,0,1,0,0,0,0
synth_000353,craze,1,0.305,3.794,1.098,9.34,4200.0,1740.95,0.01,1740.95,0.1,36.29,4.67,169.31,90000.0,531.6,0.978,MONITOR,LOW,3.794,1.098,9.34,1,2,5,0,0,1,0,0,0
synth_001232,corrosion,1,0.311,1.125,1.792,9.45,2500.0,1093.43,0.01,1093.42,0.1,21.6,4.02,86.92,50000.0,575.2,0.839,MONITOR,LOW,1.125,1.792,9.45,1,2,3,1,0,0,0,0,0
synth_000613,surface_injure,2,0.278,2.558,1.708,5.67,2500.0,77.87,0.0,77.87,0.1,21.6,3.61,77.95,90000.0,1154.6,0.87,MONITOR,LOW,2.558,1.708,5.67,1,2,2,0,0,0,0,1,0
synth_002727,hide_craze,1,0.232,0.979,1.119,9.09,2000.0,734.04,0.0,734.04,0.1,17.28,4.07,70.35,50000.0,710.7,0.829,MONITOR,LOW,0.979,1.119,9.09,1,2,4,0,0,0,1,0,0
synth_002318,hide_craze,1,0.333,1.446,2.283,10.28,2000.0,1256.9,0.01,1256.89,0.1,17.28,3.55,61.28,75000.0,1223.9,0.816,MONITOR,LOW,1.446,2.283,10.28,1,2,4,0,0,0,1,0,0
synth_002112,craze,2,0.556,2.01,2.822,11.39,3600.0,3457.48,1.88,3455.6,0.1,31.1,3.75,116.73,90000.0,771.0,0.88,MONITOR,LOW,2.01,2.822,11.39,1,2,5,0,0,1,0,0,0
synth_001940,thunderstrike,3,0.949,4.194,1.078,9.25,2500.0,993.72,36.61,957.12,2.16,466.06,4.22,1966.9,40000.0,20.3,0.843,ENGINEERING_ASSESSMENT,CRITICAL,4.194,1.078,9.25,0,0,0,0,0,0,0,0,1
synth_002279,surface_injure,3,0.628,5.15,1.414,12.61,3600.0,3600.0,0.06,3599.94,0.14,43.08,4.71,203.11,40000.0,196.9,0.968,MONITOR,LOW,5.15,1.414,12.61,1,2,2,0,0,0,0,1,0
synth_003381,crack,5,0.822,6.649,1.657,9.17,4200.0,1608.24,49.38,1558.86,1.8,652.61,4.02,2623.02,60000.0,22.9,0.952,ENGINEERING_ASSESSMENT,CRITICAL,6.649,1.657,9.17,0,0,1,0,1,0,0,0,0
synth_000057,craze,2,0.391,1.974,1.88,5.92,3000.0,121.77,0.01,121.76,0.1,25.92,3.61,93.67,50000.0,533.8,0.782,MONITOR,LOW,1.974,1.88,5.92,1,2,5,0,0,1,0,0,0
synth_003391,thunderstrike,3,0.738,2.045,3.225,7.22,2500.0,306.36,2.0,304.36,0.38,82.7,5.26,434.85,60000.0,138.0,0.799,ENGINEERING_ASSESSMENT,CRITICAL,2.045,3.225,7.22,0,0,0,0,0,0,0,0,1
synth_003177,corrosion,3,0.439,6.864,2.318,11.98,2000.0,2000.0,0.0,2000.0,0.1,17.28,3.53,60.98,60000.0,983.9,0.776,MONITOR,LOW,6.864,2.318,11.98,1,2,3,1,0,0,0,0,0
synth_002634,thunderstrike,3,0.931,5.088,1.084,9.66,3000.0,1442.9,47.47,1395.43,1.93,499.46,4.59,2290.34,60000.0,26.2,0.899,ENGINEERING_ASSESSMENT,CRITICAL,5.088,1.084,9.66,0,0,0,0,0,0,0,0,1
synth_001253,hide_craze,1,0.54,2.112,2.045,7.42,2000.0,280.76,0.06,280.7,0.1,17.28,4.39,75.81,75000.0,989.3,0.91,MONITOR,LOW,2.112,2.045,7.42,1,2,4,0,0,0,1,0,0
synth_003001,hide_craze,1,0.206,2.797,1.717,4.63,3000.0,21.12,0.0,21.12,0.1,25.92,4.75,123.01,75000.0,609.7,0.832,MONITOR,LOW,2.797,1.717,4.63,1,2,4,0,0,0,1,0,0
synth_002260,crack,3,0.912,4.416,2.626,6.15,2500.0,127.5,3.62,123.88,1.66,359.54,4.47,1607.42,60000.0,37.3,0.805,ENGINEERING_ASSESSMENT,CRITICAL,4.416,2.626,6.15,0,0,1,0,1,0,0,0,0
synth_002103,surface_injure,3,0.964,5.93,3.37,10.97,2000.0,1650.13,69.41,1580.72,2.46,425.73,4.03,1716.58,35000.0,20.4,0.788,REPAIR,HIGH,5.93,3.37,10.97,2,1,2,0,0,0,0,1,0
synth_001922,crack,4,0.55,5.363,2.547,9.4,2000.0,853.85,1.28,852.56,0.1,17.28,4.28,74.04,40000.0,540.2,0.975,ENGINEERING_ASSESSMENT,CRITICAL,5.363,2.547,9.4,0,0,1,0,1,0,0,0,0
synth_001558,corrosion,2,0.624,0.834,0.806,9.138434681408205,3600.0,3210.46,3.62,3206.83,0.1,31.1,4.97,154.55,50000.0,323.5,0.898,MONITOR,LOW,0.834,0.806,9.138434681408205,1,2,3,1,0,0,0,0,0
synth_002320,hide_craze,3,0.947,3.794,2.93,11.19,2000.0,1786.28,69.19,1717.1,2.27,392.01,5.83,2285.71,55000.0,24.1,0.797,REPAIR,HIGH,3.794,2.93,11.19,2,1,4,0,0,0,1,0,0
synth_001497,corrosion,4,0.923,7.527,1.926,9.02,3000.0,1066.89,52.88,1014.0,2.9,752.51,5.23,3937.88,35000.0,8.9,0.761,REPAIR,HIGH,7.527,1.926,9.02,2,1,3,1,0,0,0,0,0
synth_000560,craze,1,0.377,2.388,2.743,9.63,3600.0,1705.47,0.03,1705.43,0.1,31.1,4.75,147.78,75000.0,507.5,0.897,MONITOR,LOW,2.388,2.743,9.63,1,2,5,0,0,1,0,0,0
synth_000707,surface_injure,4,0.933,6.404,2.333,9.83,4200.0,2180.41,114.83,2065.58,3.08,1119.39,5.75,6434.57,25000.0,3.9,0.948,REPAIR,HIGH,6.404,2.333,9.83,2,1,2,0,0,0,0,1,0
synth_002972,hide_craze,2,0.342,2.608,1.997,6.8,3600.0,320.47,0.01,320.47,0.1,31.1,3.58,111.19,75000.0,674.5,0.802,MONITOR,LOW,2.608,1.997,6.8,1,2,4,0,0,0,1,0,0
synth_000424,surface_injure,4,0.894,9.674,1.445,9.64,2500.0,1191.65,48.79,1142.86,2.4,518.01,6.07,3144.89,35000.0,11.1,0.895,REPAIR,HIGH,9.674,1.445,9.64,2,1,2,0,0,0,0,1,0
synth_001093,corrosion,2,0.218,3.794,2.097,4.65,4200.0,31.0,0.0,31.0,0.1,36.29,3.95,143.39,75000.0,523.0,0.96,MONITOR,LOW,3.794,2.097,4.65,1,2,3,1,0,0,0,0,0
synth_000647,crack,3,0.681,1.059,2.162,12.61,4200.0,4200.0,0.11,4199.89,0.21,77.92,4.93,383.84,80000.0,208.4,0.815,ENGINEERING_ASSESSMENT,CRITICAL,1.059,2.162,12.61,0,0,1,0,1,0,0,0,0
synth_000072,corrosion,5,0.871,9.281,2.743,11.05,2000.0,1697.93,78.62,1619.31,2.71,468.65,5.56,2605.81,25000.0,9.6,0.803,REPAIR,HIGH,9.281,2.743,11.05,2,1,3,1,0,0,0,0,0
synth_003300,craze,1,0.212,0.995,1.358,10.77,3000.0,2289.74,0.0,2289.74,0.1,25.92,4.97,128.87,50000.0,388.0,0.767,MONITOR,LOW,0.995,1.358,10.77,1,2,5,0,0,1,0,0,0
synth_001545,corrosion,1,0.337,1.816,0.93,8.82,3000.0,963.06,0.01,963.05,0.1,25.92,4.46,115.61,50000.0,432.5,0.759,MONITOR,LOW,1.816,0.93,8.82,1,2,3,1,0,0,0,0,0
synth_001412,hide_craze,4,0.89,2.908,1.044,8.93,4200.0,1423.19,51.94,1371.25,2.14,775.67,4.31,3339.67,35000.0,10.5,0.9,REPAIR,HIGH,2.908,1.044,8.93,2,1,4,0,0,0,1,0,0
synth_001005,surface_injure,4,0.886,4.251,1.908,7.29,2500.0,321.8,11.64,310.16,2.12,457.52,5.91,2702.4,35000.0,13.0,0.906,REPAIR,HIGH,4.251,1.908,7.29,2,1,2,0,0,0,0,1,0
synth_000620,surface_injure,2,0.254,2.719,0.697,11.53,2000.0,2000.0,0.0,2000.0,0.1,17.28,4.51,77.87,90000.0,1155.8,0.942,MONITOR,LOW,2.719,0.697,11.53,1,2,2,0,0,0,0,1,0
synth_001987,surface_injure,2,0.264,1.127,1.997,7.7,2000.0,337.4,0.0,337.4,0.1,17.28,3.62,62.5,90000.0,1440.0,0.8642600936220012,MONITOR,LOW,1.127,1.997,7.7,1,2,2,0,0,0,0,1,0
synth_002037,corrosion,3,0.913,6.707,2.773,11.85,4200.0,4200.0,0.82,4199.18,1.73,627.74,5.19,3257.36,80000.0,24.6,0.84,REPAIR,HIGH,6.707,2.773,11.85,2,1,3,1,0,0,0,0,0
synth_000553,craze,2,0.236,2.759,2.548,11.85,4200.0,4200.0,0.0,4200.0,0.1,36.29,4.49,163.04,75000.0,460.0,0.911,MONITOR,LOW,2.759,2.548,11.85,1,2,5,0,0,1,0,0,0
synth_001517,corrosion,5,0.896,2.968,2.978,7.61,2000.0,319.84,16.56,303.28,3.03,524.06,4.21,2204.2,55000.0,25.0,0.948,REPAIR,HIGH,2.968,2.978,7.61,2,1,3,1,0,0,0,0,0
synth_001551,corrosion,2,0.452,1.411,1.884,7.35,4200.0,562.49,0.08,562.41,0.1,36.29,3.57,129.43,90000.0,695.4,0.804,MONITOR,LOW,1.411,1.884,7.35,1,2,3,1,0,0,0,0,0
synth_003193,crack,3,0.749,4.2,1.504,11.89,3000.0,3000.0,0.16,2999.84,0.44,114.68,4.45,510.8,60000.0,117.5,0.796,ENGINEERING_ASSESSMENT,CRITICAL,4.2,1.504,11.89,0,0,1,0,1,0,0,0,0
synth_002588,craze,2,0.323,1.529,1.611,9.04,4200.0,1509.46,0.02,1509.44,0.1,36.29,4.54,164.9,90000.0,545.8,0.949,MONITOR,LOW,1.529,1.611,9.04,1,2,5,0,0,1,0,0,0
synth_002303,crack,5,0.834,10.322,1.689,10.85,2500.0,1970.3,69.11,1901.19,2.05,443.76,4.27,1893.36,25000.0,13.2,0.779,REPAIR,HIGH,10.322,1.689,10.85,2,1,1,0,1,0,0,0,0
synth_000998,crack,5,0.83,8.367,1.948,11.42,3600.0,3494.78,116.84,3377.95,1.96,609.06,4.84,2950.52,35000.0,11.9,0.875,REPAIR,HIGH,8.367,1.948,11.42,2,1,1,0,1,0,0,0,0
synth_001775,hide_craze,5,0.866,3.991,2.899,10.07,2500.0,1438.38,60.5,1377.88,2.46,532.12,5.88,3128.23,55000.0,17.6,0.784,REPAIR,HIGH,3.991,2.899,10.07,2,1,4,0,0,0,1,0,0
synth_001883,corrosion,2,0.484,1.349,2.548,4.95,3000.0,35.98,0.01,35.97,0.1,25.92,3.75,97.2,75000.0,771.6,0.8642600936220012,MONITOR,LOW,1.349,2.548,4.95,1,2,3,1,0,0,0,0,0
synth_002028,hide_craze,2,0.689,0.375,2.238,11.72,2500.0,2500.0,0.04,2499.96,0.12,26.93,3.53,95.17,90000.0,945.7,0.931,MONITOR,LOW,0.375,2.238,11.72,1,2,4,0,0,0,1,0,0
synth_003291,crack,4,0.877,3.228,1.691,13.24,3600.0,3600.0,0.84,3599.16,1.94,604.74,3.82,2312.21,80000.0,34.6,0.962,ENGINEERING_ASSESSMENT,CRITICAL,3.228,1.691,13.24,0,0,1,0,1,0,0,0,0
synth_001850,craze,2,0.666,1.944,1.862,7.56,4200.0,648.25,1.18,647.07,0.11,38.71,4.59,177.62,75000.0,422.2,0.839,MONITOR,LOW,1.944,1.862,7.56,1,2,5,0,0,1,0,0,0
synth_003579,crack,5,0.348,5.063,0.865,14.32,3600.0,3600.0,0.0,3600.0,0.1,31.1,3.72,115.56,80000.0,692.3,0.78,ENGINEERING_ASSESSMENT,CRITICAL,5.063,0.865,14.32,0,0,1,0,1,0,0,0,0
synth_002091,crack,3,0.393,4.442,3.334,8.24,2500.0,585.68,0.06,585.62,0.1,21.6,5.23,112.93,40000.0,354.2,0.785,ENGINEERING_ASSESSMENT,CRITICAL,4.442,3.334,8.24,0,0,1,0,1,0,0,0,0
synth_002480,surface_injure,2,0.375,0.732,1.558,5.76,2000.0,68.28,0.0,68.28,0.1,17.28,4.92,85.1,90000.0,1057.6,0.873,MONITOR,LOW,0.732,1.558,5.76,1,2,2,0,0,0,0,1,0
synth_000440,crack,2,0.274,2.353,3.348,11.95,4200.0,4200.0,0.0,4200.0,0.1,36.29,3.52,127.62,90000.0,705.2,0.85,MONITOR,LOW,2.353,3.348,11.95,1,2,1,0,1,0,0,0,0
synth_000508,craze,2,0.673,0.423,2.245,9.46,3600.0,1583.92,2.9,1581.03,0.11,33.33,4.9,163.28,90000.0,551.2,0.934,MONITOR,LOW,0.423,2.245,9.46,1,2,5,0,0,1,0,0,0
synth_001100,surface_injure,1,0.41,1.068,2.858,11.2,3600.0,3231.96,0.11,3231.85,0.1,31.1,4.53,140.95,75000.0,532.1,0.8,MONITOR,LOW,1.068,2.858,11.2,1,2,2,0,0,0,0,1,0
synth_000589,surface_injure,1,0.403,0.575,1.719,4.93,3600.0,41.89,0.0,41.88,0.1,31.1,4.77,148.23,90000.0,607.2,0.861,MONITOR,LOW,0.575,1.719,4.93,1,2,2,0,0,0,0,1,0
synth_001609,crack,4,0.49,6.541,2.399,13.08,2000.0,2000.0,0.01,1999.99,0.1,17.28,4.43,76.51,60000.0,784.2,0.975,ENGINEERING_ASSESSMENT,CRITICAL,6.541,2.399,13.08,0,0,1,0,1,0,0,0,0
synth_000649,corrosion,1,0.502,0.42,3.26,11.05,3600.0,3058.04,0.38,3057.67,0.1,31.1,3.62,112.48,75000.0,666.8,0.837,MONITOR,LOW,0.42,3.26,11.05,1,2,3,1,0,0,0,0,0
synth_003278,surface_injure,3,0.809,3.279,2.874,6.45,3000.0,199.75,2.49,197.26,0.73,188.91,4.01,758.18,60000.0,79.1,0.829,REPAIR,HIGH,3.279,2.874,6.45,2,1,2,0,0,0,0,1,0
synth_002093,hide_craze,5,0.846,4.029,3.086,9.29,4200.0,1699.37,61.05,1638.32,2.1,763.62,4.03,3076.82,35000.0,11.4,0.859,REPAIR,HIGH,4.029,3.086,9.29,2,1,4,0,0,0,1,0,0
synth_003469,crack,4,0.632,3.55,1.12,9.47,2500.0,1100.32,4.1,1096.22,0.22,47.2,3.72,175.81,40000.0,227.5,0.864,ENGINEERING_ASSESSMENT,CRITICAL,3.55,1.12,9.47,0,0,1,0,1,0,0,0,0
synth_003276,thunderstrike,4,0.787,4.069,2.959,6.72,4200.0,351.25,5.73,345.52,0.96,346.81,3.68,1276.65,40000.0,31.3,0.821,ENGINEERING_ASSESSMENT,CRITICAL,4.069,2.959,6.72,0,0,0,0,0,0,0,0,1
synth_001737,corrosion,5,0.917,5.943,3.075,9.89,2500.0,1329.58,84.64,1244.95,3.73,805.35,4.68,3767.47,25000.0,6.6,0.787,REPAIR,HIGH,5.943,3.075,9.89,2,1,3,1,0,0,0,0,0
synth_000660,corrosion,4,0.872,5.841,2.909,9.45,3600.0,1569.83,52.4,1517.43,1.96,608.1,4.18,2542.98,45000.0,17.7,0.906,REPAIR,HIGH,5.841,2.909,9.45,2,1,3,1,0,0,0,0,0
synth_000630,crack,3,0.84,5.648,1.128,8.38,4200.0,1067.16,17.71,1049.45,0.97,352.69,5.37,1894.31,60000.0,31.7,0.915,ENGINEERING_ASSESSMENT,CRITICAL,5.648,1.128,8.38,0,0,1,0,1,0,0,0,0
synth_001820,surface_injure,4,0.861,4.055,0.529,9.43,2000.0,864.9,25.74,839.16,1.74,301.22,5.27,1587.48,45000.0,28.3,0.89,REPAIR,HIGH,4.055,0.529,9.43,2,1,2,0,0,0,0,1,0
synth_001249,corrosion,5,0.862,8.999,3.251,7.38,3600.0,493.81,21.37,472.44,2.53,788.31,4.61,3635.49,55000.0,15.1,0.791,REPAIR,HIGH,8.999,3.251,7.38,2,1,3,1,0,0,0,0,0
synth_001422,corrosion,4,0.811,4.471,2.338,8.18,3600.0,814.58,16.44,798.14,1.18,367.68,5.08,1868.26,55000.0,29.4,0.906,REPAIR,HIGH,4.471,2.338,8.18,2,1,3,1,0,0,0,0,0
synth_000482,thunderstrike,4,0.606,4.308,1.529,8.78,3600.0,1133.27,3.24,1130.03,0.17,52.11,4.53,236.3,40000.0,169.3,0.756,ENGINEERING_ASSESSMENT,CRITICAL,4.308,1.529,8.78,0,0,0,0,0,0,0,0,1
synth_001621,craze,3,0.455,2.395,2.456,9.96,2500.0,1373.89,0.36,1373.53,0.1,21.6,5.3,114.49,80000.0,698.8,0.89,MONITOR,LOW,2.395,2.456,9.96,1,2,5,0,0,1,0,0,0
synth_003069,surface_injure,2,0.621,0.827,3.358,9.69,4200.0,2046.27,2.24,2044.03,0.1,36.29,4.84,175.81,75000.0,426.6,0.977,MONITOR,LOW,0.827,3.358,9.69,1,2,2,0,0,0,0,1,0
synth_001588,thunderstrike,4,0.873,3.46,2.835,10.53,2500.0,1735.78,56.37,1679.4,1.9,410.89,4.78,1965.81,40000.0,20.3,0.833,ENGINEERING_ASSESSMENT,CRITICAL,3.46,2.835,10.53,0,0,0,0,0,0,0,0,1
synth_002505,thunderstrike,4,0.831,3.713,1.223,11.03,2500.0,2109.07,49.42,2059.65,1.37,296.43,3.92,1161.92,40000.0,34.4,0.88,ENGINEERING_ASSESSMENT,CRITICAL,3.713,1.223,11.03,0,0,0,0,0,0,0,0,1
synth_002974,surface_injure,1,0.536,1.588,1.417,6.84,3600.0,331.04,0.07,330.97,0.1,31.1,4.12,128.17,75000.0,585.2,0.892,MONITOR,LOW,1.588,1.417,6.84,1,2,2,0,0,0,0,1,0
synth_002342,crack,3,0.512,4.967,2.966,9.138434681408205,3000.0,1042.37,0.63,1041.74,0.1,25.92,3.65,94.56,40000.0,423.0,0.956,ENGINEERING_ASSESSMENT,CRITICAL,4.967,2.966,9.138434681408205,0,0,1,0,1,0,0,0,0
synth_000856,corrosion,3,0.68,3.6,1.684,9.138434681408205,2500.0,1112.35,4.33,1108.01,0.23,49.29,4.57,225.47,80000.0,354.8,0.952,MONITOR,LOW,3.6,1.684,9.138434681408205,1,2,3,1,0,0,0,0,0
synth_001225,surface_injure,3,0.895,5.387,0.631,9.43,4200.0,1820.15,46.19,1773.96,1.49,539.4,4.47,2413.53,45000.0,18.6,0.908,REPAIR,HIGH,5.387,0.631,9.43,2,1,2,0,0,0,0,1,0
synth_001190,corrosion,5,0.892,6.342,3.357,8.02,4200.0,864.33,45.72,818.62,3.1,1124.19,4.04,4545.45,35000.0,7.7,0.798,REPAIR,HIGH,6.342,3.357,8.02,2,1,3,1,0,0,0,0,0
synth_003550,crack,5,0.52,4.176,0.949,11.28,2000.0,1851.06,2.55,1848.51,0.1,17.28,4.75,82.05,40000.0,487.5,0.904,ENGINEERING_ASSESSMENT,CRITICAL,4.176,0.949,11.28,0,0,1,0,1,0,0,0,0
synth_000530,corrosion,3,0.89,4.659,0.772,9.45,3000.0,1309.02,31.59,1277.43,1.41,366.34,5.74,2101.85,35000.0,16.7,0.891,REPAIR,HIGH,4.659,0.772,9.45,2,1,3,1,0,0,0,0,0
synth_002406,crack,4,0.396,3.386,2.49,5.2,4200.0,73.05,0.01,73.04,0.1,36.29,4.94,179.4,60000.0,334.4,0.812,ENGINEERING_ASSESSMENT,CRITICAL,3.386,2.49,5.2,0,0,1,0,1,0,0,0,0
synth_000049,crack,3,0.501,6.697,0.729,11.85,2500.0,2500.0,0.01,2499.99,0.1,21.6,3.83,82.63,60000.0,726.1,0.846,ENGINEERING_ASSESSMENT,CRITICAL,6.697,0.729,11.85,0,0,1,0,1,0,0,0,0
synth_003070,corrosion,2,0.647,0.307,0.572,6.33,2500.0,150.83,0.21,150.62,0.1,21.6,4.86,105.06,50000.0,475.9,0.979,MONITOR,LOW,0.307,0.572,6.33,1,2,3,1,0,0,0,0,0
synth_000858,surface_injure,1,0.482,0.8,2.282,4.48,2000.0,10.57,0.0,10.57,0.1,17.28,3.99,68.92,75000.0,1088.2,0.873,MONITOR,LOW,0.8,2.282,4.48,1,2,2,0,0,0,0,1,0
synth_001475,surface_injure,5,0.866,4.613,0.913,11.28,2000.0,1851.9,78.69,1773.2,2.49,430.09,6.4,2751.04,55000.0,20.0,0.761,REPAIR,HIGH,4.613,0.913,11.28,2,1,2,0,0,0,0,1,0
synth_001072,hide_craze,4,0.819,3.777,1.881,10.66,3600.0,2638.11,55.96,2582.15,1.24,386.47,5.52,2131.49,35000.0,16.4,0.775,REPAIR,HIGH,3.777,1.881,10.66,2,1,4,0,0,0,1,0,0
synth_000719,hide_craze,2,0.213,0.401,2.775,9.28,2000.0,806.19,0.0,806.19,0.1,17.28,4.15,71.67,50000.0,697.6,0.881,MONITOR,LOW,0.401,2.775,9.28,1,2,4,0,0,0,1,0,0
synth_001803,hide_craze,5,0.855,3.794,2.146,8.91,3000.0,1009.9,42.2,967.71,2.45,634.35,4.44,2816.42,25000.0,8.9,0.879,REPAIR,HIGH,3.794,2.146,8.91,2,1,4,0,0,0,1,0,0
synth_002348,surface_injure,5,0.917,6.798,0.977,7.71,3000.0,510.05,32.7,477.35,3.76,973.31,5.33,5190.71,45000.0,8.7,0.798,REPAIR,HIGH,6.798,0.977,7.71,2,1,2,0,0,0,0,1,0
synth_002698,hide_craze,1,0.218,2.262,1.634,6.72,4200.0,351.12,0.0,351.12,0.1,36.29,3.68,133.59,90000.0,673.7,0.901,MONITOR,LOW,2.262,1.634,6.72,1,2,4,0,0,0,1,0,0
synth_002897,crack,3,0.741,5.581,1.867,11.95,2000.0,2000.0,0.1,1999.9,0.42,72.47,4.18,303.23,80000.0,263.8,0.762,ENGINEERING_ASSESSMENT,CRITICAL,5.581,1.867,11.95,0,0,1,0,1,0,0,0,0
synth_003552,crack,3,0.766,2.158,1.85,8.69,3000.0,898.58,7.54,891.05,0.49,127.37,3.6,458.59,40000.0,87.2,0.807,ENGINEERING_ASSESSMENT,CRITICAL,2.158,1.85,8.69,0,0,1,0,1,0,0,0,0
synth_003524,crack,5,0.829,5.066,0.513,8.27,4200.0,1000.39,31.98,968.41,1.87,679.46,5.06,3439.91,40000.0,11.6,0.823,ENGINEERING_ASSESSMENT,CRITICAL,5.066,0.513,8.27,0,0,1,0,1,0,0,0,0
synth_001869,corrosion,3,0.903,5.861,2.951,10.33,4200.0,2690.86,73.06,2617.8,1.59,577.06,5.24,3021.25,45000.0,14.9,0.845,REPAIR,HIGH,5.861,2.951,10.33,2,1,3,1,0,0,0,0,0
synth_002676,craze,4,0.904,5.788,3.417,7.35,2500.0,336.19,14.3,321.9,2.49,537.98,4.66,2508.98,25000.0,10.0,0.778,REPAIR,HIGH,5.788,3.417,7.35,2,1,5,0,0,1,0,0,0
synth_001532,surface_injure,3,0.323,5.834,1.891,10.28,2500.0,1570.86,0.04,1570.82,0.1,21.6,4.08,88.07,80000.0,908.4,0.978,MONITOR,LOW,5.834,1.891,10.28,1,2,2,0,0,0,0,1,0
synth_001864,surface_injure,3,0.368,7.935,1.726,7.98,4200.0,842.27,0.06,842.21,0.1,36.29,3.67,133.12,80000.0,601.0,0.826,MONITOR,LOW,7.935,1.726,7.98,1,2,2,0,0,0,0,1,0
synth_003240,thunderstrike,5,0.529,7.211,0.954,5.59,4200.0,119.24,0.19,119.04,0.1,36.29,5.44,197.57,40000.0,202.5,0.876,ENGINEERING_ASSESSMENT,CRITICAL,7.211,0.954,5.59,0,0,0,0,0,0,0,0,1
synth_002474,corrosion,2,0.314,1.778,1.059,10.05,4200.0,2392.54,0.03,2392.51,0.1,36.29,4.79,173.82,75000.0,431.5,0.8642600936220012,MONITOR,LOW,1.778,1.059,10.05,1,2,3,1,0,0,0,0,0
synth_001798,craze,3,0.835,9.968,2.899,8.27,2000.0,477.19,7.95,469.24,0.98,168.62,4.46,752.01,35000.0,46.5,0.788,REPAIR,HIGH,9.968,2.899,8.27,2,1,5,0,0,1,0,0,0
synth_001444,craze,1,0.231,0.975,2.838,9.25,4200.0,1667.75,0.0,1667.75,0.1,36.29,3.68,133.54,75000.0,561.6,0.823,MONITOR,LOW,0.975,2.838,9.25,1,2,5,0,0,1,0,0,0
synth_002044,crack,4,0.851,11.239,1.487,8.29,2500.0,603.52,17.86,585.66,1.73,374.38,4.39,1642.48,45000.0,27.4,0.769,REPAIR,HIGH,11.239,1.487,8.29,2,1,1,0,1,0,0,0,0
synth_002570,corrosion,3,0.901,3.453,1.748,8.98,2000.0,695.38,17.91,677.46,1.51,260.73,6.44,1679.99,45000.0,26.8,0.757,REPAIR,HIGH,3.453,1.748,8.98,2,1,3,1,0,0,0,0,0
synth_001385,thunderstrike,3,0.634,2.148,1.757,9.63,2000.0,951.16,2.25,948.91,0.14,23.9,4.71,112.6,60000.0,532.9,0.768,ENGINEERING_ASSESSMENT,CRITICAL,2.148,1.757,9.63,0,0,0,0,0,0,0,0,1
synth_001399,crack,4,0.744,7.282,3.111,8.33,4200.0,1033.07,12.06,1021.01,0.68,248.17,5.39,1337.58,40000.0,29.9,0.779,ENGINEERING_ASSESSMENT,CRITICAL,7.282,3.111,8.33,0,0,1,0,1,0,0,0,0
synth_001195,corrosion,5,0.944,9.026,1.78,8.3,2000.0,485.33,38.43,446.9,4.64,801.35,6.12,4907.62,45000.0,9.2,0.969,REPAIR,HIGH,9.026,1.78,8.3,2,1,3,1,0,0,0,0,0
synth_003388,thunderstrike,5,0.525,6.965,0.725,6.82,4200.0,380.68,0.58,380.1,0.1,36.29,4.06,147.34,60000.0,407.2,0.776,ENGINEERING_ASSESSMENT,CRITICAL,6.965,0.725,6.82,0,0,0,0,0,0,0,0,1
synth_002476,hide_craze,1,0.217,2.25,3.246,11.16,3000.0,2657.77,0.0,2657.77,0.1,25.92,4.9,127.13,90000.0,707.9,0.895,MONITOR,LOW,2.25,3.246,11.16,1,2,4,0,0,0,1,0,0
synth_003149,thunderstrike,3,0.725,7.697,1.577,14.43,3000.0,3000.0,0.12,2999.88,0.37,96.16,5.39,518.13,40000.0,77.2,0.764,ENGINEERING_ASSESSMENT,CRITICAL,7.697,1.577,14.43,0,0,0,0,0,0,0,0,1
synth_002467,surface_injure,1,0.224,1.165,0.915,6.39,2500.0,159.14,0.0,159.14,0.1,21.6,4.51,97.49,50000.0,512.9,0.954,MONITOR,LOW,1.165,0.915,6.39,1,2,2,0,0,0,0,1,0
synth_000297,crack,4,0.866,5.709,2.215,12.97,3000.0,3000.0,0.64,2999.36,1.87,484.03,4.0,1936.57,80000.0,41.3,0.894,ENGINEERING_ASSESSMENT,CRITICAL,5.709,2.215,12.97,0,0,1,0,1,0,0,0,0
synth_001727,surface_injure,1,0.677,1.196,3.295,7.43,3600.0,509.23,0.48,508.74,0.1,31.1,4.71,146.6,50000.0,341.1,0.77,MONITOR,LOW,1.196,3.295,7.43,1,2,2,0,0,0,0,1,0
synth_001264,crack,5,0.548,3.624,2.589,9.138434681408205,4200.0,599.43,1.17,598.27,0.11,41.44,4.36,180.74,40000.0,221.3,0.8642600936220012,ENGINEERING_ASSESSMENT,CRITICAL,3.624,2.589,9.138434681408205,0,0,1,0,1,0,0,0,0
synth_003307,crack,4,0.561,5.404,2.084,6.93,3000.0,295.88,0.51,295.37,0.1,26.27,3.64,95.65,40000.0,418.2,0.879,ENGINEERING_ASSESSMENT,CRITICAL,5.404,2.084,6.93,0,0,1,0,1,0,0,0,0
synth_000958,hide_craze,1,0.211,3.794,0.53,6.28,2000.0,115.36,0.0,115.36,0.1,17.28,3.95,68.21,90000.0,1319.5,0.775,MONITOR,LOW,3.794,0.53,6.28,1,2,4,0,0,0,1,0,0
synth_001720,hide_craze,1,0.334,1.261,1.662,7.1,4200.0,472.22,0.0,472.22,0.1,36.29,4.33,157.25,75000.0,476.9,0.841,MONITOR,LOW,1.261,1.662,7.1,1,2,4,0,0,0,1,0,0
synth_001754,crack,5,0.406,5.485,2.199,13.13,3000.0,3000.0,0.01,2999.99,0.1,25.92,4.2,108.84,60000.0,551.3,0.863,ENGINEERING_ASSESSMENT,CRITICAL,5.485,2.199,13.13,0,0,1,0,1,0,0,0,0
synth_001878,crack,4,0.406,6.16,3.459,14.16,3000.0,3000.0,0.0,3000.0,0.1,25.92,3.72,96.3,60000.0,623.1,0.797,ENGINEERING_ASSESSMENT,CRITICAL,6.16,3.459,14.16,0,0,1,0,1,0,0,0,0
synth_002720,thunderstrike,5,0.48,4.989,3.192,12.15,4200.0,4200.0,0.02,4199.98,0.1,36.29,5.18,187.82,60000.0,319.5,0.8642600936220012,ENGINEERING_ASSESSMENT,CRITICAL,4.989,3.192,12.15,0,0,0,0,0,0,0,0,1
synth_001374,hide_craze,4,0.894,10.144,1.139,10.31,3000.0,1911.48,78.65,1832.83,2.41,624.64,6.31,3943.55,55000.0,13.9,0.829,REPAIR,HIGH,10.144,1.139,10.31,2,1,4,0,0,0,1,0,0
synth_001286,craze,3,0.664,3.794,1.103,7.42,2500.0,351.76,1.21,350.55,0.2,43.43,4.37,189.58,60000.0,316.5,0.776,MONITOR,LOW,3.794,1.103,7.42,1,2,5,0,0,1,0,0,0
synth_000349,corrosion,2,0.316,1.53,0.942,4.44,3000.0,14.64,0.0,14.64,0.1,25.92,4.91,127.36,90000.0,706.7,0.977,MONITOR,LOW,1.53,0.942,4.44,1,2,3,1,0,0,0,0,0
synth_001368,surface_injure,3,0.908,10.76,2.032,7.33,3000.0,395.27,11.63,383.64,1.72,446.56,6.19,2764.08,35000.0,12.7,0.8642600936220012,REPAIR,HIGH,10.76,2.032,7.33,2,1,2,0,0,0,0,1,0
synth_002167,surface_injure,1,0.697,2.93,3.24,5.71,4200.0,135.66,0.16,135.49,0.1,36.29,3.75,136.22,90000.0,660.7,0.863,MONITOR,LOW,2.93,3.24,5.71,1,2,2,0,0,0,0,1,0
synth_000643,crack,5,0.434,7.119,1.199,5.3,4200.0,83.71,0.04,83.67,0.1,36.29,3.68,133.61,40000.0,299.4,0.922,ENGINEERING_ASSESSMENT,CRITICAL,7.119,1.199,5.3,0,0,1,0,1,0,0,0,0
synth_003028,thunderstrike,4,0.432,6.728,2.784,14.58,3000.0,3000.0,0.01,2999.99,0.1,25.92,4.73,122.66,60000.0,489.2,0.888,ENGINEERING_ASSESSMENT,CRITICAL,6.728,2.784,14.58,0,0,0,0,0,0,0,0,1
synth_001671,thunderstrike,5,0.325,4.607,2.797,5.49,3000.0,75.44,0.0,75.44,0.1,25.92,3.64,94.41,80000.0,847.4,0.939,ENGINEERING_ASSESSMENT,CRITICAL,4.607,2.797,5.49,0,0,0,0,0,0,0,0,1
synth_000669,hide_craze,2,0.436,0.639,0.664,4.12,2500.0,5.72,0.0,5.72,0.1,21.6,3.97,85.73,75000.0,874.8,0.848,MONITOR,LOW,0.639,0.664,4.12,1,2,4,0,0,0,1,0,0
synth_002215,surface_injure,3,0.484,3.794,3.473,9.33,4200.0,1734.77,0.66,1734.1,0.1,36.29,3.93,142.58,40000.0,280.5,0.762,MONITOR,LOW,3.794,3.473,9.33,1,2,2,0,0,0,0,1,0
synth_003283,surface_injure,2,0.521,0.624,1.753,11.95,4200.0,4200.0,0.01,4199.99,0.1,36.29,4.0,145.19,90000.0,619.9,0.843,MONITOR,LOW,0.624,1.753,11.95,1,2,2,0,0,0,0,1,0
synth_003477,thunderstrike,4,0.3,2.94,2.953,11.79,2500.0,2500.0,0.0,2500.0,0.1,21.6,4.59,99.22,60000.0,604.7,0.872,ENGINEERING_ASSESSMENT,CRITICAL,2.94,2.953,11.79,0,0,0,0,0,0,0,0,1
synth_001179,hide_craze,1,0.404,1.135,0.969,6.18,4200.0,219.84,0.01,219.83,0.1,36.29,4.32,156.91,50000.0,318.7,0.8642600936220012,MONITOR,LOW,1.135,0.969,6.18,1,2,4,0,0,0,1,0,0
synth_002246,thunderstrike,3,0.736,1.693,0.706,11.64,4200.0,4200.0,0.19,4199.81,0.37,135.43,4.72,639.68,80000.0,125.1,0.786,ENGINEERING_ASSESSMENT,CRITICAL,1.693,0.706,11.64,0,0,0,0,0,0,0,0,1
synth_002993,thunderstrike,3,0.336,4.767,2.794,8.36,3600.0,903.14,0.03,903.11,0.1,31.1,5.29,164.4,40000.0,243.3,0.908,ENGINEERING_ASSESSMENT,CRITICAL,4.767,2.794,8.36,0,0,0,0,0,0,0,0,1
synth_002921,crack,3,0.928,2.979,1.056,6.54,2500.0,180.82,5.63,175.19,1.82,393.7,4.07,1604.32,80000.0,49.9,0.845,ENGINEERING_ASSESSMENT,CRITICAL,2.979,1.056,6.54,0,0,1,0,1,0,0,0,0
synth_002016,thunderstrike,4,0.602,3.967,2.285,9.33,2500.0,1032.97,2.79,1030.19,0.16,34.12,4.39,149.77,60000.0,400.6,0.927,ENGINEERING_ASSESSMENT,CRITICAL,3.967,2.285,9.33,0,0,0,0,0,0,0,0,1
synth_002516,hide_craze,4,0.863,6.27,1.491,10.87,2500.0,1983.95,62.06,1921.88,1.83,395.78,4.15,1643.92,55000.0,33.5,0.778,REPAIR,HIGH,6.27,1.491,10.87,2,1,4,0,0,0,1,0,0
synth_001357,crack,5,0.362,3.232,0.736,14.93,2500.0,2500.0,0.0,2500.0,0.1,21.6,4.86,104.91,80000.0,762.6,0.807,ENGINEERING_ASSESSMENT,CRITICAL,3.232,0.736,14.93,0,0,1,0,1,0,0,0,0
synth_000786,surface_injure,1,0.713,1.168,0.671,5.37,3000.0,65.13,0.09,65.04,0.1,25.92,3.62,93.79,90000.0,959.6,0.94,MONITOR,LOW,1.168,0.671,5.37,1,2,2,0,0,0,0,1,0
synth_003227,craze,4,0.843,9.284,1.63,10.67,3000.0,2203.18,60.35,2142.83,1.6,415.88,6.5,2702.35,45000.0,16.7,0.781,REPAIR,HIGH,9.284,1.63,10.67,2,1,5,0,0,1,0,0,0
synth_000140,craze,1,0.714,0.489,1.94,8.68,3000.0,893.93,1.16,892.77,0.1,25.92,4.53,117.48,50000.0,425.6,0.751,MONITOR,LOW,0.489,1.94,8.68,1,2,5,0,0,1,0,0,0
synth_000788,surface_injure,1,0.532,2.706,0.557,11.86,2500.0,2500.0,0.0,2500.0,0.1,21.6,4.46,96.24,75000.0,779.3,0.869,MONITOR,LOW,2.706,0.557,11.86,1,2,2,0,0,0,0,1,0
synth_000323,corrosion,3,0.943,8.896,2.566,8.84,3600.0,1165.5,43.42,1122.08,2.18,678.63,6.21,4217.04,45000.0,10.7,0.953,REPAIR,HIGH,8.896,2.566,8.84,2,1,3,1,0,0,0,0,0
synth_002437,hide_craze,2,0.547,2.414,1.295,8.1,2000.0,433.21,0.21,433.0,0.1,17.28,4.3,74.38,50000.0,672.2,0.958,MONITOR,LOW,2.414,1.295,8.1,1,2,4,0,0,0,1,0,0
synth_000714,surface_injure,1,0.34,2.606,2.185,4.88,2000.0,21.64,0.0,21.64,0.1,17.28,4.92,85.04,75000.0,881.9,0.852,MONITOR,LOW,2.606,2.185,4.88,1,2,2,0,0,0,0,1,0
synth_002535,corrosion,1,0.746,1.181,1.787,4.73,3000.0,25.32,0.05,25.28,0.11,27.6,3.74,103.22,90000.0,871.9,0.956,MONITOR,LOW,1.181,1.787,4.73,1,2,3,1,0,0,0,0,0
synth_003481,crack,4,0.671,3.67,1.244,11.96,2500.0,2500.0,0.1,2499.9,0.33,70.79,3.86,273.56,60000.0,219.3,0.766,ENGINEERING_ASSESSMENT,CRITICAL,3.67,1.244,11.96,0,0,1,0,1,0,0,0,0
synth_003322,thunderstrike,3,0.86,1.605,3.355,10.18,3600.0,2167.43,38.89,2128.55,1.05,326.85,3.82,1248.17,80000.0,64.1,0.873,ENGINEERING_ASSESSMENT,CRITICAL,1.605,3.355,10.18,0,0,0,0,0,0,0,0,1
synth_001702,thunderstrike,5,0.692,7.322,2.686,8.98,2000.0,696.0,6.81,689.19,0.57,99.03,5.12,507.17,40000.0,78.9,0.927,ENGINEERING_ASSESSMENT,CRITICAL,7.322,2.686,8.98,0,0,0,0,0,0,0,0,1
synth_003030,crack,5,0.818,5.648,0.982,12.3,3000.0,3000.0,0.59,2999.41,1.72,444.97,4.11,1830.93,40000.0,21.8,0.818,ENGINEERING_ASSESSMENT,CRITICAL,5.648,0.982,12.3,0,0,1,0,1,0,0,0,0
synth_002356,thunderstrike,3,0.359,2.843,1.657,8.71,3600.0,1093.24,0.06,1093.18,0.1,31.1,5.2,161.84,80000.0,494.3,0.8642600936220012,ENGINEERING_ASSESSMENT,CRITICAL,2.843,1.657,8.71,0,0,0,0,0,0,0,0,1
synth_000618,craze,2,0.596,1.759,0.554,11.13,3600.0,3155.85,2.71,3153.13,0.1,31.1,3.93,122.25,90000.0,736.2,0.876,MONITOR,LOW,1.759,0.554,11.13,1,2,5,0,0,1,0,0,0
synth_000406,thunderstrike,4,0.358,5.206,0.93,8.41,3600.0,927.98,0.08,927.9,0.1,31.1,5.33,165.9,60000.0,361.7,0.978,ENGINEERING_ASSESSMENT,CRITICAL,5.206,0.93,8.41,0,0,0,0,0,0,0,0,1
synth_001684,crack,3,0.434,5.868,2.079,6.81,3600.0,324.75,0.07,324.68,0.1,31.1,3.68,114.51,60000.0,524.0,0.899,ENGINEERING_ASSESSMENT,CRITICAL,5.868,2.079,6.81,0,0,1,0,1,0,0,0,0
synth_001667,crack,5,0.825,4.926,1.798,14.36,2000.0,2000.0,0.42,1999.58,1.8,311.25,5.12,1593.81,40000.0,25.1,0.808,ENGINEERING_ASSESSMENT,CRITICAL,4.926,1.798,14.36,0,0,1,0,1,0,0,0,0
synth_002968,hide_craze,2,0.36,0.674,2.817,4.35,3000.0,12.08,0.0,12.08,0.1,25.92,3.78,98.07,75000.0,764.8,0.878,MONITOR,LOW,0.674,2.817,4.35,1,2,4,0,0,0,1,0,0
synth_001744,surface_injure,2,0.705,0.321,3.42,5.59,2000.0,56.83,0.14,56.69,0.15,25.1,4.86,122.02,75000.0,614.7,0.791,MONITOR,LOW,0.321,3.42,5.59,1,2,2,0,0,0,0,1,0
synth_003449,thunderstrike,3,0.7,7.962,1.585,5.9,3000.0,119.06,0.6,118.46,0.29,76.2,5.12,390.35,80000.0,204.9,0.92,ENGINEERING_ASSESSMENT,CRITICAL,7.962,1.585,5.9,0,0,0,0,0,0,0,0,1
synth_000497,corrosion,3,0.931,3.794,2.302,10.65,4200.0,3064.29,105.68,2958.62,2.02,732.98,5.21,3815.66,45000.0,11.8,0.913,REPAIR,HIGH,3.794,2.302,10.65,2,1,3,1,0,0,0,0,0
synth_002015,hide_craze,2,0.705,1.212,2.671,9.28,4200.0,1691.39,4.4,1686.99,0.15,55.28,4.0,220.85,50000.0,226.4,0.916,MONITOR,LOW,1.212,2.671,9.28,1,2,4,0,0,0,1,0,0
synth_000342,craze,2,0.477,1.473,0.83,9.4,3000.0,1279.55,0.25,1279.3,0.1,25.92,4.52,117.06,75000.0,640.7,0.788,MONITOR,LOW,1.473,0.83,9.4,1,2,5,0,0,1,0,0,0
synth_002333,hide_craze,3,0.914,8.454,3.352,9.138434681408205,2500.0,2243.41,67.6,2175.81,1.76,381.23,6.39,2437.55,25000.0,10.3,0.8642600936220012,REPAIR,HIGH,8.454,3.352,9.138434681408205,2,1,4,0,0,0,1,0,0
synth_003248,surface_injure,3,0.932,9.154,3.185,10.21,2500.0,1526.81,52.8,1474.01,2.03,437.51,4.1,1795.33,35000.0,19.5,0.965,REPAIR,HIGH,9.154,3.185,10.21,2,1,2,0,0,0,0,1,0
synth_000782,thunderstrike,3,0.827,1.613,2.112,13.06,2000.0,2000.0,0.2,1999.8,0.81,140.05,4.84,677.61,80000.0,118.1,0.906,ENGINEERING_ASSESSMENT,CRITICAL,1.613,2.112,13.06,0,0,0,0,0,0,0,0,1
synth_001323,craze,5,0.81,7.734,0.522,10.47,3600.0,2440.39,68.68,2371.71,1.65,512.72,4.93,2526.29,25000.0,9.9,0.834,REPAIR,HIGH,7.734,0.522,10.47,2,1,5,0,0,1,0,0,0
synth_002284,crack,5,0.464,1.939,1.272,9.138434681408205,3600.0,356.01,0.22,355.79,0.1,31.1,5.44,169.25,80000.0,472.7,0.943,ENGINEERING_ASSESSMENT,CRITICAL,1.939,1.272,9.138434681408205,0,0,1,0,1,0,0,0,0
synth_002470,crack,5,0.639,5.776,0.968,8.19,3600.0,818.54,4.6,813.94,0.33,102.41,4.95,506.99,80000.0,157.8,0.785,ENGINEERING_ASSESSMENT,CRITICAL,5.776,0.968,8.19,0,0,1,0,1,0,0,0,0
synth_000303,thunderstrike,3,0.31,7.755,2.516,7.51,2000.0,298.53,0.01,298.53,0.1,17.28,4.85,83.84,40000.0,477.1,0.871,ENGINEERING_ASSESSMENT,CRITICAL,7.755,2.516,7.51,0,0,0,0,0,0,0,0,1
synth_002936,thunderstrike,3,0.509,5.344,0.984,13.41,3600.0,3600.0,0.01,3599.99,0.1,31.1,4.96,154.28,40000.0,259.3,0.82,ENGINEERING_ASSESSMENT,CRITICAL,5.344,0.984,13.41,0,0,0,0,0,0,0,0,1
synth_002552,corrosion,4,0.871,5.474,2.941,7.56,3600.0,556.03,18.37,537.66,1.94,601.93,5.05,3037.66,45000.0,14.8,0.872,REPAIR,HIGH,5.474,2.941,7.56,2,1,3,1,0,0,0,0,0
synth_000664,craze,2,0.219,0.451,3.073,6.7,3600.0,296.66,0.0,296.66,0.1,31.1,3.63,113.03,50000.0,442.4,0.751,MONITOR,LOW,0.451,3.073,6.7,1,2,5,0,0,1,0,0,0
synth_001177,corrosion,4,0.976,9.504,1.898,9.03,2500.0,891.22,65.62,825.6,4.31,931.46,4.81,4479.23,45000.0,10.0,0.909,REPAIR,HIGH,9.504,1.898,9.03,2,1,3,1,0,0,0,0,0
synth_001244,hide_craze,5,0.842,8.568,1.986,8.74,3600.0,1111.21,40.9,1070.3,2.16,670.61,5.06,3396.24,35000.0,10.3,0.899,REPAIR,HIGH,8.568,1.986,8.74,2,1,4,0,0,0,1,0,0
synth_003129,corrosion,4,0.921,11.539,2.0,10.8,4200.0,3242.26,163.61,3078.65,2.96,1072.53,6.07,6515.14,45000.0,6.9,0.772,REPAIR,HIGH,11.539,2.0,10.8,2,1,3,1,0,0,0,0,0
synth_002646,surface_injure,5,0.821,3.619,1.751,7.41,2500.0,349.05,10.21,338.84,1.71,370.19,4.88,1807.72,45000.0,24.9,0.916,REPAIR,HIGH,3.619,1.751,7.41,2,1,2,0,0,0,0,1,0
synth_002722,hide_craze,3,0.943,3.853,0.972,7.57,3000.0,467.54,16.46,451.08,2.06,534.56,6.4,3419.9,45000.0,13.2,0.919,REPAIR,HIGH,3.853,0.972,7.57,2,1,4,0,0,0,1,0,0
synth_003209,thunderstrike,5,0.633,3.794,2.975,9.03,2000.0,715.06,3.71,711.36,0.3,52.49,5.21,273.67,40000.0,146.2,0.959,ENGINEERING_ASSESSMENT,CRITICAL,3.794,2.975,9.03,0,0,0,0,0,0,0,0,1
synth_002344,craze,3,0.896,3.27,3.021,10.31,3000.0,1907.07,47.06,1860.01,1.45,374.6,5.42,2031.35,80000.0,39.4,0.825,REPAIR,HIGH,3.27,3.021,10.31,2,1,5,0,0,1,0,0,0
synth_000084,craze,1,0.544,1.522,2.642,8.52,2500.0,684.23,0.15,684.08,0.1,21.6,3.6,77.73,75000.0,964.9,0.871,MONITOR,LOW,1.522,2.642,8.52,1,2,5,0,0,1,0,0,0
synth_002656,surface_injure,5,0.814,4.353,2.187,8.47,3600.0,958.35,26.75,931.59,1.63,508.53,6.25,3180.18,45000.0,14.2,0.8642600936220012,REPAIR,HIGH,4.353,2.187,8.47,2,1,2,0,0,0,0,1,0
synth_000941,hide_craze,3,0.844,9.343,1.972,9.38,3000.0,1270.07,22.58,1247.49,1.04,269.96,4.99,1346.76,35000.0,26.0,0.815,REPAIR,HIGH,9.343,1.972,9.38,2,1,4,0,0,0,1,0,0
synth_000961,corrosion,3,0.89,9.472,2.81,7.33,4200.0,555.64,14.12,541.52,1.49,540.16,5.57,3010.2,55000.0,18.3,0.869,REPAIR,HIGH,9.472,2.81,7.33,2,1,3,1,0,0,0,0,0
synth_000841,surface_injure,1,0.284,2.404,3.269,4.93,3000.0,35.16,0.0,35.16,0.1,25.92,4.04,104.72,50000.0,477.5,0.9,MONITOR,LOW,2.404,3.269,4.93,1,2,2,0,0,0,0,1,0
synth_001938,thunderstrike,5,0.351,1.145,1.944,8.71,2500.0,757.2,0.07,757.13,0.1,21.6,4.99,107.82,40000.0,371.0,0.816,ENGINEERING_ASSESSMENT,CRITICAL,1.145,1.944,8.71,0,0,0,0,0,0,0,0,1
synth_002845,crack,3,0.356,2.877,2.423,8.21,2500.0,576.37,0.03,576.34,0.1,21.6,4.6,99.26,40000.0,403.0,0.846,ENGINEERING_ASSESSMENT,CRITICAL,2.877,2.423,8.21,0,0,1,0,1,0,0,0,0
synth_001921,crack,3,0.762,7.194,2.441,10.14,3600.0,2132.88,18.73,2114.15,0.51,159.98,4.66,745.86,60000.0,80.4,0.804,ENGINEERING_ASSESSMENT,CRITICAL,7.194,2.441,10.14,0,0,1,0,1,0,0,0,0
synth_002096,thunderstrike,5,0.744,7.889,1.86,9.138434681408205,3600.0,3600.0,0.38,3599.62,0.93,289.95,5.24,1520.31,60000.0,39.5,0.946,ENGINEERING_ASSESSMENT,CRITICAL,7.889,1.86,9.138434681408205,0,0,0,0,0,0,0,0,1
synth_001839,corrosion,1,0.468,0.654,3.427,10.7,2500.0,1857.82,0.14,1857.68,0.1,21.6,4.7,101.42,90000.0,887.4,0.96,MONITOR,LOW,0.654,3.427,10.7,1,2,3,1,0,0,0,0,0
synth_000290,corrosion,3,0.94,6.28,1.642,8.93,2500.0,849.72,30.31,819.41,2.09,451.27,4.68,2112.52,40000.0,18.9,0.913,REPAIR,HIGH,6.28,1.642,8.93,2,1,3,1,0,0,0,0,0
synth_002299,hide_craze,5,0.974,3.794,1.902,7.77,2000.0,353.24,32.99,320.25,5.47,945.22,5.4,5105.93,35000.0,6.9,0.846,REPAIR,HIGH,3.794,1.902,7.77,2,1,4,0,0,0,1,0,0
synth_001618,corrosion,5,0.869,3.969,1.787,9.138434681408205,2500.0,955.06,41.03,914.03,2.52,543.52,5.32,2893.23,25000.0,8.6,0.888,REPAIR,HIGH,3.969,1.787,9.138434681408205,2,1,3,1,0,0,0,0,0
synth_003014,craze,4,0.844,7.574,1.116,10.52,3600.0,2496.21,68.16,2428.05,1.6,497.46,4.24,2106.82,45000.0,21.4,0.845,REPAIR,HIGH,7.574,1.116,10.52,2,1,5,0,0,1,0,0,0
synth_000604,hide_craze,1,0.268,2.934,0.882,7.01,4200.0,441.01,0.0,441.01,0.1,36.29,4.88,177.27,75000.0,423.1,0.912,MONITOR,LOW,2.934,0.882,7.01,1,2,4,0,0,0,1,0,0
synth_002946,thunderstrike,4,0.876,4.405,2.134,14.69,2000.0,2000.0,0.46,1999.54,1.98,342.29,4.01,1372.49,60000.0,43.7,0.835,ENGINEERING_ASSESSMENT,CRITICAL,4.405,2.134,14.69,0,0,0,0,0,0,0,0,1
synth_000916,thunderstrike,5,0.802,4.043,0.634,8.31,3000.0,730.54,18.38,712.16,1.47,381.97,3.86,1473.38,40000.0,27.1,0.88,ENGINEERING_ASSESSMENT,CRITICAL,4.043,0.634,8.31,0,0,0,0,0,0,0,0,1
synth_001801,thunderstrike,3,0.873,3.475,0.562,9.138434681408205,2500.0,2500.0,0.36,2499.64,1.22,262.81,4.38,1152.36,80000.0,69.4,0.817,ENGINEERING_ASSESSMENT,CRITICAL,3.475,0.562,9.138434681408205,0,0,0,0,0,0,0,0,1
synth_002413,corrosion,2,0.388,0.901,1.131,9.56,4200.0,1930.1,0.09,1930.01,0.1,36.29,4.71,171.08,50000.0,292.3,0.908,MONITOR,LOW,0.901,1.131,9.56,1,2,3,1,0,0,0,0,0
synth_001099,thunderstrike,3,0.843,3.794,3.098,9.48,3000.0,1328.84,22.04,1306.8,0.97,251.86,5.2,1310.32,60000.0,45.8,0.825,ENGINEERING_ASSESSMENT,CRITICAL,3.794,3.098,9.48,0,0,0,0,0,0,0,0,1
synth_001088,hide_craze,3,0.884,11.279,0.593,10.02,2500.0,1406.41,34.64,1371.78,1.44,311.57,6.33,1971.67,35000.0,17.8,0.8642600936220012,REPAIR,HIGH,11.279,0.593,10.02,2,1,4,0,0,0,1,0,0
synth_002889,craze,4,0.838,10.611,0.677,8.01,4200.0,859.14,22.91,836.23,1.56,566.79,5.27,2986.81,55000.0,18.4,0.834,REPAIR,HIGH,10.611,0.677,8.01,2,1,5,0,0,1,0,0,0
synth_001873,surface_injure,1,0.325,0.262,2.004,5.7,3600.0,114.75,0.0,114.75,0.1,31.1,4.3,133.87,50000.0,373.5,0.908,MONITOR,LOW,0.262,2.004,5.7,1,2,2,0,0,0,0,1,0
synth_000821,craze,4,0.926,10.371,1.221,10.55,4200.0,2940.06,152.5,2787.56,3.04,1102.48,4.65,5123.87,55000.0,10.7,0.759,REPAIR,HIGH,10.371,1.221,10.55,2,1,5,0,0,1,0,0,0
synth_001859,craze,4,0.882,8.785,3.133,9.07,2000.0,728.1,27.03,701.07,2.17,375.68,4.93,1850.85,25000.0,13.5,0.869,REPAIR,HIGH,8.785,3.133,9.07,2,1,5,0,0,1,0,0,0
synth_003396,crack,5,0.895,2.284,1.377,6.74,3600.0,305.62,15.5,290.12,2.97,923.73,4.46,4119.13,60000.0,14.6,0.773,ENGINEERING_ASSESSMENT,CRITICAL,2.284,1.377,6.74,0,0,1,0,1,0,0,0,0
synth_002913,craze,5,0.882,9.802,1.403,10.21,3600.0,2198.59,111.34,2087.25,2.97,922.56,6.07,5598.47,55000.0,9.8,0.931,REPAIR,HIGH,9.802,1.403,10.21,2,1,5,0,0,1,0,0,0
synth_002951,corrosion,1,0.42,2.388,3.007,4.27,2500.0,8.3,0.0,8.3,0.1,21.6,4.68,101.0,50000.0,495.0,0.871,MONITOR,LOW,2.388,3.007,4.27,1,2,3,1,0,0,0,0,0
synth_001302,corrosion,5,0.842,6.246,1.591,11.44,3600.0,3523.29,127.11,3396.18,2.11,657.24,5.08,3337.24,45000.0,13.5,0.939,REPAIR,HIGH,6.246,1.591,11.44,2,1,3,1,0,0,0,0,0
synth_001000,craze,4,0.802,4.869,3.084,11.01,2500.0,2090.53,39.24,2051.29,1.1,237.46,5.8,1376.4,45000.0,32.7,0.945,REPAIR,HIGH,4.869,3.084,11.01,2,1,5,0,0,1,0,0,0
synth_003586,crack,4,0.393,5.727,1.733,9.5,2000.0,895.7,0.14,895.56,0.1,17.28,3.97,68.61,60000.0,874.5,0.871,ENGINEERING_ASSESSMENT,CRITICAL,5.727,1.733,9.5,0,0,1,0,1,0,0,0,0
synth_001956,corrosion,5,0.811,8.507,3.087,10.36,4200.0,2721.67,77.76,2643.91,1.67,607.24,4.74,2876.7,45000.0,15.6,0.8642600936220012,REPAIR,HIGH,8.507,3.087,10.36,2,1,3,1,0,0,0,0,0
synth_001477,hide_craze,2,0.414,1.702,0.975,7.21,3000.0,365.76,0.03,365.74,0.1,25.92,4.91,127.22,50000.0,393.0,0.826,MONITOR,LOW,1.702,0.975,7.21,1,2,4,0,0,0,1,0,0
synth_000018,corrosion,4,0.966,9.11,2.166,8.03,3600.0,745.34,51.11,694.23,4.02,1249.31,4.44,5543.67,55000.0,9.9,0.8642600936220012,REPAIR,HIGH,9.11,2.166,8.03,2,1,3,1,0,0,0,0,0
synth_000493,hide_craze,2,0.736,1.066,3.192,11.49,2500.0,2494.53,8.62,2485.91,0.2,43.7,4.27,186.75,50000.0,267.7,0.825,MONITOR,LOW,1.066,3.192,11.49,1,2,4,0,0,0,1,0,0
synth_001125,surface_injure,3,0.887,10.267,2.342,11.45,2500.0,2460.08,61.42,2398.66,1.46,315.87,5.02,1584.78,45000.0,28.4,0.9,REPAIR,HIGH,10.267,2.342,11.45,2,1,2,0,0,0,0,1,0
synth_001404,crack,5,0.553,1.834,3.073,5.8,2000.0,71.83,0.14,71.69,0.12,19.99,3.81,76.22,40000.0,524.8,0.844,ENGINEERING_ASSESSMENT,CRITICAL,1.834,3.073,5.8,0,0,1,0,1,0,0,0,0
synth_003194,corrosion,5,0.882,4.418,2.967,10.91,4200.0,3389.43,162.0,3227.44,2.8,1015.84,5.67,5760.0,35000.0,6.1,0.8,REPAIR,HIGH,4.418,2.967,10.91,2,1,3,1,0,0,0,0,0
synth_001760,hide_craze,1,0.648,2.489,1.322,5.88,2000.0,77.73,0.06,77.68,0.1,17.28,4.52,78.02,75000.0,961.3,0.914,MONITOR,LOW,2.489,1.322,5.88,1,2,4,0,0,0,1,0,0
synth_002208,crack,5,0.586,2.974,0.779,12.65,2000.0,2000.0,0.04,1999.96,0.18,30.51,3.71,113.3,40000.0,353.0,0.959,ENGINEERING_ASSESSMENT,CRITICAL,2.974,0.779,12.65,0,0,1,0,1,0,0,0,0
synth_002185,craze,4,0.977,11.223,3.388,11.12,2000.0,1741.21,130.45,1610.75,4.39,758.28,5.24,3972.15,35000.0,8.8,0.943,REPAIR,HIGH,11.223,3.388,11.12,2,1,5,0,0,1,0,0,0
synth_002867,corrosion,3,0.898,5.673,1.729,7.64,2000.0,325.37,8.45,316.91,1.52,262.95,4.7,1237.1,55000.0,44.5,0.937,REPAIR,HIGH,5.673,1.729,7.64,2,1,3,1,0,0,0,0,0
synth_000584,corrosion,5,0.94,2.983,2.631,9.11,2500.0,927.35,66.26,861.09,4.19,903.96,6.13,5543.82,35000.0,6.3,0.779,REPAIR,HIGH,2.983,2.631,9.11,2,1,3,1,0,0,0,0,0
synth_002102,surface_injure,4,0.899,2.521,2.635,8.2,4200.0,961.55,37.07,924.48,2.26,819.38,6.0,4915.99,45000.0,9.2,0.89,REPAIR,HIGH,2.521,2.635,8.2,2,1,2,0,0,0,0,1,0
synth_000687,hide_craze,1,0.428,2.167,3.407,11.65,3600.0,3600.0,0.0,3600.0,0.1,31.1,4.3,133.64,50000.0,374.1,0.898,MONITOR,LOW,2.167,3.407,11.65,1,2,4,0,0,0,1,0,0
synth_002210,thunderstrike,5,0.614,4.388,3.26,8.1,4200.0,907.34,3.83,903.5,0.25,89.73,5.36,481.03,60000.0,124.7,0.804,ENGINEERING_ASSESSMENT,CRITICAL,4.388,3.26,8.1,0,0,0,0,0,0,0,0,1
synth_002107,crack,3,0.887,4.584,2.487,14.06,4200.0,4200.0,0.68,4199.32,1.38,502.12,4.31,2163.44,60000.0,27.7,0.902,ENGINEERING_ASSESSMENT,CRITICAL,4.584,2.487,14.06,0,0,1,0,1,0,0,0,0
synth_002421,craze,3,0.931,5.287,3.404,10.58,3600.0,2552.23,84.14,2468.1,1.93,600.57,5.01,3006.11,45000.0,15.0,0.908,REPAIR,HIGH,5.287,3.404,10.58,2,1,5,0,0,1,0,0,0
synth_001978,hide_craze,3,0.972,8.893,0.58,9.39,2500.0,1061.47,48.63,1012.84,2.68,579.6,4.96,2876.88,55000.0,19.1,0.8,REPAIR,HIGH,8.893,0.58,9.39,2,1,4,0,0,0,1,0,0
synth_001009,crack,3,0.408,5.938,3.395,7.92,4200.0,812.4,0.11,812.29,0.1,36.29,4.07,147.55,40000.0,271.1,0.95,ENGINEERING_ASSESSMENT,CRITICAL,5.938,3.395,7.92,0,0,1,0,1,0,0,0,0
synth_002892,thunderstrike,3,0.54,6.977,3.471,12.38,2500.0,2500.0,0.01,2499.99,0.1,21.6,4.17,90.06,60000.0,666.2,0.761,ENGINEERING_ASSESSMENT,CRITICAL,6.977,3.471,12.38,0,0,0,0,0,0,0,0,1
synth_000360,corrosion,2,0.222,1.908,1.904,9.138434681408205,2000.0,1927.61,0.0,1927.6,0.1,17.28,4.68,80.85,50000.0,618.4,0.928,MONITOR,LOW,1.908,1.904,9.138434681408205,1,2,3,1,0,0,0,0,0
synth_003403,crack,5,0.502,5.811,1.905,9.38,3600.0,1520.82,1.69,1519.13,0.1,31.1,5.21,162.15,40000.0,246.7,0.937,ENGINEERING_ASSESSMENT,CRITICAL,5.811,1.905,9.38,0,0,1,0,1,0,0,0,0
synth_003282,surface_injure,5,0.825,2.744,0.603,8.17,2500.0,562.43,16.69,545.74,1.74,375.43,6.29,2361.24,45000.0,19.1,0.853,REPAIR,HIGH,2.744,0.603,8.17,2,1,2,0,0,0,0,1,0
synth_002307,hide_craze,3,0.975,7.885,1.88,8.07,3000.0,635.08,29.37,605.7,2.71,702.18,4.04,2833.95,45000.0,15.9,0.979,REPAIR,HIGH,7.885,1.88,8.07,2,1,4,0,0,0,1,0,0
synth_001310,corrosion,4,0.973,6.608,2.304,9.89,2500.0,1330.59,93.0,1237.59,4.09,884.25,6.42,5679.92,45000.0,7.9,0.946,REPAIR,HIGH,6.608,2.304,9.89,2,1,3,1,0,0,0,0,0
synth_001749,surface_injure,4,0.835,3.835,1.911,10.31,3600.0,2285.31,55.27,2230.04,1.42,440.61,6.16,2715.22,35000.0,12.9,0.831,REPAIR,HIGH,3.835,1.911,10.31,2,1,2,0,0,0,0,1,0
synth_002930,hide_craze,3,0.902,10.8,2.691,10.63,2500.0,1809.58,50.86,1758.72,1.65,355.57,5.96,2120.42,55000.0,25.9,0.876,REPAIR,HIGH,10.8,2.691,10.63,2,1,4,0,0,0,1,0,0
synth_001814,hide_craze,3,0.86,3.06,3.339,9.6,2000.0,938.08,17.54,920.54,1.09,189.19,5.59,1057.45,45000.0,42.6,0.82,REPAIR,HIGH,3.06,3.339,9.6,2,1,4,0,0,0,1,0,0
synth_002163,surface_injure,5,0.926,4.274,3.451,9.31,2000.0,818.21,54.18,764.03,3.88,670.21,4.08,2737.42,35000.0,12.8,0.832,REPAIR,HIGH,4.274,3.451,9.31,2,1,2,0,0,0,0,1,0
synth_000344,thunderstrike,4,0.339,5.798,3.014,5.25,3600.0,66.74,0.0,66.74,0.1,31.1,3.84,119.51,80000.0,669.4,0.971,ENGINEERING_ASSESSMENT,CRITICAL,5.798,3.014,5.25,0,0,0,0,0,0,0,0,1
synth_000986,corrosion,1,0.512,2.88,1.956,4.48,4200.0,22.33,0.0,22.32,0.1,36.29,4.16,151.14,75000.0,496.2,0.84,MONITOR,LOW,2.88,1.956,4.48,1,2,3,1,0,0,0,0,0
synth_001830,thunderstrike,3,0.637,5.708,1.714,5.44,4200.0,99.76,0.26,99.49,0.15,55.67,3.94,219.46,80000.0,364.5,0.914,ENGINEERING_ASSESSMENT,CRITICAL,5.708,1.714,5.44,0,0,0,0,0,0,0,0,1
synth_000743,surface_injure,5,0.804,9.812,1.218,9.2,2500.0,968.97,26.44,942.53,1.6,345.18,4.84,1672.15,35000.0,20.9,0.93,REPAIR,HIGH,9.812,1.218,9.2,2,1,2,0,0,0,0,1,0
synth_001925,crack,5,0.737,7.986,3.416,6.39,4200.0,265.82,3.98,261.83,0.88,318.6,3.88,1237.01,40000.0,32.3,0.781,ENGINEERING_ASSESSMENT,CRITICAL,7.986,3.416,6.39,0,0,1,0,1,0,0,0,0
synth_001655,hide_craze,3,0.848,1.778,1.245,12.95,3000.0,3000.0,0.36,2999.64,0.96,248.71,3.87,961.5,60000.0,62.4,0.794,REPAIR,HIGH,1.778,1.245,12.95,2,1,4,0,0,0,1,0,0
synth_000113,surface_injure,3,0.951,11.336,0.976,7.48,3000.0,438.14,17.58,420.56,2.35,609.05,5.75,3500.5,55000.0,15.7,0.8642600936220012,REPAIR,HIGH,11.336,0.976,7.48,2,1,2,0,0,0,0,1,0
synth_001437,thunderstrike,5,0.5,1.885,2.212,12.61,3600.0,3600.0,0.03,3599.97,0.1,31.1,5.2,161.77,60000.0,370.9,0.865,ENGINEERING_ASSESSMENT,CRITICAL,1.885,2.212,12.61,0,0,0,0,0,0,0,0,1
synth_001577,surface_injure,1,0.346,1.441,1.644,10.15,3000.0,1782.43,0.02,1782.42,0.1,25.92,3.9,101.01,75000.0,742.5,0.805,MONITOR,LOW,1.441,1.644,10.15,1,2,2,0,0,0,0,1,0
synth_001241,surface_injure,1,0.337,2.084,2.674,10.27,4200.0,2632.47,0.02,2632.45,0.1,36.29,4.5,163.32,75000.0,459.2,0.957,MONITOR,LOW,2.084,2.674,10.27,1,2,2,0,0,0,0,1,0
synth_001142,crack,5,0.38,1.592,0.512,5.46,3600.0,87.8,0.01,87.78,0.1,31.1,3.72,115.75,60000.0,518.4,0.793,ENGINEERING_ASSESSMENT,CRITICAL,1.592,0.512,5.46,0,0,1,0,1,0,0,0,0
synth_002172,surface_injure,1,0.432,2.868,1.962,5.08,3600.0,52.9,0.0,52.89,0.1,31.1,3.79,117.77,90000.0,764.2,0.809,MONITOR,LOW,2.868,1.962,5.08,1,2,2,0,0,0,0,1,0
synth_001216,corrosion,2,0.393,1.25,1.065,7.7,4200.0,708.23,0.04,708.2,0.1,36.29,3.52,127.69,90000.0,704.8,0.959,MONITOR,LOW,1.25,1.065,7.7,1,2,3,1,0,0,0,0,0
synth_001198,surface_injure,2,0.35,0.85,2.789,11.03,2500.0,2107.8,0.05,2107.75,0.1,21.6,4.75,102.68,90000.0,876.5,0.935,MONITOR,LOW,0.85,2.789,11.03,1,2,2,0,0,0,0,1,0
synth_000085,corrosion,5,0.889,3.975,2.76,7.82,2500.0,455.48,22.91,432.57,2.95,636.27,6.15,3915.9,45000.0,11.5,0.812,REPAIR,HIGH,3.975,2.76,7.82,2,1,3,1,0,0,0,0,0
synth_001847,craze,2,0.398,2.1,1.657,10.82,3600.0,2801.63,0.16,2801.47,0.1,31.1,4.3,133.84,90000.0,672.4,0.938,MONITOR,LOW,2.1,1.657,10.82,1,2,5,0,0,1,0,0,0
synth_002477,craze,1,0.744,0.348,1.021,10.02,2500.0,1411.01,2.41,1408.6,0.1,21.6,3.51,75.75,90000.0,1188.1,0.851,MONITOR,LOW,0.348,1.021,10.02,1,2,5,0,0,1,0,0,0
synth_001381,surface_injure,3,0.744,6.891,0.732,6.33,3600.0,215.62,1.61,214.01,0.44,136.0,4.82,655.45,40000.0,61.0,0.796,MONITOR,LOW,6.891,0.732,6.33,1,2,2,0,0,0,0,1,0
synth_001735,crack,5,0.742,3.794,0.827,13.97,3000.0,3000.0,0.31,2999.69,0.92,237.32,3.61,855.85,40000.0,46.7,0.768,ENGINEERING_ASSESSMENT,CRITICAL,3.794,0.827,13.97,0,0,1,0,1,0,0,0,0
synth_000668,thunderstrike,3,0.889,7.826,1.362,9.138434681408205,4200.0,552.48,13.74,538.74,1.46,528.47,5.26,2781.12,60000.0,21.6,0.95,ENGINEERING_ASSESSMENT,CRITICAL,7.826,1.362,9.138434681408205,0,0,0,0,0,0,0,0,1
synth_001014,hide_craze,1,0.223,2.78,1.653,4.43,2500.0,11.95,0.0,11.95,0.1,21.6,4.04,87.27,75000.0,859.4,0.929,MONITOR,LOW,2.78,1.653,4.43,1,2,4,0,0,0,1,0,0
synth_000128,crack,3,0.919,1.87,0.656,13.96,2000.0,2000.0,0.41,1999.59,1.65,284.85,4.69,1335.82,40000.0,29.9,0.913,ENGINEERING_ASSESSMENT,CRITICAL,1.87,0.656,13.96,0,0,1,0,1,0,0,0,0
synth_001364,crack,4,0.852,3.184,2.458,13.17,3600.0,3600.0,0.69,3599.31,1.61,499.8,3.74,1871.52,80000.0,42.7,0.807,ENGINEERING_ASSESSMENT,CRITICAL,3.184,2.458,13.17,0,0,1,0,1,0,0,0,0
synth_002841,craze,2,0.329,0.984,3.272,9.42,4200.0,1805.54,0.03,1805.52,0.1,36.29,3.72,134.83,75000.0,556.3,0.782,MONITOR,LOW,0.984,3.272,9.42,1,2,5,0,0,1,0,0,0
synth_001670,surface_injure,5,0.866,6.766,1.909,8.6,3000.0,858.45,37.51,820.94,2.56,663.4,5.71,3785.07,35000.0,9.2,0.764,REPAIR,HIGH,6.766,1.909,8.6,2,1,2,0,0,0,0,1,0
synth_000891,craze,3,0.829,8.006,2.478,8.29,2000.0,482.1,7.54,474.56,0.92,158.25,4.92,778.18,25000.0,32.1,0.808,REPAIR,HIGH,8.006,2.478,8.29,2,1,5,0,0,1,0,0,0
synth_002319,thunderstrike,5,0.763,6.123,1.793,9.39,3600.0,1530.8,28.41,1502.38,1.09,338.16,3.66,1237.49,40000.0,32.3,0.838,ENGINEERING_ASSESSMENT,CRITICAL,6.123,1.793,9.39,0,0,0,0,0,0,0,0,1
synth_001359,craze,5,0.851,3.323,1.666,9.67,2000.0,964.65,35.58,929.07,2.16,373.32,5.9,2201.43,45000.0,20.4,0.937,REPAIR,HIGH,3.323,1.666,9.67,2,1,5,0,0,1,0,0,0
synth_000307,crack,5,0.77,1.063,2.512,10.89,2500.0,2002.92,35.49,1967.43,1.04,224.2,4.73,1059.7,40000.0,37.7,0.914,ENGINEERING_ASSESSMENT,CRITICAL,1.063,2.512,10.89,0,0,1,0,1,0,0,0,0
synth_000383,hide_craze,2,0.431,1.651,2.694,9.68,2000.0,971.14,0.09,971.05,0.1,17.28,3.64,62.96,90000.0,1429.5,0.822,MONITOR,LOW,1.651,2.694,9.68,1,2,4,0,0,0,1,0,0
synth_000150,crack,4,0.426,2.164,1.422,9.138434681408205,3600.0,3200.9,0.83,3200.08,0.1,31.1,4.55,141.39,60000.0,424.4,0.874,ENGINEERING_ASSESSMENT,CRITICAL,2.164,1.422,9.138434681408205,0,0,1,0,1,0,0,0,0
synth_001317,corrosion,3,0.969,11.252,0.633,9.138434681408205,2000.0,506.47,23.08,483.39,2.67,461.23,4.62,2130.55,25000.0,11.7,0.936,REPAIR,HIGH,11.252,0.633,9.138434681408205,2,1,3,1,0,0,0,0,0
synth_001451,crack,3,0.497,1.922,2.219,8.83,2000.0,645.22,0.3,644.92,0.1,17.28,3.91,67.52,60000.0,888.6,0.882,ENGINEERING_ASSESSMENT,CRITICAL,1.922,2.219,8.83,0,0,1,0,1,0,0,0,0
synth_001644,craze,2,0.278,1.176,1.002,10.58,2500.0,1773.8,0.01,1773.79,0.1,21.6,4.47,96.61,90000.0,931.6,0.893,MONITOR,LOW,1.176,1.002,10.58,1,2,5,0,0,1,0,0,0
synth_002351,crack,5,0.795,3.111,1.635,5.68,4200.0,131.21,3.07,128.14,1.37,496.87,3.58,1776.43,80000.0,45.0,0.8642600936220012,ENGINEERING_ASSESSMENT,CRITICAL,3.111,1.635,5.68,0,0,1,0,1,0,0,0,0
synth_000426,crack,4,0.908,5.706,2.354,9.81,2000.0,1029.78,45.06,984.72,2.56,442.9,5.12,2267.36,60000.0,26.5,0.951,ENGINEERING_ASSESSMENT,CRITICAL,5.706,2.354,9.81,0,0,1,0,1,0,0,0,0
synth_000494,surface_injure,2,0.379,1.526,3.054,10.84,4200.0,3291.08,0.14,3290.95,0.1,36.29,4.01,145.52,90000.0,618.5,0.929,MONITOR,LOW,1.526,3.054,10.84,1,2,2,0,0,0,0,1,0
synth_001207,surface_injure,2,0.255,2.397,1.271,7.88,2000.0,379.39,0.0,379.39,0.1,17.28,4.0,69.18,50000.0,722.8,0.812,MONITOR,LOW,2.397,1.271,7.88,1,2,2,0,0,0,0,1,0
synth_002023,craze,4,0.975,3.151,0.894,9.68,3600.0,1747.15,118.0,1629.14,3.96,1230.47,5.81,7145.16,35000.0,4.9,0.756,REPAIR,HIGH,3.151,0.894,9.68,2,1,5,0,0,1,0,0,0
synth_002230,crack,3,0.435,7.636,2.053,14.47,3000.0,3000.0,0.0,3000.0,0.1,25.92,5.14,133.11,80000.0,601.0,0.804,ENGINEERING_ASSESSMENT,CRITICAL,7.636,2.053,14.47,0,0,1,0,1,0,0,0,0
synth_001208,surface_injure,3,0.832,4.515,2.357,9.13,4200.0,1574.51,24.12,1550.39,0.9,325.62,6.42,2090.98,35000.0,16.7,0.827,REPAIR,HIGH,4.515,2.357,9.13,2,1,2,0,0,0,0,1,0
synth_002836,thunderstrike,3,0.7,6.171,2.902,12.24,3000.0,3000.0,0.1,2999.9,0.29,75.06,5.09,381.78,40000.0,104.8,0.838,ENGINEERING_ASSESSMENT,CRITICAL,6.171,2.902,12.24,0,0,0,0,0,0,0,0,1
synth_002907,crack,5,0.615,6.951,0.937,12.3,3000.0,3000.0,0.09,2999.91,0.26,66.98,4.94,330.96,40000.0,120.9,0.857,ENGINEERING_ASSESSMENT,CRITICAL,6.951,0.937,12.3,0,0,1,0,1,0,0,0,0
synth_002639,corrosion,5,0.889,10.772,1.322,8.58,4200.0,1185.89,63.64,1122.25,3.14,1140.62,5.06,5768.53,45000.0,7.8,0.848,REPAIR,HIGH,10.772,1.322,8.58,2,1,3,1,0,0,0,0,0
synth_001612,surface_injure,4,0.913,5.474,1.789,9.27,3000.0,1206.97,54.56,1152.42,2.65,686.22,5.63,3860.23,55000.0,14.2,0.864,REPAIR,HIGH,5.474,1.789,9.27,2,1,2,0,0,0,0,1,0
synth_001239,corrosion,4,0.97,4.939,1.91,7.45,3600.0,517.96,34.89,483.07,3.95,1227.24,5.51,6766.91,25000.0,3.7,0.919,REPAIR,HIGH,4.939,1.91,7.45,2,1,3,1,0,0,0,0,0
synth_002766,crack,5,0.847,7.672,3.076,9.99,2500.0,1390.55,52.86,1337.69,2.23,480.97,5.02,2414.98,60000.0,24.8,0.77,ENGINEERING_ASSESSMENT,CRITICAL,7.672,3.076,9.99,0,0,1,0,1,0,0,0,0
synth_003253,hide_craze,3,0.866,4.472,2.446,9.29,2000.0,810.67,16.24,794.43,1.17,202.8,4.77,966.44,25000.0,25.9,0.898,REPAIR,HIGH,4.472,2.446,9.29,2,1,4,0,0,0,1,0,0
synth_000275,hide_craze,4,0.808,10.708,3.031,9.17,3000.0,1145.18,23.92,1121.26,1.22,317.14,6.24,1980.28,55000.0,27.8,0.932,REPAIR,HIGH,10.708,3.031,9.17,2,1,4,0,0,0,1,0,0
synth_000489,hide_craze,1,0.643,2.286,2.521,7.57,2500.0,387.94,0.27,387.67,0.1,21.6,3.53,76.25,75000.0,983.6,0.884,MONITOR,LOW,2.286,2.521,7.57,1,2,4,0,0,0,1,0,0
synth_002309,hide_craze,2,0.267,2.195,2.682,7.35,2500.0,335.67,0.0,335.67,0.1,21.6,4.92,106.33,90000.0,846.4,0.932,MONITOR,LOW,2.195,2.682,7.35,1,2,4,0,0,0,1,0,0
synth_001229,hide_craze,1,0.538,0.63,2.979,8.93,4200.0,1426.38,0.28,1426.1,0.1,36.29,3.73,135.46,50000.0,369.1,0.91,MONITOR,LOW,0.63,2.979,8.93,1,2,4,0,0,0,1,0,0
synth_000690,thunderstrike,4,0.32,7.628,0.979,7.41,3600.0,501.78,0.02,501.76,0.1,31.1,3.98,123.77,60000.0,484.8,0.883,ENGINEERING_ASSESSMENT,CRITICAL,7.628,0.979,7.41,0,0,0,0,0,0,0,0,1
synth_001909,corrosion,2,0.231,1.534,0.757,11.71,2000.0,2000.0,0.0,2000.0,0.1,17.28,4.09,70.73,90000.0,1272.4,0.815,MONITOR,LOW,1.534,0.757,11.71,1,2,3,1,0,0,0,0,0
synth_002400,craze,2,0.634,0.335,1.429,11.73,3600.0,3600.0,0.03,3599.97,0.1,31.1,3.69,114.74,75000.0,653.7,0.795,MONITOR,LOW,0.335,1.429,11.73,1,2,5,0,0,1,0,0,0
synth_002580,surface_injure,2,0.63,1.117,2.399,6.47,2000.0,135.94,0.17,135.77,0.1,17.28,3.61,62.33,90000.0,1443.9,0.92,MONITOR,LOW,1.117,2.399,6.47,1,2,2,0,0,0,0,1,0
synth_001732,surface_injure,3,0.963,7.184,1.584,10.12,3600.0,2118.64,89.7,2028.94,2.48,771.36,6.38,4921.47,45000.0,9.1,0.929,REPAIR,HIGH,7.184,1.584,10.12,2,1,2,0,0,0,0,1,0
synth_002647,crack,5,0.492,1.871,1.218,9.94,2500.0,1358.65,1.23,1357.42,0.1,21.6,4.94,106.69,60000.0,562.4,0.935,ENGINEERING_ASSESSMENT,CRITICAL,1.871,1.218,9.94,0,0,1,0,1,0,0,0,0
synth_003438,thunderstrike,5,0.34,1.67,3.487,8.97,3600.0,1250.07,0.09,1249.98,0.1,31.1,5.39,167.56,40000.0,238.7,0.783,ENGINEERING_ASSESSMENT,CRITICAL,1.67,3.487,8.97,0,0,0,0,0,0,0,0,1
synth_001058,crack,4,0.389,7.285,1.086,7.43,2500.0,352.9,0.05,352.85,0.1,21.6,4.21,90.86,40000.0,440.2,0.906,ENGINEERING_ASSESSMENT,CRITICAL,7.285,1.086,7.43,0,0,1,0,1,0,0,0,0
synth_000118,thunderstrike,5,0.343,6.751,2.55,8.72,2500.0,761.19,0.07,761.12,0.1,21.6,5.14,110.97,80000.0,720.9,0.787,ENGINEERING_ASSESSMENT,CRITICAL,6.751,2.55,8.72,0,0,0,0,0,0,0,0,1
synth_001024,corrosion,3,0.868,5.789,1.595,8.52,2000.0,548.44,11.43,537.01,1.22,210.92,6.02,1269.78,25000.0,19.7,0.878,REPAIR,HIGH,5.789,1.595,8.52,2,1,3,1,0,0,0,0,0
synth_001945,surface_injure,2,0.216,1.349,3.334,10.68,2000.0,1477.94,0.0,1477.93,0.1,17.28,4.07,70.35,50000.0,710.7,0.76,MONITOR,LOW,1.349,3.334,10.68,1,2,2,0,0,0,0,1,0
synth_000281,corrosion,1,0.472,2.331,0.598,6.97,3000.0,306.53,0.03,306.51,0.1,25.92,4.09,105.98,50000.0,471.8,0.969,MONITOR,LOW,2.331,0.598,6.97,1,2,3,1,0,0,0,0,0
synth_002110,corrosion,5,0.811,11.729,1.371,7.08,2500.0,277.24,8.14,269.11,1.72,371.33,5.57,2066.5,55000.0,26.6,0.954,REPAIR,HIGH,11.729,1.371,7.08,2,1,3,1,0,0,0,0,0
synth_001316,corrosion,1,0.335,1.113,2.456,11.69,2500.0,2500.0,0.0,2500.0,0.1,21.6,3.77,81.52,90000.0,1104.0,0.948,MONITOR,LOW,1.113,2.456,11.69,1,2,3,1,0,0,0,0,0
synth_002794,surface_injure,5,0.859,3.794,2.819,9.4,2000.0,852.61,35.86,816.74,2.46,425.74,4.51,1919.59,45000.0,23.4,0.807,REPAIR,HIGH,3.794,2.819,9.4,2,1,2,0,0,0,0,1,0
synth_000968,craze,3,0.916,2.69,0.614,8.14,2000.0,441.69,12.53,429.16,1.66,287.05,5.29,1519.5,35000.0,23.0,0.868,REPAIR,HIGH,2.69,0.614,8.14,2,1,5,0,0,1,0,0,0
synth_001672,corrosion,2,0.604,2.713,1.302,8.06,3600.0,760.71,0.73,759.98,0.1,31.1,4.53,140.96,75000.0,532.1,0.789,MONITOR,LOW,2.713,1.302,8.06,1,2,3,1,0,0,0,0,0
synth_003457,crack,4,0.558,3.758,0.577,7.1,3600.0,405.3,0.65,404.64,0.1,31.1,4.31,133.96,80000.0,597.2,0.818,ENGINEERING_ASSESSMENT,CRITICAL,3.758,0.577,7.1,0,0,1,0,1,0,0,0,0
synth_002545,crack,3,0.309,3.139,0.943,11.79,3600.0,3600.0,0.0,3600.0,0.1,31.1,5.47,170.26,40000.0,234.9,0.962,ENGINEERING_ASSESSMENT,CRITICAL,3.139,0.943,11.79,0,0,1,0,1,0,0,0,0
synth_000619,hide_craze,3,0.951,10.887,3.424,9.13,3000.0,1124.39,44.93,1079.46,2.34,606.69,5.3,3214.98,25000.0,7.8,0.958,REPAIR,HIGH,10.887,3.424,9.13,2,1,4,0,0,0,1,0,0
synth_003150,hide_craze,3,0.851,9.917,2.176,9.31,3600.0,1472.81,27.81,1445.0,1.11,343.99,5.99,2060.05,25000.0,12.1,0.851,REPAIR,HIGH,9.917,2.176,9.31,2,1,4,0,0,0,1,0,0
synth_000155,surface_injure,3,0.441,1.67,2.14,5.24,2500.0,45.53,0.01,45.52,0.1,21.6,4.78,103.33,80000.0,774.2,0.809,MONITOR,LOW,1.67,2.14,5.24,1,2,2,0,0,0,0,1,0
synth_003598,crack,5,0.846,7.801,1.747,12.03,3600.0,3600.0,0.89,3599.11,2.22,689.11,4.33,2980.69,40000.0,13.4,0.855,ENGINEERING_ASSESSMENT,CRITICAL,7.801,1.747,12.03,0,0,1,0,1,0,0,0,0
synth_002697,hide_craze,1,0.727,1.271,2.677,9.21,3600.0,1402.95,2.14,1400.81,0.1,31.1,4.61,143.25,50000.0,349.0,0.952,MONITOR,LOW,1.271,2.677,9.21,1,2,4,0,0,0,1,0,0
synth_000304,craze,1,0.296,0.497,3.317,5.24,4200.0,76.73,0.0,76.73,0.1,36.29,4.92,178.44,75000.0,420.3,0.797,MONITOR,LOW,0.497,3.317,5.24,1,2,5,0,0,1,0,0,0
synth_002337,corrosion,1,0.725,2.39,2.046,9.56,3600.0,1652.92,2.59,1650.34,0.1,31.1,4.98,154.94,50000.0,322.7,0.816,MONITOR,LOW,2.39,2.046,9.56,1,2,3,1,0,0,0,0,0
synth_003054,surface_injure,2,0.396,2.145,3.394,10.69,2500.0,1854.72,0.1,1854.62,0.1,21.6,4.38,94.5,75000.0,793.7,0.906,MONITOR,LOW,2.145,3.394,10.69,1,2,2,0,0,0,0,1,0
synth_001977,corrosion,4,0.919,3.163,2.725,7.91,2500.0,481.76,21.89,459.87,2.66,574.89,5.99,3440.72,45000.0,13.1,0.756,REPAIR,HIGH,3.163,2.725,7.91,2,1,3,1,0,0,0,0,0
synth_003595,thunderstrike,5,0.91,1.563,1.558,6.59,3600.0,271.47,14.99,256.48,3.23,1005.84,5.24,5265.93,60000.0,11.4,0.971,ENGINEERING_ASSESSMENT,CRITICAL,1.563,1.558,6.59,0,0,0,0,0,0,0,0,1
synth_002684,hide_craze,4,0.824,8.905,1.237,10.97,4200.0,3465.7,81.6,3384.1,1.38,500.42,4.33,2164.47,55000.0,25.4,0.943,REPAIR,HIGH,8.905,1.237,10.97,2,1,4,0,0,0,1,0,0
synth_001307,surface_injure,4,0.925,9.474,0.945,11.22,2000.0,1809.19,92.66,1716.53,3.0,518.38,5.32,2759.4,35000.0,12.7,0.842,REPAIR,HIGH,9.474,0.945,11.22,2,1,2,0,0,0,0,1,0
synth_003426,thunderstrike,4,0.369,2.932,3.398,7.2,2000.0,241.23,0.02,241.2,0.1,17.28,5.25,90.68,40000.0,441.1,0.918,ENGINEERING_ASSESSMENT,CRITICAL,2.932,3.398,7.2,0,0,0,0,0,0,0,0,1
synth_000575,craze,5,0.822,11.323,0.69,9.24,2500.0,986.88,31.46,955.42,1.87,403.31,6.11,2463.16,35000.0,14.2,0.918,REPAIR,HIGH,11.323,0.69,9.24,2,1,5,0,0,1,0,0,0
synth_002452,corrosion,2,0.733,1.795,2.609,11.87,4200.0,4200.0,0.1,4199.9,0.2,73.12,3.83,279.77,90000.0,321.7,0.871,MONITOR,LOW,1.795,2.609,11.87,1,2,3,1,0,0,0,0,0
synth_003079,surface_injure,4,0.915,4.052,0.794,8.82,2000.0,640.53,28.81,611.72,2.63,455.25,6.26,2850.55,25000.0,8.8,0.783,REPAIR,HIGH,4.052,0.794,8.82,2,1,2,0,0,0,0,1,0
synth_003142,crack,3,0.483,4.79,3.172,9.84,2000.0,1040.32,0.42,1039.89,0.1,17.28,4.46,77.14,40000.0,518.5,0.768,ENGINEERING_ASSESSMENT,CRITICAL,4.79,3.172,9.84,0,0,1,0,1,0,0,0,0
synth_001299,surface_injure,2,0.268,2.0,1.117,9.63,2000.0,947.84,0.0,947.83,0.1,17.28,3.95,68.23,90000.0,1319.1,0.823,MONITOR,LOW,2.0,1.117,9.63,1,2,2,0,0,0,0,1,0
synth_000132,surface_injure,5,0.875,4.948,1.748,9.08,3600.0,1318.69,60.48,1258.21,2.69,835.55,6.17,5155.91,45000.0,8.7,0.895,REPAIR,HIGH,4.948,1.748,9.08,2,1,2,0,0,0,0,1,0
synth_002610,hide_craze,5,0.916,3.892,0.807,11.23,2000.0,1817.45,111.04,1706.41,3.58,618.36,4.43,2737.04,25000.0,9.1,0.887,REPAIR,HIGH,3.892,0.807,11.23,2,1,4,0,0,0,1,0,0
synth_002885,craze,3,0.915,5.334,3.189,9.22,3600.0,1410.27,41.42,1368.85,1.72,535.08,5.97,3194.22,45000.0,14.1,0.753,REPAIR,HIGH,5.334,3.189,9.22,2,1,5,0,0,1,0,0,0
synth_001721,hide_craze,2,0.707,0.383,0.568,10.97,2500.0,2062.72,5.22,2057.5,0.15,32.0,4.6,147.08,75000.0,509.9,0.756,MONITOR,LOW,0.383,0.568,10.97,1,2,4,0,0,0,1,0,0
synth_000843,hide_craze,1,0.584,3.794,0.785,9.138434681408205,3000.0,1304.96,0.48,1304.48,0.1,25.92,4.45,115.41,90000.0,779.8,0.878,MONITOR,LOW,3.794,0.785,9.138434681408205,1,2,4,0,0,0,1,0,0
synth_003173,hide_craze,2,0.596,0.201,1.434,6.63,3600.0,280.33,0.22,280.11,0.1,31.1,3.83,119.02,75000.0,630.1,0.857,MONITOR,LOW,0.201,1.434,6.63,1,2,4,0,0,0,1,0,0
synth_001825,hide_craze,1,0.517,2.168,0.583,11.96,4200.0,4200.0,0.0,4200.0,0.1,36.29,4.49,162.89,90000.0,552.5,0.793,MONITOR,LOW,2.168,0.583,11.96,1,2,4,0,0,0,1,0,0
synth_000269,craze,5,0.899,8.918,2.841,9.138434681408205,4200.0,1844.84,105.35,1739.49,3.34,1213.74,6.07,7372.75,45000.0,6.1,0.842,REPAIR,HIGH,8.918,2.841,9.138434681408205,2,1,5,0,0,1,0,0,0
synth_000629,craze,1,0.371,3.794,2.388,7.73,2500.0,429.65,0.01,429.64,0.1,21.6,3.86,83.38,50000.0,599.7,0.884,MONITOR,LOW,3.794,2.388,7.73,1,2,5,0,0,1,0,0,0
synth_001033,surface_injure,3,0.894,6.879,0.985,7.09,2000.0,223.18,5.73,217.44,1.5,259.98,4.04,1050.84,55000.0,52.3,0.774,REPAIR,HIGH,6.879,0.985,7.09,2,1,2,0,0,0,0,1,0
synth_002084,hide_craze,2,0.31,0.526,1.128,10.2,2500.0,1519.97,0.02,1519.96,0.1,21.6,4.63,100.08,90000.0,899.3,0.897,MONITOR,LOW,0.526,1.128,10.2,1,2,4,0,0,0,1,0,0
synth_000286,surface_injure,5,0.874,10.44,1.558,8.49,3600.0,972.56,46.5,926.06,2.8,871.07,5.73,4994.75,55000.0,11.0,0.785,REPAIR,HIGH,10.44,1.558,8.49,2,1,2,0,0,0,0,1,0
synth_001326,crack,4,0.818,3.425,2.181,12.74,2000.0,2000.0,0.29,1999.71,1.23,211.82,4.02,852.56,40000.0,46.9,0.958,ENGINEERING_ASSESSMENT,CRITICAL,3.425,2.181,12.74,0,0,1,0,1,0,0,0,0
synth_002654,crack,5,0.418,3.794,1.618,12.06,3600.0,3600.0,0.01,3599.99,0.1,31.1,5.21,162.02,80000.0,493.8,0.758,ENGINEERING_ASSESSMENT,CRITICAL,3.794,1.618,12.06,0,0,1,0,1,0,0,0,0
synth_000300,crack,4,0.85,11.19,1.038,7.05,2500.0,270.76,7.96,262.8,1.72,371.86,5.13,1905.89,35000.0,18.4,0.776,REPAIR,HIGH,11.19,1.038,7.05,2,1,1,0,1,0,0,0,0
synth_003166,crack,3,0.524,3.044,1.709,5.52,3600.0,94.11,0.06,94.04,0.1,31.1,4.77,148.37,60000.0,404.4,0.961,ENGINEERING_ASSESSMENT,CRITICAL,3.044,1.709,5.52,0,0,1,0,1,0,0,0,0
synth_001447,hide_craze,1,0.213,0.808,3.46,11.87,3600.0,3600.0,0.0,3600.0,0.1,31.1,4.76,148.11,50000.0,337.6,0.873,MONITOR,LOW,0.808,3.46,11.87,1,2,4,0,0,0,1,0,0
synth_001472,craze,4,0.821,7.667,2.846,10.33,2000.0,1281.52,29.01,1252.51,1.33,229.14,5.51,1263.14,35000.0,27.7,0.93,REPAIR,HIGH,7.667,2.846,10.33,2,1,5,0,0,1,0,0,0
synth_002555,craze,5,0.978,3.794,1.907,9.42,3000.0,1294.68,129.78,1164.9,5.87,1521.8,6.5,9885.56,55000.0,5.6,0.959,REPAIR,HIGH,3.794,1.907,9.42,2,1,5,0,0,1,0,0,0
synth_002228,corrosion,5,0.945,9.58,1.343,7.09,4200.0,468.65,37.78,430.87,4.72,1713.48,5.58,9553.67,55000.0,5.8,0.8642600936220012,REPAIR,HIGH,9.58,1.343,7.09,2,1,3,1,0,0,0,0,0
synth_002115,surface_injure,3,0.971,10.643,1.432,10.3,3000.0,1900.15,87.59,1812.55,2.7,699.84,6.33,4433.04,35000.0,7.9,0.825,REPAIR,HIGH,10.643,1.432,10.3,2,1,2,0,0,0,0,1,0
synth_000065,crack,4,0.818,3.794,1.355,9.2,2000.0,774.33,16.89,757.44,1.28,220.79,6.13,1352.79,35000.0,25.9,0.768,REPAIR,HIGH,3.794,1.355,9.2,2,1,1,0,1,0,0,0,0
synth_002663,thunderstrike,5,0.491,3.338,1.95,5.27,2500.0,47.7,0.04,47.66,0.1,21.6,5.44,117.56,40000.0,340.3,0.904,ENGINEERING_ASSESSMENT,CRITICAL,3.338,1.95,5.27,0,0,0,0,0,0,0,0,1
synth_000890,craze,4,0.819,2.95,1.808,7.19,2500.0,298.49,6.26,292.23,1.23,265.25,4.63,1227.31,25000.0,20.4,0.879,REPAIR,HIGH,2.95,1.808,7.19,2,1,5,0,0,1,0,0,0
synth_002781,craze,2,0.673,1.047,0.986,5.92,2500.0,101.65,0.19,101.46,0.11,23.85,4.41,105.1,75000.0,713.6,0.787,MONITOR,LOW,1.047,0.986,5.92,1,2,5,0,0,1,0,0,0
synth_003123,thunderstrike,5,0.446,1.362,3.417,6.94,2500.0,249.1,0.11,248.99,0.1,21.6,4.25,91.74,40000.0,436.0,0.838,ENGINEERING_ASSESSMENT,CRITICAL,1.362,3.417,6.94,0,0,0,0,0,0,0,0,1
synth_003353,crack,3,0.773,2.896,2.199,8.14,4200.0,928.26,8.48,919.79,0.53,194.11,4.83,938.45,60000.0,63.9,0.793,ENGINEERING_ASSESSMENT,CRITICAL,2.896,2.199,8.14,0,0,1,0,1,0,0,0,0
synth_003000,craze,3,0.319,7.375,1.49,13.91,4200.0,4200.0,0.0,4200.0,0.1,36.29,3.94,142.87,80000.0,559.9,0.816,MONITOR,LOW,7.375,1.49,13.91,1,2,5,0,0,1,0,0,0
synth_000230,craze,1,0.201,0.206,2.311,9.74,2500.0,1246.74,0.0,1246.74,0.1,21.6,4.74,102.48,50000.0,487.9,0.809,MONITOR,LOW,0.206,2.311,9.74,1,2,5,0,0,1,0,0,0
synth_000503,surface_injure,2,0.655,0.373,1.707,8.61,4200.0,1210.37,1.84,1208.53,0.1,36.29,3.68,133.5,75000.0,561.8,0.915,MONITOR,LOW,0.373,1.707,8.61,1,2,2,0,0,0,0,1,0
synth_002621,surface_injure,1,0.54,0.498,2.763,11.14,2500.0,2198.95,0.44,2198.51,0.1,21.6,3.8,81.99,90000.0,1097.7,0.801,MONITOR,LOW,0.498,2.763,11.14,1,2,2,0,0,0,0,1,0
synth_002902,thunderstrike,3,0.514,7.471,1.775,14.38,3600.0,3600.0,0.01,3599.99,0.1,31.1,3.58,111.38,60000.0,538.7,0.898,ENGINEERING_ASSESSMENT,CRITICAL,7.471,1.775,14.38,0,0,0,0,0,0,0,0,1
synth_002498,craze,4,0.888,6.686,3.305,11.24,3000.0,2732.78,103.56,2629.22,2.22,575.34,5.08,2923.11,55000.0,18.8,0.936,REPAIR,HIGH,6.686,3.305,11.24,2,1,5,0,0,1,0,0,0
synth_001525,hide_craze,2,0.583,3.794,1.477,8.78,3000.0,941.93,0.69,941.24,0.1,25.92,4.19,108.51,50000.0,460.8,0.822,MONITOR,LOW,3.794,1.477,8.78,1,2,4,0,0,0,1,0,0
synth_002067,hide_craze,2,0.583,2.015,1.891,4.1,3600.0,7.74,0.01,7.73,0.1,31.1,4.0,124.35,90000.0,723.8,0.761,MONITOR,LOW,2.015,1.891,4.1,1,2,4,0,0,0,1,0,0
synth_003290,surface_injure,5,0.973,3.238,2.102,10.25,3600.0,2233.7,202.59,2031.11,5.31,1652.35,5.39,8900.25,55000.0,6.2,0.923,REPAIR,HIGH,3.238,2.102,10.25,2,1,2,0,0,0,0,1,0
synth_001004,crack,4,0.608,3.742,1.534,14.15,2000.0,2000.0,0.04,1999.96,0.17,29.3,3.75,109.91,80000.0,727.9,0.869,ENGINEERING_ASSESSMENT,CRITICAL,3.742,1.534,14.15,0,0,1,0,1,0,0,0,0
synth_000836,crack,3,0.893,6.173,3.387,6.98,2000.0,205.04,5.16,199.88,1.47,254.88,5.19,1322.0,40000.0,30.3,0.873,ENGINEERING_ASSESSMENT,CRITICAL,6.173,3.387,6.98,0,0,1,0,1,0,0,0,0
synth_003058,surface_injure,5,0.912,7.234,0.766,9.37,2500.0,1052.51,65.23,987.28,3.63,784.05,4.99,3913.89,55000.0,14.1,0.804,REPAIR,HIGH,7.234,0.766,9.37,2,1,2,0,0,0,0,1,0
synth_000374,craze,3,0.819,3.219,1.144,8.63,2000.0,580.22,7.83,572.39,0.79,136.51,4.23,577.49,35000.0,60.6,0.956,REPAIR,HIGH,3.219,1.144,8.63,2,1,5,0,0,1,0,0,0
synth_003178,surface_injure,4,0.848,6.343,1.117,7.24,2000.0,247.55,6.88,240.67,1.63,281.44,5.57,1567.68,35000.0,22.3,0.775,REPAIR,HIGH,6.343,1.117,7.24,2,1,2,0,0,0,0,1,0
synth_002536,hide_craze,2,0.635,2.405,1.212,4.4,4200.0,18.81,0.03,18.78,0.1,36.29,3.79,137.71,90000.0,653.5,0.881,MONITOR,LOW,2.405,1.212,4.4,1,2,4,0,0,0,1,0,0
synth_003455,crack,5,0.538,3.794,1.179,10.36,3600.0,2341.1,4.2,2336.9,0.11,32.7,3.92,128.32,40000.0,311.7,0.949,ENGINEERING_ASSESSMENT,CRITICAL,3.794,1.179,10.36,0,0,1,0,1,0,0,0,0
synth_000939,hide_craze,5,0.838,11.582,3.352,7.97,3600.0,718.04,26.11,691.93,2.13,662.45,5.29,3505.46,35000.0,10.0,0.875,REPAIR,HIGH,11.582,3.352,7.97,2,1,4,0,0,0,1,0,0
synth_001321,craze,1,0.452,2.457,2.792,5.43,2500.0,58.74,0.0,58.73,0.1,21.6,4.72,101.95,90000.0,882.8,0.787,MONITOR,LOW,2.457,2.792,5.43,1,2,5,0,0,1,0,0,0
synth_002694,corrosion,3,0.808,11.716,1.064,11.32,4200.0,3940.78,53.34,3887.43,0.79,287.69,4.55,1309.78,55000.0,42.0,0.962,REPAIR,HIGH,11.716,1.064,11.32,2,1,3,1,0,0,0,0,0
synth_002488,thunderstrike,3,0.623,6.569,3.007,7.61,3600.0,574.46,1.31,573.15,0.13,41.53,3.74,155.51,40000.0,257.2,0.865,ENGINEERING_ASSESSMENT,CRITICAL,6.569,3.007,7.61,0,0,0,0,0,0,0,0,1
synth_000751,craze,3,0.45,6.144,2.241,8.05,2000.0,418.36,0.11,418.25,0.1,17.28,3.85,66.56,60000.0,901.4,0.96,MONITOR,LOW,6.144,2.241,8.05,1,2,5,0,0,1,0,0,0
synth_000099,hide_craze,1,0.667,2.729,3.332,9.17,2500.0,957.72,0.86,956.86,0.1,21.6,4.54,98.06,50000.0,509.9,0.885,MONITOR,LOW,2.729,3.332,9.17,1,2,4,0,0,0,1,0,0
synth_001543,hide_craze,3,0.883,8.283,1.601,10.94,3600.0,2937.65,70.43,2867.22,1.4,436.79,6.21,2712.22,55000.0,20.3,0.857,REPAIR,HIGH,8.283,1.601,10.94,2,1,4,0,0,0,1,0,0
synth_002379,corrosion,5,0.901,7.745,3.195,7.01,4200.0,440.22,25.24,414.98,3.36,1218.71,5.59,6813.7,45000.0,6.6,0.972,REPAIR,HIGH,7.745,3.195,7.01,2,1,3,1,0,0,0,0,0
synth_000866,surface_injure,2,0.317,3.794,0.841,5.68,3600.0,112.73,0.0,112.73,0.1,31.1,4.24,131.8,90000.0,682.9,0.808,MONITOR,LOW,3.794,0.841,5.68,1,2,2,0,0,0,0,1,0
synth_000910,thunderstrike,5,0.87,1.882,0.728,13.75,2500.0,2500.0,0.75,2499.25,2.42,522.6,4.52,2364.46,40000.0,16.9,0.911,ENGINEERING_ASSESSMENT,CRITICAL,1.882,0.728,13.75,0,0,0,0,0,0,0,0,1
synth_001926,thunderstrike,3,0.505,3.824,0.965,7.42,3000.0,422.7,0.23,422.47,0.1,25.92,5.28,136.9,60000.0,438.3,0.98,ENGINEERING_ASSESSMENT,CRITICAL,3.824,0.965,7.42,0,0,0,0,0,0,0,0,1
synth_001575,surface_injure,4,0.82,4.964,3.307,9.46,4200.0,1842.09,40.25,1801.84,1.28,464.36,4.59,2133.18,35000.0,16.4,0.928,REPAIR,HIGH,4.964,3.307,9.46,2,1,2,0,0,0,0,1,0
synth_000529,crack,3,0.439,7.07,1.717,14.56,4200.0,4200.0,0.01,4199.99,0.1,36.29,3.97,144.2,80000.0,554.8,0.763,ENGINEERING_ASSESSMENT,CRITICAL,7.07,1.717,14.56,0,0,1,0,1,0,0,0,0
synth_001260,craze,4,0.951,10.808,2.691,7.96,4200.0,834.55,51.9,782.65,3.64,1321.74,4.81,6362.16,25000.0,3.9,0.847,REPAIR,HIGH,10.808,2.691,7.96,2,1,5,0,0,1,0,0,0
synth_001731,corrosion,2,0.302,0.733,2.026,9.85,3600.0,1885.72,0.02,1885.71,0.1,31.1,4.93,153.42,90000.0,586.6,0.914,MONITOR,LOW,0.733,2.026,9.85,1,2,3,1,0,0,0,0,0
synth_002355,crack,4,0.676,2.723,2.432,11.73,3000.0,3000.0,0.12,2999.88,0.34,87.16,5.12,446.3,40000.0,89.6,0.88,ENGINEERING_ASSESSMENT,CRITICAL,2.723,2.432,11.73,0,0,1,0,1,0,0,0,0
synth_000636,craze,3,0.911,6.097,1.307,11.29,3000.0,2788.04,80.48,2707.55,1.69,438.25,6.19,2710.76,35000.0,12.9,0.901,REPAIR,HIGH,6.097,1.307,11.29,2,1,5,0,0,1,0,0,0
synth_001269,thunderstrike,4,0.446,3.875,1.517,13.77,3000.0,3000.0,0.01,2999.99,0.1,25.92,4.56,118.07,80000.0,677.6,0.777,ENGINEERING_ASSESSMENT,CRITICAL,3.875,1.517,13.77,0,0,0,0,0,0,0,0,1
synth_000185,surface_injure,5,0.934,5.327,2.232,9.138434681408205,2000.0,912.06,64.87,847.19,4.17,719.83,5.72,4119.02,45000.0,10.9,0.925,REPAIR,HIGH,5.327,2.232,9.138434681408205,2,1,2,0,0,0,0,1,0
synth_002510,surface_injure,2,0.432,1.959,2.189,9.138434681408205,2000.0,21.9,0.0,21.9,0.1,17.28,4.41,76.23,75000.0,983.9,0.88,MONITOR,LOW,1.959,2.189,9.138434681408205,1,2,2,0,0,0,0,1,0
synth_001729,craze,2,0.535,3.794,0.806,8.22,4200.0,974.74,0.41,974.33,0.1,36.29,4.22,153.19,50000.0,326.4,0.767,MONITOR,LOW,3.794,0.806,8.22,1,2,5,0,0,1,0,0,0
synth_002144,hide_craze,3,0.847,7.414,0.907,11.03,3000.0,2531.49,45.3,2486.2,1.05,271.66,4.87,1321.97,25000.0,18.9,0.888,REPAIR,HIGH,7.414,0.907,11.03,2,1,4,0,0,0,1,0,0
synth_000931,surface_injure,4,0.908,7.512,2.348,9.33,2000.0,825.45,36.66,788.79,2.6,449.5,6.31,2836.74,45000.0,15.9,0.8642600936220012,REPAIR,HIGH,7.512,2.348,9.33,2,1,2,0,0,0,0,1,0
synth_001441,craze,1,0.604,2.808,3.005,11.01,2500.0,2090.77,0.97,2089.8,0.1,21.6,4.52,97.54,90000.0,922.7,0.777,MONITOR,LOW,2.808,3.005,11.01,1,2,5,0,0,1,0,0,0
synth_002004,crack,4,0.86,6.86,3.235,11.81,2000.0,2000.0,0.41,1999.59,1.8,311.02,4.71,1465.47,60000.0,40.9,0.786,ENGINEERING_ASSESSMENT,CRITICAL,6.86,3.235,11.81,0,0,1,0,1,0,0,0,0
synth_002750,crack,3,0.816,3.663,1.699,9.138434681408205,3600.0,2737.62,36.31,2701.31,0.78,241.61,4.75,1146.83,80000.0,69.8,0.881,ENGINEERING_ASSESSMENT,CRITICAL,3.663,1.699,9.138434681408205,0,0,1,0,1,0,0,0,0
synth_001535,crack,3,0.718,2.706,1.683,5.22,2000.0,35.8,0.2,35.6,0.32,56.16,5.12,287.39,60000.0,208.8,0.773,ENGINEERING_ASSESSMENT,CRITICAL,2.706,1.683,5.22,0,0,1,0,1,0,0,0,0
synth_002022,crack,4,0.504,6.512,1.454,9.138434681408205,3600.0,1617.7,1.39,1616.31,0.1,31.1,3.73,116.12,60000.0,516.7,0.923,ENGINEERING_ASSESSMENT,CRITICAL,6.512,1.454,9.138434681408205,0,0,1,0,1,0,0,0,0
synth_002873,thunderstrike,5,0.608,6.021,1.576,14.8,2000.0,2000.0,0.05,1999.95,0.24,41.0,3.81,156.09,60000.0,384.4,0.898,ENGINEERING_ASSESSMENT,CRITICAL,6.021,1.576,14.8,0,0,0,0,0,0,0,0,1
synth_001273,corrosion,1,0.255,1.649,0.821,5.34,2500.0,52.09,0.0,52.09,0.1,21.6,4.97,107.3,90000.0,838.8,0.951,MONITOR,LOW,1.649,0.821,5.34,1,2,3,1,0,0,0,0,0
synth_003220,hide_craze,3,0.577,2.339,1.64,5.8,2000.0,71.63,0.09,71.54,0.1,17.28,4.84,83.71,80000.0,955.7,0.904,MONITOR,LOW,2.339,1.64,5.8,1,2,4,0,0,0,1,0,0
synth_002095,corrosion,5,0.884,3.36,3.123,10.15,2500.0,1486.86,70.87,1415.99,2.79,603.01,5.8,3500.13,55000.0,15.7,0.884,REPAIR,HIGH,3.36,3.123,10.15,2,1,3,1,0,0,0,0,0
synth_000607,surface_injure,1,0.262,2.445,2.721,7.73,3000.0,517.28,0.0,517.28,0.1,25.92,4.04,104.78,90000.0,858.9,0.93,MONITOR,LOW,2.445,2.721,7.73,1,2,2,0,0,0,0,1,0
synth_001960,crack,3,0.451,1.341,3.166,7.91,3000.0,577.9,0.14,577.77,0.1,25.92,4.3,111.41,80000.0,718.1,0.83,ENGINEERING_ASSESSMENT,CRITICAL,1.341,3.166,7.91,0,0,1,0,1,0,0,0,0
synth_002064,surface_injure,2,0.658,0.397,1.232,5.37,3600.0,78.51,0.12,78.38,0.1,31.1,3.54,110.04,50000.0,454.4,0.909,MONITOR,LOW,0.397,1.232,5.37,1,2,2,0,0,0,0,1,0
synth_000151,surface_injure,1,0.42,1.358,3.078,4.98,4200.0,52.69,0.0,52.69,0.1,36.29,3.77,136.88,90000.0,657.5,0.792,MONITOR,LOW,1.358,3.078,4.98,1,2,2,0,0,0,0,1,0
synth_001866,hide_craze,2,0.568,1.818,1.973,4.91,4200.0,47.66,0.03,47.63,0.1,36.29,4.22,152.98,90000.0,588.3,0.861,MONITOR,LOW,1.818,1.973,4.91,1,2,4,0,0,0,1,0,0
synth_002573,thunderstrike,5,0.505,4.979,2.315,11.13,3000.0,2623.13,3.01,2620.13,0.1,25.92,4.88,126.52,60000.0,474.2,0.972,ENGINEERING_ASSESSMENT,CRITICAL,4.979,2.315,11.13,0,0,0,0,0,0,0,0,1
synth_003022,crack,5,0.435,3.881,1.321,7.03,2000.0,213.24,0.09,213.16,0.1,17.28,4.9,84.6,60000.0,709.2,0.771,ENGINEERING_ASSESSMENT,CRITICAL,3.881,1.321,7.03,0,0,1,0,1,0,0,0,0
synth_002304,hide_craze,1,0.638,1.355,2.056,10.56,4200.0,2960.84,1.9,2958.94,0.1,36.29,4.31,156.59,50000.0,319.3,0.882,MONITOR,LOW,1.355,2.056,10.56,1,2,4,0,0,0,1,0,0
synth_000731,crack,5,0.828,1.9,0.697,5.18,3600.0,61.05,1.81,59.24,1.74,541.58,4.88,2642.52,40000.0,15.1,0.882,ENGINEERING_ASSESSMENT,CRITICAL,1.9,0.697,5.18,0,0,1,0,1,0,0,0,0
synth_001952,craze,3,0.905,4.514,1.778,9.35,2500.0,1040.82,28.19,1012.63,1.59,342.63,5.62,1926.26,25000.0,13.0,0.974,REPAIR,HIGH,4.514,1.778,9.35,2,1,5,0,0,1,0,0,0
synth_002290,hide_craze,4,0.937,4.704,2.09,8.8,2500.0,792.52,42.14,750.38,3.11,672.67,4.56,3069.05,55000.0,17.9,0.891,REPAIR,HIGH,4.704,2.09,8.8,2,1,4,0,0,0,1,0,0
synth_003270,surface_injure,4,0.806,2.718,1.396,10.7,3000.0,2227.45,41.55,2185.9,1.09,283.22,5.48,1551.05,55000.0,35.5,0.93,REPAIR,HIGH,2.718,1.396,10.7,2,1,2,0,0,0,0,1,0
synth_000023,crack,3,0.624,5.004,3.362,12.69,4200.0,4200.0,0.06,4199.94,0.13,48.11,3.59,172.58,60000.0,347.7,0.953,ENGINEERING_ASSESSMENT,CRITICAL,5.004,3.362,12.69,0,0,1,0,1,0,0,0,0
synth_003018,corrosion,3,0.706,3.236,0.954,5.2,2000.0,34.87,0.17,34.7,0.29,50.64,3.88,196.67,60000.0,305.1,0.964,MONITOR,LOW,3.236,0.954,5.2,1,2,3,1,0,0,0,0,0
synth_000158,crack,3,0.637,1.473,1.313,13.0,2500.0,2500.0,0.04,2499.96,0.14,30.37,3.97,120.49,40000.0,332.0,0.906,ENGINEERING_ASSESSMENT,CRITICAL,1.473,1.313,13.0,0,0,1,0,1,0,0,0,0
synth_000861,corrosion,4,0.913,3.794,3.091,8.18,3000.0,679.7,30.37,649.33,2.62,678.35,5.26,3568.84,45000.0,12.6,0.916,REPAIR,HIGH,3.794,3.091,8.18,2,1,3,1,0,0,0,0,0
synth_002090,craze,5,0.84,7.844,1.769,10.15,3600.0,2143.24,77.28,2065.96,2.11,656.9,6.49,4264.63,35000.0,8.2,0.768,REPAIR,HIGH,7.844,1.769,10.15,2,1,5,0,0,1,0,0,0
synth_000902,crack,5,0.878,4.275,3.179,11.57,3000.0,3000.0,0.95,2999.05,2.71,703.15,5.29,3719.76,40000.0,10.8,0.846,ENGINEERING_ASSESSMENT,CRITICAL,4.275,3.179,11.57,0,0,1,0,1,0,0,0,0
synth_000352,crack,2,0.543,0.688,1.419,11.0,2000.0,1669.44,0.74,1668.71,0.1,17.28,4.16,71.93,90000.0,1251.2,0.914,MONITOR,LOW,0.688,1.419,11.0,1,2,1,0,1,0,0,0,0
synth_001230,hide_craze,2,0.63,1.789,0.758,10.33,2500.0,1602.99,2.0,1600.99,0.1,21.6,4.34,93.74,75000.0,800.1,0.95,MONITOR,LOW,1.789,0.758,10.33,1,2,4,0,0,0,1,0,0
synth_002706,crack,4,0.765,5.603,2.529,6.88,3000.0,285.38,3.95,281.43,0.81,209.88,3.72,781.5,60000.0,76.8,0.845,ENGINEERING_ASSESSMENT,CRITICAL,5.603,2.529,6.88,0,0,1,0,1,0,0,0,0
synth_000444,crack,3,0.892,5.531,2.704,8.87,4200.0,1383.14,34.49,1348.64,1.46,530.05,6.27,3323.43,25000.0,7.5,0.823,REPAIR,HIGH,5.531,2.704,8.87,2,1,1,0,1,0,0,0,0
synth_003522,thunderstrike,3,0.329,1.281,3.249,14.43,3600.0,3600.0,0.0,3600.0,0.1,31.1,5.12,159.27,40000.0,251.1,0.922,ENGINEERING_ASSESSMENT,CRITICAL,1.281,3.249,14.43,0,0,0,0,0,0,0,0,1
synth_000754,surface_injure,3,0.873,9.631,3.159,9.2,4200.0,1628.92,36.51,1592.41,1.31,476.37,5.51,2623.87,35000.0,13.3,0.903,REPAIR,HIGH,9.631,3.159,9.2,2,1,2,0,0,0,0,1,0
synth_000923,thunderstrike,3,0.54,6.055,1.883,6.74,3600.0,307.12,0.27,306.85,0.1,31.1,4.68,145.56,60000.0,412.2,0.91,ENGINEERING_ASSESSMENT,CRITICAL,6.055,1.883,6.74,0,0,0,0,0,0,0,0,1
synth_001666,thunderstrike,5,0.551,7.162,2.4,14.81,3000.0,3000.0,0.04,2999.96,0.12,32.31,4.29,138.47,80000.0,577.7,0.915,ENGINEERING_ASSESSMENT,CRITICAL,7.162,2.4,14.81,0,0,0,0,0,0,0,0,1
synth_003562,crack,4,0.316,6.076,1.187,14.99,2500.0,2500.0,0.0,2500.0,0.1,21.6,4.78,103.23,40000.0,387.5,0.833,ENGINEERING_ASSESSMENT,CRITICAL,6.076,1.187,14.99,0,0,1,0,1,0,0,0,0
synth_002528,hide_craze,3,0.825,10.977,2.002,8.98,3600.0,1250.79,19.4,1231.39,0.91,282.61,4.73,1336.76,25000.0,18.7,0.756,REPAIR,HIGH,10.977,2.002,8.98,2,1,4,0,0,0,1,0,0
synth_000311,hide_craze,3,0.848,11.006,1.734,10.0,2500.0,1395.75,26.06,1369.68,1.09,236.24,5.97,1409.99,25000.0,17.7,0.807,REPAIR,HIGH,11.006,1.734,10.0,2,1,4,0,0,0,1,0,0
synth_001375,corrosion,3,0.875,2.87,0.572,7.16,2000.0,234.78,4.9,229.89,1.22,211.1,6.08,1283.26,35000.0,27.3,0.766,REPAIR,HIGH,2.87,0.572,7.16,2,1,3,1,0,0,0,0,0
synth_000548,crack,3,0.782,5.502,1.272,8.16,2500.0,558.45,5.77,552.68,0.6,130.68,4.74,619.82,60000.0,96.8,0.957,ENGINEERING_ASSESSMENT,CRITICAL,5.502,1.272,8.16,0,0,1,0,1,0,0,0,0
synth_002881,thunderstrike,5,0.649,6.243,1.604,6.13,3600.0,179.01,1.13,177.88,0.37,114.94,5.08,584.15,40000.0,68.5,0.857,ENGINEERING_ASSESSMENT,CRITICAL,6.243,1.604,6.13,0,0,0,0,0,0,0,0,1
synth_002420,surface_injure,2,0.563,0.921,1.015,11.35,2500.0,2369.24,1.35,2367.89,0.1,21.6,4.35,93.86,50000.0,532.7,0.859,MONITOR,LOW,0.921,1.015,11.35,1,2,2,0,0,0,0,1,0
synth_002819,thunderstrike,5,0.793,2.466,1.224,9.138434681408205,3000.0,123.29,2.79,120.5,1.33,344.1,4.2,1446.44,40000.0,27.7,0.848,ENGINEERING_ASSESSMENT,CRITICAL,2.466,1.224,9.138434681408205,0,0,0,0,0,0,0,0,1
synth_000306,corrosion,4,0.834,11.782,1.481,7.46,3600.0,519.54,13.52,506.02,1.52,473.99,4.02,1905.82,35000.0,18.4,0.922,REPAIR,HIGH,11.782,1.481,7.46,2,1,3,1,0,0,0,0,0
synth_000287,hide_craze,5,0.808,11.345,0.5,8.76,2000.0,623.4,17.79,605.61,1.67,288.8,5.37,1549.92,25000.0,16.1,0.764,REPAIR,HIGH,11.345,0.5,8.76,2,1,4,0,0,0,1,0,0
synth_000694,hide_craze,2,0.411,0.226,2.26,10.47,3600.0,2443.81,0.16,2443.65,0.1,31.1,3.89,120.95,75000.0,620.1,0.949,MONITOR,LOW,0.226,2.26,10.47,1,2,4,0,0,0,1,0,0
synth_000308,hide_craze,5,0.809,2.78,1.243,8.6,3000.0,858.74,22.34,836.4,1.52,394.94,4.04,1595.37,45000.0,28.2,0.8642600936220012,REPAIR,HIGH,2.78,1.243,8.6,2,1,4,0,0,0,1,0,0
synth_002648,surface_injure,4,0.84,8.06,2.568,10.69,2000.0,1483.65,39.27,1444.38,1.55,267.88,4.97,1332.48,55000.0,41.3,0.94,REPAIR,HIGH,8.06,2.568,10.69,2,1,2,0,0,0,0,1,0
synth_002776,corrosion,3,0.977,5.471,1.063,8.08,2500.0,534.64,24.51,510.14,2.68,579.96,6.22,3607.45,35000.0,9.7,0.845,REPAIR,HIGH,5.471,1.063,8.08,2,1,3,1,0,0,0,0,0
synth_002682,corrosion,2,0.288,2.543,3.397,9.138434681408205,2500.0,460.25,0.0,460.25,0.1,21.6,4.98,107.65,75000.0,696.7,0.8642600936220012,MONITOR,LOW,2.543,3.397,9.138434681408205,1,2,3,1,0,0,0,0,0
synth_000749,craze,3,0.896,5.938,2.528,11.72,3000.0,3000.0,0.52,2999.48,1.51,390.22,4.29,1673.53,40000.0,23.9,0.873,REPAIR,HIGH,5.938,2.528,11.72,2,1,5,0,0,1,0,0,0
synth_001590,corrosion,2,0.527,1.717,1.981,6.62,3000.0,231.39,0.09,231.3,0.1,25.92,4.55,118.0,50000.0,423.7,0.785,MONITOR,LOW,1.717,1.981,6.62,1,2,3,1,0,0,0,0,0
synth_001170,hide_craze,1,0.51,1.341,2.774,8.51,4200.0,1146.99,0.16,1146.83,0.1,36.29,4.69,170.18,75000.0,440.7,0.94,MONITOR,LOW,1.341,2.774,8.51,1,2,4,0,0,0,1,0,0
synth_002802,craze,5,0.87,4.925,3.168,10.11,2500.0,1461.12,64.36,1396.76,2.58,557.24,5.63,3139.9,45000.0,14.3,0.946,REPAIR,HIGH,4.925,3.168,10.11,2,1,5,0,0,1,0,0,0
synth_001266,crack,3,0.43,3.899,2.334,11.14,2000.0,1756.46,0.32,1756.14,0.1,17.28,3.93,67.86,60000.0,884.2,0.98,ENGINEERING_ASSESSMENT,CRITICAL,3.899,2.334,11.14,0,0,1,0,1,0,0,0,0
synth_001842,surface_injure,5,0.932,3.794,1.714,9.81,3000.0,1540.58,112.95,1427.63,4.29,1113.06,6.1,6787.36,25000.0,3.7,0.8642600936220012,REPAIR,HIGH,3.794,1.714,9.81,2,1,2,0,0,0,0,1,0
synth_003223,hide_craze,3,0.881,11.968,1.185,10.51,3000.0,2071.82,50.3,2021.51,1.42,368.61,5.67,2088.53,55000.0,26.3,0.882,REPAIR,HIGH,11.968,1.185,10.51,2,1,4,0,0,0,1,0,0
synth_000908,craze,3,0.809,6.375,1.878,7.51,3000.0,448.94,5.84,443.1,0.76,197.46,5.69,1123.62,35000.0,31.1,0.802,REPAIR,HIGH,6.375,1.878,7.51,2,1,5,0,0,1,0,0,0
synth_002650,corrosion,1,0.687,1.875,3.491,8.27,2500.0,596.74,0.64,596.1,0.1,21.6,3.89,84.05,50000.0,594.9,0.758,MONITOR,LOW,1.875,3.491,8.27,1,2,3,1,0,0,0,0,0
synth_000086,hide_craze,1,0.64,0.637,2.155,9.73,3000.0,1487.58,0.95,1486.63,0.1,25.92,4.49,116.34,50000.0,429.8,0.803,MONITOR,LOW,0.637,2.155,9.73,1,2,4,0,0,0,1,0,0
synth_003039,corrosion,2,0.529,1.579,0.788,7.09,2500.0,279.14,0.11,279.03,0.1,21.6,3.95,85.33,50000.0,586.0,0.879,MONITOR,LOW,1.579,0.788,7.09,1,2,3,1,0,0,0,0,0
synth_002442,craze,3,0.912,6.429,1.392,10.21,4200.0,2566.73,74.69,2492.03,1.7,618.53,6.18,3820.34,55000.0,14.4,0.913,REPAIR,HIGH,6.429,1.392,10.21,2,1,5,0,0,1,0,0,0
synth_002981,hide_craze,1,0.211,0.218,3.41,7.86,2500.0,467.33,0.0,467.33,0.1,21.6,4.28,92.44,50000.0,540.9,0.953,MONITOR,LOW,0.218,3.41,7.86,1,2,4,0,0,0,1,0,0
synth_000970,thunderstrike,3,0.941,4.735,1.38,6.13,4200.0,209.93,7.39,202.53,2.06,748.31,5.16,3858.7,80000.0,20.7,0.91,ENGINEERING_ASSESSMENT,CRITICAL,4.735,1.38,6.13,0,0,0,0,0,0,0,0,1
synth_000013,hide_craze,5,0.848,4.099,1.591,7.98,2000.0,403.29,14.82,388.47,2.15,371.91,5.4,2006.55,55000.0,27.4,0.808,REPAIR,HIGH,4.099,1.591,7.98,2,1,4,0,0,0,1,0,0
synth_000873,corrosion,3,0.952,5.759,2.84,8.85,4200.0,1367.88,52.56,1315.32,2.25,816.75,5.8,4738.0,35000.0,7.4,0.76,REPAIR,HIGH,5.759,2.84,8.85,2,1,3,1,0,0,0,0,0
synth_001723,craze,3,0.948,3.794,2.038,8.43,2000.0,522.54,19.92,502.62,2.23,385.79,5.95,2296.25,55000.0,24.0,0.767,REPAIR,HIGH,3.794,2.038,8.43,2,1,5,0,0,1,0,0,0
synth_000808,hide_craze,3,0.93,6.075,0.825,8.63,4200.0,1223.28,40.46,1182.81,1.94,703.02,4.13,2903.94,45000.0,15.5,0.795,REPAIR,HIGH,6.075,0.825,8.63,2,1,4,0,0,0,1,0,0
synth_003085,corrosion,1,0.544,0.963,1.763,8.21,2000.0,459.71,0.1,459.61,0.1,17.28,4.66,80.5,90000.0,1118.0,0.875,MONITOR,LOW,0.963,1.763,8.21,1,2,3,1,0,0,0,0,0
synth_000514,crack,4,0.484,3.131,1.715,14.83,2500.0,2500.0,0.01,2499.99,0.1,21.6,4.79,103.37,40000.0,387.0,0.934,ENGINEERING_ASSESSMENT,CRITICAL,3.131,1.715,14.83,0,0,1,0,1,0,0,0,0
synth_002886,crack,4,0.738,5.524,0.694,11.17,3000.0,2660.81,28.95,2631.86,0.64,165.17,4.03,666.28,80000.0,120.1,0.753,ENGINEERING_ASSESSMENT,CRITICAL,5.524,0.694,11.17,0,0,1,0,1,0,0,0,0
synth_000409,surface_injure,4,0.883,5.523,2.839,11.02,3000.0,2523.88,91.09,2432.79,2.11,547.95,5.61,3075.24,55000.0,17.9,0.75,REPAIR,HIGH,5.523,2.839,11.02,2,1,2,0,0,0,0,1,0
synth_002759,craze,3,0.322,1.77,1.016,12.46,4200.0,4200.0,0.0,4200.0,0.1,36.29,4.02,146.04,40000.0,273.9,0.853,MONITOR,LOW,1.77,1.016,12.46,1,2,5,0,0,1,0,0,0
synth_001337,crack,4,0.464,3.624,0.634,13.0,2500.0,2500.0,0.01,2499.99,0.1,21.6,5.17,111.64,60000.0,537.4,0.762,ENGINEERING_ASSESSMENT,CRITICAL,3.624,0.634,13.0,0,0,1,0,1,0,0,0,0
synth_001413,surface_injure,1,0.687,0.834,2.672,7.16,3000.0,351.98,0.36,351.62,0.1,25.92,4.48,116.14,75000.0,645.8,0.909,MONITOR,LOW,0.834,2.672,7.16,1,2,2,0,0,0,0,1,0
synth_002712,craze,2,0.526,1.567,2.312,7.5,2000.0,297.08,0.11,296.97,0.1,17.28,3.54,61.2,50000.0,817.0,0.91,MONITOR,LOW,1.567,2.312,7.5,1,2,5,0,0,1,0,0,0
synth_001902,craze,3,0.873,3.831,3.073,10.22,2000.0,1227.04,25.79,1201.25,1.23,212.69,5.08,1080.35,45000.0,41.7,0.785,REPAIR,HIGH,3.831,3.073,10.22,2,1,5,0,0,1,0,0,0
synth_002295,craze,1,0.723,2.908,1.09,9.29,2500.0,1014.46,1.58,1012.88,0.1,21.6,4.86,104.92,75000.0,714.8,0.945,MONITOR,LOW,2.908,1.09,9.29,1,2,5,0,0,1,0,0,0
synth_003303,hide_craze,5,0.895,2.713,3.282,10.47,2500.0,1696.2,86.67,1609.53,2.99,646.46,5.6,3622.16,45000.0,12.4,0.959,REPAIR,HIGH,2.713,3.282,10.47,2,1,4,0,0,0,1,0,0
synth_000006,hide_craze,3,0.927,5.249,0.724,7.76,2000.0,351.23,11.29,339.94,1.88,325.28,4.09,1331.22,40000.0,30.0,0.928,REPAIR,HIGH,5.249,0.724,7.76,2,1,4,0,0,0,1,0,0
synth_000382,craze,2,0.444,1.357,1.686,9.41,3600.0,1541.43,0.18,1541.25,0.1,31.1,4.49,139.55,90000.0,644.9,0.878,MONITOR,LOW,1.357,1.686,9.41,1,2,5,0,0,1,0,0,0
synth_003591,crack,5,0.357,4.452,2.887,10.21,3000.0,1833.78,0.21,1833.57,0.1,25.92,5.11,132.43,60000.0,453.1,0.822,ENGINEERING_ASSESSMENT,CRITICAL,4.452,2.887,10.21,0,0,1,0,1,0,0,0,0
synth_002628,corrosion,5,0.875,11.862,0.885,7.15,4200.0,490.35,23.98,466.37,2.86,1039.41,4.11,4268.46,55000.0,12.9,0.779,REPAIR,HIGH,11.862,0.885,7.15,2,1,3,1,0,0,0,0,0
synth_003328,craze,3,0.932,7.291,2.154,7.98,3600.0,722.84,24.66,698.18,2.0,621.5,4.67,2900.18,35000.0,12.1,0.8642600936220012,REPAIR,HIGH,7.291,2.154,7.98,2,1,5,0,0,1,0,0,0
synth_001937,crack,5,0.338,4.822,2.519,12.0,3000.0,3000.0,0.0,3000.0,0.1,25.92,5.5,142.47,80000.0,561.5,0.838,ENGINEERING_ASSESSMENT,CRITICAL,4.822,2.519,12.0,0,0,1,0,1,0,0,0,0
synth_002218,thunderstrike,5,0.879,7.031,1.325,8.62,2000.0,579.29,27.97,551.32,2.83,488.71,4.27,2087.59,60000.0,28.7,0.879,ENGINEERING_ASSESSMENT,CRITICAL,7.031,1.325,8.62,0,0,0,0,0,0,0,0,1
synth_001713,hide_craze,3,0.93,9.088,2.289,9.138434681408205,2000.0,1410.26,47.91,1362.35,1.99,343.84,4.64,1596.02,55000.0,34.5,0.851,REPAIR,HIGH,9.088,2.289,9.138434681408205,2,1,4,0,0,0,1,0,0
synth_002514,craze,1,0.29,3.794,0.688,6.19,3000.0,159.1,0.0,159.1,0.1,25.92,4.37,113.18,50000.0,441.8,0.761,MONITOR,LOW,3.794,0.688,6.19,1,2,5,0,0,1,0,0,0
synth_002620,surface_injure,4,0.867,6.836,2.078,10.31,2500.0,1592.82,51.69,1541.13,1.9,410.57,4.39,1802.18,55000.0,30.5,0.818,REPAIR,HIGH,6.836,2.078,10.31,2,1,2,0,0,0,0,1,0
synth_001393,corrosion,1,0.599,1.776,1.408,5.99,3000.0,131.21,0.06,131.16,0.1,25.92,4.73,122.48,75000.0,612.3,0.889,MONITOR,LOW,1.776,1.408,5.99,1,2,3,1,0,0,0,0,0
synth_000552,thunderstrike,4,0.342,5.149,1.907,13.25,4200.0,4200.0,0.0,4200.0,0.1,36.29,5.22,189.31,60000.0,316.9,0.968,ENGINEERING_ASSESSMENT,CRITICAL,5.149,1.907,13.25,0,0,0,0,0,0,0,0,1
synth_003340,crack,3,0.531,1.068,2.71,10.95,2500.0,2042.7,1.42,2041.29,0.1,21.6,4.82,104.04,80000.0,768.9,0.97,ENGINEERING_ASSESSMENT,CRITICAL,1.068,2.71,10.95,0,0,1,0,1,0,0,0,0
synth_000222,hide_craze,3,0.919,8.19,0.598,7.52,3000.0,450.27,14.02,436.25,1.82,472.55,4.23,2001.08,25000.0,12.5,0.941,REPAIR,HIGH,8.19,0.598,7.52,2,1,4,0,0,0,1,0,0
synth_001382,hide_craze,3,0.864,7.755,0.72,7.95,3000.0,593.12,12.18,580.94,1.2,311.85,4.72,1471.15,55000.0,37.4,0.812,REPAIR,HIGH,7.755,0.72,7.95,2,1,4,0,0,0,1,0,0
synth_001096,corrosion,1,0.459,2.882,3.468,8.71,3600.0,1090.3,0.08,1090.22,0.1,31.1,3.52,109.37,90000.0,822.9,0.761,MONITOR,LOW,2.882,3.468,8.71,1,2,3,1,0,0,0,0,0
synth_003111,crack,5,0.898,1.515,2.124,14.57,3600.0,3600.0,1.33,3598.67,2.96,919.24,3.93,3615.17,40000.0,11.1,0.839,ENGINEERING_ASSESSMENT,CRITICAL,1.515,2.124,14.57,0,0,1,0,1,0,0,0,0
synth_000008,craze,4,0.867,5.589,2.184,10.28,3000.0,1887.28,60.23,1827.05,1.87,484.52,5.59,2710.35,45000.0,16.6,0.778,REPAIR,HIGH,5.589,2.184,10.28,2,1,5,0,0,1,0,0,0
synth_000634,crack,5,0.576,3.699,3.465,14.15,3000.0,3000.0,0.06,2999.94,0.16,41.39,5.02,207.94,60000.0,288.5,0.8642600936220012,ENGINEERING_ASSESSMENT,CRITICAL,3.699,3.465,14.15,0,0,1,0,1,0,0,0,0
synth_000316,corrosion,3,0.711,3.615,0.808,7.71,2000.0,341.36,1.8,339.56,0.31,53.4,3.96,211.65,40000.0,189.0,0.768,MONITOR,LOW,3.615,0.808,7.71,1,2,3,1,0,0,0,0,0
synth_001328,corrosion,5,0.801,6.182,2.443,9.59,3600.0,1679.97,43.37,1636.6,1.51,470.27,6.08,2858.58,25000.0,8.7,0.808,REPAIR,HIGH,6.182,2.443,9.59,2,1,3,1,0,0,0,0,0
synth_000427,crack,4,0.529,5.273,2.298,5.24,3000.0,54.99,0.06,54.92,0.1,25.92,3.73,96.76,60000.0,620.1,0.856,ENGINEERING_ASSESSMENT,CRITICAL,5.273,2.298,5.24,0,0,1,0,1,0,0,0,0
synth_002830,craze,3,0.822,8.994,0.871,9.75,3600.0,1799.14,26.78,1772.36,0.87,271.15,6.43,1744.2,55000.0,31.5,0.768,REPAIR,HIGH,8.994,0.871,9.75,2,1,5,0,0,1,0,0,0
synth_000105,hide_craze,4,0.884,10.602,0.554,10.22,2000.0,1225.7,46.81,1178.89,2.24,386.5,5.47,2115.23,55000.0,26.0,0.8642600936220012,REPAIR,HIGH,10.602,0.554,10.22,2,1,4,0,0,0,1,0,0
synth_002008,thunderstrike,3,0.606,1.013,2.191,8.41,2500.0,642.97,1.08,641.89,0.1,21.6,5.13,110.73,80000.0,722.5,0.961,ENGINEERING_ASSESSMENT,CRITICAL,1.013,2.191,8.41,0,0,0,0,0,0,0,0,1
synth_000142,hide_craze,2,0.57,0.727,3.104,9.85,2500.0,1306.52,0.8,1305.72,0.1,21.6,3.73,80.66,75000.0,929.8,0.902,MONITOR,LOW,0.727,3.104,9.85,1,2,4,0,0,0,1,0,0
synth_000121,surface_injure,3,0.977,5.547,0.593,10.26,2000.0,1246.14,57.04,1189.09,2.68,463.3,5.86,2717.07,45000.0,16.6,0.914,REPAIR,HIGH,5.547,0.593,10.26,2,1,2,0,0,0,0,1,0
synth_002560,craze,4,0.866,3.125,3.27,10.34,3600.0,2313.48,70.78,2242.7,1.79,557.36,4.95,2756.3,45000.0,16.3,0.938,REPAIR,HIGH,3.125,3.27,10.34,2,1,5,0,0,1,0,0,0
synth_003068,craze,2,0.74,1.684,3.085,5.09,3600.0,53.15,0.19,52.96,0.21,66.82,4.7,313.8,90000.0,286.8,0.842,MONITOR,LOW,1.684,3.085,5.09,1,2,5,0,0,1,0,0,0
synth_003436,crack,5,0.791,3.083,2.209,7.02,3600.0,379.78,8.53,371.25,1.31,408.95,3.75,1535.57,80000.0,52.1,0.913,ENGINEERING_ASSESSMENT,CRITICAL,3.083,2.209,7.02,0,0,1,0,1,0,0,0,0
synth_001189,hide_craze,1,0.602,2.953,2.423,10.47,3000.0,2034.33,0.93,2033.41,0.1,25.92,3.74,96.94,90000.0,928.4,0.9,MONITOR,LOW,2.953,2.423,10.47,1,2,4,0,0,0,1,0,0
synth_003146,surface_injure,1,0.345,0.72,0.76,11.54,2500.0,2500.0,0.0,2500.0,0.1,21.6,4.19,90.54,75000.0,828.4,0.955,MONITOR,LOW,0.72,0.76,11.54,1,2,2,0,0,0,0,1,0
synth_003113,thunderstrike,5,0.495,6.986,0.774,10.06,2000.0,1146.13,1.18,1144.95,0.1,17.28,5.41,93.54,60000.0,641.4,0.851,ENGINEERING_ASSESSMENT,CRITICAL,6.986,0.774,10.06,0,0,0,0,0,0,0,0,1
synth_003127,crack,4,0.516,7.265,2.285,5.19,2000.0,34.2,0.03,34.16,0.1,17.28,5.05,87.26,40000.0,458.4,0.772,ENGINEERING_ASSESSMENT,CRITICAL,7.265,2.285,5.19,0,0,1,0,1,0,0,0,0
synth_001689,thunderstrike,3,0.907,6.23,0.914,7.31,2000.0,261.33,7.32,254.02,1.64,283.41,4.17,1181.25,60000.0,50.8,0.945,ENGINEERING_ASSESSMENT,CRITICAL,6.23,0.914,7.31,0,0,0,0,0,0,0,0,1
synth_000115,corrosion,3,0.859,8.502,2.956,8.17,3000.0,674.7,13.41,661.29,1.16,301.76,5.59,1685.33,55000.0,32.6,0.925,REPAIR,HIGH,8.502,2.956,8.17,2,1,3,1,0,0,0,0,0
synth_002826,surface_injure,1,0.232,2.337,2.496,6.42,3600.0,234.65,0.0,234.65,0.1,31.1,4.98,154.84,50000.0,322.9,0.79,MONITOR,LOW,2.337,2.496,6.42,1,2,2,0,0,0,0,1,0
synth_003197,surface_injure,1,0.392,2.167,1.363,5.04,2500.0,34.77,0.0,34.76,0.1,21.6,4.53,97.91,50000.0,510.7,0.8642600936220012,MONITOR,LOW,2.167,1.363,5.04,1,2,2,0,0,0,0,1,0
synth_001840,corrosion,2,0.442,1.025,2.053,9.138434681408205,2500.0,643.34,0.07,643.27,0.1,21.6,4.44,95.93,75000.0,781.8,0.946,MONITOR,LOW,1.025,2.053,9.138434681408205,1,2,3,1,0,0,0,0,0
synth_002574,thunderstrike,5,0.349,1.403,2.432,6.25,4200.0,234.33,0.02,234.31,0.1,36.29,4.4,159.57,80000.0,501.3,0.899,ENGINEERING_ASSESSMENT,CRITICAL,1.403,2.432,6.25,0,0,0,0,0,0,0,0,1
synth_003355,crack,3,0.867,1.753,0.587,9.14,4200.0,1579.5,30.17,1549.34,1.12,405.94,5.35,2173.43,80000.0,36.8,0.758,ENGINEERING_ASSESSMENT,CRITICAL,1.753,0.587,9.14,0,0,1,0,1,0,0,0,0
synth_003536,thunderstrike,3,0.358,7.22,1.782,5.03,2500.0,33.86,0.0,33.86,0.1,21.6,4.54,98.15,60000.0,611.3,0.758,ENGINEERING_ASSESSMENT,CRITICAL,7.22,1.782,5.03,0,0,0,0,0,0,0,0,1
synth_002428,hide_craze,5,0.915,3.794,1.783,10.86,2500.0,1973.29,125.9,1847.39,3.74,807.18,5.29,4267.01,35000.0,8.2,0.937,REPAIR,HIGH,3.794,1.783,10.86,2,1,4,0,0,0,1,0,0
synth_002645,corrosion,1,0.629,2.424,0.869,6.37,3000.0,186.48,0.11,186.37,0.1,25.92,4.94,128.16,75000.0,585.2,0.76,MONITOR,LOW,2.424,0.869,6.37,1,2,3,1,0,0,0,0,0
synth_000672,corrosion,4,0.82,5.97,2.718,9.41,2500.0,1071.83,23.69,1048.15,1.29,279.57,5.97,1669.31,25000.0,15.0,0.94,REPAIR,HIGH,5.97,2.718,9.41,2,1,3,1,0,0,0,0,0
synth_002459,corrosion,4,0.884,10.295,1.316,10.26,2500.0,1559.29,59.57,1499.72,2.24,483.34,6.18,2986.07,35000.0,11.7,0.777,REPAIR,HIGH,10.295,1.316,10.26,2,1,3,1,0,0,0,0,0
synth_000091,corrosion,1,0.482,1.717,2.435,9.07,3600.0,1309.62,0.13,1309.49,0.1,31.1,3.89,120.88,75000.0,620.5,0.78,MONITOR,LOW,1.717,2.435,9.07,1,2,3,1,0,0,0,0,0
synth_001109,surface_injure,2,0.471,1.358,0.531,7.39,2500.0,344.1,0.06,344.04,0.1,21.6,4.55,98.37,90000.0,914.9,0.819,MONITOR,LOW,1.358,0.531,7.39,1,2,2,0,0,0,0,1,0
synth_002121,thunderstrike,3,0.674,2.826,1.139,14.12,3600.0,3600.0,0.09,3599.91,0.21,66.0,3.54,233.4,80000.0,342.8,0.848,ENGINEERING_ASSESSMENT,CRITICAL,2.826,1.139,14.12,0,0,0,0,0,0,0,0,1
synth_000591,hide_craze,4,0.902,7.607,3.449,9.59,3600.0,1678.47,71.62,1606.85,2.5,777.33,5.61,4363.06,25000.0,5.7,0.76,REPAIR,HIGH,7.607,3.449,9.59,2,1,4,0,0,0,1,0,0
synth_002087,thunderstrike,5,0.338,4.404,1.137,7.76,3000.0,527.47,0.04,527.43,0.1,25.92,4.3,111.34,80000.0,718.5,0.8642600936220012,ENGINEERING_ASSESSMENT,CRITICAL,4.404,1.137,7.76,0,0,0,0,0,0,0,0,1
synth_003500,crack,3,0.739,3.582,0.73,6.74,3000.0,254.76,1.74,253.01,0.4,103.85,4.41,457.6,80000.0,174.8,0.83,ENGINEERING_ASSESSMENT,CRITICAL,3.582,0.73,6.74,0,0,1,0,1,0,0,0,0
synth_002029,thunderstrike,4,0.564,5.631,2.818,14.53,3000.0,3000.0,0.04,2999.96,0.1,27.18,4.0,108.6,40000.0,368.3,0.917,ENGINEERING_ASSESSMENT,CRITICAL,5.631,2.818,14.53,0,0,0,0,0,0,0,0,1
synth_000888,craze,2,0.554,0.935,2.16,10.08,3600.0,2078.43,1.06,2077.37,0.1,31.1,4.66,144.94,75000.0,517.5,0.91,MONITOR,LOW,0.935,2.16,10.08,1,2,5,0,0,1,0,0,0
synth_002281,thunderstrike,5,0.595,4.22,0.959,11.7,3600.0,3600.0,0.08,3599.92,0.2,62.5,4.01,250.55,80000.0,319.3,0.772,ENGINEERING_ASSESSMENT,CRITICAL,4.22,0.959,11.7,0,0,0,0,0,0,0,0,1
synth_001988,crack,1,0.534,1.766,1.431,8.23,2000.0,464.91,0.09,464.81,0.1,17.28,4.42,76.45,50000.0,654.0,0.941,MONITOR,LOW,1.766,1.431,8.23,1,2,1,0,1,0,0,0,0
synth_001576,crack,3,0.433,7.621,3.441,5.84,2000.0,74.73,0.01,74.72,0.1,17.28,3.92,67.8,60000.0,885.0,0.878,ENGINEERING_ASSESSMENT,CRITICAL,7.621,3.441,5.84,0,0,1,0,1,0,0,0,0
synth_002341,crack,4,0.763,7.532,1.088,14.92,4200.0,4200.0,0.38,4199.62,0.81,294.76,4.36,1284.23,60000.0,46.7,0.867,ENGINEERING_ASSESSMENT,CRITICAL,7.532,1.088,14.92,0,0,1,0,1,0,0,0,0
synth_001714,crack,4,0.808,6.045,1.908,11.56,2500.0,2500.0,0.33,2499.67,1.17,253.04,3.81,964.13,40000.0,41.5,0.938,ENGINEERING_ASSESSMENT,CRITICAL,6.045,1.908,11.56,0,0,1,0,1,0,0,0,0
synth_000213,craze,2,0.332,2.735,2.453,9.92,2000.0,1077.94,0.02,1077.93,0.1,17.28,3.79,65.44,90000.0,1375.3,0.944,MONITOR,LOW,2.735,2.453,9.92,1,2,5,0,0,1,0,0,0
synth_000778,surface_injure,1,0.39,1.034,3.321,8.8,3000.0,951.96,0.02,951.93,0.1,25.92,4.66,120.91,90000.0,744.4,0.89,MONITOR,LOW,1.034,3.321,8.8,1,2,2,0,0,0,0,1,0
synth_002583,corrosion,2,0.536,0.415,1.841,4.85,2000.0,20.63,0.01,20.62,0.1,17.28,4.9,84.7,90000.0,1062.6,0.825,MONITOR,LOW,0.415,1.841,4.85,1,2,3,1,0,0,0,0,0
synth_001448,surface_injure,1,0.294,1.749,3.127,9.138434681408205,3600.0,1390.18,0.0,1390.17,0.1,31.1,4.09,127.05,75000.0,590.3,0.775,MONITOR,LOW,1.749,3.127,9.138434681408205,1,2,2,0,0,0,0,1,0
synth_002399,thunderstrike,3,0.527,5.523,2.099,6.16,2500.0,128.48,0.09,128.38,0.1,21.6,3.69,79.6,40000.0,502.5,0.849,ENGINEERING_ASSESSMENT,CRITICAL,5.523,2.099,6.16,0,0,0,0,0,0,0,0,1
synth_000800,craze,3,0.838,8.989,3.051,9.97,3600.0,1987.72,33.8,1953.92,1.0,309.81,6.38,1975.51,45000.0,22.8,0.805,REPAIR,HIGH,8.989,3.051,9.97,2,1,5,0,0,1,0,0,0
synth_002965,hide_craze,3,0.857,10.139,3.431,11.16,3600.0,3184.06,63.13,3120.93,1.16,361.19,5.9,2130.63,25000.0,11.7,0.757,REPAIR,HIGH,10.139,3.431,11.16,2,1,4,0,0,0,1,0,0
synth_003544,crack,5,0.686,3.473,3.409,5.42,4200.0,96.82,0.85,95.97,0.51,186.31,4.33,806.16,40000.0,49.6,0.929,ENGINEERING_ASSESSMENT,CRITICAL,3.473,3.409,5.42,0,0,1,0,1,0,0,0,0
synth_002127,surface_injure,4,0.975,4.386,2.14,7.5,2500.0,370.08,25.53,344.55,4.04,872.73,5.44,4749.77,55000.0,11.6,0.946,REPAIR,HIGH,4.386,2.14,7.5,2,1,2,0,0,0,0,1,0
synth_001567,corrosion,1,0.715,2.959,3.422,8.7,2500.0,755.83,1.09,754.74,0.1,21.6,3.88,83.91,75000.0,893.8,0.963,MONITOR,LOW,2.959,3.422,8.7,1,2,3,1,0,0,0,0,0
synth_003021,hide_craze,2,0.627,3.794,1.68,7.45,2000.0,286.04,0.33,285.71,0.1,17.28,3.64,62.96,75000.0,1191.2,0.882,MONITOR,LOW,3.794,1.68,7.45,1,2,4,0,0,0,1,0,0
synth_003267,corrosion,2,0.312,1.01,3.015,9.49,2500.0,1112.05,0.01,1112.04,0.1,21.6,4.32,93.39,90000.0,963.7,0.809,MONITOR,LOW,1.01,3.015,9.49,1,2,3,1,0,0,0,0,0
synth_001518,corrosion,3,0.941,6.999,0.622,10.56,2000.0,1405.88,50.78,1355.09,2.12,365.58,4.7,1718.33,25000.0,14.5,0.841,REPAIR,HIGH,6.999,0.622,10.56,2,1,3,1,0,0,0,0,0
synth_002119,craze,1,0.693,1.59,2.022,6.4,2000.0,128.4,0.14,128.26,0.1,17.28,4.86,83.93,50000.0,595.7,0.841,MONITOR,LOW,1.59,2.022,6.4,1,2,5,0,0,1,0,0,0
synth_003249,hide_craze,1,0.73,2.307,2.82,8.95,4200.0,1441.41,2.35,1439.07,0.1,36.29,3.53,128.03,75000.0,585.8,0.857,MONITOR,LOW,2.307,2.82,8.95,1,2,4,0,0,0,1,0,0
synth_001343,craze,5,0.874,8.257,1.06,8.62,2000.0,577.15,27.18,549.97,2.76,476.67,4.14,1975.11,25000.0,12.7,0.959,REPAIR,HIGH,8.257,1.06,8.62,2,1,5,0,0,1,0,0,0
synth_000273,hide_craze,1,0.496,2.182,1.992,4.5,2000.0,10.94,0.0,10.94,0.1,17.28,3.72,64.3,50000.0,777.6,0.853,MONITOR,LOW,2.182,1.992,4.5,1,2,4,0,0,0,1,0,0
synth_001812,corrosion,2,0.44,3.794,2.561,10.18,3600.0,2167.81,0.25,2167.56,0.1,31.1,4.89,152.07,75000.0,493.2,0.783,MONITOR,LOW,3.794,2.561,10.18,1,2,3,1,0,0,0,0,0
synth_000071,craze,3,0.949,4.415,1.207,7.74,2500.0,432.56,16.03,416.53,2.17,468.72,4.41,2067.37,25000.0,12.1,0.959,REPAIR,HIGH,4.415,1.207,7.74,2,1,5,0,0,1,0,0,0
synth_000720,hide_craze,3,0.959,4.474,3.349,9.27,2000.0,802.09,31.81,770.29,2.32,401.37,5.36,2152.23,55000.0,25.6,0.828,REPAIR,HIGH,4.474,3.349,9.27,2,1,4,0,0,0,1,0,0
synth_001740,thunderstrike,4,0.667,7.655,3.297,6.09,4200.0,201.5,1.13,200.37,0.33,119.4,3.57,425.76,60000.0,140.9,0.978,ENGINEERING_ASSESSMENT,CRITICAL,7.655,3.297,6.09,0,0,0,0,0,0,0,0,1
synth_001087,crack,5,0.917,5.49,0.776,13.77,2500.0,2500.0,1.06,2498.94,3.69,796.19,4.85,3863.2,40000.0,10.4,0.905,ENGINEERING_ASSESSMENT,CRITICAL,5.49,0.776,13.77,0,0,1,0,1,0,0,0,0
synth_000394,crack,2,0.228,2.325,2.09,9.82,3000.0,1549.75,0.0,1549.75,0.1,25.92,4.23,109.55,90000.0,821.5,0.8,MONITOR,LOW,2.325,2.09,9.82,1,2,1,0,1,0,0,0,0
synth_000583,corrosion,4,0.965,6.9,2.129,9.19,2500.0,965.85,64.11,901.73,3.89,839.8,6.34,5322.01,35000.0,6.6,0.964,REPAIR,HIGH,6.9,2.129,9.19,2,1,3,1,0,0,0,0,0
synth_003480,crack,3,0.468,2.232,2.152,7.04,4200.0,450.04,0.14,449.9,0.1,36.29,5.04,182.83,80000.0,437.6,0.972,ENGINEERING_ASSESSMENT,CRITICAL,2.232,2.152,7.04,0,0,1,0,1,0,0,0,0
synth_002416,corrosion,2,0.204,0.708,1.168,9.12,3000.0,1118.66,0.0,1118.66,0.1,25.92,3.61,93.68,75000.0,800.6,0.831,MONITOR,LOW,0.708,1.168,9.12,1,2,3,1,0,0,0,0,0
synth_002423,thunderstrike,3,0.789,1.032,1.17,9.08,4200.0,1535.22,15.08,1520.14,0.58,208.72,4.32,901.97,60000.0,66.5,0.872,ENGINEERING_ASSESSMENT,CRITICAL,1.032,1.17,9.08,0,0,0,0,0,0,0,0,1
synth_000500,craze,2,0.643,1.172,1.364,11.46,2500.0,2467.44,3.44,2464.0,0.1,21.6,4.88,105.49,90000.0,853.2,0.92,MONITOR,LOW,1.172,1.364,11.46,1,2,5,0,0,1,0,0,0
synth_002495,surface_injure,3,0.38,2.719,1.874,7.95,3600.0,709.81,0.06,709.75,0.1,31.1,3.87,120.21,80000.0,665.5,0.939,MONITOR,LOW,2.719,1.874,7.95,1,2,2,0,0,0,0,1,0
synth_002666,crack,5,0.787,1.445,1.719,6.86,2000.0,186.91,3.87,183.04,1.21,209.65,4.33,908.61,60000.0,66.0,0.766,ENGINEERING_ASSESSMENT,CRITICAL,1.445,1.719,6.86,0,0,1,0,1,0,0,0,0
synth_002347,thunderstrike,4,0.756,3.432,1.216,9.56,2500.0,1148.51,14.13,1134.37,0.72,155.68,4.62,718.54,40000.0,55.7,0.925,ENGINEERING_ASSESSMENT,CRITICAL,3.432,1.216,9.56,0,0,0,0,0,0,0,0,1
synth_003572,thunderstrike,5,0.347,6.794,3.074,9.25,3000.0,1190.74,0.11,1190.63,0.1,25.92,4.54,117.59,60000.0,510.2,0.8642600936220012,ENGINEERING_ASSESSMENT,CRITICAL,6.794,3.074,9.25,0,0,0,0,0,0,0,0,1
synth_003286,hide_craze,2,0.387,1.031,2.869,8.25,4200.0,990.76,0.05,990.72,0.1,36.29,3.96,143.65,90000.0,626.5,0.801,MONITOR,LOW,1.031,2.869,8.25,1,2,4,0,0,0,1,0,0
synth_002364,crack,4,0.538,3.794,2.467,9.28,2000.0,805.72,1.02,804.7,0.1,17.28,4.75,82.11,40000.0,487.2,0.899,ENGINEERING_ASSESSMENT,CRITICAL,3.794,2.467,9.28,0,0,1,0,1,0,0,0,0
synth_003463,crack,4,0.811,6.952,1.811,6.34,3600.0,218.02,4.51,213.51,1.21,376.78,4.41,1661.98,40000.0,24.1,0.777,ENGINEERING_ASSESSMENT,CRITICAL,6.952,1.811,6.34,0,0,1,0,1,0,0,0,0
synth_001763,craze,3,0.958,4.663,0.77,9.11,2000.0,742.23,29.42,712.82,2.32,401.11,6.02,2415.67,25000.0,10.3,0.844,REPAIR,HIGH,4.663,0.77,9.11,2,1,5,0,0,1,0,0,0
synth_001259,corrosion,4,0.845,5.555,0.911,7.09,3600.0,400.32,10.75,389.57,1.57,489.17,4.28,2092.06,25000.0,11.9,0.934,REPAIR,HIGH,5.555,0.911,7.09,2,1,3,1,0,0,0,0,0
synth_002186,craze,1,0.312,2.35,2.002,4.65,4200.0,30.84,0.0,30.84,0.1,36.29,3.85,139.67,90000.0,644.4,0.943,MONITOR,LOW,2.35,2.002,4.65,1,2,5,0,0,1,0,0,0
synth_002271,corrosion,3,0.936,4.516,2.048,9.8,3600.0,1840.03,62.24,1777.79,1.98,616.23,5.05,3111.06,55000.0,17.7,0.847,REPAIR,HIGH,4.516,2.048,9.8,2,1,3,1,0,0,0,0,0
synth_000205,corrosion,2,0.721,2.958,0.782,9.138434681408205,3000.0,1805.22,5.72,1799.5,0.19,48.08,3.54,170.24,50000.0,293.7,0.959,MONITOR,LOW,2.958,0.782,9.138434681408205,1,2,3,1,0,0,0,0,0
synth_000733,surface_injure,4,0.855,10.708,2.642,8.34,4200.0,1044.26,31.85,1012.4,1.79,648.35,4.48,2906.2,55000.0,18.9,0.793,REPAIR,HIGH,10.708,2.642,8.34,2,1,2,0,0,0,0,1,0
synth_001176,craze,4,0.911,11.897,1.229,10.93,4200.0,3414.65,160.54,3254.11,2.75,999.3,6.49,6489.91,55000.0,8.5,0.908,REPAIR,HIGH,11.897,1.229,10.93,2,1,5,0,0,1,0,0,0
synth_000526,corrosion,1,0.355,2.506,2.236,9.67,2000.0,967.26,0.01,967.25,0.1,17.28,4.38,75.71,75000.0,990.6,0.853,MONITOR,LOW,2.506,2.236,9.67,1,2,3,1,0,0,0,0,0
synth_002821,hide_craze,3,0.885,7.206,2.409,5.8,4200.0,150.42,3.61,146.81,1.4,509.61,5.39,2747.17,60000.0,21.8,0.854,REPAIR,HIGH,7.206,2.409,5.8,2,1,4,0,0,0,1,0,0
synth_002138,corrosion,5,0.905,5.073,2.369,7.3,2500.0,323.84,18.62,305.22,3.37,727.4,4.02,2925.39,45000.0,15.4,0.961,REPAIR,HIGH,5.073,2.369,7.3,2,1,3,1,0,0,0,0,0
synth_000898,crack,3,0.759,6.221,1.488,12.95,4200.0,4200.0,0.24,4199.76,0.5,179.88,5.0,898.59,80000.0,89.0,0.894,ENGINEERING_ASSESSMENT,CRITICAL,6.221,1.488,12.95,0,0,1,0,1,0,0,0,0
synth_000377,hide_craze,3,0.903,7.988,0.729,8.62,3000.0,865.46,24.05,841.41,1.63,421.83,6.06,2555.82,25000.0,9.8,0.831,REPAIR,HIGH,7.988,0.729,8.62,2,1,4,0,0,0,1,0,0
synth_002525,surface_injure,5,0.815,4.949,3.396,8.4,4200.0,1074.51,30.67,1043.85,1.67,606.61,5.2,3152.07,45000.0,14.3,0.888,REPAIR,HIGH,4.949,3.396,8.4,2,1,2,0,0,0,0,1,0
synth_001559,hide_craze,2,0.482,2.111,2.665,6.02,2000.0,89.94,0.02,89.92,0.1,17.28,4.09,70.64,90000.0,1274.1,0.808,MONITOR,LOW,2.111,2.665,6.02,1,2,4,0,0,0,1,0,0
synth_002973,corrosion,1,0.492,0.853,3.082,5.52,2000.0,51.9,0.01,51.89,0.1,17.28,4.51,77.93,75000.0,962.4,0.786,MONITOR,LOW,0.853,3.082,5.52,1,2,3,1,0,0,0,0,0
synth_003213,hide_craze,1,0.358,0.987,1.05,4.12,4200.0,9.55,0.0,9.55,0.1,36.29,4.22,153.11,75000.0,489.8,0.949,MONITOR,LOW,0.987,1.05,4.12,1,2,4,0,0,0,1,0,0
synth_000348,surface_injure,1,0.384,1.419,3.314,7.17,3000.0,353.63,0.01,353.62,0.1,25.92,4.5,116.74,75000.0,642.5,0.8642600936220012,MONITOR,LOW,1.419,3.314,7.17,1,2,2,0,0,0,0,1,0
synth_000386,corrosion,2,0.466,0.968,2.178,11.21,2500.0,2254.94,0.36,2254.58,0.1,21.6,3.82,82.57,90000.0,1090.0,0.751,MONITOR,LOW,0.968,2.178,11.21,1,2,3,1,0,0,0,0,0
synth_000198,crack,4,0.342,4.413,2.186,5.34,4200.0,87.19,0.01,87.19,0.1,36.29,3.63,131.56,60000.0,456.1,0.872,ENGINEERING_ASSESSMENT,CRITICAL,4.413,2.186,5.34,0,0,1,0,1,0,0,0,0
synth_003518,craze,3,0.841,6.149,2.628,7.76,2000.0,352.18,5.92,346.26,0.99,170.22,5.01,852.24,80000.0,93.9,0.909,ENGINEERING_ASSESSMENT,MEDIUM,6.149,2.628,7.76,0,3,5,0,0,1,0,0,0
synth_001709,corrosion,5,0.886,9.394,1.008,9.69,2500.0,1216.42,63.33,1153.09,3.05,658.68,4.74,3121.11,45000.0,14.4,0.75,REPAIR,HIGH,9.394,1.008,9.69,2,1,3,1,0,0,0,0,0
synth_001050,craze,4,0.929,4.479,1.715,9.36,4200.0,1760.31,87.76,1672.55,2.92,1059.66,5.39,5709.14,55000.0,9.6,0.907,REPAIR,HIGH,4.479,1.715,9.36,2,1,5,0,0,1,0,0,0
synth_000590,hide_craze,4,0.924,11.397,2.126,10.71,4200.0,3140.4,162.09,2978.3,3.02,1097.06,5.98,6558.53,55000.0,8.4,0.817,REPAIR,HIGH,11.397,2.126,10.71,2,1,4,0,0,0,1,0,0
synth_000519,hide_craze,1,0.616,0.433,0.833,10.9,4200.0,3376.6,1.64,3374.96,0.1,36.29,4.22,153.17,50000.0,326.4,0.846,MONITOR,LOW,0.433,0.833,10.9,1,2,4,0,0,0,1,0,0
synth_002426,thunderstrike,4,0.626,6.222,0.801,9.95,4200.0,2291.07,8.35,2282.72,0.21,77.45,3.76,290.9,40000.0,137.5,0.869,ENGINEERING_ASSESSMENT,CRITICAL,6.222,0.801,9.95,0,0,0,0,0,0,0,0,1
synth_001628,crack,3,0.513,3.971,2.674,10.43,3600.0,2401.12,1.44,2399.68,0.1,31.1,4.24,132.01,80000.0,606.0,0.849,ENGINEERING_ASSESSMENT,CRITICAL,3.971,2.674,10.43,0,0,1,0,1,0,0,0,0
synth_002909,craze,1,0.346,1.636,1.913,6.29,4200.0,243.46,0.0,243.46,0.1,36.29,4.78,173.41,90000.0,519.0,0.946,MONITOR,LOW,1.636,1.913,6.29,1,2,5,0,0,1,0,0,0
synth_002447,corrosion,1,0.405,2.68,1.319,8.63,3600.0,1047.54,0.03,1047.51,0.1,31.1,3.84,119.45,90000.0,753.5,0.831,MONITOR,LOW,2.68,1.319,8.63,1,2,3,1,0,0,0,0,0
synth_000429,crack,5,0.689,3.899,2.377,14.58,2000.0,2000.0,0.13,1999.87,0.53,91.91,4.58,421.15,80000.0,190.0,0.755,ENGINEERING_ASSESSMENT,CRITICAL,3.899,2.377,14.58,0,0,1,0,1,0,0,0,0
synth_001083,hide_craze,2,0.295,1.815,1.668,9.26,3000.0,1198.33,0.01,1198.32,0.1,25.92,3.79,98.29,90000.0,915.7,0.807,MONITOR,LOW,1.815,1.668,9.26,1,2,4,0,0,0,1,0,0
synth_002417,hide_craze,5,0.861,8.844,1.974,10.89,4200.0,3358.88,143.93,3214.95,2.51,910.76,6.39,5820.85,55000.0,9.4,0.935,REPAIR,HIGH,8.844,1.974,10.89,2,1,4,0,0,0,1,0,0
synth_003020,crack,5,0.782,6.581,3.46,10.97,3600.0,2968.98,65.39,2903.59,1.29,401.23,4.8,1927.5,80000.0,41.5,0.8642600936220012,ENGINEERING_ASSESSMENT,CRITICAL,6.581,3.46,10.97,0,0,1,0,1,0,0,0,0
synth_000207,craze,5,0.85,8.605,0.974,7.88,3600.0,681.79,26.68,655.1,2.29,712.99,6.24,4450.77,35000.0,7.9,0.878,REPAIR,HIGH,8.605,0.974,7.88,2,1,5,0,0,1,0,0,0
synth_000491,corrosion,4,0.972,10.153,2.622,8.35,2500.0,622.85,44.83,578.02,4.22,910.51,6.41,5832.05,25000.0,4.3,0.8642600936220012,REPAIR,HIGH,10.153,2.622,8.35,2,1,3,1,0,0,0,0,0
synth_001947,craze,4,0.877,8.212,1.486,10.73,3000.0,2257.68,80.05,2177.62,2.08,538.33,5.5,2960.82,25000.0,8.4,0.839,REPAIR,HIGH,8.212,1.486,10.73,2,1,5,0,0,1,0,0,0
synth_001809,craze,1,0.617,0.649,1.217,5.9,2000.0,79.21,0.04,79.17,0.1,17.28,4.54,78.43,50000.0,637.5,0.92,MONITOR,LOW,0.649,1.217,5.9,1,2,5,0,0,1,0,0,0
synth_002034,crack,5,0.928,7.795,2.568,13.51,3000.0,3000.0,1.38,2998.62,4.1,1062.18,4.13,4388.08,60000.0,13.7,0.795,ENGINEERING_ASSESSMENT,CRITICAL,7.795,2.568,13.51,0,0,1,0,1,0,0,0,0
synth_003491,crack,4,0.564,4.734,2.747,9.86,2000.0,1053.56,1.87,1051.69,0.1,17.98,4.94,88.75,60000.0,676.1,0.837,ENGINEERING_ASSESSMENT,CRITICAL,4.734,2.747,9.86,0,0,1,0,1,0,0,0,0
synth_000792,hide_craze,3,0.865,3.377,1.845,10.03,4200.0,2379.14,46.67,2332.47,1.15,416.93,4.14,1726.59,35000.0,20.3,0.842,REPAIR,HIGH,3.377,1.845,10.03,2,1,4,0,0,0,1,0,0
synth_002980,corrosion,3,0.808,3.057,2.121,7.58,4200.0,655.09,8.08,647.01,0.72,262.14,5.24,1372.57,35000.0,25.5,0.809,REPAIR,HIGH,3.057,2.121,7.58,2,1,3,1,0,0,0,0,0
synth_002530,thunderstrike,4,0.367,6.707,2.618,7.97,3600.0,719.07,0.07,718.99,0.1,31.1,5.45,169.55,60000.0,353.9,0.859,ENGINEERING_ASSESSMENT,CRITICAL,6.707,2.618,7.97,0,0,0,0,0,0,0,0,1
synth_001186,thunderstrike,3,0.471,2.437,0.712,7.64,2500.0,407.31,0.13,407.17,0.1,21.6,5.32,114.91,60000.0,522.1,0.905,ENGINEERING_ASSESSMENT,CRITICAL,2.437,0.712,7.64,0,0,0,0,0,0,0,0,1
synth_001185,hide_craze,3,0.815,3.71,3.438,11.07,3000.0,2567.06,33.96,2533.1,0.77,200.87,5.31,1067.55,45000.0,42.2,0.963,REPAIR,HIGH,3.71,3.438,11.07,2,1,4,0,0,0,1,0,0
synth_001550,surface_injure,1,0.357,1.894,2.004,4.97,3000.0,37.62,0.0,37.62,0.1,25.92,4.32,112.05,50000.0,446.2,0.777,MONITOR,LOW,1.894,2.004,4.97,1,2,2,0,0,0,0,1,0
synth_003117,crack,5,0.544,5.663,1.821,8.58,2000.0,566.8,1.09,565.71,0.11,19.43,3.54,68.8,40000.0,581.4,0.757,ENGINEERING_ASSESSMENT,CRITICAL,5.663,1.821,8.58,0,0,1,0,1,0,0,0,0
synth_001915,surface_injure,4,0.827,8.097,2.748,7.06,3600.0,391.51,9.38,382.14,1.4,436.27,6.25,2728.48,55000.0,20.2,0.969,REPAIR,HIGH,8.097,2.748,7.06,2,1,2,0,0,0,0,1,0
synth_002884,surface_injure,3,0.721,7.764,0.802,13.43,2500.0,2500.0,0.1,2499.9,0.36,77.13,4.55,351.18,40000.0,113.9,0.976,ENGINEERING_ASSESSMENT,MEDIUM,7.764,0.802,13.43,0,3,2,0,0,0,0,1,0
synth_003384,crack,3,0.596,2.605,2.844,12.21,3600.0,3600.0,0.04,3599.96,0.1,31.1,5.44,169.2,80000.0,472.8,0.757,ENGINEERING_ASSESSMENT,CRITICAL,2.605,2.844,12.21,0,0,1,0,1,0,0,0,0
synth_001530,crack,5,0.659,3.852,1.411,8.9,4200.0,1404.86,9.48,1395.38,0.4,143.4,5.12,734.14,80000.0,109.0,0.763,ENGINEERING_ASSESSMENT,CRITICAL,3.852,1.411,8.9,0,0,1,0,1,0,0,0,0
synth_001410,crack,4,0.67,7.252,2.211,11.37,2500.0,2383.14,13.78,2369.36,0.34,73.18,4.88,357.02,40000.0,112.0,0.909,ENGINEERING_ASSESSMENT,CRITICAL,7.252,2.211,11.37,0,0,1,0,1,0,0,0,0
synth_001476,corrosion,4,0.875,3.925,3.117,10.53,4200.0,2917.18,97.05,2820.13,1.95,707.12,4.83,3416.18,25000.0,7.3,0.781,REPAIR,HIGH,3.925,3.117,10.53,2,1,3,1,0,0,0,0,0
synth_002858,crack,4,0.756,5.67,3.425,7.51,3000.0,446.65,5.72,440.93,0.75,194.33,5.13,996.19,60000.0,60.2,0.8642600936220012,ENGINEERING_ASSESSMENT,CRITICAL,5.67,3.425,7.51,0,0,1,0,1,0,0,0,0
synth_001797,thunderstrike,4,0.592,7.234,1.565,11.23,2000.0,1812.61,4.58,1808.04,0.15,25.57,5.48,140.13,40000.0,285.4,0.824,ENGINEERING_ASSESSMENT,CRITICAL,7.234,1.565,11.23,0,0,0,0,0,0,0,0,1
synth_000083,surface_injure,1,0.247,0.716,2.75,6.4,3000.0,191.45,0.0,191.45,0.1,25.92,3.96,102.77,75000.0,729.8,0.934,MONITOR,LOW,0.716,2.75,6.4,1,2,2,0,0,0,0,1,0
synth_002833,crack,4,0.708,3.759,2.754,6.63,3000.0,233.47,1.86,231.61,0.47,121.15,3.73,452.4,60000.0,132.6,0.979,ENGINEERING_ASSESSMENT,CRITICAL,3.759,2.754,6.63,0,0,1,0,1,0,0,0,0
synth_002669,crack,3,0.337,2.685,2.811,9.138434681408205,2500.0,2500.0,0.0,2500.0,0.1,21.6,3.75,80.93,40000.0,494.3,0.939,ENGINEERING_ASSESSMENT,CRITICAL,2.685,2.811,9.138434681408205,0,0,1,0,1,0,0,0,0
synth_000020,craze,4,0.941,2.587,1.352,7.46,2500.0,360.33,18.97,341.36,3.08,666.22,5.66,3769.98,25000.0,6.6,0.862,REPAIR,HIGH,2.587,1.352,7.46,2,1,5,0,0,1,0,0,0
synth_002375,craze,3,0.475,4.442,2.009,12.17,2500.0,2500.0,0.01,2499.99,0.1,21.6,4.53,97.92,80000.0,817.0,0.916,MONITOR,LOW,4.442,2.009,12.17,1,2,5,0,0,1,0,0,0
synth_001627,hide_craze,1,0.323,2.649,2.748,8.65,2500.0,734.26,0.01,734.26,0.1,21.6,4.29,92.6,90000.0,971.9,0.837,MONITOR,LOW,2.649,2.748,8.65,1,2,4,0,0,0,1,0,0
synth_002129,crack,3,0.378,7.37,2.023,13.46,2000.0,2000.0,0.0,2000.0,0.1,17.28,4.92,84.96,60000.0,706.2,0.811,ENGINEERING_ASSESSMENT,CRITICAL,7.37,2.023,13.46,0,0,1,0,1,0,0,0,0
synth_002632,surface_injure,4,0.965,6.475,2.087,8.4,3000.0,767.91,51.01,716.9,3.89,1008.45,4.8,4837.04,45000.0,9.3,0.966,REPAIR,HIGH,6.475,2.087,8.4,2,1,2,0,0,0,0,1,0
synth_001405,hide_craze,5,0.893,10.807,0.505,9.69,3000.0,1465.49,81.49,1383.99,3.26,844.23,5.72,4832.77,25000.0,5.2,0.882,REPAIR,HIGH,10.807,0.505,9.69,2,1,4,0,0,0,1,0,0
synth_003578,thunderstrike,5,0.422,7.86,3.16,6.76,2000.0,172.53,0.06,172.47,0.1,17.28,4.39,75.84,40000.0,527.4,0.808,ENGINEERING_ASSESSMENT,CRITICAL,7.86,3.16,6.76,0,0,0,0,0,0,0,0,1
synth_001730,craze,1,0.718,1.436,2.184,4.49,2500.0,13.34,0.02,13.32,0.1,21.6,3.71,80.1,75000.0,936.3,0.761,MONITOR,LOW,1.436,2.184,4.49,1,2,5,0,0,1,0,0,0
synth_001562,corrosion,1,0.521,0.35,2.68,8.87,2500.0,821.85,0.13,821.72,0.1,21.6,4.57,98.78,50000.0,506.2,0.838,MONITOR,LOW,0.35,2.68,8.87,1,2,3,1,0,0,0,0,0
synth_003587,thunderstrike,5,0.52,6.214,1.751,11.6,2000.0,2000.0,0.02,1999.98,0.1,17.28,4.04,69.83,80000.0,1145.6,0.943,ENGINEERING_ASSESSMENT,CRITICAL,6.214,1.751,11.6,0,0,0,0,0,0,0,0,1
synth_003226,crack,3,0.63,4.456,0.945,5.67,3600.0,112.2,0.27,111.94,0.14,43.18,4.78,206.33,80000.0,387.7,0.889,ENGINEERING_ASSESSMENT,CRITICAL,4.456,0.945,5.67,0,0,1,0,1,0,0,0,0
synth_002390,thunderstrike,4,0.68,2.375,1.967,13.04,3000.0,3000.0,0.13,2999.87,0.35,90.06,4.11,370.31,80000.0,216.0,0.879,ENGINEERING_ASSESSMENT,CRITICAL,2.375,1.967,13.04,0,0,0,0,0,0,0,0,1
synth_000973,craze,4,0.844,3.624,1.382,11.48,4200.0,4176.37,108.29,4068.08,1.52,551.11,5.97,3289.09,35000.0,10.6,0.907,REPAIR,HIGH,3.624,1.382,11.48,2,1,5,0,0,1,0,0,0
synth_001710,hide_craze,2,0.595,2.376,2.13,8.05,2500.0,523.47,0.45,523.02,0.1,21.6,4.26,92.1,75000.0,814.3,0.89,MONITOR,LOW,2.376,2.13,8.05,1,2,4,0,0,0,1,0,0
synth_003346,crack,3,0.394,7.805,0.992,10.21,2000.0,1221.2,0.13,1221.07,0.1,17.28,3.73,64.45,40000.0,620.6,0.875,ENGINEERING_ASSESSMENT,CRITICAL,7.805,0.992,10.21,0,0,1,0,1,0,0,0,0
synth_003126,craze,2,0.501,0.448,3.056,5.62,4200.0,122.8,0.03,122.77,0.1,36.29,3.65,132.6,90000.0,678.7,0.758,MONITOR,LOW,0.448,3.056,5.62,1,2,5,0,0,1,0,0,0
synth_000883,hide_craze,5,0.864,6.24,1.118,8.02,2500.0,516.03,22.1,493.94,2.51,541.71,4.43,2398.86,45000.0,18.8,0.898,REPAIR,HIGH,6.24,1.118,8.02,2,1,4,0,0,0,1,0,0
synth_001098,craze,3,0.958,7.524,3.37,10.39,3600.0,2367.84,96.92,2270.92,2.4,745.66,5.1,3801.57,55000.0,14.5,0.835,REPAIR,HIGH,7.524,3.37,10.39,2,1,5,0,0,1,0,0,0
synth_000156,surface_injure,4,0.889,5.108,1.785,9.69,2000.0,973.67,36.71,936.96,2.21,381.57,5.69,2170.98,35000.0,16.1,0.909,REPAIR,HIGH,5.108,1.785,9.69,2,1,2,0,0,0,0,1,0
synth_002730,craze,1,0.338,1.56,0.943,5.5,2000.0,50.66,0.0,50.66,0.1,17.28,4.55,78.59,90000.0,1145.2,0.783,MONITOR,LOW,1.56,0.943,5.5,1,2,5,0,0,1,0,0,0
synth_000886,surface_injure,2,0.669,0.738,2.17,9.11,4200.0,1557.47,2.79,1554.68,0.1,38.03,4.48,170.44,50000.0,293.4,0.935,MONITOR,LOW,0.738,2.17,9.11,1,2,2,0,0,0,0,1,0
synth_003596,crack,3,0.685,4.812,0.586,9.138434681408205,3000.0,117.67,0.49,117.17,0.25,63.81,4.78,305.06,60000.0,196.7,0.908,ENGINEERING_ASSESSMENT,CRITICAL,4.812,0.586,9.138434681408205,0,0,1,0,1,0,0,0,0
synth_002179,craze,2,0.242,2.332,2.258,6.1,2500.0,121.51,0.0,121.51,0.1,21.6,4.01,86.63,90000.0,1038.9,0.856,MONITOR,LOW,2.332,2.258,6.1,1,2,5,0,0,1,0,0,0
synth_001512,hide_craze,2,0.384,2.981,1.337,9.59,3600.0,1677.51,0.08,1677.43,0.1,31.1,3.74,116.42,90000.0,773.1,0.943,MONITOR,LOW,2.981,1.337,9.59,1,2,4,0,0,0,1,0,0
synth_002963,crack,3,0.665,1.447,2.899,11.93,3600.0,3600.0,0.08,3599.92,0.19,57.86,3.62,209.52,80000.0,381.8,0.782,ENGINEERING_ASSESSMENT,CRITICAL,1.447,2.899,11.93,0,0,1,0,1,0,0,0,0
synth_003231,craze,4,0.953,10.871,1.223,10.37,3600.0,2342.2,148.4,2193.8,3.71,1154.27,6.32,7293.01,55000.0,7.5,0.857,REPAIR,HIGH,10.871,1.223,10.37,2,1,5,0,0,1,0,0,0
synth_003032,hide_craze,1,0.513,1.96,1.696,5.96,3000.0,126.33,0.02,126.31,0.1,25.92,3.53,91.52,90000.0,983.4,0.97,MONITOR,LOW,1.96,1.696,5.96,1,2,4,0,0,0,1,0,0
synth_002614,thunderstrike,4,0.931,7.379,1.325,7.83,3600.0,661.77,34.87,626.9,3.09,959.91,3.55,3412.13,40000.0,11.7,0.756,ENGINEERING_ASSESSMENT,CRITICAL,7.379,1.325,7.83,0,0,0,0,0,0,0,0,1
synth_000737,craze,2,0.452,1.891,1.714,10.97,4200.0,3463.19,0.47,3462.72,0.1,36.29,5.0,181.39,90000.0,496.2,0.824,MONITOR,LOW,1.891,1.714,10.97,1,2,5,0,0,1,0,0,0
synth_001453,hide_craze,2,0.274,0.386,2.34,11.66,2500.0,2500.0,0.0,2500.0,0.1,21.6,4.69,101.3,50000.0,493.6,0.836,MONITOR,LOW,0.386,2.34,11.66,1,2,4,0,0,0,1,0,0
synth_001505,surface_injure,1,0.46,2.195,1.282,7.38,2000.0,274.07,0.02,274.05,0.1,17.28,3.6,62.19,50000.0,804.0,0.833,MONITOR,LOW,2.195,1.282,7.38,1,2,2,0,0,0,0,1,0
synth_003025,surface_injure,3,0.396,5.845,2.911,10.0,3600.0,2014.18,0.22,2013.96,0.1,31.1,4.92,152.87,80000.0,523.3,0.827,MONITOR,LOW,5.845,2.911,10.0,1,2,2,0,0,0,0,1,0
synth_003175,surface_injure,3,0.868,3.47,1.164,10.0,4200.0,2346.82,47.2,2299.61,1.18,427.51,6.45,2758.78,25000.0,9.1,0.754,REPAIR,HIGH,3.47,1.164,10.0,2,1,2,0,0,0,0,1,0
synth_000458,corrosion,3,0.488,6.483,2.726,13.03,3600.0,3600.0,0.01,3599.99,0.1,31.1,5.47,170.21,40000.0,235.0,0.894,MONITOR,LOW,6.483,2.726,13.03,1,2,3,1,0,0,0,0,0
synth_003538,thunderstrike,4,0.428,3.619,3.163,11.94,3600.0,3600.0,0.01,3599.99,0.1,31.1,5.39,167.65,60000.0,357.9,0.761,ENGINEERING_ASSESSMENT,CRITICAL,3.619,3.163,11.94,0,0,0,0,0,0,0,0,1
synth_001951,hide_craze,4,0.96,11.037,3.45,10.19,2000.0,1211.05,80.6,1130.45,3.9,673.63,6.43,4329.74,25000.0,5.8,0.826,REPAIR,HIGH,11.037,3.45,10.19,2,1,4,0,0,0,1,0,0
synth_000078,corrosion,3,0.897,6.531,2.229,5.23,2500.0,45.16,1.18,43.98,1.53,330.78,4.8,1588.65,40000.0,25.2,0.766,REPAIR,HIGH,6.531,2.229,5.23,2,1,3,1,0,0,0,0,0
synth_003493,thunderstrike,3,0.675,6.368,1.545,12.46,3000.0,3000.0,0.08,2999.92,0.23,59.1,3.87,228.76,80000.0,349.7,0.753,ENGINEERING_ASSESSMENT,CRITICAL,6.368,1.545,12.46,0,0,0,0,0,0,0,0,1
synth_002496,craze,3,0.782,6.536,2.04,6.76,3000.0,260.58,2.7,257.88,0.61,157.43,5.37,845.9,60000.0,70.9,0.783,MONITOR,LOW,6.536,2.04,6.76,1,2,5,0,0,1,0,0,0
synth_001056,corrosion,4,0.856,2.867,3.148,9.138434681408205,4200.0,655.85,18.32,637.53,1.64,593.82,4.56,2708.77,55000.0,20.3,0.766,REPAIR,HIGH,2.867,3.148,9.138434681408205,2,1,3,1,0,0,0,0,0
synth_000906,corrosion,4,0.964,11.366,2.961,8.5,2000.0,542.07,37.05,505.02,4.0,691.7,4.55,3145.45,45000.0,14.3,0.873,REPAIR,HIGH,11.366,2.961,8.5,2,1,3,1,0,0,0,0,0
synth_002162,thunderstrike,3,0.814,7.737,3.267,6.49,3600.0,248.76,3.42,245.34,0.81,250.71,4.56,1144.45,80000.0,69.9,0.872,ENGINEERING_ASSESSMENT,CRITICAL,7.737,3.267,6.49,0,0,0,0,0,0,0,0,1
synth_002657,craze,2,0.584,0.227,2.976,6.86,2500.0,233.62,0.16,233.46,0.1,21.6,3.73,80.54,75000.0,931.2,0.894,MONITOR,LOW,0.227,2.976,6.86,1,2,5,0,0,1,0,0,0
synth_003229,craze,1,0.693,0.34,3.108,8.03,2000.0,414.63,0.44,414.19,0.1,17.28,3.88,67.03,90000.0,1342.7,0.8642600936220012,MONITOR,LOW,0.34,3.108,8.03,1,2,5,0,0,1,0,0,0
synth_000380,surface_injure,2,0.56,2.919,1.172,8.5,3600.0,973.97,0.57,973.4,0.1,31.1,4.57,142.19,50000.0,351.6,0.8642600936220012,MONITOR,LOW,2.919,1.172,8.5,1,2,2,0,0,0,0,1,0
synth_000947,surface_injure,1,0.595,0.906,1.512,5.25,3000.0,55.88,0.02,55.86,0.1,25.92,4.93,127.77,75000.0,587.0,0.781,MONITOR,LOW,0.906,1.512,5.25,1,2,2,0,0,0,0,1,0
synth_003323,thunderstrike,4,0.327,3.794,2.581,11.43,4200.0,4096.97,0.18,4096.79,0.1,36.29,4.29,155.77,60000.0,385.2,0.92,ENGINEERING_ASSESSMENT,CRITICAL,3.794,2.581,11.43,0,0,0,0,0,0,0,0,1
synth_002409,craze,4,0.863,8.252,1.076,8.1,2000.0,431.58,13.73,417.86,1.86,321.93,4.47,1440.23,25000.0,17.4,0.799,REPAIR,HIGH,8.252,1.076,8.1,2,1,5,0,0,1,0,0,0
synth_002860,crack,3,0.676,4.736,0.951,7.08,3600.0,398.91,1.53,397.38,0.22,69.65,3.78,263.45,40000.0,151.8,0.806,ENGINEERING_ASSESSMENT,CRITICAL,4.736,0.951,7.08,0,0,1,0,1,0,0,0,0
synth_000715,craze,2,0.688,1.526,2.761,8.91,2500.0,838.35,1.87,836.47,0.13,28.26,4.8,135.74,75000.0,552.5,0.938,MONITOR,LOW,1.526,2.761,8.91,1,2,5,0,0,1,0,0,0
synth_002398,surface_injure,4,0.8,11.831,2.74,8.43,3600.0,936.02,18.47,917.55,1.16,359.52,5.46,1963.37,55000.0,28.0,0.904,REPAIR,HIGH,11.831,2.74,8.43,2,1,2,0,0,0,0,1,0
synth_000686,craze,3,0.825,9.253,1.921,11.38,3600.0,3449.86,52.56,3397.3,0.89,277.54,5.98,1658.7,25000.0,15.1,0.752,REPAIR,HIGH,9.253,1.921,11.38,2,1,5,0,0,1,0,0,0
synth_003071,crack,4,0.655,5.767,2.995,5.95,4200.0,175.23,0.85,174.38,0.29,103.6,4.76,493.48,80000.0,162.1,0.756,ENGINEERING_ASSESSMENT,CRITICAL,5.767,2.995,5.95,0,0,1,0,1,0,0,0,0
synth_001293,hide_craze,3,0.407,3.794,1.404,8.3,4200.0,1016.62,0.12,1016.5,0.1,36.29,4.42,160.52,60000.0,373.8,0.928,MONITOR,LOW,3.794,1.404,8.3,1,2,4,0,0,0,1,0,0
synth_000305,surface_injure,2,0.574,1.957,1.851,9.138434681408205,2000.0,221.98,0.15,221.83,0.1,17.28,4.9,84.75,50000.0,590.0,0.801,MONITOR,LOW,1.957,1.851,9.138434681408205,1,2,2,0,0,0,0,1,0
synth_000209,craze,4,0.944,3.293,1.459,10.97,2000.0,1649.27,89.74,1559.53,3.19,550.72,6.01,3309.28,35000.0,10.6,0.846,REPAIR,HIGH,3.293,1.459,10.97,2,1,5,0,0,1,0,0,0
synth_001143,surface_injure,1,0.486,0.444,0.883,6.29,4200.0,244.27,0.02,244.25,0.1,36.29,4.67,169.56,90000.0,530.8,0.961,MONITOR,LOW,0.444,0.883,6.29,1,2,2,0,0,0,0,1,0
synth_002664,crack,5,0.735,1.745,0.756,9.89,3000.0,1597.12,21.28,1575.84,0.78,202.32,4.39,887.25,60000.0,67.6,0.972,ENGINEERING_ASSESSMENT,CRITICAL,1.745,0.756,9.89,0,0,1,0,1,0,0,0,0
synth_003567,crack,5,0.945,3.111,3.289,14.31,3600.0,3600.0,1.88,3598.12,4.35,1354.25,4.14,5608.36,40000.0,7.1,0.93,ENGINEERING_ASSESSMENT,CRITICAL,3.111,3.289,14.31,0,0,1,0,1,0,0,0,0
synth_003529,thunderstrike,5,0.714,3.311,3.378,14.87,3000.0,3000.0,0.24,2999.76,0.67,173.0,4.21,729.06,80000.0,109.7,0.783,ENGINEERING_ASSESSMENT,CRITICAL,3.311,3.378,14.87,0,0,0,0,0,0,0,0,1
synth_000885,hide_craze,2,0.353,2.507,3.125,4.04,2500.0,4.61,0.0,4.61,0.1,21.6,4.35,93.9,50000.0,532.5,0.898,MONITOR,LOW,2.507,3.125,4.04,1,2,4,0,0,0,1,0,0
synth_001929,thunderstrike,5,0.78,3.794,2.818,11.07,3000.0,2567.9,55.12,2512.79,1.26,325.85,4.08,1330.42,40000.0,30.1,0.932,ENGINEERING_ASSESSMENT,CRITICAL,3.794,2.818,11.07,0,0,0,0,0,0,0,0,1
synth_002202,corrosion,2,0.372,2.506,2.762,10.72,2500.0,1874.02,0.07,1873.95,0.1,21.6,4.74,102.31,75000.0,733.1,0.839,MONITOR,LOW,2.506,2.762,10.72,1,2,3,1,0,0,0,0,0
synth_000917,surface_injure,2,0.321,1.661,2.932,9.31,3600.0,1472.51,0.02,1472.49,0.1,31.1,4.07,126.63,50000.0,394.9,0.817,MONITOR,LOW,1.661,2.932,9.31,1,2,2,0,0,0,0,1,0
synth_003402,thunderstrike,4,0.521,1.746,1.571,11.83,4200.0,4200.0,0.03,4199.97,0.1,36.29,3.77,136.92,60000.0,438.2,0.79,ENGINEERING_ASSESSMENT,CRITICAL,1.746,1.571,11.83,0,0,0,0,0,0,0,0,1
synth_002222,corrosion,5,0.846,3.794,3.357,8.04,2500.0,520.73,20.09,500.64,2.26,488.05,5.77,2813.76,45000.0,16.0,0.926,REPAIR,HIGH,3.794,3.357,8.04,2,1,3,1,0,0,0,0,0
synth_000191,crack,3,0.714,2.043,2.623,11.95,3600.0,3600.0,0.14,3599.86,0.31,95.1,4.99,474.72,60000.0,126.4,0.869,ENGINEERING_ASSESSMENT,CRITICAL,2.043,2.623,11.95,0,0,1,0,1,0,0,0,0
synth_002276,craze,1,0.463,2.596,1.224,10.59,2500.0,1778.84,0.14,1778.7,0.1,21.6,4.84,104.55,75000.0,717.4,0.908,MONITOR,LOW,2.596,1.224,10.59,1,2,5,0,0,1,0,0,0
synth_003410,thunderstrike,4,0.628,2.051,3.191,12.79,2500.0,2500.0,0.06,2499.94,0.2,43.73,4.05,177.06,40000.0,225.9,0.832,ENGINEERING_ASSESSMENT,CRITICAL,2.051,3.191,12.79,0,0,0,0,0,0,0,0,1
synth_001265,crack,4,0.371,4.31,1.393,12.5,2000.0,2000.0,0.0,2000.0,0.1,17.28,4.72,81.61,80000.0,980.3,0.867,ENGINEERING_ASSESSMENT,CRITICAL,4.31,1.393,12.5,0,0,1,0,1,0,0,0,0
synth_000483,hide_craze,3,0.81,5.924,0.941,7.39,2000.0,275.87,3.61,272.26,0.77,132.51,4.51,597.01,55000.0,92.1,0.771,ENGINEERING_ASSESSMENT,MEDIUM,5.924,0.941,7.39,0,3,4,0,0,0,1,0,0
synth_002708,thunderstrike,4,0.816,4.822,0.966,10.81,4200.0,3254.82,68.46,3186.36,1.23,447.05,5.1,2279.83,40000.0,17.5,0.869,ENGINEERING_ASSESSMENT,CRITICAL,4.822,0.966,10.81,0,0,0,0,0,0,0,0,1
synth_000915,craze,2,0.658,1.974,2.922,5.99,2500.0,108.63,0.18,108.45,0.1,21.6,3.96,85.45,90000.0,1053.2,0.806,MONITOR,LOW,1.974,2.922,5.99,1,2,5,0,0,1,0,0,0
synth_003576,thunderstrike,4,0.898,6.131,1.078,9.67,2000.0,964.43,39.43,925.0,2.39,413.75,4.01,1659.05,40000.0,24.1,0.786,ENGINEERING_ASSESSMENT,CRITICAL,6.131,1.078,9.67,0,0,0,0,0,0,0,0,1
synth_000277,corrosion,2,0.297,1.943,2.696,11.85,4200.0,4200.0,0.0,4200.0,0.1,36.29,3.79,137.36,90000.0,655.2,0.967,MONITOR,LOW,1.943,2.696,11.85,1,2,3,1,0,0,0,0,0
synth_000988,corrosion,3,0.843,2.032,1.151,12.08,3600.0,3600.0,0.41,3599.59,0.93,289.49,4.37,1265.34,40000.0,31.6,0.791,REPAIR,HIGH,2.032,1.151,12.08,2,1,3,1,0,0,0,0,0
synth_003419,crack,3,0.948,7.908,2.406,8.54,2500.0,691.1,26.57,664.53,2.25,486.32,4.51,2192.26,80000.0,36.5,0.854,ENGINEERING_ASSESSMENT,CRITICAL,7.908,2.406,8.54,0,0,1,0,1,0,0,0,0
synth_001245,thunderstrike,4,0.551,4.712,3.171,10.99,3000.0,2490.2,3.76,2486.44,0.1,25.92,5.37,139.23,60000.0,430.9,0.79,ENGINEERING_ASSESSMENT,CRITICAL,4.712,3.171,10.99,0,0,0,0,0,0,0,0,1
synth_002328,corrosion,1,0.747,0.236,1.986,9.138434681408205,2000.0,201.83,0.35,201.48,0.1,17.5,3.89,68.0,75000.0,1102.9,0.98,MONITOR,LOW,0.236,1.986,9.138434681408205,1,2,3,1,0,0,0,0,0
synth_000571,surface_injure,5,0.948,8.697,0.639,8.82,2500.0,803.92,65.6,738.32,4.78,1032.33,5.49,5667.6,55000.0,9.7,0.959,REPAIR,HIGH,8.697,0.639,8.82,2,1,2,0,0,0,0,1,0
synth_001435,craze,3,0.879,3.07,2.264,9.2,2000.0,774.58,16.79,757.8,1.27,219.32,5.94,1301.7,25000.0,19.2,0.805,REPAIR,HIGH,3.07,2.264,9.2,2,1,5,0,0,1,0,0,0
synth_002431,hide_craze,4,0.901,5.778,2.374,10.34,2500.0,1608.48,66.92,1541.56,2.44,526.37,6.21,3266.72,45000.0,13.8,0.782,REPAIR,HIGH,5.778,2.374,10.34,2,1,4,0,0,0,1,0,0
synth_000993,crack,4,0.451,1.007,1.881,12.57,4200.0,4200.0,0.01,4199.99,0.1,36.29,5.47,198.52,40000.0,201.5,0.857,ENGINEERING_ASSESSMENT,CRITICAL,1.007,1.881,12.57,0,0,1,0,1,0,0,0,0
synth_002031,hide_craze,3,0.825,3.033,3.327,9.73,2000.0,993.14,13.99,979.15,0.83,142.61,5.33,759.46,25000.0,32.9,0.93,REPAIR,HIGH,3.033,3.327,9.73,2,1,4,0,0,0,1,0,0
synth_003121,craze,1,0.568,0.881,2.408,11.66,4200.0,4200.0,0.01,4199.99,0.1,36.29,4.27,155.05,75000.0,483.7,0.8642600936220012,MONITOR,LOW,0.881,2.408,11.66,1,2,5,0,0,1,0,0,0
synth_000585,crack,4,0.533,5.418,1.024,12.15,4200.0,4200.0,0.03,4199.97,0.1,36.29,4.36,158.21,40000.0,252.8,0.972,ENGINEERING_ASSESSMENT,CRITICAL,5.418,1.024,12.15,0,0,1,0,1,0,0,0,0
synth_003526,thunderstrike,3,0.478,6.909,1.016,12.7,3000.0,3000.0,0.01,2999.99,0.1,25.92,4.47,115.92,60000.0,517.6,0.846,ENGINEERING_ASSESSMENT,CRITICAL,6.909,1.016,12.7,0,0,0,0,0,0,0,0,1
synth_000413,crack,5,0.378,5.008,2.0,7.57,3000.0,465.46,0.08,465.38,0.1,25.92,5.11,132.4,80000.0,604.2,0.892,ENGINEERING_ASSESSMENT,CRITICAL,5.008,2.0,7.57,0,0,1,0,1,0,0,0,0
synth_003590,crack,5,0.519,3.794,2.446,7.44,3600.0,512.28,0.71,511.57,0.1,31.1,4.03,125.46,60000.0,478.2,0.892,ENGINEERING_ASSESSMENT,CRITICAL,3.794,2.446,7.44,0,0,1,0,1,0,0,0,0
synth_001349,crack,5,0.462,5.262,2.116,11.88,2500.0,2500.0,0.01,2499.99,0.1,21.6,4.44,95.96,80000.0,833.7,0.816,ENGINEERING_ASSESSMENT,CRITICAL,5.262,2.116,11.88,0,0,1,0,1,0,0,0,0
synth_001007,hide_craze,1,0.247,2.802,1.235,9.74,2500.0,1246.12,0.0,1246.12,0.1,21.6,4.64,100.31,90000.0,897.2,0.87,MONITOR,LOW,2.802,1.235,9.74,1,2,4,0,0,0,1,0,0
synth_000674,corrosion,2,0.64,2.931,0.68,11.73,2500.0,2500.0,0.03,2499.97,0.1,21.6,3.82,82.57,75000.0,908.3,0.779,MONITOR,LOW,2.931,0.68,11.73,1,2,3,1,0,0,0,0,0
synth_002244,craze,3,0.811,7.993,0.548,9.45,2500.0,1090.03,14.75,1075.28,0.79,171.25,4.85,829.99,35000.0,42.2,0.8642600936220012,REPAIR,HIGH,7.993,0.548,9.45,2,1,5,0,0,1,0,0,0
synth_000855,craze,3,0.848,7.216,2.656,8.38,3600.0,911.31,16.41,894.9,1.05,328.07,6.32,2072.75,25000.0,12.1,0.9,REPAIR,HIGH,7.216,2.656,8.38,2,1,5,0,0,1,0,0,0
synth_000447,thunderstrike,5,0.55,4.052,2.346,10.94,3000.0,2445.72,4.92,2440.8,0.12,30.55,4.68,142.95,60000.0,419.7,0.77,ENGINEERING_ASSESSMENT,CRITICAL,4.052,2.346,10.94,0,0,0,0,0,0,0,0,1
synth_002522,corrosion,5,0.98,10.302,1.186,7.53,2000.0,303.68,31.24,272.44,6.02,1041.03,5.67,5907.62,35000.0,5.9,0.776,REPAIR,HIGH,10.302,1.186,7.53,2,1,3,1,0,0,0,0,0
synth_000865,craze,3,0.937,3.674,1.091,7.45,2000.0,287.88,9.66,278.21,1.97,339.72,5.52,1876.71,25000.0,13.3,0.79,REPAIR,HIGH,3.674,1.091,7.45,2,1,5,0,0,1,0,0,0
synth_002599,corrosion,1,0.418,1.081,2.12,10.6,3600.0,2574.22,0.1,2574.13,0.1,31.1,3.62,112.55,90000.0,799.6,0.793,MONITOR,LOW,1.081,2.12,10.6,1,2,3,1,0,0,0,0,0
synth_002711,craze,3,0.809,5.014,1.538,9.138434681408205,2500.0,2101.61,26.91,2074.7,0.75,161.98,4.24,686.82,25000.0,36.4,0.8,REPAIR,HIGH,5.014,1.538,9.138434681408205,2,1,5,0,0,1,0,0,0
synth_003204,corrosion,3,0.481,1.385,2.165,11.66,2500.0,2500.0,0.01,2499.99,0.1,21.6,4.47,96.58,60000.0,621.2,0.911,MONITOR,LOW,1.385,2.165,11.66,1,2,3,1,0,0,0,0,0
synth_002855,craze,5,0.926,7.811,3.438,9.76,3600.0,1813.2,125.33,1687.87,4.05,1259.26,6.33,7965.42,35000.0,4.4,0.925,REPAIR,HIGH,7.811,3.438,9.76,2,1,5,0,0,1,0,0,0
synth_002257,crack,4,0.805,10.161,1.203,7.78,3000.0,534.15,10.89,523.26,1.19,309.49,4.27,1322.81,25000.0,18.9,0.854,REPAIR,HIGH,10.161,1.203,7.78,2,1,1,0,1,0,0,0,0
synth_001690,crack,4,0.772,7.388,2.392,12.31,3000.0,3000.0,0.3,2999.7,0.88,228.09,5.16,1176.35,60000.0,51.0,0.833,ENGINEERING_ASSESSMENT,CRITICAL,7.388,2.392,12.31,0,0,1,0,1,0,0,0,0
synth_003200,corrosion,2,0.521,0.669,3.041,10.92,3000.0,2429.41,0.81,2428.6,0.1,25.92,3.94,102.05,75000.0,734.9,0.976,MONITOR,LOW,0.669,3.041,10.92,1,2,3,1,0,0,0,0,0
synth_003258,hide_craze,5,0.859,5.5,2.346,9.24,2500.0,991.22,40.25,950.97,2.38,513.67,5.94,3051.01,35000.0,11.5,0.864,REPAIR,HIGH,5.5,2.346,9.24,2,1,4,0,0,0,1,0,0
synth_001247,craze,4,0.93,3.417,2.225,7.18,3000.0,356.76,17.66,339.1,2.9,751.33,5.2,3905.08,25000.0,6.4,0.863,REPAIR,HIGH,3.417,2.225,7.18,2,1,5,0,0,1,0,0,0
synth_001985,corrosion,2,0.556,1.872,2.846,11.58,2500.0,2500.0,0.01,2499.99,0.1,21.6,3.79,81.85,75000.0,916.3,0.864,MONITOR,LOW,1.872,2.846,11.58,1,2,3,1,0,0,0,0,0
synth_000294,thunderstrike,3,0.503,4.378,0.548,10.07,3000.0,1723.93,0.9,1723.02,0.1,25.92,4.27,110.79,60000.0,541.6,0.943,ENGINEERING_ASSESSMENT,CRITICAL,4.378,0.548,10.07,0,0,0,0,0,0,0,0,1
synth_001547,craze,5,0.957,7.67,3.307,7.14,3600.0,417.43,35.98,381.45,5.05,1570.42,5.55,8711.6,45000.0,5.2,0.908,REPAIR,HIGH,7.67,3.307,7.14,2,1,5,0,0,1,0,0,0
synth_002012,corrosion,3,0.878,8.026,1.299,10.85,3600.0,2839.28,65.07,2774.21,1.34,417.5,4.77,1991.85,45000.0,22.6,0.819,REPAIR,HIGH,8.026,1.299,10.85,2,1,3,1,0,0,0,0,0
synth_000588,crack,4,0.742,3.794,2.726,6.47,2000.0,135.61,1.55,134.06,0.67,115.8,3.82,442.28,60000.0,135.7,0.778,ENGINEERING_ASSESSMENT,CRITICAL,3.794,2.726,6.47,0,0,1,0,1,0,0,0,0
synth_001741,craze,5,0.971,8.524,2.32,10.93,2000.0,1625.87,155.73,1470.13,5.61,969.45,5.87,5686.57,35000.0,6.2,0.897,REPAIR,HIGH,8.524,2.32,10.93,2,1,5,0,0,1,0,0,0
synth_001281,surface_injure,4,0.967,3.726,0.687,9.138434681408205,2000.0,1045.93,67.42,978.5,3.78,652.44,5.8,3784.28,35000.0,9.2,0.762,REPAIR,HIGH,3.726,0.687,9.138434681408205,2,1,2,0,0,0,0,1,0
synth_003215,corrosion,1,0.42,2.176,2.074,9.138434681408205,2000.0,206.01,0.01,206.0,0.1,17.28,4.3,74.28,90000.0,1211.6,0.79,MONITOR,LOW,2.176,2.074,9.138434681408205,1,2,3,1,0,0,0,0,0
synth_002323,craze,4,0.877,9.238,1.196,11.18,3000.0,2669.06,95.33,2573.73,2.09,542.26,6.15,3332.74,55000.0,16.5,0.775,REPAIR,HIGH,9.238,1.196,11.18,2,1,5,0,0,1,0,0,0
synth_001950,corrosion,1,0.416,1.383,1.633,7.89,4200.0,801.04,0.03,801.01,0.1,36.29,4.39,159.36,50000.0,313.8,0.842,MONITOR,LOW,1.383,1.633,7.89,1,2,3,1,0,0,0,0,0
synth_003495,crack,3,0.622,5.953,2.809,9.63,3600.0,1705.89,3.81,1702.08,0.13,40.66,4.12,167.42,80000.0,477.8,0.955,ENGINEERING_ASSESSMENT,CRITICAL,5.953,2.809,9.63,0,0,1,0,1,0,0,0,0
synth_003098,crack,3,0.819,4.885,2.564,9.49,2000.0,891.89,12.43,879.46,0.82,141.06,3.87,545.43,40000.0,73.3,0.915,ENGINEERING_ASSESSMENT,CRITICAL,4.885,2.564,9.49,0,0,1,0,1,0,0,0,0
synth_002615,craze,1,0.702,1.726,1.908,10.85,2500.0,1967.64,2.42,1965.22,0.1,21.6,4.0,86.44,90000.0,1041.2,0.969,MONITOR,LOW,1.726,1.908,10.85,1,2,5,0,0,1,0,0,0
synth_002057,corrosion,5,0.892,6.92,2.267,11.13,3000.0,2627.73,140.15,2487.59,3.12,809.7,5.97,4836.23,45000.0,9.3,0.777,REPAIR,HIGH,6.92,2.267,11.13,2,1,3,1,0,0,0,0,0
synth_002932,corrosion,1,0.707,2.722,1.241,9.138434681408205,3000.0,339.42,0.45,338.97,0.1,25.92,3.76,97.46,75000.0,769.5,0.823,MONITOR,LOW,2.722,1.241,9.138434681408205,1,2,3,1,0,0,0,0,0
synth_001417,thunderstrike,5,0.336,6.607,0.566,7.59,3000.0,473.58,0.04,473.54,0.1,25.92,4.66,120.89,40000.0,330.9,0.969,ENGINEERING_ASSESSMENT,CRITICAL,6.607,0.566,7.59,0,0,0,0,0,0,0,0,1
synth_000425,surface_injure,1,0.352,2.1,1.031,6.58,3600.0,270.05,0.0,270.04,0.1,31.1,4.98,154.93,75000.0,484.1,0.759,MONITOR,LOW,2.1,1.031,6.58,1,2,2,0,0,0,0,1,0
synth_001054,hide_craze,4,0.825,4.83,1.269,10.17,4200.0,2521.54,57.24,2464.3,1.33,482.5,4.25,2049.65,55000.0,26.8,0.767,REPAIR,HIGH,4.83,1.269,10.17,2,1,4,0,0,0,1,0,0
synth_002995,craze,3,0.888,3.794,3.182,8.61,2500.0,717.35,18.34,699.01,1.5,323.51,4.73,1530.32,35000.0,22.9,0.973,REPAIR,HIGH,3.794,3.182,8.61,2,1,5,0,0,1,0,0,0
synth_000556,thunderstrike,4,0.694,5.423,2.77,10.27,4200.0,2628.36,18.83,2609.53,0.42,152.28,4.67,710.4,60000.0,84.5,0.917,ENGINEERING_ASSESSMENT,CRITICAL,5.423,2.77,10.27,0,0,0,0,0,0,0,0,1
synth_003189,thunderstrike,4,0.892,6.058,0.773,7.82,3600.0,655.4,25.49,629.9,2.28,708.65,4.18,2963.57,80000.0,27.0,0.769,ENGINEERING_ASSESSMENT,CRITICAL,6.058,0.773,7.82,0,0,0,0,0,0,0,0,1
synth_003186,surface_injure,5,0.917,9.269,1.027,8.62,3600.0,1039.35,68.33,971.02,3.85,1197.74,6.14,7349.0,55000.0,7.5,0.819,REPAIR,HIGH,9.269,1.027,8.62,2,1,2,0,0,0,0,1,0
synth_003010,hide_craze,3,0.886,11.646,0.74,7.09,2500.0,278.97,7.01,271.96,1.47,318.06,4.5,1430.89,55000.0,38.4,0.799,REPAIR,HIGH,11.646,0.74,7.09,2,1,4,0,0,0,1,0,0
synth_001193,thunderstrike,4,0.825,1.377,2.148,5.7,2000.0,63.87,1.34,62.53,1.23,211.99,4.38,928.74,40000.0,43.1,0.896,ENGINEERING_ASSESSMENT,CRITICAL,1.377,2.148,5.7,0,0,0,0,0,0,0,0,1
synth_001716,craze,2,0.32,1.232,1.306,10.58,2500.0,1774.14,0.02,1774.12,0.1,21.6,3.67,79.31,75000.0,945.7,0.829,MONITOR,LOW,1.232,1.306,10.58,1,2,5,0,0,1,0,0,0
synth_002451,hide_craze,1,0.334,0.447,0.811,9.39,4200.0,1788.36,0.01,1788.35,0.1,36.29,4.09,148.26,75000.0,505.9,0.936,MONITOR,LOW,0.447,0.811,9.39,1,2,4,0,0,0,1,0,0
synth_003245,corrosion,2,0.514,2.192,0.557,6.94,4200.0,418.01,0.14,417.88,0.1,36.29,3.64,132.11,75000.0,567.7,0.854,MONITOR,LOW,2.192,0.557,6.94,1,2,3,1,0,0,0,0,0
synth_002923,hide_craze,2,0.212,2.674,2.898,10.02,3600.0,2031.67,0.0,2031.67,0.1,31.1,4.07,126.51,90000.0,711.4,0.783,MONITOR,LOW,2.674,2.898,10.02,1,2,4,0,0,0,1,0,0
synth_001285,hide_craze,5,0.839,9.524,2.791,7.81,3600.0,654.28,23.66,630.62,2.12,658.73,6.4,4214.24,25000.0,5.9,0.975,REPAIR,HIGH,9.524,2.791,7.81,2,1,4,0,0,0,1,0,0
synth_002248,craze,5,0.895,11.219,2.547,10.98,3000.0,2479.89,140.01,2339.88,3.31,857.12,6.1,5232.63,35000.0,6.7,0.867,REPAIR,HIGH,11.219,2.547,10.98,2,1,5,0,0,1,0,0,0
synth_002273,crack,3,0.431,5.558,1.084,12.33,3600.0,3600.0,0.0,3600.0,0.1,31.1,3.75,116.63,40000.0,343.0,0.837,ENGINEERING_ASSESSMENT,CRITICAL,5.558,1.084,12.33,0,0,1,0,1,0,0,0,0
synth_002882,corrosion,3,0.829,4.954,2.002,7.77,3600.0,635.84,9.56,626.27,0.88,274.05,4.47,1224.63,45000.0,36.7,0.813,REPAIR,HIGH,4.954,2.002,7.77,2,1,3,1,0,0,0,0,0
synth_001889,corrosion,1,0.528,0.621,1.221,7.1,4200.0,472.02,0.08,471.94,0.1,36.29,4.2,152.28,90000.0,591.0,0.845,MONITOR,LOW,0.621,1.221,7.1,1,2,3,1,0,0,0,0,0
synth_001591,crack,4,0.652,3.794,2.896,12.79,3000.0,3000.0,0.1,2999.9,0.25,65.34,4.16,271.59,60000.0,220.9,0.917,ENGINEERING_ASSESSMENT,CRITICAL,3.794,2.896,12.79,0,0,1,0,1,0,0,0,0
synth_003599,crack,4,0.81,7.694,1.334,12.68,2500.0,2500.0,0.34,2499.66,1.21,261.97,5.43,1421.56,80000.0,56.3,0.808,ENGINEERING_ASSESSMENT,CRITICAL,7.694,1.334,12.68,0,0,1,0,1,0,0,0,0
synth_002630,corrosion,2,0.588,2.98,2.235,4.42,2000.0,9.24,0.01,9.23,0.1,17.28,4.68,80.92,90000.0,1112.2,0.944,MONITOR,LOW,2.98,2.235,4.42,1,2,3,1,0,0,0,0,0
synth_002906,crack,3,0.334,1.42,2.005,12.84,4200.0,4200.0,0.0,4200.0,0.1,36.29,5.22,189.4,80000.0,422.4,0.811,ENGINEERING_ASSESSMENT,CRITICAL,1.42,2.005,12.84,0,0,1,0,1,0,0,0,0
synth_001137,craze,1,0.477,0.318,1.691,8.79,3600.0,1135.43,0.1,1135.33,0.1,31.1,4.78,148.73,90000.0,605.1,0.837,MONITOR,LOW,0.318,1.691,8.79,1,2,5,0,0,1,0,0,0
synth_002302,thunderstrike,3,0.904,5.783,2.363,11.55,2500.0,2500.0,0.46,2499.54,1.59,344.38,4.61,1587.93,40000.0,25.2,0.783,ENGINEERING_ASSESSMENT,CRITICAL,5.783,2.363,11.55,0,0,0,0,0,0,0,0,1
synth_003383,crack,3,0.877,3.019,2.588,8.31,3000.0,732.32,15.57,716.75,1.25,322.83,3.94,1270.64,60000.0,47.2,0.948,ENGINEERING_ASSESSMENT,CRITICAL,3.019,2.588,8.31,0,0,1,0,1,0,0,0,0
synth_003401,thunderstrike,5,0.347,5.231,2.26,12.7,2500.0,2500.0,0.0,2500.0,0.1,21.6,3.73,80.59,80000.0,992.7,0.813,ENGINEERING_ASSESSMENT,CRITICAL,5.231,2.26,12.7,0,0,0,0,0,0,0,0,1
synth_001711,corrosion,1,0.28,0.21,2.913,8.91,2000.0,671.37,0.0,671.37,0.1,17.28,3.54,61.25,75000.0,1224.5,0.812,MONITOR,LOW,0.21,2.913,8.91,1,2,3,1,0,0,0,0,0
synth_003368,corrosion,3,0.743,6.457,3.161,9.09,3000.0,1105.72,8.17,1097.55,0.43,112.18,3.79,425.06,60000.0,141.2,0.94,ENGINEERING_ASSESSMENT,MEDIUM,6.457,3.161,9.09,0,3,3,1,0,0,0,0,0
synth_000453,crack,4,0.539,2.031,1.197,9.138434681408205,3000.0,328.33,0.4,327.92,0.1,25.92,4.13,106.96,40000.0,374.0,0.752,ENGINEERING_ASSESSMENT,CRITICAL,2.031,1.197,9.138434681408205,0,0,1,0,1,0,0,0,0
synth_000913,thunderstrike,5,0.38,7.496,0.962,9.54,3600.0,1640.48,0.29,1640.19,0.1,31.1,4.97,154.54,80000.0,517.7,0.773,ENGINEERING_ASSESSMENT,CRITICAL,7.496,0.962,9.54,0,0,0,0,0,0,0,0,1
synth_002429,craze,1,0.285,1.779,0.531,9.67,4200.0,2027.9,0.01,2027.89,0.1,36.29,4.83,175.29,90000.0,513.4,0.822,MONITOR,LOW,1.779,0.531,9.67,1,2,5,0,0,1,0,0,0
synth_001199,thunderstrike,4,0.594,3.794,0.585,7.09,2000.0,222.95,0.57,222.38,0.15,25.92,4.41,114.21,40000.0,350.2,0.929,ENGINEERING_ASSESSMENT,CRITICAL,3.794,0.585,7.09,0,0,0,0,0,0,0,0,1
synth_001274,crack,3,0.428,7.025,2.289,6.47,2500.0,169.54,0.03,169.51,0.1,21.6,5.32,114.85,80000.0,696.6,0.937,ENGINEERING_ASSESSMENT,CRITICAL,7.025,2.289,6.47,0,0,1,0,1,0,0,0,0
synth_000037,corrosion,4,0.923,10.237,1.545,8.27,3000.0,714.31,36.22,678.09,2.97,769.82,4.3,3306.69,25000.0,7.6,0.8642600936220012,REPAIR,HIGH,10.237,1.545,8.27,2,1,3,1,0,0,0,0,0
synth_000974,surface_injure,5,0.953,8.115,2.083,9.27,3600.0,1442.85,120.91,1321.94,4.91,1526.68,5.61,8572.12,35000.0,4.1,0.882,REPAIR,HIGH,8.115,2.083,9.27,2,1,2,0,0,0,0,1,0
synth_000983,craze,2,0.309,0.234,1.782,9.29,3600.0,1459.3,0.01,1459.28,0.1,31.1,3.93,122.35,90000.0,735.6,0.812,MONITOR,LOW,0.234,1.782,9.29,1,2,5,0,0,1,0,0,0
synth_002411,corrosion,1,0.556,0.589,2.88,5.46,2500.0,60.82,0.01,60.81,0.1,21.6,4.71,101.63,75000.0,738.0,0.853,MONITOR,LOW,0.589,2.88,5.46,1,2,3,1,0,0,0,0,0
synth_001418,craze,4,0.894,3.219,2.826,9.08,4200.0,1539.18,58.31,1480.88,2.22,805.13,6.47,5211.72,45000.0,8.6,0.929,REPAIR,HIGH,3.219,2.826,9.08,2,1,5,0,0,1,0,0,0
synth_001560,hide_craze,3,0.598,2.399,2.344,13.11,2500.0,2500.0,0.03,2499.97,0.1,21.6,3.81,82.39,80000.0,971.0,0.952,MONITOR,LOW,2.399,2.344,13.11,1,2,4,0,0,0,1,0,0
synth_000039,craze,3,0.877,9.529,2.016,8.07,2000.0,424.94,9.82,415.12,1.35,233.93,4.94,1156.63,25000.0,21.6,0.824,REPAIR,HIGH,9.529,2.016,8.07,2,1,5,0,0,1,0,0,0
synth_001486,crack,4,0.866,6.431,0.595,5.84,3000.0,111.88,3.58,108.31,1.87,485.53,5.28,2563.9,60000.0,23.4,0.949,ENGINEERING_ASSESSMENT,CRITICAL,6.431,0.595,5.84,0,0,1,0,1,0,0,0,0
synth_002298,thunderstrike,4,0.818,1.925,0.923,5.73,2500.0,82.56,1.67,80.89,1.19,256.06,3.88,992.39,40000.0,40.3,0.874,ENGINEERING_ASSESSMENT,CRITICAL,1.925,0.923,5.73,0,0,0,0,0,0,0,0,1
synth_000169,hide_craze,3,0.835,3.053,1.392,11.48,3000.0,2975.61,45.43,2930.18,0.89,231.76,4.14,960.52,55000.0,57.3,0.789,REPAIR,HIGH,3.053,1.392,11.48,2,1,4,0,0,0,1,0,0
synth_001355,craze,3,0.955,4.589,1.157,11.26,2000.0,1837.01,71.25,1765.76,2.27,392.57,6.39,2506.71,45000.0,18.0,0.828,REPAIR,HIGH,4.589,1.157,11.26,2,1,5,0,0,1,0,0,0
synth_003558,thunderstrike,5,0.496,4.544,1.209,7.78,2500.0,443.57,0.45,443.12,0.1,21.6,5.46,117.94,80000.0,678.3,0.911,ENGINEERING_ASSESSMENT,CRITICAL,4.544,1.209,7.78,0,0,0,0,0,0,0,0,1
synth_003247,surface_injure,4,0.953,7.389,1.456,10.74,4200.0,3165.16,194.45,2970.71,3.6,1305.74,6.38,8330.68,25000.0,3.0,0.93,REPAIR,HIGH,7.389,1.456,10.74,2,1,2,0,0,0,0,1,0
synth_002367,craze,3,0.863,3.778,1.29,7.06,2000.0,217.97,4.22,213.75,1.13,195.79,5.1,997.78,55000.0,55.1,0.89,REPAIR,HIGH,3.778,1.29,7.06,2,1,5,0,0,1,0,0,0
synth_002378,thunderstrike,3,0.701,5.224,2.364,14.13,3000.0,3000.0,0.1,2999.9,0.29,74.78,4.62,345.46,60000.0,173.7,0.835,ENGINEERING_ASSESSMENT,CRITICAL,5.224,2.364,14.13,0,0,0,0,0,0,0,0,1
synth_001640,hide_craze,5,0.879,3.001,1.373,7.81,2000.0,362.69,16.49,346.21,2.66,460.03,5.57,2561.16,25000.0,9.8,0.843,REPAIR,HIGH,3.001,1.373,7.81,2,1,4,0,0,0,1,0,0
synth_001290,corrosion,5,0.842,8.295,1.306,9.52,2000.0,903.53,33.15,870.38,2.15,371.37,6.29,2334.71,25000.0,10.7,0.953,REPAIR,HIGH,8.295,1.306,9.52,2,1,3,1,0,0,0,0,0
synth_001380,surface_injure,2,0.609,2.411,0.621,5.56,2500.0,68.47,0.07,68.4,0.1,21.6,4.4,95.03,50000.0,526.1,0.841,MONITOR,LOW,2.411,0.621,5.56,1,2,2,0,0,0,0,1,0
synth_001933,crack,4,0.84,4.356,2.673,7.61,2500.0,399.46,10.17,389.29,1.49,322.04,3.77,1215.44,60000.0,49.4,0.973,ENGINEERING_ASSESSMENT,CRITICAL,4.356,2.673,7.61,0,0,1,0,1,0,0,0,0
synth_000579,crack,5,0.306,1.14,0.522,10.87,3600.0,2853.06,0.1,2852.95,0.1,31.1,4.41,137.18,60000.0,437.4,0.915,ENGINEERING_ASSESSMENT,CRITICAL,1.14,0.522,10.87,0,0,1,0,1,0,0,0,0
synth_002030,surface_injure,2,0.273,1.229,2.331,5.19,4200.0,72.18,0.0,72.18,0.1,36.29,4.39,159.24,90000.0,565.2,0.907,MONITOR,LOW,1.229,2.331,5.19,1,2,2,0,0,0,0,1,0
synth_000892,corrosion,2,0.539,0.309,0.839,9.27,3600.0,1446.0,0.59,1445.41,0.1,31.1,3.91,121.56,90000.0,740.4,0.82,MONITOR,LOW,0.309,0.839,9.27,1,2,3,1,0,0,0,0,0
synth_000780,corrosion,1,0.316,2.846,2.011,7.85,3000.0,558.83,0.0,558.83,0.1,25.92,4.36,112.93,50000.0,442.8,0.852,MONITOR,LOW,2.846,2.011,7.85,1,2,3,1,0,0,0,0,0
synth_000159,corrosion,4,0.86,2.997,2.692,8.7,3600.0,1087.4,31.53,1055.86,1.7,528.32,4.91,2592.66,45000.0,17.4,0.764,REPAIR,HIGH,2.997,2.692,8.7,2,1,3,1,0,0,0,0,0
synth_000002,thunderstrike,5,0.596,6.496,0.639,7.0,3000.0,311.88,1.12,310.76,0.21,54.33,4.53,246.03,40000.0,162.6,0.906,ENGINEERING_ASSESSMENT,CRITICAL,6.496,0.639,7.0,0,0,0,0,0,0,0,0,1
synth_000849,hide_craze,4,0.825,9.747,0.935,9.31,3600.0,1471.96,35.09,1436.87,1.4,434.25,5.68,2465.18,45000.0,18.3,0.888,REPAIR,HIGH,9.747,0.935,9.31,2,1,4,0,0,0,1,0,0
synth_002164,corrosion,5,0.958,2.512,3.081,10.79,3000.0,2311.28,185.5,2125.78,4.7,1218.44,5.27,6415.41,45000.0,7.0,0.91,REPAIR,HIGH,2.512,3.081,10.79,2,1,3,1,0,0,0,0,0
synth_001596,corrosion,1,0.302,1.033,0.669,8.68,4200.0,1250.64,0.01,1250.63,0.1,36.29,4.16,150.95,90000.0,596.2,0.808,MONITOR,LOW,1.033,0.669,8.68,1,2,3,1,0,0,0,0,0
synth_001776,craze,4,0.933,4.116,0.599,7.02,2000.0,211.51,10.82,200.69,3.0,517.63,4.8,2485.69,25000.0,10.1,0.95,REPAIR,HIGH,4.116,0.599,7.02,2,1,5,0,0,1,0,0,0
synth_001913,corrosion,4,0.83,3.052,0.857,10.83,3600.0,2819.0,64.73,2754.27,1.35,418.35,5.83,2437.35,35000.0,14.4,0.813,REPAIR,HIGH,3.052,0.857,10.83,2,1,3,1,0,0,0,0,0
synth_001043,craze,2,0.37,1.137,1.193,4.07,4200.0,8.39,0.0,8.39,0.1,36.29,3.79,137.38,90000.0,655.1,0.979,MONITOR,LOW,1.137,1.193,4.07,1,2,5,0,0,1,0,0,0
synth_001544,thunderstrike,5,0.317,4.958,3.198,5.96,3600.0,152.14,0.01,152.14,0.1,31.1,5.17,160.75,80000.0,497.7,0.849,ENGINEERING_ASSESSMENT,CRITICAL,4.958,3.198,5.96,0,0,0,0,0,0,0,0,1
synth_003159,surface_injure,4,0.848,7.427,2.864,9.41,2000.0,858.66,24.13,834.53,1.65,284.42,5.93,1685.76,55000.0,32.6,0.773,REPAIR,HIGH,7.427,2.864,9.41,2,1,2,0,0,0,0,1,0
synth_000053,craze,1,0.725,0.78,1.574,11.03,2500.0,2104.47,3.09,2101.38,0.1,21.6,4.64,100.13,75000.0,749.0,0.865,MONITOR,LOW,0.78,1.574,11.03,1,2,5,0,0,1,0,0,0
synth_003466,crack,3,0.51,4.266,2.828,10.76,3000.0,2279.5,1.31,2278.19,0.1,25.92,5.28,136.75,60000.0,438.8,0.921,ENGINEERING_ASSESSMENT,CRITICAL,4.266,2.828,10.76,0,0,1,0,1,0,0,0,0
synth_001911,craze,5,0.887,2.57,1.073,8.57,2500.0,702.93,33.75,669.18,2.81,607.47,5.52,3352.38,45000.0,13.4,0.873,REPAIR,HIGH,2.57,1.073,8.57,2,1,5,0,0,1,0,0,0
synth_002422,hide_craze,2,0.623,1.584,3.3,4.34,3600.0,13.96,0.02,13.95,0.1,31.1,3.79,117.83,50000.0,424.3,0.86,MONITOR,LOW,1.584,3.3,4.34,1,2,4,0,0,0,1,0,0
synth_000824,craze,5,0.963,9.571,2.199,9.79,4200.0,2138.57,194.55,1944.01,5.33,1933.61,6.01,11616.53,25000.0,2.2,0.856,REPAIR,HIGH,9.571,2.199,9.79,2,1,5,0,0,1,0,0,0
synth_003217,craze,3,0.957,4.11,2.494,7.97,2500.0,499.36,19.43,479.94,2.28,492.22,5.15,2534.74,25000.0,9.9,0.789,REPAIR,HIGH,4.11,2.494,7.97,2,1,5,0,0,1,0,0,0
synth_001389,thunderstrike,3,0.872,7.749,2.084,8.25,4200.0,987.09,21.62,965.47,1.28,465.59,5.1,2373.3,60000.0,25.3,0.791,ENGINEERING_ASSESSMENT,CRITICAL,7.749,2.084,8.25,0,0,0,0,0,0,0,0,1
synth_002948,corrosion,1,0.249,0.692,1.348,6.8,3600.0,321.9,0.0,321.9,0.1,31.1,3.87,120.33,75000.0,623.3,0.938,MONITOR,LOW,0.692,1.348,6.8,1,2,3,1,0,0,0,0,0
synth_002254,craze,3,0.853,3.931,2.166,11.24,2000.0,1820.19,32.78,1787.41,1.05,182.26,5.55,1011.98,25000.0,24.7,0.92,REPAIR,HIGH,3.931,2.166,11.24,2,1,5,0,0,1,0,0,0
synth_001607,hide_craze,5,0.857,9.975,1.741,11.16,3000.0,2649.96,110.64,2539.32,2.45,633.86,5.5,3485.12,45000.0,12.9,0.97,REPAIR,HIGH,9.975,1.741,11.16,2,1,4,0,0,0,1,0,0
synth_001594,crack,3,0.89,1.399,1.418,7.06,2500.0,271.84,6.09,265.75,1.31,283.43,4.45,1262.34,60000.0,47.5,0.967,ENGINEERING_ASSESSMENT,CRITICAL,1.399,1.418,7.06,0,0,1,0,1,0,0,0,0
synth_000771,crack,4,0.475,6.605,0.846,9.54,4200.0,1911.89,1.1,1910.8,0.1,36.29,4.84,175.68,80000.0,455.4,0.978,ENGINEERING_ASSESSMENT,CRITICAL,6.605,0.846,9.54,0,0,1,0,1,0,0,0,0
synth_001868,craze,1,0.499,1.193,1.424,10.5,2500.0,1719.87,0.21,1719.66,0.1,21.6,4.24,91.64,90000.0,982.1,0.766,MONITOR,LOW,1.193,1.424,10.5,1,2,5,0,0,1,0,0,0
synth_001085,surface_injure,2,0.579,0.306,2.904,4.34,3000.0,11.86,0.01,11.85,0.1,25.92,4.81,124.55,50000.0,401.4,0.891,MONITOR,LOW,0.306,2.904,4.34,1,2,2,0,0,0,0,1,0
synth_002458,surface_injure,2,0.676,1.74,1.22,6.47,2500.0,170.49,0.34,170.16,0.12,25.15,4.26,107.02,90000.0,841.0,0.753,MONITOR,LOW,1.74,1.22,6.47,1,2,2,0,0,0,0,1,0
synth_001325,corrosion,3,0.813,3.238,1.437,11.32,4200.0,3937.04,50.59,3886.45,0.75,273.11,6.2,1692.59,45000.0,26.6,0.801,REPAIR,HIGH,3.238,1.437,11.32,2,1,3,1,0,0,0,0,0
synth_001463,hide_craze,4,0.963,2.661,2.949,9.35,4200.0,1750.64,107.57,1643.06,3.6,1306.06,4.84,6318.87,55000.0,8.7,0.814,REPAIR,HIGH,2.661,2.949,9.35,2,1,4,0,0,0,1,0,0
synth_000806,corrosion,4,0.872,6.052,1.416,11.28,3000.0,2772.27,93.01,2679.25,1.97,509.37,4.06,2065.75,45000.0,21.8,0.824,REPAIR,HIGH,6.052,1.416,11.28,2,1,3,1,0,0,0,0,0
synth_002212,surface_injure,1,0.334,2.276,1.964,5.05,3600.0,50.27,0.0,50.27,0.1,31.1,4.7,146.06,50000.0,342.3,0.8642600936220012,MONITOR,LOW,2.276,1.964,5.05,1,2,2,0,0,0,0,1,0
synth_002234,hide_craze,2,0.591,2.122,3.125,8.54,3600.0,994.67,0.82,993.86,0.1,31.1,4.1,127.38,50000.0,392.5,0.909,MONITOR,LOW,2.122,3.125,8.54,1,2,4,0,0,0,1,0,0
synth_002108,surface_injure,5,0.851,7.56,1.536,7.86,3600.0,672.76,26.32,646.45,2.29,712.65,5.58,3977.54,45000.0,11.3,0.82,REPAIR,HIGH,7.56,1.536,7.86,2,1,2,0,0,0,0,1,0
synth_002564,hide_craze,4,0.87,2.639,0.602,9.97,2500.0,1379.73,43.06,1336.68,1.83,394.81,4.0,1579.35,35000.0,22.2,0.783,REPAIR,HIGH,2.639,0.602,9.97,2,1,4,0,0,0,1,0,0
synth_003535,thunderstrike,5,0.785,3.904,1.407,14.36,3000.0,3000.0,0.45,2999.55,1.27,330.35,3.68,1216.43,60000.0,49.3,0.961,ENGINEERING_ASSESSMENT,CRITICAL,3.904,1.407,14.36,0,0,0,0,0,0,0,0,1
synth_000963,corrosion,1,0.533,1.628,0.528,8.98,3600.0,1250.87,0.24,1250.63,0.1,31.1,4.09,127.29,90000.0,707.0,0.855,MONITOR,LOW,1.628,0.528,8.98,1,2,3,1,0,0,0,0,0
synth_000398,craze,4,0.815,6.723,2.881,9.27,3000.0,1204.57,25.71,1178.85,1.25,324.04,4.29,1391.17,35000.0,25.2,0.883,REPAIR,HIGH,6.723,2.881,9.27,2,1,5,0,0,1,0,0,0
synth_003371,crack,4,0.306,5.675,1.223,9.138434681408205,4200.0,2751.27,0.08,2751.19,0.1,36.29,4.49,163.12,80000.0,490.4,0.841,ENGINEERING_ASSESSMENT,CRITICAL,5.675,1.223,9.138434681408205,0,0,1,0,1,0,0,0,0
synth_000704,corrosion,4,0.831,5.185,2.792,9.07,2500.0,912.2,21.84,890.35,1.4,302.93,5.68,1720.12,45000.0,26.2,0.961,REPAIR,HIGH,5.185,2.792,9.07,2,1,3,1,0,0,0,0,0
synth_000431,hide_craze,1,0.334,0.343,3.151,7.18,2500.0,297.81,0.0,297.81,0.1,21.6,4.27,92.18,90000.0,976.4,0.783,MONITOR,LOW,0.343,3.151,7.18,1,2,4,0,0,0,1,0,0
synth_000292,hide_craze,3,0.892,11.363,0.795,10.72,2000.0,1500.59,39.18,1461.41,1.53,264.24,5.74,1517.54,55000.0,36.2,0.778,REPAIR,HIGH,11.363,0.795,10.72,2,1,4,0,0,0,1,0,0
synth_003397,crack,4,0.683,3.718,3.167,14.84,3600.0,3600.0,0.16,3599.84,0.37,114.94,3.63,417.52,80000.0,191.6,0.963,ENGINEERING_ASSESSMENT,CRITICAL,3.718,3.167,14.84,0,0,1,0,1,0,0,0,0
synth_000145,surface_injure,3,0.902,3.537,2.503,9.93,2500.0,1353.24,35.14,1318.1,1.52,328.55,5.91,1942.71,55000.0,28.3,0.925,REPAIR,HIGH,3.537,2.503,9.93,2,1,2,0,0,0,0,1,0
synth_002033,surface_injure,5,0.813,7.396,1.0,9.41,2000.0,857.53,24.61,832.92,1.68,290.48,6.15,1787.03,55000.0,30.8,0.77,REPAIR,HIGH,7.396,1.0,9.41,2,1,2,0,0,0,0,1,0
synth_002534,corrosion,2,0.209,0.321,0.633,10.42,2500.0,1663.4,0.0,1663.4,0.1,21.6,4.3,92.86,75000.0,807.7,0.891,MONITOR,LOW,0.321,0.633,10.42,1,2,3,1,0,0,0,0,0
synth_001165,craze,4,0.94,5.139,0.844,10.0,3000.0,1677.34,91.93,1585.41,3.21,832.04,6.24,5191.63,35000.0,6.7,0.787,REPAIR,HIGH,5.139,0.844,10.0,2,1,5,0,0,1,0,0,0
synth_002050,surface_injure,5,0.891,7.98,1.385,11.1,3600.0,3116.78,166.71,2950.07,3.13,974.43,6.11,5950.41,25000.0,4.2,0.831,REPAIR,HIGH,7.98,1.385,11.1,2,1,2,0,0,0,0,1,0
synth_002788,corrosion,2,0.256,2.546,2.7,11.89,4200.0,4200.0,0.0,4200.0,0.1,36.29,4.83,175.41,75000.0,427.6,0.877,MONITOR,LOW,2.546,2.7,11.89,1,2,3,1,0,0,0,0,0
synth_000339,surface_injure,2,0.209,1.946,2.035,10.1,2500.0,1456.02,0.0,1456.02,0.1,21.6,3.56,76.86,90000.0,1171.0,0.88,MONITOR,LOW,1.946,2.035,10.1,1,2,2,0,0,0,0,1,0
synth_002177,surface_injure,4,0.974,10.549,2.637,9.13,4200.0,1577.76,115.46,1462.3,4.29,1555.37,5.39,8386.55,25000.0,3.0,0.787,REPAIR,HIGH,10.549,2.637,9.13,2,1,2,0,0,0,0,1,0
synth_000265,surface_injure,4,0.82,7.666,1.637,7.45,2500.0,358.58,8.08,350.5,1.32,285.08,5.72,1630.69,25000.0,15.3,0.754,REPAIR,HIGH,7.666,1.637,7.45,2,1,2,0,0,0,0,1,0
synth_002804,corrosion,3,0.906,6.082,2.28,7.71,2000.0,341.35,9.47,331.88,1.62,280.8,5.47,1534.93,45000.0,29.3,0.808,REPAIR,HIGH,6.082,2.28,7.71,2,1,3,1,0,0,0,0,0
synth_001771,craze,1,0.515,0.282,2.63,4.47,4200.0,21.55,0.0,21.55,0.1,36.29,4.51,163.76,90000.0,549.6,0.774,MONITOR,LOW,0.282,2.63,4.47,1,2,5,0,0,1,0,0,0
synth_000271,corrosion,2,0.73,2.375,0.922,5.64,2500.0,74.89,0.25,74.64,0.2,42.88,4.59,196.75,90000.0,457.4,0.945,MONITOR,LOW,2.375,0.922,5.64,1,2,3,1,0,0,0,0,0
synth_000696,crack,4,0.433,4.41,1.903,13.78,2000.0,2000.0,0.0,2000.0,0.1,17.28,4.55,78.7,80000.0,1016.5,0.863,ENGINEERING_ASSESSMENT,CRITICAL,4.41,1.903,13.78,0,0,1,0,1,0,0,0,0
synth_003565,crack,5,0.627,4.33,0.792,9.61,4200.0,1971.91,9.56,1962.35,0.28,103.02,3.72,383.4,60000.0,156.5,0.811,ENGINEERING_ASSESSMENT,CRITICAL,4.33,0.792,9.61,0,0,1,0,1,0,0,0,0
synth_000244,surface_injure,4,0.928,4.664,1.56,11.34,3600.0,3398.22,169.14,3229.08,2.92,906.76,6.27,5688.68,45000.0,7.9,0.759,REPAIR,HIGH,4.664,1.56,11.34,2,1,2,0,0,0,0,1,0
synth_003376,thunderstrike,3,0.636,6.025,2.072,6.72,3000.0,251.16,0.65,250.5,0.15,39.55,4.41,174.61,40000.0,229.1,0.79,ENGINEERING_ASSESSMENT,CRITICAL,6.025,2.072,6.72,0,0,0,0,0,0,0,0,1
synth_000476,crack,3,0.556,4.812,1.083,6.6,2000.0,151.79,0.16,151.63,0.1,17.28,4.88,84.37,60000.0,711.2,0.866,ENGINEERING_ASSESSMENT,CRITICAL,4.812,1.083,6.6,0,0,1,0,1,0,0,0,0
synth_002032,crack,2,0.453,2.507,2.035,5.8,3000.0,106.99,0.01,106.97,0.1,25.92,4.0,103.79,90000.0,867.1,0.954,MONITOR,LOW,2.507,2.035,5.8,1,2,1,0,1,0,0,0,0
synth_003056,crack,4,0.86,6.661,2.93,8.44,3000.0,784.31,24.08,760.22,1.8,466.15,5.03,2344.38,55000.0,23.5,0.889,REPAIR,HIGH,6.661,2.93,8.44,2,1,1,0,1,0,0,0,0
synth_002683,craze,1,0.276,2.588,2.911,6.41,2000.0,129.31,0.0,129.31,0.1,17.28,4.27,73.72,90000.0,1220.8,0.904,MONITOR,LOW,2.588,2.911,6.41,1,2,5,0,0,1,0,0,0
synth_000813,craze,4,0.932,7.847,3.286,8.41,4200.0,1082.98,57.48,1025.51,3.11,1128.01,4.74,5344.25,35000.0,6.5,0.794,REPAIR,HIGH,7.847,3.286,8.41,2,1,5,0,0,1,0,0,0
synth_001914,corrosion,5,0.856,9.554,2.034,8.49,2500.0,673.27,27.83,645.44,2.42,522.91,5.81,3035.69,45000.0,14.8,0.929,REPAIR,HIGH,9.554,2.034,8.49,2,1,3,1,0,0,0,0,0
synth_003036,hide_craze,4,0.814,10.975,3.352,7.73,2000.0,345.42,7.61,337.8,1.29,223.02,5.81,1296.63,45000.0,34.7,0.914,REPAIR,HIGH,10.975,3.352,7.73,2,1,4,0,0,0,1,0,0
synth_003541,crack,5,0.667,4.237,1.263,13.47,3000.0,3000.0,0.15,2999.85,0.43,111.38,3.55,395.86,40000.0,101.0,0.764,ENGINEERING_ASSESSMENT,CRITICAL,4.237,1.263,13.47,0,0,1,0,1,0,0,0,0
synth_001804,corrosion,2,0.673,0.635,1.157,7.32,3000.0,392.49,0.72,391.76,0.11,28.01,4.44,124.47,75000.0,602.6,0.904,MONITOR,LOW,0.635,1.157,7.32,1,2,3,1,0,0,0,0,0
synth_002606,hide_craze,5,0.894,4.577,1.493,10.02,3000.0,1686.91,88.57,1598.34,3.08,797.07,5.59,4455.28,55000.0,12.3,0.844,REPAIR,HIGH,4.577,1.493,10.02,2,1,4,0,0,0,1,0,0
synth_000250,corrosion,2,0.745,2.095,0.632,10.63,3600.0,2601.57,10.05,2591.52,0.23,70.4,3.94,277.51,90000.0,324.3,0.942,MONITOR,LOW,2.095,0.632,10.63,1,2,3,1,0,0,0,0,0
synth_000545,hide_craze,5,0.829,3.509,2.385,10.49,3600.0,2464.58,76.96,2387.62,1.83,568.87,6.02,3424.54,35000.0,10.2,0.759,REPAIR,HIGH,3.509,2.385,10.49,2,1,4,0,0,0,1,0,0
synth_000738,corrosion,3,0.866,2.881,3.01,11.06,3000.0,2554.5,49.83,2504.67,1.14,296.14,5.39,1597.25,35000.0,21.9,0.891,REPAIR,HIGH,2.881,3.01,11.06,2,1,3,1,0,0,0,0,0
synth_000310,corrosion,1,0.539,0.909,1.613,11.9,2000.0,2000.0,0.0,2000.0,0.1,17.28,3.94,68.04,75000.0,1102.3,0.797,MONITOR,LOW,0.909,1.613,11.9,1,2,3,1,0,0,0,0,0
synth_001131,thunderstrike,3,0.474,2.943,0.802,10.22,3600.0,2209.78,0.76,2209.02,0.1,31.1,4.36,135.64,60000.0,442.3,0.803,ENGINEERING_ASSESSMENT,CRITICAL,2.943,0.802,10.22,0,0,0,0,0,0,0,0,1
synth_001449,thunderstrike,3,0.421,6.355,0.626,9.138434681408205,2500.0,902.03,0.15,901.88,0.1,21.6,5.25,113.29,60000.0,529.6,0.915,ENGINEERING_ASSESSMENT,CRITICAL,6.355,0.626,9.138434681408205,0,0,0,0,0,0,0,0,1
synth_003486,crack,4,0.898,1.637,1.611,11.88,3000.0,3000.0,0.82,2999.18,2.18,565.58,4.84,2740.12,60000.0,21.9,0.82,ENGINEERING_ASSESSMENT,CRITICAL,1.637,1.611,11.88,0,0,1,0,1,0,0,0,0
synth_000015,crack,4,0.941,2.694,1.226,11.72,4200.0,4200.0,1.56,4198.44,3.08,1116.67,5.02,5609.3,80000.0,14.3,0.895,ENGINEERING_ASSESSMENT,CRITICAL,2.694,1.226,11.72,0,0,1,0,1,0,0,0,0
synth_003155,hide_craze,2,0.507,1.191,0.58,8.9,2000.0,670.42,0.19,670.23,0.1,17.28,4.03,69.62,75000.0,1077.3,0.83,MONITOR,LOW,1.191,0.58,8.9,1,2,4,0,0,0,1,0,0
synth_002529,thunderstrike,4,0.787,5.73,2.513,14.71,2500.0,2500.0,0.28,2499.72,0.98,212.55,4.52,960.2,40000.0,41.7,0.979,ENGINEERING_ASSESSMENT,CRITICAL,5.73,2.513,14.71,0,0,0,0,0,0,0,0,1
synth_003527,crack,4,0.893,4.592,1.597,7.58,4200.0,659.17,25.29,633.88,2.25,815.49,3.7,3021.13,60000.0,19.9,0.821,ENGINEERING_ASSESSMENT,CRITICAL,4.592,1.597,7.58,0,0,1,0,1,0,0,0,0
synth_000363,thunderstrike,3,0.518,3.794,1.02,12.73,2000.0,2000.0,0.01,1999.99,0.1,17.28,5.33,92.1,80000.0,868.6,0.89,ENGINEERING_ASSESSMENT,CRITICAL,3.794,1.02,12.73,0,0,0,0,0,0,0,0,1
synth_000182,craze,1,0.555,2.08,2.132,6.54,4200.0,302.2,0.08,302.13,0.1,36.29,4.82,174.88,50000.0,285.9,0.924,MONITOR,LOW,2.08,2.132,6.54,1,2,5,0,0,1,0,0,0
synth_001194,corrosion,4,0.953,10.692,2.728,8.55,4200.0,1171.52,73.92,1097.6,3.7,1341.03,4.85,6503.65,25000.0,3.8,0.8642600936220012,REPAIR,HIGH,10.692,2.728,8.55,2,1,3,1,0,0,0,0,0
synth_002229,craze,1,0.592,2.787,0.75,10.79,3000.0,2309.06,0.94,2308.13,0.1,25.92,4.23,109.62,75000.0,684.2,0.932,MONITOR,LOW,2.787,0.75,10.79,1,2,5,0,0,1,0,0,0
synth_001121,crack,5,0.915,2.014,1.056,9.138434681408205,3600.0,314.88,18.33,296.55,3.41,1060.53,5.23,5541.64,40000.0,7.2,0.813,ENGINEERING_ASSESSMENT,CRITICAL,2.014,1.056,9.138434681408205,0,0,1,0,1,0,0,0,0
synth_001182,craze,3,0.872,11.212,0.954,9.11,3600.0,1334.11,30.04,1304.07,1.32,410.18,4.69,1922.76,25000.0,13.0,0.882,REPAIR,HIGH,11.212,0.954,9.11,2,1,5,0,0,1,0,0,0
synth_002642,craze,2,0.727,1.074,2.244,8.76,2500.0,777.22,2.45,774.77,0.18,39.95,4.64,185.5,75000.0,404.3,0.785,MONITOR,LOW,1.074,2.244,8.76,1,2,5,0,0,1,0,0,0
synth_000614,crack,5,0.519,3.816,2.578,5.51,3600.0,92.95,0.13,92.82,0.1,31.1,4.49,139.73,40000.0,286.3,0.831,ENGINEERING_ASSESSMENT,CRITICAL,3.816,2.578,5.51,0,0,1,0,1,0,0,0,0
synth_001466,craze,1,0.633,1.084,2.644,5.72,2500.0,82.27,0.05,82.22,0.1,21.6,4.39,94.84,90000.0,949.0,0.832,MONITOR,LOW,1.084,2.644,5.72,1,2,5,0,0,1,0,0,0
synth_000401,crack,1,0.481,0.553,0.905,11.83,3000.0,3000.0,0.0,3000.0,0.1,25.92,4.51,116.92,50000.0,427.6,0.906,MONITOR,LOW,0.553,0.905,11.83,1,2,1,0,1,0,0,0,0
synth_000934,craze,3,0.929,3.934,0.939,10.57,3000.0,2116.63,67.38,2049.25,1.86,483.29,6.22,3005.54,35000.0,11.6,0.832,REPAIR,HIGH,3.934,0.939,10.57,2,1,5,0,0,1,0,0,0
synth_002380,thunderstrike,4,0.663,7.649,2.845,11.09,3000.0,2583.51,14.04,2569.48,0.32,82.48,4.11,338.72,60000.0,177.1,0.887,ENGINEERING_ASSESSMENT,CRITICAL,7.649,2.845,11.09,0,0,0,0,0,0,0,0,1
synth_002579,crack,4,0.398,7.405,0.759,10.82,2500.0,1947.9,0.35,1947.55,0.1,21.6,5.09,109.95,40000.0,363.8,0.794,ENGINEERING_ASSESSMENT,CRITICAL,7.405,0.759,10.82,0,0,1,0,1,0,0,0,0
synth_000726,thunderstrike,4,0.751,4.425,2.359,10.13,4200.0,2474.49,29.74,2444.76,0.7,255.41,4.04,1030.72,40000.0,38.8,0.913,ENGINEERING_ASSESSMENT,CRITICAL,4.425,2.359,10.13,0,0,0,0,0,0,0,0,1
synth_000826,crack,4,0.925,6.839,1.544,9.9,2000.0,1068.47,53.69,1014.78,2.94,508.58,5.03,2555.69,60000.0,23.5,0.872,ENGINEERING_ASSESSMENT,CRITICAL,6.839,1.544,9.9,0,0,1,0,1,0,0,0,0
synth_001521,hide_craze,1,0.632,3.794,2.883,8.98,3600.0,1255.23,0.78,1254.45,0.1,31.1,3.73,115.98,90000.0,776.0,0.808,MONITOR,LOW,3.794,2.883,8.98,1,2,4,0,0,0,1,0,0
synth_000136,thunderstrike,5,0.406,3.794,0.527,14.69,2000.0,2000.0,0.0,2000.0,0.1,17.28,4.02,69.4,40000.0,576.4,0.928,ENGINEERING_ASSESSMENT,CRITICAL,3.794,0.527,14.69,0,0,0,0,0,0,0,0,1
synth_000628,craze,1,0.75,1.651,1.84,4.3,2500.0,8.95,0.02,8.93,0.11,24.17,4.35,105.23,75000.0,712.7,0.874,MONITOR,LOW,1.651,1.84,4.3,1,2,5,0,0,1,0,0,0
synth_000334,thunderstrike,4,0.73,6.705,2.86,12.78,2500.0,2500.0,0.17,2499.83,0.6,129.81,5.02,651.87,60000.0,92.0,0.911,ENGINEERING_ASSESSMENT,CRITICAL,6.705,2.86,12.78,0,0,0,0,0,0,0,0,1
synth_000390,surface_injure,1,0.329,3.794,1.194,11.59,2500.0,2500.0,0.0,2500.0,0.1,21.6,3.96,85.47,50000.0,585.0,0.963,MONITOR,LOW,3.794,1.194,11.59,1,2,2,0,0,0,0,1,0
synth_002765,hide_craze,2,0.341,1.728,2.053,5.81,3600.0,130.08,0.0,130.08,0.1,31.1,4.73,147.17,90000.0,611.5,0.87,MONITOR,LOW,1.728,2.053,5.81,1,2,4,0,0,0,1,0,0
synth_001817,crack,1,0.343,1.189,2.462,10.62,2000.0,1438.54,0.01,1438.53,0.1,17.28,3.51,60.73,75000.0,1235.0,0.886,MONITOR,LOW,1.189,2.462,10.62,1,2,1,0,1,0,0,0,0
synth_003233,corrosion,5,0.822,4.702,1.885,7.22,2500.0,306.83,9.17,297.66,1.75,378.13,4.47,1690.1,55000.0,32.5,0.787,REPAIR,HIGH,4.702,1.885,7.22,2,1,3,1,0,0,0,0,0
synth_000710,surface_injure,4,0.89,11.188,1.029,7.51,3000.0,447.74,17.99,429.75,2.35,610.09,5.89,3595.6,25000.0,7.0,0.8642600936220012,REPAIR,HIGH,11.188,1.029,7.51,2,1,2,0,0,0,0,1,0
synth_001039,crack,2,0.323,1.696,0.88,9.43,2500.0,1082.84,0.02,1082.82,0.1,21.6,4.81,103.9,90000.0,866.2,0.949,MONITOR,LOW,1.696,0.88,9.43,1,2,1,0,1,0,0,0,0
synth_002358,surface_injure,4,0.868,7.786,1.128,10.79,3000.0,2305.78,75.91,2229.87,1.93,499.83,4.52,2257.84,45000.0,19.9,0.816,REPAIR,HIGH,7.786,1.128,10.79,2,1,2,0,0,0,0,1,0
synth_003107,corrosion,3,0.875,4.917,2.06,8.84,2500.0,810.82,17.63,793.19,1.27,275.03,6.16,1693.01,35000.0,20.7,0.873,REPAIR,HIGH,4.917,2.06,8.84,2,1,3,1,0,0,0,0,0
synth_001561,surface_injure,3,0.917,5.126,0.582,9.56,3600.0,1654.3,49.13,1605.16,1.74,541.1,5.13,2775.35,35000.0,12.6,0.971,REPAIR,HIGH,5.126,0.582,9.56,2,1,2,0,0,0,0,1,0
synth_003305,corrosion,4,0.929,9.073,2.142,7.47,2500.0,364.63,19.15,345.48,3.08,664.39,5.02,3335.42,55000.0,16.5,0.755,REPAIR,HIGH,9.073,2.142,7.47,2,1,3,1,0,0,0,0,0
synth_003015,craze,2,0.504,2.802,2.863,7.85,3600.0,668.91,0.19,668.71,0.1,31.1,4.63,144.06,90000.0,624.7,0.951,MONITOR,LOW,2.802,2.863,7.85,1,2,5,0,0,1,0,0,0
synth_001112,surface_injure,5,0.866,11.01,2.138,8.24,3000.0,701.18,31.69,669.49,2.65,686.16,4.68,3213.08,25000.0,7.8,0.851,REPAIR,HIGH,11.01,2.138,8.24,2,1,2,0,0,0,0,1,0
synth_001223,thunderstrike,3,0.625,4.427,2.972,9.56,3600.0,1655.64,3.76,1651.89,0.13,41.33,3.91,161.65,40000.0,247.4,0.97,ENGINEERING_ASSESSMENT,CRITICAL,4.427,2.972,9.56,0,0,0,0,0,0,0,0,1
synth_002402,crack,3,0.689,3.646,2.897,14.16,3000.0,3000.0,0.09,2999.91,0.25,65.13,5.24,341.42,80000.0,234.3,0.8642600936220012,ENGINEERING_ASSESSMENT,CRITICAL,3.646,2.897,14.16,0,0,1,0,1,0,0,0,0
synth_001508,hide_craze,1,0.535,2.767,1.721,5.87,3600.0,138.02,0.03,137.99,0.1,31.1,4.67,145.27,50000.0,344.2,0.832,MONITOR,LOW,2.767,1.721,5.87,1,2,4,0,0,0,1,0,0
synth_001750,surface_injure,4,0.959,3.403,3.016,7.62,4200.0,672.71,40.71,632.0,3.54,1286.19,5.98,7694.0,35000.0,4.5,0.964,REPAIR,HIGH,3.403,3.016,7.62,2,1,2,0,0,0,0,1,0
synth_003309,surface_injure,3,0.855,2.028,2.208,8.57,2500.0,704.65,12.38,692.28,1.03,222.2,4.61,1024.49,40000.0,39.0,0.936,REPAIR,HIGH,2.028,2.208,8.57,2,1,2,0,0,0,0,1,0
synth_000338,thunderstrike,3,0.507,7.728,2.199,13.92,3600.0,3600.0,0.01,3599.99,0.1,31.1,5.2,161.67,60000.0,371.1,0.9,ENGINEERING_ASSESSMENT,CRITICAL,7.728,2.199,13.92,0,0,0,0,0,0,0,0,1
synth_000215,crack,5,0.751,4.589,2.789,8.05,4200.0,882.4,14.45,867.95,0.96,348.08,3.93,1366.31,80000.0,58.6,0.9,ENGINEERING_ASSESSMENT,CRITICAL,4.589,2.789,8.05,0,0,1,0,1,0,0,0,0
synth_001341,crack,5,0.685,1.698,0.9,14.95,2500.0,2500.0,0.15,2499.85,0.49,104.82,4.3,450.81,40000.0,88.7,0.928,ENGINEERING_ASSESSMENT,CRITICAL,1.698,0.9,14.95,0,0,1,0,1,0,0,0,0
synth_003168,corrosion,2,0.257,0.813,1.159,6.24,3600.0,198.83,0.0,198.83,0.1,31.1,3.98,123.67,75000.0,606.5,0.775,MONITOR,LOW,0.813,1.159,6.24,1,2,3,1,0,0,0,0,0
synth_003365,crack,3,0.36,2.961,3.375,6.32,2500.0,149.21,0.01,149.2,0.1,21.6,5.37,115.91,40000.0,345.1,0.818,ENGINEERING_ASSESSMENT,CRITICAL,2.961,3.375,6.32,0,0,1,0,1,0,0,0,0
synth_002330,craze,1,0.302,1.023,1.986,6.21,4200.0,226.1,0.0,226.09,0.1,36.29,4.8,174.34,50000.0,286.8,0.894,MONITOR,LOW,1.023,1.986,6.21,1,2,5,0,0,1,0,0,0
synth_002238,crack,4,0.399,3.566,2.419,6.99,3000.0,310.4,0.05,310.35,0.1,25.92,3.95,102.3,80000.0,782.0,0.907,ENGINEERING_ASSESSMENT,CRITICAL,3.566,2.419,6.99,0,0,1,0,1,0,0,0,0
synth_002883,craze,2,0.575,1.085,3.223,4.37,2500.0,10.36,0.01,10.35,0.1,21.6,4.45,96.08,50000.0,520.4,0.759,MONITOR,LOW,1.085,3.223,4.37,1,2,5,0,0,1,0,0,0
synth_000101,crack,4,0.719,5.551,0.731,8.65,4200.0,1231.51,11.23,1220.29,0.53,193.76,4.62,895.43,40000.0,44.7,0.8642600936220012,ENGINEERING_ASSESSMENT,CRITICAL,5.551,0.731,8.65,0,0,1,0,1,0,0,0,0
synth_002582,crack,2,0.67,1.484,1.219,11.2,3000.0,2693.03,5.02,2688.01,0.11,28.3,4.48,126.7,75000.0,591.9,0.923,MONITOR,LOW,1.484,1.219,11.2,1,2,1,0,1,0,0,0,0
synth_000171,craze,4,0.918,6.548,2.462,7.59,3000.0,471.84,22.39,449.45,2.78,720.3,6.22,4477.75,35000.0,7.8,0.835,REPAIR,HIGH,6.548,2.462,7.59,2,1,5,0,0,1,0,0,0
synth_000107,crack,5,0.45,6.814,1.161,6.2,2000.0,107.05,0.06,107.0,0.1,17.28,3.59,62.1,40000.0,644.1,0.97,ENGINEERING_ASSESSMENT,CRITICAL,6.814,1.161,6.2,0,0,1,0,1,0,0,0,0
synth_002527,corrosion,5,0.927,3.422,2.128,9.63,3600.0,1707.98,111.94,1596.03,3.84,1194.03,4.82,5759.85,35000.0,6.1,0.859,REPAIR,HIGH,3.422,2.128,9.63,2,1,3,1,0,0,0,0,0
synth_003582,thunderstrike,3,0.502,6.686,0.522,8.36,2000.0,501.86,0.27,501.6,0.1,17.28,5.14,88.86,80000.0,900.3,0.794,ENGINEERING_ASSESSMENT,CRITICAL,6.686,0.522,8.36,0,0,0,0,0,0,0,0,1
synth_002644,corrosion,4,0.826,3.705,1.692,7.54,4200.0,638.68,14.29,624.38,1.31,475.59,6.49,3084.32,25000.0,8.1,0.868,REPAIR,HIGH,3.705,1.692,7.54,2,1,3,1,0,0,0,0,0
synth_002405,hide_craze,1,0.598,0.243,2.857,9.56,2500.0,1147.82,0.45,1147.37,0.1,21.6,3.85,83.09,50000.0,601.8,0.8642600936220012,MONITOR,LOW,0.243,2.857,9.56,1,2,4,0,0,0,1,0,0
synth_002287,craze,2,0.374,0.396,2.37,11.43,2500.0,2438.9,0.09,2438.81,0.1,21.6,4.02,86.76,90000.0,1037.3,0.967,MONITOR,LOW,0.396,2.37,11.43,1,2,5,0,0,1,0,0,0
synth_002446,surface_injure,1,0.608,1.945,2.523,10.23,2000.0,1232.67,0.59,1232.08,0.1,17.28,4.31,74.55,50000.0,670.7,0.956,MONITOR,LOW,1.945,2.523,10.23,1,2,2,0,0,0,0,1,0
synth_002412,surface_injure,3,0.873,7.737,0.529,11.11,2500.0,2168.88,47.71,2121.18,1.29,278.28,5.47,1521.58,55000.0,36.1,0.761,REPAIR,HIGH,7.737,0.529,11.11,2,1,2,0,0,0,0,1,0
synth_002851,corrosion,2,0.501,1.69,1.562,8.57,2500.0,703.87,0.19,703.68,0.1,21.6,4.14,89.37,90000.0,1007.0,0.845,MONITOR,LOW,1.69,1.562,8.57,1,2,3,1,0,0,0,0,0
synth_002823,surface_injure,3,0.854,6.041,2.392,10.35,3000.0,1942.48,36.25,1906.22,1.09,283.35,5.07,1436.21,35000.0,24.4,0.926,REPAIR,HIGH,6.041,2.392,10.35,2,1,2,0,0,0,0,1,0
synth_003082,craze,3,0.918,6.975,1.012,11.29,2500.0,2319.31,70.87,2248.44,1.79,386.58,4.61,1782.89,55000.0,30.8,0.767,REPAIR,HIGH,6.975,1.012,11.29,2,1,5,0,0,1,0,0,0
synth_001040,crack,3,0.328,3.794,2.291,13.53,3600.0,3600.0,0.0,3600.0,0.1,31.1,4.3,133.62,40000.0,299.4,0.827,ENGINEERING_ASSESSMENT,CRITICAL,3.794,2.291,13.53,0,0,1,0,1,0,0,0,0
synth_002120,thunderstrike,3,0.381,5.994,2.488,8.62,2500.0,720.86,0.06,720.8,0.1,21.6,3.94,85.12,80000.0,939.8,0.962,ENGINEERING_ASSESSMENT,CRITICAL,5.994,2.488,8.62,0,0,0,0,0,0,0,0,1
synth_001524,hide_craze,1,0.453,2.942,1.675,8.76,3000.0,935.49,0.06,935.43,0.1,25.92,4.59,118.9,50000.0,420.5,0.758,MONITOR,LOW,2.942,1.675,8.76,1,2,4,0,0,0,1,0,0
synth_003464,thunderstrike,5,0.844,4.471,1.984,6.07,3600.0,169.3,6.06,163.25,2.09,651.62,3.8,2473.36,60000.0,24.3,0.8642600936220012,ENGINEERING_ASSESSMENT,CRITICAL,4.471,1.984,6.07,0,0,0,0,0,0,0,0,1
synth_000481,corrosion,3,0.844,4.369,3.299,8.07,2000.0,424.09,7.13,416.96,0.98,170.13,4.75,808.07,55000.0,68.1,0.871,REPAIR,HIGH,4.369,3.299,8.07,2,1,3,1,0,0,0,0,0
synth_002561,craze,3,0.818,11.981,2.264,9.138434681408205,3600.0,1486.16,21.83,1464.33,0.86,267.65,6.34,1697.11,55000.0,32.4,0.805,REPAIR,HIGH,11.981,2.264,9.138434681408205,2,1,5,0,0,1,0,0,0
synth_002661,thunderstrike,3,0.892,3.14,0.699,10.08,2500.0,1446.08,34.6,1411.49,1.4,302.67,3.76,1139.43,40000.0,35.1,0.907,ENGINEERING_ASSESSMENT,CRITICAL,3.14,0.699,10.08,0,0,0,0,0,0,0,0,1
synth_001762,craze,1,0.634,3.794,1.524,7.13,4200.0,481.19,0.3,480.89,0.1,36.29,4.36,158.21,75000.0,474.1,0.752,MONITOR,LOW,3.794,1.524,7.13,1,2,5,0,0,1,0,0,0
synth_003279,craze,1,0.419,2.174,3.144,9.26,3600.0,1437.96,0.06,1437.9,0.1,31.1,3.79,117.92,90000.0,763.2,0.945,MONITOR,LOW,2.174,3.144,9.26,1,2,5,0,0,1,0,0,0
synth_003042,corrosion,5,0.918,6.308,2.072,9.26,2500.0,997.78,63.87,933.9,3.75,809.9,4.58,3712.96,35000.0,9.4,0.89,REPAIR,HIGH,6.308,2.072,9.26,2,1,3,1,0,0,0,0,0
synth_002490,craze,4,0.842,9.889,2.37,11.33,2000.0,1883.66,51.4,1832.26,1.6,276.18,4.81,1328.16,25000.0,18.8,0.963,REPAIR,HIGH,9.889,2.37,11.33,2,1,5,0,0,1,0,0,0
synth_002460,corrosion,5,0.899,5.894,1.124,11.31,3600.0,3367.94,187.54,3180.4,3.26,1014.43,4.1,4154.6,25000.0,6.0,0.851,REPAIR,HIGH,5.894,1.124,11.31,2,1,3,1,0,0,0,0,0
synth_000405,hide_craze,4,0.899,5.311,2.918,9.99,4200.0,2332.94,94.53,2238.42,2.37,861.18,6.41,5522.97,25000.0,4.5,0.883,REPAIR,HIGH,5.311,2.918,9.99,2,1,4,0,0,0,1,0,0
synth_000757,surface_injure,3,0.93,8.602,1.397,7.17,2000.0,236.59,8.02,228.57,1.99,343.01,5.55,1904.96,25000.0,13.1,0.904,REPAIR,HIGH,8.602,1.397,7.17,2,1,2,0,0,0,0,1,0
synth_002353,craze,1,0.345,2.119,2.627,10.58,3600.0,2548.86,0.03,2548.84,0.1,31.1,4.13,128.46,90000.0,700.6,0.943,MONITOR,LOW,2.119,2.627,10.58,1,2,5,0,0,1,0,0,0
synth_000097,surface_injure,4,0.924,6.867,2.584,7.34,2500.0,333.17,16.56,316.61,2.91,628.65,4.19,2636.82,55000.0,20.9,0.774,REPAIR,HIGH,6.867,2.584,7.34,2,1,2,0,0,0,0,1,0
synth_001333,surface_injure,4,0.967,10.241,2.469,11.17,3000.0,2666.91,185.16,2481.75,4.07,1054.04,5.76,6068.09,55000.0,9.1,0.763,REPAIR,HIGH,10.241,2.469,11.17,2,1,2,0,0,0,0,1,0
synth_002859,crack,4,0.309,6.115,2.184,13.9,3000.0,3000.0,0.0,3000.0,0.1,25.92,3.85,99.83,80000.0,801.4,0.938,ENGINEERING_ASSESSMENT,CRITICAL,6.115,2.184,13.9,0,0,1,0,1,0,0,0,0
synth_003321,crack,3,0.397,6.405,1.094,12.51,3000.0,3000.0,0.0,3000.0,0.1,25.92,5.19,134.41,80000.0,595.2,0.916,ENGINEERING_ASSESSMENT,CRITICAL,6.405,1.094,12.51,0,0,1,0,1,0,0,0,0
synth_002366,hide_craze,1,0.504,2.041,1.831,9.138434681408205,3000.0,160.34,0.02,160.31,0.1,25.92,4.73,122.61,75000.0,611.7,0.799,MONITOR,LOW,2.041,1.831,9.138434681408205,1,2,4,0,0,0,1,0,0
synth_002058,crack,3,0.514,5.81,2.781,9.138434681408205,2000.0,2000.0,0.01,1999.99,0.1,17.28,4.14,71.61,40000.0,558.6,0.9,ENGINEERING_ASSESSMENT,CRITICAL,5.81,2.781,9.138434681408205,0,0,1,0,1,0,0,0,0
synth_002531,hide_craze,1,0.637,0.287,2.946,9.49,3600.0,1602.74,0.96,1601.77,0.1,31.1,4.23,131.58,90000.0,684.0,0.819,MONITOR,LOW,0.287,2.946,9.49,1,2,4,0,0,0,1,0,0
synth_000148,thunderstrike,4,0.611,1.179,2.08,8.41,3600.0,929.47,2.6,926.87,0.16,50.92,4.26,216.94,60000.0,276.6,0.86,ENGINEERING_ASSESSMENT,CRITICAL,1.179,2.08,8.41,0,0,0,0,0,0,0,0,1
synth_000028,crack,4,0.486,3.794,1.41,5.31,3000.0,59.82,0.04,59.78,0.1,25.92,3.57,92.66,60000.0,647.5,0.779,ENGINEERING_ASSESSMENT,CRITICAL,3.794,1.41,5.31,0,0,1,0,1,0,0,0,0
synth_002462,hide_craze,3,0.959,9.896,1.628,9.138434681408205,2500.0,982.23,41.49,940.74,2.47,534.43,4.1,2193.38,45000.0,20.5,0.79,REPAIR,HIGH,9.896,1.628,9.138434681408205,2,1,4,0,0,0,1,0,0
synth_002369,hide_craze,2,0.457,2.927,2.341,8.56,4200.0,1177.29,0.18,1177.11,0.1,36.29,4.86,176.38,90000.0,510.3,0.824,MONITOR,LOW,2.927,2.341,8.56,1,2,4,0,0,0,1,0,0
synth_000692,crack,5,0.457,2.458,2.32,7.5,3000.0,446.58,0.25,446.33,0.1,25.92,5.11,132.5,80000.0,603.8,0.949,ENGINEERING_ASSESSMENT,CRITICAL,2.458,2.32,7.5,0,0,1,0,1,0,0,0,0
synth_001386,craze,2,0.516,1.863,0.905,10.91,2000.0,1609.79,0.53,1609.26,0.1,17.28,3.74,64.61,75000.0,1160.8,0.849,MONITOR,LOW,1.863,0.905,10.91,1,2,5,0,0,1,0,0,0
synth_001845,surface_injure,5,0.868,8.371,3.472,7.41,3600.0,503.44,22.63,480.81,2.63,818.93,4.28,3507.39,45000.0,12.8,0.783,REPAIR,HIGH,8.371,3.472,7.41,2,1,2,0,0,0,0,1,0
synth_002465,craze,1,0.534,2.764,1.341,5.52,3000.0,77.79,0.02,77.77,0.1,25.92,3.57,92.6,90000.0,971.9,0.962,MONITOR,LOW,2.764,1.341,5.52,1,2,5,0,0,1,0,0,0
synth_001599,craze,4,0.954,6.772,1.304,8.26,2500.0,593.09,36.52,556.57,3.61,779.01,4.35,3390.32,25000.0,7.4,0.959,REPAIR,HIGH,6.772,1.304,8.26,2,1,5,0,0,1,0,0,0
synth_000701,corrosion,5,0.918,10.953,3.488,7.04,3600.0,386.89,25.81,361.08,3.91,1215.52,4.5,5474.09,55000.0,10.0,0.822,REPAIR,HIGH,10.953,3.488,7.04,2,1,3,1,0,0,0,0,0
synth_001708,surface_injure,2,0.645,1.506,3.125,5.6,2500.0,71.58,0.1,71.48,0.1,21.6,4.34,93.69,50000.0,533.7,0.888,MONITOR,LOW,1.506,3.125,5.6,1,2,2,0,0,0,0,1,0
synth_000454,surface_injure,3,0.541,6.259,2.473,13.97,3600.0,3600.0,0.02,3599.98,0.1,31.1,5.19,161.48,40000.0,247.7,0.837,MONITOR,LOW,6.259,2.473,13.97,1,2,2,0,0,0,0,1,0
synth_002040,surface_injure,3,0.83,4.307,3.4,7.55,4200.0,645.56,9.75,635.81,0.88,320.94,4.35,1395.12,25000.0,17.9,0.974,REPAIR,HIGH,4.307,3.4,7.55,2,1,2,0,0,0,0,1,0
synth_003140,hide_craze,3,0.416,4.603,1.984,6.19,4200.0,221.56,0.03,221.52,0.1,36.29,4.06,147.3,40000.0,271.6,0.902,MONITOR,LOW,4.603,1.984,6.19,1,2,4,0,0,0,1,0,0
synth_000609,corrosion,5,0.93,8.824,1.247,9.22,4200.0,1646.27,118.32,1527.95,4.21,1527.57,6.31,9635.81,55000.0,5.7,0.954,REPAIR,HIGH,8.824,1.247,9.22,2,1,3,1,0,0,0,0,0
synth_000167,corrosion,3,0.826,3.657,3.389,9.15,3600.0,1364.92,19.74,1345.17,0.85,263.54,5.27,1387.61,45000.0,32.4,0.929,REPAIR,HIGH,3.657,3.389,9.15,2,1,3,1,0,0,0,0,0
synth_000730,craze,2,0.509,1.933,1.359,6.26,4200.0,237.62,0.07,237.55,0.1,36.29,4.84,175.73,90000.0,512.1,0.792,MONITOR,LOW,1.933,1.359,6.26,1,2,5,0,0,1,0,0,0
synth_002592,corrosion,3,0.908,6.209,1.815,8.39,4200.0,1069.24,30.21,1039.04,1.65,600.44,5.81,3489.49,55000.0,15.8,0.913,REPAIR,HIGH,6.209,1.815,8.39,2,1,3,1,0,0,0,0,0
synth_003218,thunderstrike,3,0.407,6.331,2.392,13.66,3600.0,3600.0,0.0,3600.0,0.1,31.1,4.07,126.6,80000.0,631.9,0.934,ENGINEERING_ASSESSMENT,CRITICAL,6.331,2.392,13.66,0,0,0,0,0,0,0,0,1
synth_002387,crack,3,0.934,1.617,2.623,13.14,2500.0,2500.0,0.57,2499.43,1.83,396.03,5.22,2066.65,60000.0,29.0,0.971,ENGINEERING_ASSESSMENT,CRITICAL,1.617,2.623,13.14,0,0,1,0,1,0,0,0,0
synth_001622,corrosion,3,0.872,11.585,2.51,10.44,2000.0,1342.15,30.34,1311.81,1.32,228.78,5.01,1146.91,45000.0,39.2,0.806,REPAIR,HIGH,11.585,2.51,10.44,2,1,3,1,0,0,0,0,0
synth_000587,hide_craze,2,0.748,0.794,1.203,5.91,3000.0,120.62,0.46,120.17,0.22,57.32,3.92,224.8,90000.0,400.4,0.834,MONITOR,LOW,0.794,1.203,5.91,1,2,4,0,0,0,1,0,0
synth_001401,corrosion,5,0.882,6.617,3.102,9.07,3000.0,1089.89,53.89,1036.0,2.9,750.64,6.42,4822.06,25000.0,5.2,0.78,REPAIR,HIGH,6.617,3.102,9.07,2,1,3,1,0,0,0,0,0
synth_001700,crack,3,0.871,4.15,2.366,6.22,3000.0,163.62,3.39,160.23,1.21,314.75,4.25,1339.23,40000.0,29.9,0.8642600936220012,ENGINEERING_ASSESSMENT,CRITICAL,4.15,2.366,6.22,0,0,1,0,1,0,0,0,0
synth_002626,hide_craze,3,0.909,8.666,2.999,11.3,4200.0,3915.98,113.75,3802.23,1.7,617.39,6.03,3720.81,55000.0,14.8,0.86,REPAIR,HIGH,8.666,2.999,11.3,2,1,4,0,0,0,1,0,0
synth_002832,crack,3,0.529,3.04,1.551,11.69,4200.0,4200.0,0.02,4199.98,0.1,36.29,5.16,187.12,60000.0,320.6,0.866,ENGINEERING_ASSESSMENT,CRITICAL,3.04,1.551,11.69,0,0,1,0,1,0,0,0,0
synth_001379,hide_craze,2,0.521,3.794,2.556,11.71,2500.0,2500.0,0.01,2499.99,0.1,21.6,4.9,105.76,90000.0,851.0,0.797,MONITOR,LOW,3.794,2.556,11.71,1,2,4,0,0,0,1,0,0
synth_002089,crack,4,0.631,4.15,1.313,12.16,4200.0,4200.0,0.11,4199.89,0.22,78.79,3.6,283.79,80000.0,281.9,0.76,ENGINEERING_ASSESSMENT,CRITICAL,4.15,1.313,12.16,0,0,1,0,1,0,0,0,0
synth_002175,crack,3,0.82,7.865,1.623,12.06,2500.0,2500.0,0.24,2499.76,0.85,183.29,4.65,851.68,80000.0,93.9,0.751,ENGINEERING_ASSESSMENT,CRITICAL,7.865,1.623,12.06,0,0,1,0,1,0,0,0,0
synth_002601,crack,5,0.415,7.75,0.696,6.08,2000.0,94.77,0.03,94.74,0.1,17.28,5.47,94.54,80000.0,846.2,0.92,ENGINEERING_ASSESSMENT,CRITICAL,7.75,0.696,6.08,0,0,1,0,1,0,0,0,0
synth_002312,crack,3,0.755,7.956,1.888,9.7,2500.0,1223.66,10.2,1213.45,0.49,105.5,4.98,524.93,80000.0,152.4,0.935,ENGINEERING_ASSESSMENT,CRITICAL,7.956,1.888,9.7,0,0,1,0,1,0,0,0,0
synth_002917,craze,5,0.913,3.794,1.253,10.41,3000.0,1991.04,118.83,1872.21,3.5,906.08,4.36,3952.6,25000.0,6.3,0.832,REPAIR,HIGH,3.794,1.253,10.41,2,1,5,0,0,1,0,0,0
synth_000441,surface_injure,5,0.837,5.377,1.573,10.29,3000.0,1891.74,64.92,1826.82,2.01,521.01,5.75,2996.75,55000.0,18.4,0.83,REPAIR,HIGH,5.377,1.573,10.29,2,1,2,0,0,0,0,1,0
synth_002051,thunderstrike,3,0.905,6.751,1.479,11.38,2500.0,2397.97,66.8,2331.17,1.63,352.44,3.77,1329.96,80000.0,60.2,0.892,ENGINEERING_ASSESSMENT,CRITICAL,6.751,1.479,11.38,0,0,0,0,0,0,0,0,1
synth_001301,hide_craze,3,0.875,11.63,0.835,7.84,2500.0,461.77,10.68,451.08,1.36,292.74,4.88,1428.04,25000.0,17.5,0.8642600936220012,REPAIR,HIGH,11.63,0.835,7.84,2,1,4,0,0,0,1,0,0
synth_003118,crack,5,0.481,5.226,1.153,14.91,2000.0,2000.0,0.01,1999.99,0.1,17.28,4.59,79.39,80000.0,1007.7,0.8642600936220012,ENGINEERING_ASSESSMENT,CRITICAL,5.226,1.153,14.91,0,0,1,0,1,0,0,0,0
synth_001304,surface_injure,2,0.558,2.595,2.395,9.4,2500.0,1067.72,0.6,1067.12,0.1,21.6,3.76,81.12,50000.0,616.4,0.757,MONITOR,LOW,2.595,2.395,9.4,1,2,2,0,0,0,0,1,0
synth_000236,corrosion,2,0.531,1.3,2.437,8.21,4200.0,965.23,0.37,964.85,0.1,36.29,4.27,154.87,50000.0,322.9,0.8642600936220012,MONITOR,LOW,1.3,2.437,8.21,1,2,3,1,0,0,0,0,0
synth_000520,thunderstrike,3,0.34,6.759,1.908,8.11,4200.0,914.59,0.04,914.56,0.1,36.29,4.3,156.17,40000.0,256.1,0.9,ENGINEERING_ASSESSMENT,CRITICAL,6.759,1.908,8.11,0,0,0,0,0,0,0,0,1
synth_000735,corrosion,1,0.65,2.711,0.606,5.69,4200.0,132.48,0.1,132.38,0.1,36.29,3.84,139.4,50000.0,358.7,0.897,MONITOR,LOW,2.711,0.606,5.69,1,2,3,1,0,0,0,0,0
synth_003180,hide_craze,5,0.805,11.042,2.954,7.78,3000.0,534.33,14.87,519.45,1.63,422.63,5.74,2424.86,45000.0,18.6,0.831,REPAIR,HIGH,11.042,2.954,7.78,2,1,4,0,0,0,1,0,0
synth_002106,thunderstrike,4,0.409,6.317,3.411,8.45,4200.0,1106.51,0.23,1106.28,0.1,36.29,3.77,136.82,60000.0,438.5,0.856,ENGINEERING_ASSESSMENT,CRITICAL,6.317,3.411,8.45,0,0,0,0,0,0,0,0,1
synth_000592,hide_craze,1,0.512,0.339,3.21,8.79,3600.0,1140.71,0.16,1140.55,0.1,31.1,4.01,124.79,50000.0,400.7,0.865,MONITOR,LOW,0.339,3.21,8.79,1,2,4,0,0,0,1,0,0
synth_001303,craze,4,0.979,3.954,2.027,10.34,2000.0,1288.74,90.95,1197.79,4.13,714.28,4.89,3493.53,25000.0,7.2,0.865,REPAIR,HIGH,3.954,2.027,10.34,2,1,5,0,0,1,0,0,0
synth_001387,corrosion,4,0.813,3.45,3.234,11.2,2000.0,1797.58,36.2,1761.38,1.18,203.83,4.28,871.58,25000.0,28.7,0.838,REPAIR,HIGH,3.45,3.234,11.2,2,1,3,1,0,0,0,0,0
synth_002338,thunderstrike,3,0.689,3.321,2.018,7.23,4200.0,517.8,2.19,515.61,0.25,90.01,4.05,364.81,80000.0,219.3,0.841,ENGINEERING_ASSESSMENT,CRITICAL,3.321,2.018,7.23,0,0,0,0,0,0,0,0,1
synth_002672,hide_craze,3,0.969,6.343,3.468,10.87,2000.0,1586.33,69.38,1516.95,2.56,442.68,6.27,2776.9,25000.0,9.0,0.907,REPAIR,HIGH,6.343,3.468,10.87,2,1,4,0,0,0,1,0,0
synth_003345,crack,5,0.575,6.983,0.784,10.22,4200.0,2571.3,7.25,2564.05,0.17,59.95,4.12,247.16,60000.0,242.8,0.793,ENGINEERING_ASSESSMENT,CRITICAL,6.983,0.784,10.22,0,0,1,0,1,0,0,0,0
synth_000904,hide_craze,4,0.911,4.385,2.399,11.33,2000.0,1880.61,82.44,1798.17,2.57,443.68,5.28,2342.04,55000.0,23.5,0.764,REPAIR,HIGH,4.385,2.399,11.33,2,1,4,0,0,0,1,0,0
synth_003045,craze,5,0.862,7.184,1.354,11.34,2500.0,2365.34,100.38,2264.96,2.49,536.9,5.37,2881.48,45000.0,15.6,0.763,REPAIR,HIGH,7.184,1.354,11.34,2,1,5,0,0,1,0,0,0
synth_001279,craze,4,0.815,10.57,0.862,9.77,2000.0,1011.09,22.44,988.65,1.3,224.65,4.73,1062.78,45000.0,42.3,0.955,REPAIR,HIGH,10.57,0.862,9.77,2,1,5,0,0,1,0,0,0
synth_002874,crack,4,0.506,3.669,0.763,8.81,2000.0,637.56,0.54,637.03,0.1,17.28,4.21,72.83,40000.0,549.2,0.942,ENGINEERING_ASSESSMENT,CRITICAL,3.669,0.763,8.81,0,0,1,0,1,0,0,0,0
synth_003451,thunderstrike,4,0.681,5.493,1.352,13.15,2000.0,2000.0,0.09,1999.91,0.37,64.11,5.33,341.52,60000.0,175.7,0.896,ENGINEERING_ASSESSMENT,CRITICAL,5.493,1.352,13.15,0,0,0,0,0,0,0,0,1
synth_002308,crack,3,0.352,6.367,2.447,10.85,2500.0,1968.62,0.1,1968.52,0.1,21.6,3.67,79.32,80000.0,1008.6,0.899,ENGINEERING_ASSESSMENT,CRITICAL,6.367,2.447,10.85,0,0,1,0,1,0,0,0,0
synth_002857,craze,2,0.315,1.444,1.838,10.94,3000.0,2444.03,0.03,2444.01,0.1,25.92,4.06,105.35,50000.0,474.6,0.839,MONITOR,LOW,1.444,1.838,10.94,1,2,5,0,0,1,0,0,0
synth_002947,craze,1,0.626,1.534,2.235,4.61,2500.0,17.14,0.01,17.13,0.1,21.6,4.24,91.67,75000.0,818.2,0.792,MONITOR,LOW,1.534,2.235,4.61,1,2,5,0,0,1,0,0,0
synth_002850,crack,3,0.851,3.688,0.686,9.62,2000.0,943.04,16.68,926.36,1.04,179.01,4.04,723.86,80000.0,110.5,0.827,ENGINEERING_ASSESSMENT,CRITICAL,3.688,0.686,9.62,0,0,1,0,1,0,0,0,0
synth_000706,craze,2,0.242,2.356,2.961,4.83,3000.0,30.02,0.0,30.02,0.1,25.92,4.94,128.14,75000.0,585.3,0.869,MONITOR,LOW,2.356,2.961,4.83,1,2,5,0,0,1,0,0,0
synth_003165,hide_craze,1,0.301,0.441,2.437,10.37,3600.0,2343.69,0.01,2343.69,0.1,31.1,4.08,127.0,75000.0,590.6,0.819,MONITOR,LOW,0.441,2.437,10.37,1,2,4,0,0,0,1,0,0
synth_000745,thunderstrike,3,0.625,6.883,2.992,12.01,2000.0,2000.0,0.03,1999.97,0.14,23.6,5.08,119.84,60000.0,500.7,0.794,ENGINEERING_ASSESSMENT,CRITICAL,6.883,2.992,12.01,0,0,0,0,0,0,0,0,1
synth_001939,craze,4,0.94,5.203,1.851,10.64,4200.0,3052.8,166.43,2886.37,3.19,1158.75,4.47,5174.11,45000.0,8.7,0.905,REPAIR,HIGH,5.203,1.851,10.64,2,1,5,0,0,1,0,0,0
synth_003128,crack,3,0.388,6.198,2.918,7.89,4200.0,799.05,0.08,798.97,0.1,36.29,5.27,191.14,40000.0,209.3,0.809,ENGINEERING_ASSESSMENT,CRITICAL,6.198,2.918,7.89,0,0,1,0,1,0,0,0,0
synth_000513,corrosion,2,0.716,1.96,3.288,5.72,2500.0,82.03,0.24,81.79,0.17,37.39,4.44,166.06,50000.0,301.1,0.757,MONITOR,LOW,1.96,3.288,5.72,1,2,3,1,0,0,0,0,0
synth_000081,surface_injure,1,0.456,2.265,0.923,7.62,2000.0,320.67,0.02,320.65,0.1,17.28,3.84,66.3,90000.0,1357.5,0.865,MONITOR,LOW,2.265,0.923,7.62,1,2,2,0,0,0,0,1,0
synth_001308,crack,3,0.477,4.554,1.38,8.16,3600.0,803.37,0.3,803.07,0.1,31.1,5.48,170.5,80000.0,469.2,0.942,ENGINEERING_ASSESSMENT,CRITICAL,4.554,1.38,8.16,0,0,1,0,1,0,0,0,0
synth_002982,crack,4,0.815,8.573,0.688,9.2,2500.0,968.54,21.16,947.38,1.28,276.45,4.25,1174.05,35000.0,29.8,0.949,REPAIR,HIGH,8.573,0.688,9.2,2,1,1,0,1,0,0,0,0
synth_000914,thunderstrike,4,0.752,5.89,1.844,12.04,4200.0,4200.0,0.35,4199.65,0.73,263.1,4.49,1180.01,60000.0,50.8,0.854,ENGINEERING_ASSESSMENT,CRITICAL,5.89,1.844,12.04,0,0,0,0,0,0,0,0,1
synth_003310,corrosion,5,0.841,3.611,2.664,11.15,3000.0,2649.03,90.85,2558.18,2.01,520.65,6.36,3310.99,25000.0,7.6,0.8642600936220012,REPAIR,HIGH,3.611,2.664,11.15,2,1,3,1,0,0,0,0,0
synth_003294,craze,4,0.825,8.773,2.473,7.99,3000.0,608.79,14.38,594.41,1.38,358.54,4.12,1478.51,35000.0,23.7,0.866,REPAIR,HIGH,8.773,2.473,7.99,2,1,5,0,0,1,0,0,0
synth_000774,thunderstrike,3,0.555,3.837,3.13,6.26,2000.0,112.34,0.11,112.22,0.1,17.28,5.13,88.6,60000.0,677.2,0.798,ENGINEERING_ASSESSMENT,CRITICAL,3.837,3.13,6.26,0,0,0,0,0,0,0,0,1
synth_000329,corrosion,3,0.899,5.827,2.513,10.05,3600.0,2052.86,53.82,1999.05,1.54,477.6,5.9,2816.05,45000.0,16.0,0.921,REPAIR,HIGH,5.827,2.513,10.05,2,1,3,1,0,0,0,0,0
synth_002054,craze,3,0.857,9.932,2.52,11.2,4200.0,3774.32,74.69,3699.63,1.16,420.6,4.92,2069.12,55000.0,26.6,0.871,REPAIR,HIGH,9.932,2.52,11.2,2,1,5,0,0,1,0,0,0
synth_002001,surface_injure,5,0.813,7.349,3.097,8.72,2000.0,608.0,17.44,590.56,1.68,290.33,5.51,1600.25,35000.0,21.9,0.962,REPAIR,HIGH,7.349,3.097,8.72,2,1,2,0,0,0,0,1,0
synth_000943,thunderstrike,5,0.692,1.499,1.544,5.69,3600.0,114.4,1.0,113.39,0.51,159.77,3.92,626.42,80000.0,127.7,0.787,ENGINEERING_ASSESSMENT,CRITICAL,1.499,1.544,5.69,0,0,0,0,0,0,0,0,1
synth_000822,surface_injure,2,0.746,1.372,2.42,8.07,2500.0,530.0,2.03,527.97,0.22,48.34,4.22,203.76,75000.0,368.1,0.889,MONITOR,LOW,1.372,2.42,8.07,1,2,2,0,0,0,0,1,0
synth_000909,surface_injure,5,0.947,6.963,3.012,9.5,3000.0,1338.87,106.3,1232.57,4.65,1205.34,6.11,7362.15,25000.0,3.4,0.941,REPAIR,HIGH,6.963,3.012,9.5,2,1,2,0,0,0,0,1,0
synth_000181,thunderstrike,5,0.362,3.632,3.329,10.5,3600.0,2473.94,0.3,2473.64,0.1,31.1,4.28,133.02,60000.0,451.1,0.778,ENGINEERING_ASSESSMENT,CRITICAL,3.632,3.329,10.5,0,0,0,0,0,0,0,0,1
synth_000164,crack,4,0.668,3.737,2.952,10.01,3000.0,1683.85,9.15,1674.7,0.32,82.49,4.29,354.24,60000.0,169.4,0.905,ENGINEERING_ASSESSMENT,CRITICAL,3.737,2.952,10.01,0,0,1,0,1,0,0,0,0
synth_001523,hide_craze,1,0.377,3.794,0.991,7.56,3600.0,557.0,0.01,556.99,0.1,31.1,3.64,113.13,75000.0,663.0,0.766,MONITOR,LOW,3.794,0.991,7.56,1,2,4,0,0,0,1,0,0
synth_000451,craze,1,0.315,2.09,1.438,5.91,3600.0,144.83,0.0,144.83,0.1,31.1,4.64,144.21,90000.0,624.1,0.798,MONITOR,LOW,2.09,1.438,5.91,1,2,5,0,0,1,0,0,0
synth_001311,surface_injure,1,0.58,2.724,2.363,5.4,4200.0,94.02,0.03,93.99,0.1,36.29,4.03,146.22,50000.0,342.0,0.932,MONITOR,LOW,2.724,2.363,5.4,1,2,2,0,0,0,0,1,0
synth_001111,crack,3,0.506,7.739,2.161,8.48,2000.0,536.14,0.31,535.84,0.1,17.28,4.19,72.46,60000.0,828.0,0.956,ENGINEERING_ASSESSMENT,CRITICAL,7.739,2.161,8.48,0,0,1,0,1,0,0,0,0
synth_002979,hide_craze,2,0.539,1.804,1.471,9.138434681408205,2000.0,1171.42,0.52,1170.91,0.1,17.28,3.6,62.29,90000.0,1444.9,0.802,MONITOR,LOW,1.804,1.471,9.138434681408205,1,2,4,0,0,0,1,0,0
synth_001287,surface_injure,5,0.886,3.439,1.597,7.19,2500.0,299.59,14.49,285.09,2.83,611.94,5.68,3478.79,55000.0,15.8,0.896,REPAIR,HIGH,3.439,1.597,7.19,2,1,2,0,0,0,0,1,0
synth_000327,hide_craze,5,0.808,4.591,2.62,8.58,3600.0,1017.02,27.08,989.94,1.56,485.08,4.93,2392.09,45000.0,18.8,0.857,REPAIR,HIGH,4.591,2.62,8.58,2,1,4,0,0,0,1,0,0
synth_001790,hide_craze,3,0.979,9.375,1.213,9.23,4200.0,1652.04,79.62,1572.42,2.82,1024.4,5.08,5203.78,45000.0,8.6,0.784,REPAIR,HIGH,9.375,1.213,9.23,2,1,4,0,0,0,1,0,0
synth_003182,crack,5,0.35,5.347,0.672,8.39,3000.0,767.08,0.08,767.0,0.1,25.92,4.97,128.72,60000.0,466.1,0.876,ENGINEERING_ASSESSMENT,CRITICAL,5.347,0.672,8.39,0,0,1,0,1,0,0,0,0
synth_002007,surface_injure,1,0.694,3.794,2.287,9.138434681408205,4200.0,942.11,1.03,941.07,0.1,36.29,4.03,146.4,75000.0,512.3,0.851,MONITOR,LOW,3.794,2.287,9.138434681408205,1,2,2,0,0,0,0,1,0
synth_001858,hide_craze,4,0.961,7.178,1.272,7.38,2000.0,274.51,17.87,256.64,3.81,658.88,4.65,3066.74,35000.0,11.4,0.774,REPAIR,HIGH,7.178,1.272,7.38,2,1,4,0,0,0,1,0,0
synth_000312,surface_injure,2,0.475,2.018,2.0,11.49,3000.0,2989.68,0.56,2989.12,0.1,25.92,3.6,93.21,75000.0,804.6,0.8642600936220012,MONITOR,LOW,2.018,2.0,11.49,1,2,2,0,0,0,0,1,0
synth_000832,corrosion,1,0.447,2.992,0.644,10.18,3600.0,2169.15,0.13,2169.02,0.1,31.1,4.64,144.36,75000.0,519.5,0.823,MONITOR,LOW,2.992,0.644,10.18,1,2,3,1,0,0,0,0,0
synth_001201,surface_injure,2,0.521,1.959,2.336,8.38,4200.0,1063.73,0.37,1063.35,0.1,36.29,3.85,139.6,50000.0,358.2,0.853,MONITOR,LOW,1.959,2.336,8.38,1,2,2,0,0,0,0,1,0
synth_002770,crack,1,0.38,2.758,1.305,11.04,2500.0,2112.26,0.04,2112.22,0.1,21.6,3.73,80.48,75000.0,931.9,0.907,MONITOR,LOW,2.758,1.305,11.04,1,2,1,0,1,0,0,0,0
synth_002424,thunderstrike,4,0.885,3.312,3.371,13.5,3000.0,3000.0,0.74,2999.26,2.07,535.94,3.69,1975.99,40000.0,20.2,0.764,ENGINEERING_ASSESSMENT,CRITICAL,3.312,3.371,13.5,0,0,0,0,0,0,0,0,1
synth_002134,surface_injure,2,0.505,2.037,1.763,9.138434681408205,3000.0,170.51,0.05,170.46,0.1,25.92,4.81,124.61,50000.0,401.3,0.97,MONITOR,LOW,2.037,1.763,9.138434681408205,1,2,2,0,0,0,0,1,0
synth_002209,hide_craze,2,0.238,0.568,1.884,11.9,4200.0,4200.0,0.0,4200.0,0.1,36.29,4.0,145.14,50000.0,344.5,0.962,MONITOR,LOW,0.568,1.884,11.9,1,2,4,0,0,0,1,0,0
synth_003534,crack,5,0.719,4.95,1.026,5.7,3600.0,115.97,1.42,114.55,0.72,223.04,4.96,1106.46,40000.0,36.2,0.968,ENGINEERING_ASSESSMENT,CRITICAL,4.95,1.026,5.7,0,0,1,0,1,0,0,0,0
synth_001481,hide_craze,2,0.638,0.903,3.262,8.0,3000.0,609.66,0.8,608.86,0.1,25.92,4.62,119.75,50000.0,417.5,0.921,MONITOR,LOW,0.903,3.262,8.0,1,2,4,0,0,0,1,0,0
synth_000777,hide_craze,2,0.424,0.582,0.528,5.57,3600.0,99.91,0.01,99.9,0.1,31.1,3.58,111.43,75000.0,673.1,0.843,MONITOR,LOW,0.582,0.528,5.57,1,2,4,0,0,0,1,0,0
synth_000799,surface_injure,1,0.577,0.991,1.609,8.44,4200.0,1101.78,0.36,1101.43,0.1,36.29,4.6,166.78,75000.0,449.7,0.969,MONITOR,LOW,0.991,1.609,8.44,1,2,2,0,0,0,0,1,0
synth_000054,corrosion,2,0.486,2.486,1.71,11.74,4200.0,4200.0,0.01,4199.99,0.1,36.29,3.63,131.83,90000.0,682.7,0.8642600936220012,MONITOR,LOW,2.486,1.71,11.74,1,2,3,1,0,0,0,0,0
synth_001920,corrosion,2,0.403,1.486,1.832,11.96,3000.0,3000.0,0.0,3000.0,0.1,25.92,4.92,127.62,90000.0,705.2,0.809,MONITOR,LOW,1.486,1.832,11.96,1,2,3,1,0,0,0,0,0
synth_003094,craze,3,0.9,8.018,1.137,8.75,3000.0,930.37,25.28,905.1,1.59,412.46,4.25,1751.3,55000.0,31.4,0.885,REPAIR,HIGH,8.018,1.137,8.75,2,1,5,0,0,1,0,0,0
synth_002587,crack,4,0.507,2.363,0.626,9.78,3600.0,1830.45,1.52,1828.93,0.1,31.1,3.59,111.54,60000.0,537.9,0.779,ENGINEERING_ASSESSMENT,CRITICAL,2.363,0.626,9.78,0,0,1,0,1,0,0,0,0
synth_001701,corrosion,2,0.674,0.869,3.27,6.1,2500.0,121.55,0.23,121.32,0.11,23.93,3.86,92.39,75000.0,811.8,0.789,MONITOR,LOW,0.869,3.27,6.1,1,2,3,1,0,0,0,0,0
synth_002161,surface_injure,2,0.435,1.517,2.775,5.46,3600.0,87.12,0.01,87.11,0.1,31.1,4.4,136.71,50000.0,365.7,0.8642600936220012,MONITOR,LOW,1.517,2.775,5.46,1,2,2,0,0,0,0,1,0
synth_003367,crack,3,0.329,7.305,0.54,14.54,3600.0,3600.0,0.0,3600.0,0.1,31.1,4.97,154.59,80000.0,517.5,0.767,ENGINEERING_ASSESSMENT,CRITICAL,7.305,0.54,14.54,0,0,1,0,1,0,0,0,0
synth_000987,crack,3,0.866,4.908,0.739,8.25,3000.0,706.06,14.24,691.82,1.18,306.27,4.09,1251.66,60000.0,47.9,0.825,ENGINEERING_ASSESSMENT,CRITICAL,4.908,0.739,8.25,0,0,1,0,1,0,0,0,0
synth_002585,craze,2,0.253,1.164,2.954,6.6,2000.0,151.98,0.0,151.98,0.1,17.28,4.36,75.32,90000.0,1194.9,0.924,MONITOR,LOW,1.164,2.954,6.6,1,2,5,0,0,1,0,0,0
synth_001394,surface_injure,1,0.355,2.299,0.595,4.57,3000.0,18.95,0.0,18.95,0.1,25.92,4.2,108.89,75000.0,688.8,0.779,MONITOR,LOW,2.299,0.595,4.57,1,2,2,0,0,0,0,1,0
synth_000768,surface_injure,4,0.929,6.965,1.503,10.86,2500.0,1977.22,102.35,1874.87,3.03,654.88,4.75,3108.3,25000.0,8.0,0.828,REPAIR,HIGH,6.965,1.503,10.86,2,1,2,0,0,0,0,1,0
synth_003179,crack,4,0.729,4.326,2.612,5.52,3600.0,94.3,0.93,93.37,0.58,179.4,5.42,971.99,60000.0,61.7,0.859,ENGINEERING_ASSESSMENT,CRITICAL,4.326,2.612,5.52,0,0,1,0,1,0,0,0,0
synth_000285,crack,3,0.466,3.07,0.713,10.94,3600.0,2932.13,0.9,2931.23,0.1,31.1,3.57,110.89,60000.0,541.1,0.818,ENGINEERING_ASSESSMENT,CRITICAL,3.07,0.713,10.94,0,0,1,0,1,0,0,0,0
synth_003161,craze,3,0.678,6.247,3.017,14.06,2000.0,2000.0,0.05,1999.95,0.23,40.42,4.34,175.51,60000.0,341.9,0.763,MONITOR,LOW,6.247,3.017,14.06,1,2,5,0,0,1,0,0,0
synth_000428,corrosion,5,0.88,4.37,1.559,8.99,4200.0,1466.3,68.92,1397.38,2.75,999.01,4.5,4494.08,55000.0,12.2,0.766,REPAIR,HIGH,4.37,1.559,8.99,2,1,3,1,0,0,0,0,0
synth_002332,surface_injure,3,0.872,4.13,2.539,14.34,3600.0,3600.0,0.52,3599.48,1.22,379.57,4.32,1638.29,40000.0,24.4,0.885,REPAIR,HIGH,4.13,2.539,14.34,2,1,2,0,0,0,0,1,0
synth_002079,corrosion,2,0.742,1.206,3.113,9.138434681408205,2000.0,167.21,0.61,166.59,0.21,37.12,3.72,138.0,90000.0,652.2,0.755,MONITOR,LOW,1.206,3.113,9.138434681408205,1,2,3,1,0,0,0,0,0
synth_000722,hide_craze,1,0.405,0.314,1.94,11.31,2000.0,1868.74,0.05,1868.68,0.1,17.28,4.75,82.07,50000.0,609.2,0.757,MONITOR,LOW,0.314,1.94,11.31,1,2,4,0,0,0,1,0,0
synth_000951,corrosion,4,0.955,5.26,1.826,7.74,3000.0,521.32,31.69,489.63,3.56,922.79,6.3,5816.88,55000.0,9.5,0.84,REPAIR,HIGH,5.26,1.826,7.74,2,1,3,1,0,0,0,0,0
synth_002262,surface_injure,5,0.907,9.981,1.163,7.33,2500.0,331.09,20.21,310.88,3.57,772.1,5.02,3874.28,35000.0,9.0,0.844,REPAIR,HIGH,9.981,1.163,7.33,2,1,2,0,0,0,0,1,0
synth_000989,crack,4,0.321,5.507,2.611,12.63,2000.0,2000.0,0.0,2000.0,0.1,17.28,5.02,86.73,80000.0,922.4,0.963,ENGINEERING_ASSESSMENT,CRITICAL,5.507,2.611,12.63,0,0,1,0,1,0,0,0,0
synth_003350,thunderstrike,4,0.848,1.71,1.202,9.138434681408205,4200.0,87.22,2.23,84.99,1.5,543.78,3.74,2035.16,80000.0,39.3,0.779,ENGINEERING_ASSESSMENT,CRITICAL,1.71,1.202,9.138434681408205,0,0,0,0,0,0,0,0,1
synth_003540,crack,5,0.641,5.866,2.174,13.12,3000.0,3000.0,0.12,2999.88,0.34,87.11,4.82,419.77,80000.0,190.6,0.97,ENGINEERING_ASSESSMENT,CRITICAL,5.866,2.174,13.12,0,0,1,0,1,0,0,0,0
synth_000326,hide_craze,2,0.3,2.911,1.851,9.138434681408205,4200.0,24.62,0.0,24.62,0.1,36.29,4.47,162.31,50000.0,308.1,0.935,MONITOR,LOW,2.911,1.851,9.138434681408205,1,2,4,0,0,0,1,0,0
synth_001383,crack,4,0.314,7.661,2.993,12.25,2500.0,2500.0,0.0,2500.0,0.1,21.6,5.1,110.16,60000.0,544.7,0.808,ENGINEERING_ASSESSMENT,CRITICAL,7.661,2.993,12.25,0,0,1,0,1,0,0,0,0
synth_001724,hide_craze,5,0.818,7.655,0.695,9.138434681408205,2500.0,2257.01,67.74,2189.27,1.76,379.71,4.49,1705.03,25000.0,14.7,0.784,REPAIR,HIGH,7.655,0.695,9.138434681408205,2,1,4,0,0,0,1,0,0
synth_001086,crack,5,0.534,7.487,2.264,11.99,2000.0,2000.0,0.02,1999.98,0.1,17.37,4.01,69.73,60000.0,860.5,0.782,ENGINEERING_ASSESSMENT,CRITICAL,7.487,2.264,11.99,0,0,1,0,1,0,0,0,0
synth_000341,thunderstrike,3,0.541,5.33,3.443,11.33,3600.0,3389.18,2.96,3386.21,0.1,31.1,4.44,138.04,40000.0,289.8,0.948,ENGINEERING_ASSESSMENT,CRITICAL,5.33,3.443,11.33,0,0,0,0,0,0,0,0,1
synth_000147,surface_injure,3,0.843,6.722,2.505,7.07,2500.0,273.64,4.71,268.93,1.01,217.94,5.47,1191.62,55000.0,46.2,0.925,REPAIR,HIGH,6.722,2.505,7.07,2,1,2,0,0,0,0,1,0
synth_002798,craze,2,0.313,1.138,3.142,4.59,3600.0,23.64,0.0,23.64,0.1,31.1,4.98,154.92,75000.0,484.1,0.975,MONITOR,LOW,1.138,3.142,4.59,1,2,5,0,0,1,0,0,0
synth_001107,craze,2,0.615,0.223,0.574,9.138434681408205,4200.0,623.17,0.61,622.55,0.1,36.29,3.88,140.95,50000.0,354.7,0.792,MONITOR,LOW,0.223,0.574,9.138434681408205,1,2,5,0,0,1,0,0,0
synth_000848,thunderstrike,3,0.74,2.21,0.976,8.45,3000.0,788.63,5.29,783.34,0.39,101.87,3.62,369.08,60000.0,162.6,0.954,ENGINEERING_ASSESSMENT,CRITICAL,2.21,0.976,8.45,0,0,0,0,0,0,0,0,1
synth_000966,craze,3,0.833,1.313,2.968,12.55,2500.0,2500.0,0.27,2499.73,0.84,181.87,4.03,733.69,60000.0,81.8,0.79,REPAIR,HIGH,1.313,2.968,12.55,2,1,5,0,0,1,0,0,0
synth_003531,thunderstrike,5,0.761,2.885,1.134,5.97,3000.0,128.54,2.22,126.32,1.01,262.49,3.5,918.81,40000.0,43.5,0.791,ENGINEERING_ASSESSMENT,CRITICAL,2.885,1.134,5.97,0,0,0,0,0,0,0,0,1
synth_002203,crack,5,0.375,2.115,1.035,12.51,3000.0,3000.0,0.0,3000.0,0.1,25.92,4.92,127.57,60000.0,470.3,0.826,ENGINEERING_ASSESSMENT,CRITICAL,2.115,1.035,12.51,0,0,1,0,1,0,0,0,0
synth_000661,hide_craze,1,0.596,1.195,0.575,10.47,3600.0,2444.33,0.98,2443.34,0.1,31.1,3.94,122.6,75000.0,611.7,0.802,MONITOR,LOW,1.195,0.575,10.47,1,2,4,0,0,0,1,0,0
synth_001002,hide_craze,1,0.236,0.289,2.375,7.75,3600.0,630.0,0.0,630.0,0.1,31.1,4.89,151.98,50000.0,329.0,0.954,MONITOR,LOW,0.289,2.375,7.75,1,2,4,0,0,0,1,0,0
synth_002800,craze,2,0.331,2.464,3.11,10.67,2000.0,1470.42,0.02,1470.4,0.1,17.28,3.67,63.37,75000.0,1183.5,0.8642600936220012,MONITOR,LOW,2.464,3.11,10.67,1,2,5,0,0,1,0,0,0
synth_003011,corrosion,1,0.683,1.286,1.525,9.43,2500.0,1084.43,1.09,1083.34,0.1,21.6,4.97,107.29,50000.0,466.0,0.972,MONITOR,LOW,1.286,1.525,9.43,1,2,3,1,0,0,0,0,0
synth_002803,thunderstrike,4,0.402,3.301,2.425,14.97,3000.0,3000.0,0.0,3000.0,0.1,25.92,3.95,102.32,80000.0,781.9,0.838,ENGINEERING_ASSESSMENT,CRITICAL,3.301,2.425,14.97,0,0,0,0,0,0,0,0,1
synth_003181,crack,1,0.418,3.794,1.016,4.7,4200.0,33.53,0.0,33.53,0.1,36.29,4.67,169.55,90000.0,530.8,0.756,MONITOR,LOW,3.794,1.016,4.7,1,2,1,0,1,0,0,0,0
synth_001879,hide_craze,4,0.847,11.35,2.438,9.5,4200.0,1875.58,54.16,1821.42,1.69,613.79,6.32,3877.53,35000.0,9.0,0.842,REPAIR,HIGH,11.35,2.438,9.5,2,1,4,0,0,0,1,0,0
synth_003580,crack,3,0.878,5.747,1.863,7.62,3000.0,480.7,10.76,469.93,1.31,339.98,4.02,1368.02,80000.0,58.5,0.853,ENGINEERING_ASSESSMENT,CRITICAL,5.747,1.863,7.62,0,0,1,0,1,0,0,0,0
synth_001203,thunderstrike,4,0.657,3.794,2.417,5.73,3600.0,118.85,0.58,118.27,0.29,89.02,4.93,438.71,40000.0,91.2,0.764,ENGINEERING_ASSESSMENT,CRITICAL,3.794,2.417,5.73,0,0,0,0,0,0,0,0,1
synth_001990,thunderstrike,4,0.901,2.6,1.231,9.94,3000.0,1630.86,64.11,1566.74,2.3,596.83,5.27,3144.09,40000.0,12.7,0.804,ENGINEERING_ASSESSMENT,CRITICAL,2.6,1.231,9.94,0,0,0,0,0,0,0,0,1
synth_000024,surface_injure,3,0.967,7.751,1.383,9.58,4200.0,1944.21,85.09,1859.12,2.56,930.19,6.45,6000.5,55000.0,9.2,0.794,REPAIR,HIGH,7.751,1.383,9.58,2,1,2,0,0,0,0,1,0
synth_003372,thunderstrike,3,0.46,1.13,1.907,9.9,3000.0,1602.54,0.42,1602.11,0.1,25.92,4.4,113.96,40000.0,351.0,0.967,ENGINEERING_ASSESSMENT,CRITICAL,1.13,1.907,9.9,0,0,0,0,0,0,0,0,1
synth_003348,thunderstrike,4,0.403,2.211,1.139,6.21,3600.0,194.63,0.03,194.59,0.1,31.1,5.37,167.12,60000.0,359.0,0.801,ENGINEERING_ASSESSMENT,CRITICAL,2.211,1.139,6.21,0,0,0,0,0,0,0,0,1
synth_002494,thunderstrike,3,0.838,3.759,1.502,14.46,2500.0,2500.0,0.28,2499.72,0.93,201.74,4.85,979.29,60000.0,61.3,0.789,ENGINEERING_ASSESSMENT,CRITICAL,3.759,1.502,14.46,0,0,0,0,0,0,0,0,1
synth_002755,hide_craze,2,0.314,2.216,1.913,11.12,2000.0,1746.19,0.02,1746.17,0.1,17.28,4.98,86.14,50000.0,580.5,0.88,MONITOR,LOW,2.216,1.913,11.12,1,2,4,0,0,0,1,0,0
synth_000875,surface_injure,2,0.746,0.326,0.933,11.36,3600.0,3426.15,12.33,3413.82,0.21,65.59,4.21,275.84,90000.0,326.3,0.851,MONITOR,LOW,0.326,0.933,11.36,1,2,2,0,0,0,0,1,0
synth_003228,corrosion,4,0.838,11.181,0.583,8.84,2000.0,647.03,17.32,629.71,1.57,270.89,4.53,1227.46,35000.0,28.5,0.835,REPAIR,HIGH,11.181,0.583,8.84,2,1,3,1,0,0,0,0,0
synth_000938,corrosion,1,0.438,1.217,1.008,8.01,3600.0,737.51,0.04,737.47,0.1,31.1,3.57,110.87,50000.0,451.0,0.899,MONITOR,LOW,1.217,1.008,8.01,1,2,3,1,0,0,0,0,0
synth_002394,surface_injure,3,0.666,3.31,1.873,9.3,2500.0,1017.18,3.45,1013.73,0.2,42.88,4.72,202.41,40000.0,197.6,0.8642600936220012,MONITOR,LOW,3.31,1.873,9.3,1,2,2,0,0,0,0,1,0
synth_002998,surface_injure,3,0.938,3.002,3.357,7.6,2000.0,316.85,10.54,306.3,1.95,336.83,5.61,1888.07,55000.0,29.1,0.908,REPAIR,HIGH,3.002,3.357,7.6,2,1,2,0,0,0,0,1,0
synth_003563,thunderstrike,5,0.439,1.551,2.289,6.07,2000.0,93.94,0.04,93.9,0.1,17.28,3.53,61.01,80000.0,1311.3,0.943,ENGINEERING_ASSESSMENT,CRITICAL,1.551,2.289,6.07,0,0,0,0,0,0,0,0,1
synth_000385,corrosion,1,0.691,2.532,0.823,8.32,4200.0,1031.12,1.18,1029.94,0.1,36.29,4.77,172.99,75000.0,433.6,0.96,MONITOR,LOW,2.532,0.823,8.32,1,2,3,1,0,0,0,0,0
synth_002749,hide_craze,1,0.739,1.474,3.434,9.97,3600.0,1987.76,3.42,1984.34,0.1,31.37,3.72,116.67,75000.0,642.8,0.8642600936220012,MONITOR,LOW,1.474,3.434,9.97,1,2,4,0,0,0,1,0,0
synth_003359,thunderstrike,4,0.916,3.913,1.55,8.43,2500.0,650.58,29.29,621.29,2.64,569.57,4.39,2502.37,60000.0,24.0,0.8642600936220012,ENGINEERING_ASSESSMENT,CRITICAL,3.913,1.55,8.43,0,0,0,0,0,0,0,0,1
synth_002638,corrosion,5,0.83,7.86,1.334,9.96,2000.0,1095.89,36.27,1059.62,1.94,334.98,4.83,1617.43,55000.0,34.0,0.9,REPAIR,HIGH,7.86,1.334,9.96,2,1,3,1,0,0,0,0,0
synth_002291,crack,3,0.907,3.025,2.232,12.26,4200.0,4200.0,0.79,4199.21,1.57,568.53,4.96,2820.89,60000.0,21.3,0.794,ENGINEERING_ASSESSMENT,CRITICAL,3.025,2.232,12.26,0,0,1,0,1,0,0,0,0
synth_002507,hide_craze,2,0.214,1.853,1.153,9.65,3600.0,1725.35,0.0,1725.35,0.1,31.1,4.78,148.69,90000.0,605.3,0.8642600936220012,MONITOR,LOW,1.853,1.153,9.65,1,2,4,0,0,0,1,0,0
synth_000936,surface_injure,3,0.929,11.138,2.675,9.3,2000.0,816.17,27.98,788.19,2.01,346.98,4.9,1700.33,35000.0,20.6,0.798,REPAIR,HIGH,11.138,2.675,9.3,2,1,2,0,0,0,0,1,0
synth_003088,hide_craze,1,0.252,0.871,0.864,11.56,2500.0,2500.0,0.0,2500.0,0.1,21.6,4.6,99.42,50000.0,502.9,0.767,MONITOR,LOW,0.871,0.864,11.56,1,2,4,0,0,0,1,0,0
synth_002360,surface_injure,2,0.516,0.221,1.111,8.01,4200.0,860.71,0.26,860.45,0.1,36.29,3.74,135.79,75000.0,552.3,0.791,MONITOR,LOW,0.221,1.111,8.01,1,2,2,0,0,0,0,1,0
synth_003505,crack,3,0.369,4.959,2.847,7.18,2000.0,238.21,0.02,238.2,0.1,17.28,4.72,81.62,80000.0,980.2,0.875,ENGINEERING_ASSESSMENT,CRITICAL,4.959,2.847,7.18,0,0,1,0,1,0,0,0,0
synth_001332,corrosion,1,0.354,0.864,2.485,7.5,2000.0,296.92,0.0,296.91,0.1,17.28,4.78,82.67,50000.0,604.8,0.852,MONITOR,LOW,0.864,2.485,7.5,1,2,3,1,0,0,0,0,0
synth_001934,corrosion,3,0.976,5.246,2.187,10.08,2500.0,1442.04,65.26,1376.78,2.65,572.56,5.66,3243.27,45000.0,13.9,0.774,REPAIR,HIGH,5.246,2.187,10.08,2,1,3,1,0,0,0,0,0
synth_000935,craze,1,0.654,3.794,1.845,6.73,3600.0,305.11,0.24,304.88,0.1,31.1,4.53,140.74,50000.0,355.3,0.862,MONITOR,LOW,3.794,1.845,6.73,1,2,5,0,0,1,0,0,0
synth_002418,thunderstrike,4,0.455,4.417,2.76,7.16,3600.0,422.48,0.18,422.3,0.1,31.1,4.47,138.94,60000.0,431.8,0.895,ENGINEERING_ASSESSMENT,CRITICAL,4.417,2.76,7.16,0,0,0,0,0,0,0,0,1
synth_000566,craze,3,0.83,4.067,2.531,7.56,3600.0,556.11,8.35,547.76,0.88,273.5,4.91,1344.18,35000.0,26.0,0.895,REPAIR,HIGH,4.067,2.531,7.56,2,1,5,0,0,1,0,0,0
synth_001854,craze,4,0.903,3.274,2.914,10.73,2500.0,1883.49,76.17,1807.32,2.37,511.65,5.13,2623.71,25000.0,9.5,0.859,REPAIR,HIGH,3.274,2.914,10.73,2,1,5,0,0,1,0,0,0
synth_003190,crack,5,0.885,1.33,2.273,10.16,4200.0,2513.25,114.57,2398.68,2.67,968.92,4.4,4264.54,60000.0,14.1,0.784,ENGINEERING_ASSESSMENT,CRITICAL,1.33,2.273,10.16,0,0,1,0,1,0,0,0,0
synth_001645,crack,3,0.97,4.907,1.687,11.01,3000.0,2512.37,108.92,2403.45,2.54,658.19,6.35,4181.2,45000.0,10.8,0.889,REPAIR,HIGH,4.907,1.687,11.01,2,1,1,0,1,0,0,0,0
synth_003007,craze,2,0.727,1.049,2.373,5.99,3600.0,157.14,0.5,156.64,0.18,57.43,4.63,265.83,90000.0,338.6,0.939,MONITOR,LOW,1.049,2.373,5.99,1,2,5,0,0,1,0,0,0
synth_001792,surface_injure,4,0.93,3.806,1.798,7.08,4200.0,464.24,23.1,441.15,2.91,1057.51,5.11,5408.35,25000.0,4.6,0.849,REPAIR,HIGH,3.806,1.798,7.08,2,1,2,0,0,0,0,1,0
synth_001430,corrosion,5,0.868,6.413,2.652,7.33,2000.0,264.43,11.71,252.72,2.59,448.15,5.01,2246.6,25000.0,11.1,0.798,REPAIR,HIGH,6.413,2.652,7.33,2,1,3,1,0,0,0,0,0
synth_003343,corrosion,3,0.816,3.794,1.682,11.55,2000.0,2000.0,0.18,1999.82,0.74,127.53,4.85,619.07,80000.0,129.2,0.931,ENGINEERING_ASSESSMENT,MEDIUM,3.794,1.682,11.55,0,3,3,1,0,0,0,0,0
synth_001013,corrosion,4,0.842,7.263,1.413,10.93,2000.0,1624.17,43.65,1580.52,1.57,272.0,4.21,1145.12,55000.0,48.0,0.914,REPAIR,HIGH,7.263,1.413,10.93,2,1,3,1,0,0,0,0,0
synth_001928,corrosion,1,0.319,3.794,3.331,10.76,2500.0,1903.74,0.01,1903.72,0.1,21.6,3.51,75.91,50000.0,658.7,0.956,MONITOR,LOW,3.794,3.331,10.76,1,2,3,1,0,0,0,0,0
synth_002699,craze,3,0.572,1.176,0.807,14.56,2500.0,2500.0,0.02,2499.98,0.1,21.6,3.64,78.66,80000.0,1017.0,0.942,MONITOR,LOW,1.176,0.807,14.56,1,2,5,0,0,1,0,0,0
synth_000126,crack,3,0.671,1.129,2.179,9.82,2500.0,1293.35,4.32,1289.03,0.2,42.31,3.92,165.88,40000.0,241.1,0.825,ENGINEERING_ASSESSMENT,CRITICAL,1.129,2.179,9.82,0,0,1,0,1,0,0,0,0
synth_002513,thunderstrike,3,0.872,3.999,2.21,5.74,3000.0,100.49,2.1,98.39,1.22,317.08,4.56,1445.48,40000.0,27.7,0.934,ENGINEERING_ASSESSMENT,CRITICAL,3.999,2.21,5.74,0,0,0,0,0,0,0,0,1
synth_001347,crack,5,0.633,4.33,1.056,11.45,2500.0,2456.99,12.76,2444.23,0.3,65.73,4.61,303.34,60000.0,197.8,0.828,ENGINEERING_ASSESSMENT,CRITICAL,4.33,1.056,11.45,0,0,1,0,1,0,0,0,0
synth_000355,crack,3,0.634,7.323,2.203,13.9,2000.0,2000.0,0.03,1999.97,0.15,26.06,5.14,133.84,60000.0,448.3,0.868,ENGINEERING_ASSESSMENT,CRITICAL,7.323,2.203,13.9,0,0,1,0,1,0,0,0,0
synth_000827,thunderstrike,3,0.535,1.072,3.404,11.26,2000.0,1836.49,1.34,1835.14,0.1,17.28,4.91,84.81,60000.0,707.5,0.892,ENGINEERING_ASSESSMENT,CRITICAL,1.072,3.404,11.26,0,0,0,0,0,0,0,0,1
synth_001639,corrosion,4,0.909,10.562,2.376,7.73,4200.0,725.16,33.33,691.83,2.69,976.86,4.68,4568.98,35000.0,7.7,0.837,REPAIR,HIGH,10.562,2.376,7.73,2,1,3,1,0,0,0,0,0
synth_000984,surface_injure,2,0.513,2.084,2.725,7.1,4200.0,470.33,0.15,470.18,0.1,36.29,3.88,140.69,90000.0,639.7,0.934,MONITOR,LOW,2.084,2.725,7.1,1,2,2,0,0,0,0,1,0
synth_002188,craze,5,0.829,6.031,2.304,9.65,2500.0,1199.57,38.66,1160.91,1.89,407.68,5.76,2348.18,35000.0,14.9,0.855,REPAIR,HIGH,6.031,2.304,9.65,2,1,5,0,0,1,0,0,0
synth_003052,craze,5,0.816,7.965,1.684,7.97,3600.0,718.85,21.31,697.54,1.74,540.14,6.35,3430.62,55000.0,16.0,0.937,REPAIR,HIGH,7.965,1.684,7.97,2,1,5,0,0,1,0,0,0
synth_002443,hide_craze,1,0.317,0.622,1.116,4.36,2500.0,10.15,0.0,10.15,0.1,21.6,4.55,98.22,75000.0,763.6,0.79,MONITOR,LOW,0.622,1.116,4.36,1,2,4,0,0,0,1,0,0
synth_000362,crack,5,0.892,4.569,2.153,10.01,3600.0,2021.68,104.56,1917.12,3.03,942.21,3.6,3392.41,60000.0,17.7,0.964,ENGINEERING_ASSESSMENT,CRITICAL,4.569,2.153,10.01,0,0,1,0,1,0,0,0,0
synth_002349,craze,2,0.652,2.886,3.156,10.16,3600.0,2148.75,3.48,2145.27,0.1,31.1,4.97,154.57,50000.0,323.5,0.848,MONITOR,LOW,2.886,3.156,10.16,1,2,5,0,0,1,0,0,0
synth_000345,surface_injure,2,0.685,1.803,2.722,6.22,3600.0,195.0,0.43,194.57,0.13,39.78,4.88,194.2,75000.0,386.2,0.832,MONITOR,LOW,1.803,2.722,6.22,1,2,2,0,0,0,0,1,0
synth_002624,thunderstrike,3,0.442,6.833,1.967,5.95,2500.0,104.04,0.02,104.02,0.1,21.6,4.31,93.05,80000.0,859.8,0.788,ENGINEERING_ASSESSMENT,CRITICAL,6.833,1.967,5.95,0,0,0,0,0,0,0,0,1
synth_003043,corrosion,1,0.393,0.387,0.646,4.53,3000.0,17.51,0.0,17.5,0.1,25.92,3.52,91.26,50000.0,547.9,0.823,MONITOR,LOW,0.387,0.646,4.53,1,2,3,1,0,0,0,0,0
synth_000711,hide_craze,4,0.884,11.499,0.748,8.66,2000.0,590.69,22.64,568.05,2.24,387.86,4.34,1682.84,35000.0,20.8,0.965,REPAIR,HIGH,11.499,0.748,8.66,2,1,4,0,0,0,1,0,0
synth_002475,hide_craze,2,0.351,0.783,0.892,7.65,2000.0,327.49,0.01,327.48,0.1,17.28,3.81,65.87,50000.0,759.1,0.756,MONITOR,LOW,0.783,0.892,7.65,1,2,4,0,0,0,1,0,0
synth_000010,craze,3,0.925,4.868,3.329,8.85,3000.0,976.34,30.71,945.63,1.84,477.58,5.89,2812.41,55000.0,19.6,0.91,REPAIR,HIGH,4.868,3.329,8.85,2,1,5,0,0,1,0,0,0
synth_002890,hide_craze,2,0.542,1.691,1.273,4.16,3000.0,7.72,0.0,7.72,0.1,25.92,4.26,110.46,50000.0,452.7,0.893,MONITOR,LOW,1.691,1.273,4.16,1,2,4,0,0,0,1,0,0
synth_002116,surface_injure,2,0.618,1.211,2.725,4.16,4200.0,10.55,0.01,10.54,0.1,36.29,5.0,181.29,50000.0,275.8,0.932,MONITOR,LOW,1.211,2.725,4.16,1,2,2,0,0,0,0,1,0
synth_001834,thunderstrike,3,0.724,4.549,2.675,6.5,3600.0,251.27,1.52,249.75,0.35,110.29,4.16,458.74,60000.0,130.8,0.911,ENGINEERING_ASSESSMENT,CRITICAL,4.549,2.675,6.5,0,0,0,0,0,0,0,0,1
synth_000793,hide_craze,2,0.625,2.449,1.994,6.18,3000.0,156.5,0.19,156.31,0.1,25.92,4.58,118.83,75000.0,631.2,0.827,MONITOR,LOW,2.449,1.994,6.18,1,2,4,0,0,0,1,0,0
synth_003315,crack,3,0.479,3.794,0.622,10.7,3600.0,2677.77,0.93,2676.84,0.1,31.1,4.27,132.95,60000.0,451.3,0.803,ENGINEERING_ASSESSMENT,CRITICAL,3.794,0.622,10.7,0,0,1,0,1,0,0,0,0
synth_000094,crack,4,0.563,6.396,2.714,9.22,3000.0,1175.74,2.1,1173.64,0.1,27.12,4.21,114.11,60000.0,525.8,0.771,ENGINEERING_ASSESSMENT,CRITICAL,6.396,2.714,9.22,0,0,1,0,1,0,0,0,0
synth_000129,hide_craze,1,0.387,1.556,2.952,9.29,2500.0,1011.4,0.02,1011.38,0.1,21.6,4.33,93.52,75000.0,802.0,0.861,MONITOR,LOW,1.556,2.952,9.29,1,2,4,0,0,0,1,0,0
synth_002371,crack,3,0.873,3.794,3.372,10.02,2000.0,1126.04,23.88,1102.16,1.24,214.62,4.99,1071.07,55000.0,51.4,0.824,REPAIR,HIGH,3.794,3.372,10.02,2,1,1,0,1,0,0,0,0
synth_002685,craze,1,0.73,1.249,1.772,7.22,2000.0,244.63,0.39,244.24,0.1,17.28,4.16,71.92,50000.0,695.2,0.8642600936220012,MONITOR,LOW,1.249,1.772,7.22,1,2,5,0,0,1,0,0,0
synth_003483,crack,4,0.938,2.468,0.889,9.31,2000.0,816.31,41.88,774.43,3.01,519.3,5.45,2831.95,80000.0,28.2,0.97,ENGINEERING_ASSESSMENT,CRITICAL,2.468,0.889,9.31,0,0,1,0,1,0,0,0,0
synth_002263,surface_injure,1,0.35,2.826,3.197,7.42,2500.0,351.9,0.0,351.9,0.1,21.6,4.59,99.04,50000.0,504.8,0.819,MONITOR,LOW,2.826,3.197,7.42,1,2,2,0,0,0,0,1,0
synth_001900,hide_craze,2,0.51,2.931,3.244,10.96,3000.0,2467.82,0.77,2467.05,0.1,25.92,4.07,105.61,50000.0,473.4,0.932,MONITOR,LOW,2.931,3.244,10.96,1,2,4,0,0,0,1,0,0
synth_002629,crack,4,0.323,5.762,2.497,5.44,2500.0,59.35,0.0,59.35,0.1,21.6,5.06,109.38,40000.0,365.7,0.902,ENGINEERING_ASSESSMENT,CRITICAL,5.762,2.497,5.44,0,0,1,0,1,0,0,0,0
synth_002866,crack,4,0.623,1.015,1.917,11.13,3600.0,3155.49,9.92,3145.57,0.18,57.28,4.21,241.26,80000.0,331.6,0.92,ENGINEERING_ASSESSMENT,CRITICAL,1.015,1.917,11.13,0,0,1,0,1,0,0,0,0
synth_001932,corrosion,1,0.684,2.024,0.708,4.35,3000.0,12.01,0.01,12.0,0.1,25.92,4.16,107.85,75000.0,695.4,0.969,MONITOR,LOW,2.024,0.708,4.35,1,2,3,1,0,0,0,0,0
synth_002577,hide_craze,3,0.909,2.661,2.115,7.7,2000.0,338.45,9.05,329.4,1.57,270.63,3.69,998.19,60000.0,60.1,0.864,REPAIR,HIGH,2.661,2.115,7.7,2,1,4,0,0,0,1,0,0
synth_001865,surface_injure,2,0.34,2.833,3.115,9.138434681408205,2500.0,21.62,0.0,21.62,0.1,21.6,3.96,85.52,90000.0,1052.4,0.875,MONITOR,LOW,2.833,3.115,9.138434681408205,1,2,2,0,0,0,0,1,0
synth_001658,corrosion,2,0.7,2.898,0.721,7.2,3000.0,362.56,0.94,361.62,0.15,39.35,4.05,159.2,50000.0,314.1,0.834,MONITOR,LOW,2.898,0.721,7.2,1,2,3,1,0,0,0,0,0
synth_000516,corrosion,2,0.36,0.364,2.491,6.4,2000.0,127.94,0.0,127.93,0.1,17.28,4.21,72.77,90000.0,1236.8,0.842,MONITOR,LOW,0.364,2.491,6.4,1,2,3,1,0,0,0,0,0
synth_001857,crack,4,0.465,6.728,1.14,14.86,2500.0,2500.0,0.01,2499.99,0.1,21.6,4.01,86.67,60000.0,692.3,0.893,ENGINEERING_ASSESSMENT,CRITICAL,6.728,1.14,14.86,0,0,1,0,1,0,0,0,0
synth_002243,craze,5,0.84,9.208,0.74,9.56,2500.0,1151.61,41.91,1109.7,2.13,460.39,4.1,1886.09,55000.0,29.2,0.809,REPAIR,HIGH,9.208,0.74,9.56,2,1,5,0,0,1,0,0,0
synth_001277,surface_injure,5,0.959,7.57,1.6,8.52,4200.0,1152.27,100.22,1052.05,5.09,1848.66,5.64,10435.46,35000.0,3.4,0.763,REPAIR,HIGH,7.57,1.6,8.52,2,1,2,0,0,0,0,1,0
synth_003468,crack,5,0.61,3.794,1.531,9.86,3600.0,1893.85,7.61,1886.24,0.24,73.17,5.38,393.66,80000.0,203.2,0.79,ENGINEERING_ASSESSMENT,CRITICAL,3.794,1.531,9.86,0,0,1,0,1,0,0,0,0
synth_000950,hide_craze,5,0.946,4.817,1.239,7.69,3600.0,603.41,46.64,556.77,4.53,1408.1,6.15,8656.96,25000.0,2.9,0.853,REPAIR,HIGH,4.817,1.239,7.69,2,1,4,0,0,0,1,0,0
synth_001120,craze,4,0.902,4.193,3.052,10.87,3600.0,2853.39,116.43,2736.95,2.39,743.39,5.01,3723.5,35000.0,9.4,0.838,REPAIR,HIGH,4.193,3.052,10.87,2,1,5,0,0,1,0,0,0
synth_002204,corrosion,1,0.331,0.299,2.786,11.8,3600.0,3600.0,0.0,3600.0,0.1,31.1,4.47,139.09,50000.0,359.5,0.778,MONITOR,LOW,0.299,2.786,11.8,1,2,3,1,0,0,0,0,0
synth_000419,hide_craze,3,0.83,4.267,2.474,5.77,2000.0,69.01,1.04,67.97,0.88,152.72,3.83,585.24,80000.0,136.7,0.774,ENGINEERING_ASSESSMENT,MEDIUM,4.267,2.474,5.77,0,3,4,0,0,0,1,0,0
synth_000922,crack,4,0.624,7.924,3.031,9.62,2500.0,1182.96,4.3,1178.66,0.21,45.94,3.65,167.62,60000.0,358.0,0.828,ENGINEERING_ASSESSMENT,CRITICAL,7.924,3.031,9.62,0,0,1,0,1,0,0,0,0
synth_002641,hide_craze,1,0.453,0.724,2.99,7.74,2500.0,434.89,0.03,434.86,0.1,21.6,4.65,100.39,90000.0,896.5,0.892,MONITOR,LOW,0.724,2.99,7.74,1,2,4,0,0,0,1,0,0
synth_000477,hide_craze,1,0.426,0.636,1.162,8.38,2000.0,506.1,0.02,506.08,0.1,17.28,3.63,62.75,75000.0,1195.2,0.759,MONITOR,LOW,0.636,1.162,8.38,1,2,4,0,0,0,1,0,0
synth_002035,thunderstrike,4,0.819,3.499,1.383,9.138434681408205,2000.0,2000.0,0.29,1999.71,1.23,213.15,5.18,1105.18,40000.0,36.2,0.818,ENGINEERING_ASSESSMENT,CRITICAL,3.499,1.383,9.138434681408205,0,0,0,0,0,0,0,0,1
synth_002943,corrosion,2,0.59,1.113,0.88,4.58,2000.0,12.79,0.01,12.78,0.1,17.28,4.56,78.71,50000.0,635.2,0.842,MONITOR,LOW,1.113,0.88,4.58,1,2,3,1,0,0,0,0,0
synth_001692,craze,4,0.887,9.198,2.925,8.45,4200.0,1106.84,42.81,1064.03,2.27,822.12,4.83,3968.25,55000.0,13.9,0.801,REPAIR,HIGH,9.198,2.925,8.45,2,1,5,0,0,1,0,0,0
synth_002655,hide_craze,3,0.831,4.714,0.904,10.39,3000.0,1972.51,30.27,1942.24,0.9,233.01,5.12,1192.74,35000.0,29.3,0.943,REPAIR,HIGH,4.714,0.904,10.39,2,1,4,0,0,0,1,0,0
synth_001471,crack,3,0.965,5.806,2.927,7.86,2000.0,372.77,15.8,356.98,2.48,428.92,5.63,2414.58,55000.0,22.8,0.867,REPAIR,HIGH,5.806,2.927,7.86,2,1,1,0,1,0,0,0,0
synth_001202,surface_injure,2,0.401,1.173,2.543,8.92,3000.0,1012.52,0.06,1012.46,0.1,25.92,4.76,123.28,90000.0,730.0,0.84,MONITOR,LOW,1.173,2.543,8.92,1,2,2,0,0,0,0,1,0
synth_002438,corrosion,5,0.898,6.964,2.333,8.31,2500.0,610.02,33.95,576.06,3.26,704.19,5.19,3657.48,45000.0,12.3,0.868,REPAIR,HIGH,6.964,2.333,8.31,2,1,3,1,0,0,0,0,0
synth_001669,hide_craze,4,0.894,8.42,0.706,8.56,2000.0,561.01,22.71,538.3,2.37,409.76,5.55,2273.23,55000.0,24.2,0.892,REPAIR,HIGH,8.42,0.706,8.56,2,1,4,0,0,0,1,0,0
synth_003329,craze,5,0.978,11.83,2.217,7.33,3000.0,397.9,40.94,356.96,6.03,1562.09,5.23,8163.37,55000.0,6.7,0.929,REPAIR,HIGH,11.83,2.217,7.33,2,1,5,0,0,1,0,0,0
synth_001970,surface_injure,2,0.336,2.116,1.346,4.84,3000.0,30.36,0.0,30.36,0.1,25.92,4.28,111.05,75000.0,675.4,0.827,MONITOR,LOW,2.116,1.346,4.84,1,2,2,0,0,0,0,1,0
synth_002151,craze,4,0.907,11.976,2.436,10.49,2000.0,1366.35,62.62,1303.73,2.68,463.84,5.01,2324.2,35000.0,15.1,0.977,REPAIR,HIGH,11.976,2.436,10.49,2,1,5,0,0,1,0,0,0
synth_000820,surface_injure,1,0.241,1.452,2.063,7.5,3600.0,532.62,0.0,532.62,0.1,31.1,4.68,145.45,50000.0,343.8,0.944,MONITOR,LOW,1.452,2.063,7.5,1,2,2,0,0,0,0,1,0
synth_001997,thunderstrike,5,0.484,2.275,1.22,10.83,4200.0,3278.24,2.68,3275.56,0.1,36.29,4.73,171.65,40000.0,233.0,0.961,ENGINEERING_ASSESSMENT,CRITICAL,2.275,1.22,10.83,0,0,0,0,0,0,0,0,1
synth_003439,crack,3,0.354,5.716,2.828,10.81,3000.0,2331.13,0.12,2331.01,0.1,25.92,4.08,105.82,40000.0,378.0,0.772,ENGINEERING_ASSESSMENT,CRITICAL,5.716,2.828,10.81,0,0,1,0,1,0,0,0,0
synth_001248,craze,3,0.897,4.546,2.644,10.25,2000.0,1240.32,31.52,1208.8,1.49,257.19,6.03,1550.0,45000.0,29.0,0.843,REPAIR,HIGH,4.546,2.644,10.25,2,1,5,0,0,1,0,0,0
synth_002637,hide_craze,2,0.547,2.386,1.284,9.6,4200.0,1966.04,0.97,1965.07,0.1,36.29,4.96,179.86,75000.0,417.0,0.829,MONITOR,LOW,2.386,1.284,9.6,1,2,4,0,0,0,1,0,0
synth_003188,surface_injure,2,0.665,1.772,3.232,6.45,4200.0,281.48,0.51,280.98,0.11,38.23,3.56,136.2,90000.0,660.8,0.97,MONITOR,LOW,1.772,3.232,6.45,1,2,2,0,0,0,0,1,0
synth_002190,corrosion,1,0.295,3.794,1.905,5.62,4200.0,122.33,0.0,122.32,0.1,36.29,4.9,177.95,50000.0,281.0,0.786,MONITOR,LOW,3.794,1.905,5.62,1,2,3,1,0,0,0,0,0
synth_003131,craze,3,0.763,4.155,1.172,10.23,3600.0,2216.79,18.96,2197.83,0.5,155.81,5.13,798.91,60000.0,75.1,0.849,MONITOR,LOW,4.155,1.172,10.23,1,2,5,0,0,1,0,0,0
synth_001046,surface_injure,5,0.961,3.826,2.419,10.5,2000.0,1371.41,115.68,1255.73,4.94,853.76,5.56,4750.85,45000.0,9.5,0.948,REPAIR,HIGH,3.826,2.419,10.5,2,1,2,0,0,0,0,1,0
synth_001888,thunderstrike,4,0.479,2.26,2.866,10.57,2500.0,1763.16,1.0,1762.16,0.1,21.6,5.19,112.01,80000.0,714.2,0.906,ENGINEERING_ASSESSMENT,CRITICAL,2.26,2.866,10.57,0,0,0,0,0,0,0,0,1
synth_002469,corrosion,4,0.852,9.134,1.297,9.84,2500.0,1301.5,38.33,1263.17,1.73,372.62,6.35,2367.67,45000.0,19.0,0.777,REPAIR,HIGH,9.134,1.297,9.84,2,1,3,1,0,0,0,0,0
synth_000615,surface_injure,5,0.848,7.875,2.622,7.07,3600.0,394.89,15.17,379.72,2.25,699.89,5.95,4165.35,45000.0,10.8,0.936,REPAIR,HIGH,7.875,2.622,7.07,2,1,2,0,0,0,0,1,0
synth_001318,hide_craze,1,0.44,1.027,3.204,5.58,4200.0,117.67,0.01,117.66,0.1,36.29,4.05,146.83,75000.0,510.8,0.965,MONITOR,LOW,1.027,3.204,5.58,1,2,4,0,0,0,1,0,0
synth_003517,thunderstrike,5,0.871,1.098,0.895,5.11,2500.0,37.99,1.53,36.45,2.36,510.43,3.93,2007.81,40000.0,19.9,0.898,ENGINEERING_ASSESSMENT,CRITICAL,1.098,0.895,5.11,0,0,0,0,0,0,0,0,1
synth_003496,crack,3,0.322,3.816,1.215,7.88,2500.0,472.06,0.01,472.04,0.1,21.6,4.03,86.99,80000.0,919.6,0.779,ENGINEERING_ASSESSMENT,CRITICAL,3.816,1.215,7.88,0,0,1,0,1,0,0,0,0
synth_003509,crack,4,0.483,1.469,1.523,7.93,4200.0,821.32,0.48,820.84,0.1,36.29,4.09,148.36,80000.0,539.2,0.964,ENGINEERING_ASSESSMENT,CRITICAL,1.469,1.523,7.93,0,0,1,0,1,0,0,0,0
synth_002136,craze,1,0.674,0.784,0.547,4.1,3000.0,6.45,0.01,6.44,0.1,25.92,4.84,125.58,75000.0,597.2,0.8642600936220012,MONITOR,LOW,0.784,0.547,4.1,1,2,5,0,0,1,0,0,0
synth_002940,hide_craze,1,0.354,1.301,2.491,4.7,4200.0,33.47,0.0,33.47,0.1,36.29,4.5,163.44,75000.0,458.9,0.816,MONITOR,LOW,1.301,2.491,4.7,1,2,4,0,0,0,1,0,0
synth_001772,corrosion,4,0.911,9.693,2.222,11.0,3000.0,2503.3,116.28,2387.02,2.72,705.22,5.79,4084.48,45000.0,11.0,0.781,REPAIR,HIGH,9.693,2.222,11.0,2,1,3,1,0,0,0,0,0
synth_003539,thunderstrike,5,0.474,1.85,2.316,9.03,3600.0,1282.43,0.9,1281.52,0.1,31.1,3.61,112.3,40000.0,356.2,0.956,ENGINEERING_ASSESSMENT,CRITICAL,1.85,2.316,9.03,0,0,0,0,0,0,0,0,1
synth_000131,thunderstrike,5,0.405,1.146,1.98,11.53,3600.0,3600.0,0.01,3599.99,0.1,31.1,4.16,129.52,40000.0,308.8,0.796,ENGINEERING_ASSESSMENT,CRITICAL,1.146,1.98,11.53,0,0,0,0,0,0,0,0,1
synth_000077,hide_craze,2,0.433,2.852,0.802,5.23,2000.0,35.96,0.0,35.96,0.1,17.28,4.38,75.68,75000.0,991.0,0.754,MONITOR,LOW,2.852,0.802,5.23,1,2,4,0,0,0,1,0,0
synth_002052,hide_craze,1,0.3,1.226,1.392,9.138434681408205,2500.0,403.87,0.0,403.87,0.1,21.6,4.57,98.66,50000.0,506.8,0.763,MONITOR,LOW,1.226,1.392,9.138434681408205,1,2,4,0,0,0,1,0,0
synth_000724,hide_craze,1,0.493,1.327,1.144,5.66,2500.0,76.86,0.01,76.85,0.1,21.6,4.72,101.95,75000.0,735.7,0.804,MONITOR,LOW,1.327,1.144,5.66,1,2,4,0,0,0,1,0,0
synth_001314,hide_craze,2,0.498,1.5,1.06,4.16,3600.0,9.16,0.0,9.15,0.1,31.1,3.71,115.43,50000.0,433.2,0.802,MONITOR,LOW,1.5,1.06,4.16,1,2,4,0,0,0,1,0,0
synth_001851,surface_injure,3,0.947,1.179,2.545,14.0,3000.0,3000.0,0.75,2999.25,1.97,510.43,3.51,1790.51,40000.0,22.3,0.924,REPAIR,HIGH,1.179,2.545,14.0,2,1,2,0,0,0,0,1,0
synth_003502,thunderstrike,3,0.769,1.425,1.286,12.61,4200.0,4200.0,0.26,4199.74,0.49,179.15,3.75,672.54,60000.0,89.2,0.97,ENGINEERING_ASSESSMENT,CRITICAL,1.425,1.286,12.61,0,0,0,0,0,0,0,0,1
synth_002751,corrosion,3,0.803,8.025,3.44,10.57,2000.0,1413.56,17.9,1395.67,0.74,128.14,5.91,757.02,45000.0,59.4,0.837,REPAIR,HIGH,8.025,3.44,10.57,2,1,3,1,0,0,0,0,0
synth_002971,thunderstrike,3,0.588,3.882,2.761,5.48,2500.0,62.14,0.09,62.05,0.1,21.6,5.16,111.48,60000.0,538.2,0.8642600936220012,ENGINEERING_ASSESSMENT,CRITICAL,3.882,2.761,5.48,0,0,0,0,0,0,0,0,1
synth_001372,hide_craze,1,0.583,1.241,1.265,6.18,3000.0,157.71,0.06,157.66,0.1,25.92,4.08,105.73,50000.0,472.9,0.87,MONITOR,LOW,1.241,1.265,6.18,1,2,4,0,0,0,1,0,0
synth_001855,surface_injure,5,0.805,10.919,1.206,9.93,2500.0,1354.1,37.59,1316.52,1.63,351.19,4.36,1531.33,25000.0,16.3,0.85,REPAIR,HIGH,10.919,1.206,9.93,2,1,2,0,0,0,0,1,0
synth_001319,hide_craze,4,0.824,2.838,1.189,11.49,2500.0,2489.62,53.9,2435.72,1.27,273.91,6.18,1693.2,55000.0,32.5,0.838,REPAIR,HIGH,2.838,1.189,11.49,2,1,4,0,0,0,1,0,0
synth_003446,thunderstrike,4,0.778,1.049,3.386,13.73,3000.0,3000.0,0.31,2999.69,0.82,211.26,3.61,763.2,40000.0,52.4,0.877,ENGINEERING_ASSESSMENT,CRITICAL,1.049,3.386,13.73,0,0,0,0,0,0,0,0,1
synth_002607,corrosion,2,0.551,2.52,1.084,5.98,3000.0,129.1,0.07,129.04,0.1,25.92,4.29,111.1,50000.0,450.0,0.8642600936220012,MONITOR,LOW,2.52,1.084,5.98,1,2,3,1,0,0,0,0,0
synth_000375,craze,4,0.806,10.703,2.204,9.138434681408205,4200.0,856.81,17.59,839.22,1.2,436.44,6.18,2698.41,25000.0,9.3,0.807,REPAIR,HIGH,10.703,2.204,9.138434681408205,2,1,5,0,0,1,0,0,0
synth_001908,corrosion,4,0.803,7.681,2.242,7.99,4200.0,849.7,16.57,833.13,1.14,414.48,4.84,2007.69,35000.0,17.4,0.751,REPAIR,HIGH,7.681,2.242,7.99,2,1,3,1,0,0,0,0,0
synth_000333,surface_injure,1,0.493,2.829,2.978,9.09,4200.0,1545.46,0.18,1545.27,0.1,36.29,3.99,144.68,50000.0,345.6,0.91,MONITOR,LOW,2.829,2.978,9.09,1,2,2,0,0,0,0,1,0
synth_002704,hide_craze,2,0.486,3.794,3.207,6.53,2500.0,179.14,0.04,179.1,0.1,21.6,3.75,80.97,75000.0,926.3,0.971,MONITOR,LOW,3.794,3.207,6.53,1,2,4,0,0,0,1,0,0
synth_002757,craze,2,0.373,2.36,1.413,7.25,2500.0,311.54,0.01,311.53,0.1,21.6,4.93,106.45,50000.0,469.7,0.843,MONITOR,LOW,2.36,1.413,7.25,1,2,5,0,0,1,0,0,0
synth_002365,craze,2,0.591,2.651,2.049,7.9,3600.0,691.22,0.58,690.64,0.1,31.1,3.84,119.35,75000.0,628.4,0.799,MONITOR,LOW,2.651,2.049,7.9,1,2,5,0,0,1,0,0,0
synth_001604,hide_craze,3,0.927,3.794,2.165,8.34,2500.0,619.14,19.83,599.31,1.88,405.24,5.15,2088.32,40000.0,19.2,0.897,REPAIR,HIGH,3.794,2.165,8.34,2,1,4,0,0,0,1,0,0
synth_001118,corrosion,1,0.531,3.794,2.237,9.12,4200.0,1567.22,0.28,1566.93,0.1,36.29,4.66,169.05,50000.0,295.8,0.907,MONITOR,LOW,3.794,2.237,9.12,1,2,3,1,0,0,0,0,0
synth_003393,thunderstrike,4,0.376,3.077,2.471,8.14,4200.0,926.83,0.11,926.72,0.1,36.29,4.69,170.26,80000.0,469.9,0.931,ENGINEERING_ASSESSMENT,CRITICAL,3.077,2.471,8.14,0,0,0,0,0,0,0,0,1
synth_001943,thunderstrike,4,0.709,4.335,1.437,6.25,2500.0,139.59,1.14,138.45,0.48,103.21,3.84,396.43,60000.0,151.4,0.9,ENGINEERING_ASSESSMENT,CRITICAL,4.335,1.437,6.25,0,0,0,0,0,0,0,0,1
synth_002714,crack,4,0.663,4.908,0.515,12.1,2000.0,2000.0,0.07,1999.93,0.31,53.24,4.93,262.69,60000.0,228.4,0.755,ENGINEERING_ASSESSMENT,CRITICAL,4.908,0.515,12.1,0,0,1,0,1,0,0,0,0
synth_002376,craze,5,0.917,3.248,2.373,7.79,4200.0,751.22,45.68,705.54,3.56,1292.48,4.65,6006.25,55000.0,9.2,0.898,REPAIR,HIGH,3.248,2.373,7.79,2,1,5,0,0,1,0,0,0
synth_003016,hide_craze,4,0.947,7.214,1.438,10.89,2500.0,1998.99,117.89,1881.1,3.45,746.09,4.46,3331.11,55000.0,16.5,0.849,REPAIR,HIGH,7.214,1.438,10.89,2,1,4,0,0,0,1,0,0
synth_001342,surface_injure,2,0.212,2.736,1.205,5.28,3600.0,69.22,0.0,69.22,0.1,31.1,3.54,110.18,75000.0,680.7,0.962,MONITOR,LOW,2.736,1.205,5.28,1,2,2,0,0,0,0,1,0
synth_000320,crack,5,0.554,3.794,2.171,7.2,2000.0,240.51,0.49,240.02,0.12,20.8,5.42,112.73,80000.0,709.7,0.849,ENGINEERING_ASSESSMENT,CRITICAL,3.794,2.171,7.2,0,0,1,0,1,0,0,0,0
synth_001619,hide_craze,4,0.894,7.757,0.553,8.1,2500.0,541.11,21.79,519.32,2.36,509.5,4.88,2488.65,35000.0,14.1,0.821,REPAIR,HIGH,7.757,0.553,8.1,2,1,4,0,0,0,1,0,0
synth_002924,surface_injure,1,0.356,0.476,3.268,4.44,2000.0,9.68,0.0,9.68,0.1,17.28,4.69,81.11,90000.0,1109.6,0.764,MONITOR,LOW,0.476,3.268,4.44,1,2,2,0,0,0,0,1,0
synth_002060,craze,3,0.807,4.674,1.898,11.49,2000.0,1993.55,25.1,1968.45,0.74,127.43,5.08,647.05,45000.0,69.5,0.963,REPAIR,HIGH,4.674,1.898,11.49,2,1,5,0,0,1,0,0,0
synth_002219,corrosion,3,0.31,2.262,1.517,14.3,4200.0,4200.0,0.0,4200.0,0.1,36.29,4.83,175.18,80000.0,456.7,0.801,MONITOR,LOW,2.262,1.517,14.3,1,2,3,1,0,0,0,0,0
synth_001673,corrosion,2,0.373,2.28,1.242,7.82,3000.0,547.09,0.02,547.07,0.1,25.92,4.06,105.3,50000.0,474.8,0.853,MONITOR,LOW,2.28,1.242,7.82,1,2,3,1,0,0,0,0,0
synth_001942,crack,5,0.698,3.572,3.108,7.58,3600.0,562.51,5.54,556.97,0.58,179.32,3.58,641.88,60000.0,93.5,0.834,ENGINEERING_ASSESSMENT,CRITICAL,3.572,3.108,7.58,0,0,1,0,1,0,0,0,0
synth_000260,crack,5,0.849,5.731,2.499,9.138434681408205,2000.0,127.0,4.79,122.22,2.21,381.6,4.01,1529.63,80000.0,52.3,0.814,ENGINEERING_ASSESSMENT,CRITICAL,5.731,2.499,9.138434681408205,0,0,1,0,1,0,0,0,0
synth_002813,thunderstrike,5,0.557,4.52,0.776,6.87,3600.0,338.93,0.75,338.18,0.13,40.16,4.87,195.55,60000.0,306.8,0.762,ENGINEERING_ASSESSMENT,CRITICAL,4.52,0.776,6.87,0,0,0,0,0,0,0,0,1
synth_002039,thunderstrike,5,0.639,3.919,2.661,13.13,4200.0,4200.0,0.16,4199.84,0.32,116.65,5.03,587.15,60000.0,102.2,0.782,ENGINEERING_ASSESSMENT,CRITICAL,3.919,2.661,13.13,0,0,0,0,0,0,0,0,1
synth_000689,hide_craze,4,0.868,3.758,3.304,10.03,2000.0,1129.18,35.45,1093.73,1.84,317.76,5.27,1675.14,25000.0,14.9,0.944,REPAIR,HIGH,3.758,3.304,10.03,2,1,4,0,0,0,1,0,0
synth_000901,corrosion,3,0.84,5.023,1.883,10.17,2000.0,1200.21,19.82,1180.39,0.97,167.15,6.01,1004.06,45000.0,44.8,0.893,REPAIR,HIGH,5.023,1.883,10.17,2,1,3,1,0,0,0,0,0
synth_002306,surface_injure,4,0.812,7.134,3.49,8.55,2000.0,557.3,11.65,545.64,1.22,211.66,4.51,954.57,25000.0,26.2,0.878,REPAIR,HIGH,7.134,3.49,8.55,2,1,2,0,0,0,0,1,0
synth_002026,thunderstrike,5,0.947,4.698,3.431,13.4,2000.0,2000.0,1.06,1998.94,4.54,785.17,3.8,2982.64,80000.0,26.8,0.872,ENGINEERING_ASSESSMENT,CRITICAL,4.698,3.431,13.4,0,0,0,0,0,0,0,0,1
synth_000138,surface_injure,3,0.409,2.173,2.101,5.37,2000.0,43.17,0.01,43.17,0.1,17.28,4.97,85.93,40000.0,465.5,0.944,MONITOR,LOW,2.173,2.101,5.37,1,2,2,0,0,0,0,1,0
synth_001917,thunderstrike,5,0.669,2.618,2.833,11.49,2000.0,1995.89,14.44,1981.45,0.42,73.24,3.99,291.91,40000.0,137.0,0.952,ENGINEERING_ASSESSMENT,CRITICAL,2.618,2.833,11.49,0,0,0,0,0,0,0,0,1
synth_001828,craze,2,0.569,1.728,2.916,7.7,3600.0,607.0,0.38,606.62,0.1,31.1,4.85,150.87,90000.0,596.5,0.836,MONITOR,LOW,1.728,2.916,7.7,1,2,5,0,0,1,0,0,0
synth_001573,surface_injure,4,0.852,7.728,3.084,8.33,2000.0,493.76,14.41,479.34,1.71,295.48,4.72,1394.48,25000.0,17.9,0.835,REPAIR,HIGH,7.728,3.084,8.33,2,1,2,0,0,0,0,1,0
synth_000319,corrosion,5,0.803,9.458,0.816,10.97,3600.0,2964.89,80.26,2884.63,1.59,493.17,4.3,2122.47,45000.0,21.2,0.777,REPAIR,HIGH,9.458,0.816,10.97,2,1,3,1,0,0,0,0,0
synth_000653,craze,2,0.336,2.084,1.614,8.24,2500.0,586.84,0.01,586.83,0.1,21.6,4.49,97.07,50000.0,515.1,0.796,MONITOR,LOW,2.084,1.614,8.24,1,2,5,0,0,1,0,0,0
synth_002137,corrosion,3,0.952,3.611,2.07,10.74,2500.0,1887.94,70.65,1817.29,2.19,473.44,5.69,2691.81,25000.0,9.3,0.936,REPAIR,HIGH,3.611,2.07,10.74,2,1,3,1,0,0,0,0,0
synth_002778,corrosion,3,0.88,3.406,2.232,6.85,3600.0,333.3,7.32,325.98,1.29,400.18,3.54,1418.08,80000.0,56.4,0.968,REPAIR,HIGH,3.406,2.232,6.85,2,1,3,1,0,0,0,0,0
synth_000558,hide_craze,3,0.979,2.753,2.647,10.31,4200.0,2669.82,118.05,2551.77,2.59,939.78,5.56,5229.05,55000.0,10.5,0.905,REPAIR,HIGH,2.753,2.647,10.31,2,1,4,0,0,0,1,0,0
synth_002187,craze,2,0.272,1.18,0.872,6.46,2500.0,168.85,0.0,168.85,0.1,21.6,3.82,82.41,75000.0,910.1,0.961,MONITOR,LOW,1.18,0.872,6.46,1,2,5,0,0,1,0,0,0
synth_000112,crack,4,0.948,7.666,2.892,10.89,3600.0,2879.47,171.91,2707.56,3.5,1087.64,5.83,6346.13,55000.0,8.7,0.946,REPAIR,HIGH,7.666,2.892,10.89,2,1,1,0,1,0,0,0,0
synth_000531,hide_craze,1,0.649,1.277,0.597,6.78,3600.0,315.52,0.23,315.29,0.1,31.1,4.15,128.99,90000.0,697.7,0.933,MONITOR,LOW,1.277,0.597,6.78,1,2,4,0,0,0,1,0,0
synth_000224,surface_injure,5,0.915,7.367,3.412,7.47,3600.0,523.21,33.27,489.95,3.72,1158.29,4.96,5746.6,25000.0,4.4,0.969,REPAIR,HIGH,7.367,3.412,7.47,2,1,2,0,0,0,0,1,0
synth_000723,corrosion,1,0.624,1.215,2.32,4.53,2500.0,14.62,0.01,14.61,0.1,21.6,4.98,107.65,75000.0,696.7,0.852,MONITOR,LOW,1.215,2.32,4.53,1,2,3,1,0,0,0,0,0
synth_002903,hide_craze,3,0.922,2.636,1.588,10.62,2000.0,1439.46,42.48,1396.98,1.73,298.67,5.76,1719.79,35000.0,20.4,0.91,REPAIR,HIGH,2.636,1.588,10.62,2,1,4,0,0,0,1,0,0
synth_003076,thunderstrike,3,0.306,5.219,2.579,13.22,3600.0,3600.0,0.0,3600.0,0.1,31.1,4.76,148.03,80000.0,540.4,0.946,ENGINEERING_ASSESSMENT,CRITICAL,5.219,2.579,13.22,0,0,0,0,0,0,0,0,1
synth_001433,hide_craze,4,0.832,4.696,0.962,8.77,4200.0,1316.35,31.66,1284.68,1.41,511.23,4.43,2262.33,25000.0,11.1,0.966,REPAIR,HIGH,4.696,0.962,8.77,2,1,4,0,0,0,1,0,0
synth_002373,crack,4,0.551,2.365,1.787,10.12,4200.0,2470.82,3.57,2467.25,0.1,36.29,4.38,158.87,40000.0,251.8,0.938,ENGINEERING_ASSESSMENT,CRITICAL,2.365,1.787,10.12,0,0,1,0,1,0,0,0,0
synth_002787,thunderstrike,5,0.374,5.544,1.976,9.47,2500.0,1100.28,0.17,1100.11,0.1,21.6,3.93,84.98,60000.0,706.0,0.836,ENGINEERING_ASSESSMENT,CRITICAL,5.544,1.976,9.47,0,0,0,0,0,0,0,0,1
synth_002868,thunderstrike,5,0.405,2.098,1.964,14.49,2500.0,2500.0,0.0,2500.0,0.1,21.6,4.52,97.62,80000.0,819.5,0.94,ENGINEERING_ASSESSMENT,CRITICAL,2.098,1.964,14.49,0,0,0,0,0,0,0,0,1
synth_001458,crack,4,0.938,2.395,3.333,5.65,3600.0,109.41,5.6,103.81,3.0,932.07,5.22,4864.33,60000.0,12.3,0.942,ENGINEERING_ASSESSMENT,CRITICAL,2.395,3.333,5.65,0,0,1,0,1,0,0,0,0
synth_003236,thunderstrike,3,0.435,6.626,1.268,10.73,3000.0,2258.23,0.46,2257.77,0.1,25.92,4.73,122.48,80000.0,653.2,0.943,ENGINEERING_ASSESSMENT,CRITICAL,6.626,1.268,10.73,0,0,0,0,0,0,0,0,1
synth_000846,hide_craze,2,0.51,1.862,1.758,9.138434681408205,2000.0,1203.56,0.36,1203.19,0.1,17.28,4.74,81.95,50000.0,610.1,0.901,MONITOR,LOW,1.862,1.758,9.138434681408205,1,2,4,0,0,0,1,0,0
synth_000193,surface_injure,5,0.915,3.624,2.72,8.84,2500.0,812.72,49.01,763.71,3.53,762.95,6.1,4653.62,45000.0,9.7,0.885,REPAIR,HIGH,3.624,2.72,8.84,2,1,2,0,0,0,0,1,0
synth_001464,hide_craze,2,0.465,2.139,1.852,9.04,4200.0,1508.08,0.25,1507.83,0.1,36.29,4.71,170.77,50000.0,292.8,0.936,MONITOR,LOW,2.139,1.852,9.04,1,2,4,0,0,0,1,0,0
synth_000946,craze,2,0.442,1.589,0.968,10.6,2000.0,1428.35,0.16,1428.19,0.1,17.28,4.1,70.9,90000.0,1269.4,0.762,MONITOR,LOW,1.589,0.968,10.6,1,2,5,0,0,1,0,0,0
synth_002021,thunderstrike,4,0.614,1.949,3.037,8.84,4200.0,1363.78,4.02,1359.76,0.17,62.63,3.73,233.72,60000.0,256.7,0.936,ENGINEERING_ASSESSMENT,CRITICAL,1.949,3.037,8.84,0,0,0,0,0,0,0,0,1
synth_002551,surface_injure,3,0.824,3.794,3.325,6.76,3000.0,260.36,3.47,256.89,0.78,202.1,5.14,1039.21,60000.0,57.7,0.954,REPAIR,HIGH,3.794,3.325,6.76,2,1,2,0,0,0,0,1,0
synth_001629,hide_craze,2,0.606,1.629,2.352,11.9,2500.0,2500.0,0.02,2499.98,0.1,21.6,3.95,85.39,50000.0,585.5,0.841,MONITOR,LOW,1.629,2.352,11.9,1,2,4,0,0,0,1,0,0
synth_000117,craze,1,0.52,0.362,3.42,4.6,4200.0,27.88,0.0,27.88,0.1,36.29,4.78,173.42,75000.0,432.5,0.853,MONITOR,LOW,0.362,3.42,4.6,1,2,5,0,0,1,0,0,0
synth_000645,corrosion,5,0.842,3.794,3.104,7.04,3000.0,322.34,12.09,310.25,2.2,569.41,4.19,2384.99,45000.0,18.9,0.954,REPAIR,HIGH,3.794,3.104,7.04,2,1,3,1,0,0,0,0,0
synth_001870,corrosion,1,0.624,2.219,3.238,11.23,2000.0,1817.16,1.04,1816.12,0.1,17.28,3.55,61.36,75000.0,1222.3,0.855,MONITOR,LOW,2.219,3.238,11.23,1,2,3,1,0,0,0,0,0
synth_000003,crack,4,0.825,3.132,2.55,5.98,3600.0,154.62,3.42,151.2,1.29,402.79,4.87,1960.97,80000.0,40.8,0.864,ENGINEERING_ASSESSMENT,CRITICAL,3.132,2.55,5.98,0,0,1,0,1,0,0,0,0
synth_000074,craze,5,0.933,9.992,2.836,7.68,2000.0,334.36,24.83,309.54,4.35,751.49,4.78,3591.6,25000.0,7.0,0.758,REPAIR,HIGH,9.992,2.836,7.68,2,1,5,0,0,1,0,0,0
synth_001755,corrosion,1,0.421,0.924,1.055,4.82,4200.0,41.35,0.0,41.35,0.1,36.29,4.16,150.92,75000.0,497.0,0.878,MONITOR,LOW,0.924,1.055,4.82,1,2,3,1,0,0,0,0,0
synth_000467,thunderstrike,5,0.904,4.014,0.719,6.19,3000.0,158.79,8.89,149.9,3.28,849.97,4.52,3845.93,60000.0,15.6,0.893,ENGINEERING_ASSESSMENT,CRITICAL,4.014,0.719,6.19,0,0,0,0,0,0,0,0,1
synth_000005,surface_injure,1,0.71,2.781,3.384,4.71,4200.0,34.07,0.05,34.03,0.1,36.29,3.79,137.68,50000.0,363.2,0.839,MONITOR,LOW,2.781,3.384,4.71,1,2,2,0,0,0,0,1,0
synth_001246,crack,1,0.588,2.018,3.122,4.65,3600.0,26.51,0.01,26.5,0.1,31.1,3.7,115.17,90000.0,781.5,0.919,MONITOR,LOW,2.018,3.122,4.65,1,2,1,0,1,0,0,0,0
synth_000919,crack,3,0.657,4.768,2.39,10.65,3000.0,2187.63,6.92,2180.72,0.19,48.0,5.4,259.08,40000.0,154.4,0.967,ENGINEERING_ASSESSMENT,CRITICAL,4.768,2.39,10.65,0,0,1,0,1,0,0,0,0
synth_002595,craze,3,0.955,10.078,1.19,7.97,4200.0,839.39,34.41,804.98,2.4,871.21,5.74,4996.93,35000.0,7.0,0.833,REPAIR,HIGH,10.078,1.19,7.97,2,1,5,0,0,1,0,0,0
synth_000228,surface_injure,3,0.947,5.78,2.526,9.28,3000.0,1211.82,45.2,1166.63,2.18,566.22,6.19,3502.39,25000.0,7.1,0.854,REPAIR,HIGH,5.78,2.526,9.28,2,1,2,0,0,0,0,1,0
synth_001063,hide_craze,3,0.847,8.082,3.499,8.59,4200.0,1195.24,21.56,1173.67,1.06,383.44,5.21,1996.24,45000.0,22.5,0.85,REPAIR,HIGH,8.082,3.499,8.59,2,1,4,0,0,0,1,0,0
synth_002590,craze,1,0.234,2.221,3.307,11.62,2000.0,2000.0,0.0,2000.0,0.1,17.28,4.63,80.01,75000.0,937.4,0.8642600936220012,MONITOR,LOW,2.221,3.307,11.62,1,2,5,0,0,1,0,0,0
synth_000242,thunderstrike,3,0.427,1.404,2.173,8.42,3000.0,779.72,0.13,779.59,0.1,25.92,4.04,104.73,80000.0,763.9,0.788,ENGINEERING_ASSESSMENT,CRITICAL,1.404,2.173,8.42,0,0,0,0,0,0,0,0,1
synth_003172,corrosion,5,0.947,8.356,2.475,8.71,3000.0,907.64,73.21,834.43,4.72,1224.55,5.25,6432.05,25000.0,3.9,0.8642600936220012,REPAIR,HIGH,8.356,2.475,8.71,2,1,3,1,0,0,0,0,0
synth_001160,corrosion,2,0.747,0.661,0.843,4.04,3600.0,6.68,0.02,6.66,0.22,67.76,3.56,241.51,90000.0,372.7,0.758,MONITOR,LOW,0.661,0.843,4.04,1,2,3,1,0,0,0,0,0
synth_003008,thunderstrike,3,0.435,5.068,0.93,11.75,2500.0,2500.0,0.0,2500.0,0.1,21.6,4.77,102.99,40000.0,388.4,0.768,ENGINEERING_ASSESSMENT,CRITICAL,5.068,0.93,11.75,0,0,0,0,0,0,0,0,1
synth_003568,crack,4,0.607,1.737,1.844,7.45,2500.0,358.25,0.97,357.28,0.16,34.34,4.86,166.87,60000.0,359.6,0.879,ENGINEERING_ASSESSMENT,CRITICAL,1.737,1.844,7.45,0,0,1,0,1,0,0,0,0
synth_002563,thunderstrike,4,0.919,5.893,3.341,12.55,2500.0,2500.0,0.79,2499.21,2.77,599.14,5.02,3004.69,80000.0,26.6,0.863,ENGINEERING_ASSESSMENT,CRITICAL,5.893,3.341,12.55,0,0,0,0,0,0,0,0,1
synth_001526,corrosion,2,0.511,1.58,1.931,8.58,2000.0,566.71,0.17,566.53,0.1,17.28,3.75,64.79,90000.0,1389.1,0.8642600936220012,MONITOR,LOW,1.58,1.931,8.58,1,2,3,1,0,0,0,0,0
synth_001605,hide_craze,5,0.89,3.07,1.821,9.99,3600.0,2002.33,99.5,1902.83,2.91,905.28,5.96,5397.13,35000.0,6.5,0.789,REPAIR,HIGH,3.07,1.821,9.99,2,1,4,0,0,0,1,0,0
synth_003341,thunderstrike,4,0.752,7.614,2.108,12.74,3000.0,3000.0,0.25,2999.75,0.74,191.3,5.16,987.67,80000.0,81.0,0.857,ENGINEERING_ASSESSMENT,CRITICAL,7.614,2.108,12.74,0,0,0,0,0,0,0,0,1
synth_003571,crack,3,0.642,4.534,0.596,9.24,2000.0,792.33,2.15,790.18,0.16,27.4,5.23,143.44,60000.0,418.3,0.823,ENGINEERING_ASSESSMENT,CRITICAL,4.534,0.596,9.24,0,0,1,0,1,0,0,0,0
synth_002785,surface_injure,1,0.45,1.493,1.096,8.18,3600.0,816.92,0.05,816.87,0.1,31.1,3.97,123.56,90000.0,728.4,0.865,MONITOR,LOW,1.493,1.096,8.18,1,2,2,0,0,0,0,1,0
synth_003046,craze,4,0.909,4.603,1.929,11.49,3000.0,2993.9,129.48,2864.42,2.53,656.56,6.02,3949.26,45000.0,11.4,0.846,REPAIR,HIGH,4.603,1.929,11.49,2,1,5,0,0,1,0,0,0
synth_001989,craze,2,0.698,0.905,3.132,5.42,2000.0,46.39,0.11,46.28,0.14,24.22,4.66,112.9,90000.0,797.2,0.945,MONITOR,LOW,0.905,3.132,5.42,1,2,5,0,0,1,0,0,0
synth_002862,corrosion,1,0.497,1.503,2.096,9.48,4200.0,1860.7,0.22,1860.48,0.1,36.29,4.79,173.87,90000.0,517.6,0.974,MONITOR,LOW,1.503,2.096,9.48,1,2,3,1,0,0,0,0,0
synth_002362,corrosion,1,0.619,2.488,3.065,4.69,2500.0,19.76,0.01,19.75,0.1,21.6,3.94,85.07,50000.0,587.8,0.821,MONITOR,LOW,2.488,3.065,4.69,1,2,3,1,0,0,0,0,0
synth_001975,crack,3,0.825,2.34,3.131,13.47,3000.0,3000.0,0.3,2999.7,0.81,210.82,3.62,762.26,40000.0,52.5,0.975,ENGINEERING_ASSESSMENT,CRITICAL,2.34,3.131,13.47,0,0,1,0,1,0,0,0,0
synth_001761,hide_craze,3,0.864,6.074,1.915,10.34,3000.0,1935.51,39.26,1896.25,1.19,307.93,5.14,1582.98,25000.0,15.8,0.804,REPAIR,HIGH,6.074,1.915,10.34,2,1,4,0,0,0,1,0,0
synth_001305,crack,4,0.846,3.523,3.112,9.27,2000.0,802.37,21.04,781.32,1.54,265.41,5.46,1450.16,60000.0,41.4,0.851,ENGINEERING_ASSESSMENT,CRITICAL,3.523,3.112,9.27,0,0,1,0,1,0,0,0,0
synth_001541,craze,4,0.848,9.016,2.652,10.06,2000.0,1148.15,32.67,1115.48,1.67,287.97,5.38,1549.74,25000.0,16.1,0.812,REPAIR,HIGH,9.016,2.652,10.06,2,1,5,0,0,1,0,0,0
synth_002472,hide_craze,1,0.445,0.98,0.699,7.11,2500.0,282.4,0.02,282.38,0.1,21.6,4.86,104.97,50000.0,476.3,0.805,MONITOR,LOW,0.98,0.699,7.11,1,2,4,0,0,0,1,0,0
synth_000622,corrosion,4,0.896,6.796,2.654,7.64,3600.0,586.56,23.78,562.78,2.37,738.63,4.97,3673.64,45000.0,12.2,0.911,REPAIR,HIGH,6.796,2.654,7.64,2,1,3,1,0,0,0,0,0
synth_002769,thunderstrike,3,0.609,5.346,1.718,5.08,3600.0,52.68,0.1,52.58,0.11,35.14,4.64,162.99,40000.0,245.4,0.917,ENGINEERING_ASSESSMENT,CRITICAL,5.346,1.718,5.08,0,0,0,0,0,0,0,0,1
synth_001493,surface_injure,3,0.907,6.38,1.074,7.5,2000.0,297.23,8.37,288.86,1.65,285.1,5.1,1454.75,35000.0,24.1,0.898,REPAIR,HIGH,6.38,1.074,7.5,2,1,2,0,0,0,0,1,0
synth_000110,crack,3,0.329,6.965,2.153,5.35,3000.0,63.74,0.0,63.74,0.1,25.92,4.16,107.78,40000.0,371.1,0.815,ENGINEERING_ASSESSMENT,CRITICAL,6.965,2.153,5.35,0,0,1,0,1,0,0,0,0
synth_002275,surface_injure,3,0.942,5.771,1.107,10.54,3000.0,2095.61,75.17,2020.44,2.1,544.54,5.87,3195.91,25000.0,7.8,0.893,REPAIR,HIGH,5.771,1.107,10.54,2,1,2,0,0,0,0,1,0
synth_002717,craze,5,0.89,7.559,3.391,7.09,2000.0,222.06,11.77,210.29,3.1,536.4,6.21,3332.24,35000.0,10.5,0.965,REPAIR,HIGH,7.559,3.391,7.09,2,1,5,0,0,1,0,0,0
synth_001169,corrosion,3,0.877,11.829,3.41,7.28,2000.0,255.99,5.99,250.0,1.37,236.83,6.26,1481.96,45000.0,30.4,0.974,REPAIR,HIGH,11.829,3.41,7.28,2,1,3,1,0,0,0,0,0
synth_002941,craze,4,0.92,6.132,0.853,8.09,3000.0,642.45,30.75,611.7,2.8,726.65,4.54,3301.67,25000.0,7.6,0.8642600936220012,REPAIR,HIGH,6.132,0.853,8.09,2,1,5,0,0,1,0,0,0
synth_000232,crack,3,0.72,7.216,3.24,10.99,2000.0,1659.25,10.02,1649.23,0.35,61.14,4.5,275.39,80000.0,290.5,0.785,ENGINEERING_ASSESSMENT,CRITICAL,7.216,3.24,10.99,0,0,1,0,1,0,0,0,0
synth_000066,thunderstrike,5,0.883,5.032,1.274,14.17,3000.0,3000.0,0.99,2999.01,2.85,738.05,3.51,2591.0,60000.0,23.2,0.939,ENGINEERING_ASSESSMENT,CRITICAL,5.032,1.274,14.17,0,0,0,0,0,0,0,0,1
synth_003243,craze,2,0.203,3.794,1.844,11.82,3600.0,3600.0,0.0,3600.0,0.1,31.1,3.98,123.76,90000.0,727.2,0.86,MONITOR,LOW,3.794,1.844,11.82,1,2,5,0,0,1,0,0,0
synth_002072,hide_craze,4,0.845,8.885,3.2,8.89,2500.0,831.08,23.18,807.9,1.63,352.84,4.35,1536.07,55000.0,35.8,0.914,REPAIR,HIGH,8.885,3.2,8.89,2,1,4,0,0,0,1,0,0
synth_002192,corrosion,3,0.886,10.53,1.722,10.2,4200.0,2551.03,63.56,2487.46,1.46,529.6,6.26,3315.67,45000.0,13.6,0.962,REPAIR,HIGH,10.53,1.722,10.2,2,1,3,1,0,0,0,0,0
synth_000536,craze,2,0.591,1.067,2.067,11.8,3600.0,3600.0,0.02,3599.98,0.1,31.1,4.12,128.03,75000.0,585.8,0.976,MONITOR,LOW,1.067,2.067,11.8,1,2,5,0,0,1,0,0,0
synth_000125,hide_craze,1,0.418,1.88,3.358,6.33,2000.0,120.61,0.0,120.61,0.1,17.28,4.54,78.49,50000.0,637.0,0.759,MONITOR,LOW,1.88,3.358,6.33,1,2,4,0,0,0,1,0,0
synth_002133,corrosion,5,0.901,2.667,1.056,9.84,3000.0,1561.43,83.52,1477.91,3.13,812.09,5.62,4564.93,55000.0,12.0,0.889,REPAIR,HIGH,2.667,1.056,9.84,2,1,3,1,0,0,0,0,0
synth_001254,hide_craze,4,0.827,5.199,2.764,10.3,2500.0,1582.42,36.73,1545.69,1.36,293.63,4.27,1254.32,35000.0,27.9,0.796,REPAIR,HIGH,5.199,2.764,10.3,2,1,4,0,0,0,1,0,0
synth_002969,hide_craze,3,0.871,4.145,1.888,8.57,3000.0,844.3,17.49,826.81,1.21,314.57,4.82,1517.54,55000.0,36.2,0.933,REPAIR,HIGH,4.145,1.888,8.57,2,1,4,0,0,0,1,0,0
synth_001976,thunderstrike,4,0.42,3.426,2.817,11.63,3000.0,3000.0,0.01,2999.99,0.1,25.92,4.46,115.71,80000.0,691.4,0.895,ENGINEERING_ASSESSMENT,CRITICAL,3.426,2.817,11.63,0,0,0,0,0,0,0,0,1
synth_002942,crack,5,0.371,3.792,1.601,12.63,2000.0,2000.0,0.0,2000.0,0.1,17.28,5.28,91.19,40000.0,438.6,0.8642600936220012,ENGINEERING_ASSESSMENT,CRITICAL,3.792,1.601,12.63,0,0,1,0,1,0,0,0,0
synth_002847,surface_injure,4,0.853,10.165,3.236,8.49,3000.0,807.45,24.17,783.28,1.75,454.5,4.41,2005.55,55000.0,27.4,0.784,REPAIR,HIGH,10.165,3.236,8.49,2,1,2,0,0,0,0,1,0
synth_002075,crack,4,0.886,1.493,0.629,14.02,4200.0,4200.0,1.05,4198.95,1.99,722.03,3.83,2763.4,80000.0,28.9,0.958,ENGINEERING_ASSESSMENT,CRITICAL,1.493,0.629,14.02,0,0,1,0,1,0,0,0,0
synth_000484,corrosion,4,0.872,10.217,3.397,8.54,2500.0,693.21,23.98,669.23,2.03,437.61,4.28,1872.41,35000.0,18.7,0.921,REPAIR,HIGH,10.217,3.397,8.54,2,1,3,1,0,0,0,0,0
synth_001654,thunderstrike,3,0.806,2.405,3.215,12.93,3000.0,3000.0,0.25,2999.75,0.7,180.23,4.36,785.52,80000.0,101.8,0.771,ENGINEERING_ASSESSMENT,CRITICAL,2.405,3.215,12.93,0,0,0,0,0,0,0,0,1
synth_003206,crack,5,0.815,5.418,2.538,9.19,2500.0,964.22,27.67,936.55,1.68,363.1,4.28,1554.02,60000.0,38.6,0.937,ENGINEERING_ASSESSMENT,CRITICAL,5.418,2.538,9.19,0,0,1,0,1,0,0,0,0
synth_002718,craze,4,0.947,8.481,1.048,9.36,3000.0,1256.59,75.03,1181.57,3.5,906.47,5.75,5213.73,45000.0,8.6,0.896,REPAIR,HIGH,8.481,1.048,9.36,2,1,5,0,0,1,0,0,0
synth_002877,hide_craze,5,0.822,3.779,2.053,7.24,4200.0,521.46,15.36,506.1,1.72,625.93,4.3,2691.28,25000.0,9.3,0.867,REPAIR,HIGH,3.779,2.053,7.24,2,1,4,0,0,0,1,0,0
synth_001774,surface_injure,4,0.889,3.239,0.945,8.18,3000.0,678.32,24.61,653.7,2.13,550.9,6.38,3516.56,55000.0,15.6,0.758,REPAIR,HIGH,3.239,0.945,8.18,2,1,2,0,0,0,0,1,0
synth_002410,hide_craze,4,0.881,5.174,0.906,9.138434681408205,2000.0,283.72,10.02,273.71,2.07,357.31,5.17,1846.36,25000.0,13.5,0.842,REPAIR,HIGH,5.174,0.906,9.138434681408205,2,1,4,0,0,0,1,0,0
synth_000918,crack,3,0.634,6.777,2.697,13.16,3600.0,3600.0,0.06,3599.94,0.15,46.49,5.37,249.63,40000.0,160.2,0.939,ENGINEERING_ASSESSMENT,CRITICAL,6.777,2.697,13.16,0,0,1,0,1,0,0,0,0
synth_001646,thunderstrike,5,0.44,1.173,2.358,12.55,3000.0,3000.0,0.01,2999.99,0.1,25.92,3.79,98.27,60000.0,610.6,0.87,ENGINEERING_ASSESSMENT,CRITICAL,1.173,2.358,12.55,0,0,0,0,0,0,0,0,1
synth_001026,crack,2,0.737,1.793,2.439,5.97,3600.0,153.25,0.54,152.71,0.21,64.76,4.25,274.95,50000.0,181.9,0.762,MONITOR,LOW,1.793,2.439,5.97,1,2,1,0,1,0,0,0,0
synth_001030,craze,3,0.827,11.994,1.59,10.02,3000.0,1687.5,26.83,1660.67,0.93,241.38,6.47,1562.92,35000.0,22.4,0.865,REPAIR,HIGH,11.994,1.59,10.02,2,1,5,0,0,1,0,0,0
synth_000882,hide_craze,3,0.82,2.863,2.664,9.77,2500.0,1262.28,17.04,1245.23,0.79,170.83,6.07,1036.96,35000.0,33.8,0.887,REPAIR,HIGH,2.863,2.664,9.77,2,1,4,0,0,0,1,0,0
synth_001335,crack,5,0.604,7.495,3.339,7.57,2500.0,389.41,1.52,387.89,0.23,49.52,4.04,200.04,80000.0,399.9,0.78,ENGINEERING_ASSESSMENT,CRITICAL,7.495,3.339,7.57,0,0,1,0,1,0,0,0,0
synth_002665,corrosion,4,0.897,11.204,1.681,11.3,3600.0,3355.38,141.24,3214.14,2.47,766.86,5.13,3937.01,25000.0,6.3,0.958,REPAIR,HIGH,11.204,1.681,11.3,2,1,3,1,0,0,0,0,0
synth_000364,corrosion,1,0.613,2.024,2.197,5.69,2500.0,78.91,0.04,78.87,0.1,21.6,4.33,93.63,50000.0,534.0,0.823,MONITOR,LOW,2.024,2.197,5.69,1,2,3,1,0,0,0,0,0
synth_002125,hide_craze,3,0.836,10.353,1.901,7.01,3600.0,378.34,6.36,371.98,0.98,306.24,6.08,1862.01,35000.0,18.8,0.909,REPAIR,HIGH,10.353,1.901,7.01,2,1,4,0,0,0,1,0,0
synth_000027,corrosion,1,0.476,0.744,3.17,4.57,3600.0,22.58,0.0,22.58,0.1,31.1,4.1,127.36,75000.0,588.9,0.883,MONITOR,LOW,0.744,3.17,4.57,1,2,3,1,0,0,0,0,0
synth_000473,craze,2,0.724,2.185,0.993,11.95,3000.0,3000.0,0.07,2999.93,0.19,48.82,3.97,193.91,90000.0,464.1,0.896,MONITOR,LOW,2.185,0.993,11.95,1,2,5,0,0,1,0,0,0
synth_000525,surface_injure,5,0.941,3.794,0.652,11.17,2000.0,1776.69,137.72,1638.97,4.54,784.56,6.41,5025.22,45000.0,9.0,0.971,REPAIR,HIGH,3.794,0.652,11.17,2,1,2,0,0,0,0,1,0
synth_000725,corrosion,1,0.318,0.727,1.202,4.45,3600.0,17.87,0.0,17.87,0.1,31.1,3.62,112.62,50000.0,444.0,0.812,MONITOR,LOW,0.727,1.202,4.45,1,2,3,1,0,0,0,0,0
synth_000055,thunderstrike,4,0.528,5.129,2.679,8.92,2000.0,676.51,0.77,675.74,0.1,17.28,4.37,75.6,80000.0,1058.2,0.868,ENGINEERING_ASSESSMENT,CRITICAL,5.129,2.679,8.92,0,0,0,0,0,0,0,0,1
synth_000638,crack,5,0.45,5.796,3.346,14.82,2500.0,2500.0,0.01,2499.99,0.1,21.6,4.88,105.46,60000.0,568.9,0.862,ENGINEERING_ASSESSMENT,CRITICAL,5.796,3.346,14.82,0,0,1,0,1,0,0,0,0
synth_000302,surface_injure,1,0.733,1.867,1.791,5.38,3600.0,78.72,0.13,78.59,0.1,31.1,4.89,152.03,90000.0,592.0,0.888,MONITOR,LOW,1.867,1.791,5.38,1,2,2,0,0,0,0,1,0
synth_003125,hide_craze,4,0.848,10.732,1.934,8.42,2500.0,649.59,18.79,630.8,1.69,365.89,5.87,2148.81,35000.0,16.3,0.846,REPAIR,HIGH,10.732,1.934,8.42,2,1,4,0,0,0,1,0,0
synth_001276,crack,4,0.763,7.427,1.822,7.49,3600.0,528.9,7.3,521.6,0.81,251.59,4.73,1189.14,60000.0,50.5,0.779,ENGINEERING_ASSESSMENT,CRITICAL,7.427,1.822,7.49,0,0,1,0,1,0,0,0,0
synth_003409,crack,3,0.695,2.475,1.587,13.5,3000.0,3000.0,0.09,2999.91,0.26,67.31,4.6,309.48,80000.0,258.5,0.83,ENGINEERING_ASSESSMENT,CRITICAL,2.475,1.587,13.5,0,0,1,0,1,0,0,0,0
synth_000624,surface_injure,3,0.878,4.387,3.3,12.28,4200.0,4200.0,0.63,4199.37,1.28,466.01,4.13,1925.98,40000.0,20.8,0.879,REPAIR,HIGH,4.387,3.3,12.28,2,1,2,0,0,0,0,1,0
synth_002055,thunderstrike,3,0.382,4.462,2.944,9.85,2000.0,1046.05,0.09,1045.96,0.1,17.28,4.2,72.57,40000.0,551.2,0.878,ENGINEERING_ASSESSMENT,CRITICAL,4.462,2.944,9.85,0,0,0,0,0,0,0,0,1
synth_001280,crack,1,0.449,0.277,0.909,10.59,3000.0,2136.56,0.12,2136.43,0.1,25.92,3.8,98.48,75000.0,761.6,0.973,MONITOR,LOW,0.277,0.909,10.59,1,2,1,0,1,0,0,0,0
synth_001049,craze,4,0.838,4.142,2.219,8.61,3600.0,1034.64,25.83,1008.81,1.46,454.84,4.73,2149.96,55000.0,25.6,0.971,REPAIR,HIGH,4.142,2.219,8.61,2,1,5,0,0,1,0,0,0
synth_000336,craze,1,0.694,1.64,2.976,9.89,2500.0,1331.4,1.51,1329.89,0.1,21.6,4.15,89.74,50000.0,557.2,0.922,MONITOR,LOW,1.64,2.976,9.89,1,2,5,0,0,1,0,0,0
synth_000047,crack,4,0.408,2.518,2.253,7.94,2000.0,393.78,0.08,393.71,0.1,17.28,5.49,94.9,60000.0,632.2,0.961,ENGINEERING_ASSESSMENT,CRITICAL,2.518,2.253,7.94,0,0,1,0,1,0,0,0,0
synth_000106,crack,3,0.468,5.12,3.211,14.82,2500.0,2500.0,0.01,2499.99,0.1,21.6,5.27,113.8,80000.0,703.0,0.788,ENGINEERING_ASSESSMENT,CRITICAL,5.12,3.211,14.82,0,0,1,0,1,0,0,0,0
synth_002397,thunderstrike,4,0.629,3.136,1.952,12.28,4200.0,4200.0,0.1,4199.9,0.21,75.77,4.6,348.72,80000.0,229.4,0.974,ENGINEERING_ASSESSMENT,CRITICAL,3.136,1.952,12.28,0,0,0,0,0,0,0,0,1
synth_001079,crack,4,0.95,10.148,1.615,8.04,3000.0,623.68,38.48,585.2,3.61,936.72,4.64,4346.34,55000.0,12.7,0.847,REPAIR,HIGH,10.148,1.615,8.04,2,1,1,0,1,0,0,0,0
synth_002286,crack,3,0.507,6.548,1.943,8.6,4200.0,1201.74,0.69,1201.05,0.1,36.29,4.15,150.49,80000.0,531.6,0.8642600936220012,ENGINEERING_ASSESSMENT,CRITICAL,6.548,1.943,8.6,0,0,1,0,1,0,0,0,0
synth_002261,surface_injure,2,0.332,0.209,0.84,4.96,2500.0,30.73,0.0,30.73,0.1,21.6,4.32,93.32,50000.0,535.8,0.963,MONITOR,LOW,0.209,0.84,4.96,1,2,2,0,0,0,0,1,0
synth_001144,surface_injure,2,0.473,0.902,2.03,11.16,3600.0,3180.73,0.56,3180.17,0.1,31.1,4.57,142.21,90000.0,632.9,0.827,MONITOR,LOW,0.902,2.03,11.16,1,2,2,0,0,0,0,1,0
synth_002856,thunderstrike,5,0.831,1.201,3.239,5.78,3600.0,126.12,3.74,122.38,1.74,540.09,3.64,1965.6,60000.0,30.5,0.8642600936220012,ENGINEERING_ASSESSMENT,CRITICAL,1.201,3.239,5.78,0,0,0,0,0,0,0,0,1
synth_002296,surface_injure,1,0.253,1.895,1.256,8.01,4200.0,862.03,0.0,862.03,0.1,36.29,3.95,143.26,50000.0,349.0,0.781,MONITOR,LOW,1.895,1.256,8.01,1,2,2,0,0,0,0,1,0
synth_001836,crack,3,0.402,2.655,1.476,8.66,2000.0,590.1,0.07,590.03,0.1,17.28,5.09,87.91,80000.0,910.0,0.8,ENGINEERING_ASSESSMENT,CRITICAL,2.655,1.476,8.66,0,0,1,0,1,0,0,0,0
synth_001753,corrosion,1,0.6,0.555,2.224,6.96,4200.0,424.06,0.17,423.89,0.1,36.29,4.61,167.22,50000.0,299.0,0.826,MONITOR,LOW,0.555,2.224,6.96,1,2,3,1,0,0,0,0,0
synth_001101,hide_craze,4,0.921,4.02,0.567,7.06,3600.0,393.47,18.39,375.08,2.74,851.66,5.96,5071.83,25000.0,4.9,0.92,REPAIR,HIGH,4.02,0.567,7.06,2,1,4,0,0,0,1,0,0
synth_001968,crack,3,0.52,2.528,1.661,13.71,3000.0,3000.0,0.01,2999.99,0.1,25.92,5.3,137.49,40000.0,290.9,0.919,ENGINEERING_ASSESSMENT,CRITICAL,2.528,1.661,13.71,0,0,1,0,1,0,0,0,0
synth_002784,corrosion,2,0.285,2.882,1.144,7.33,4200.0,556.28,0.0,556.28,0.1,36.29,3.71,134.7,90000.0,668.2,0.957,MONITOR,LOW,2.882,1.144,7.33,1,2,3,1,0,0,0,0,0
synth_003288,surface_injure,3,0.918,8.987,1.877,8.83,3600.0,1161.38,36.21,1125.17,1.83,567.94,5.47,3106.28,25000.0,8.0,0.8642600936220012,REPAIR,HIGH,8.987,1.877,8.83,2,1,2,0,0,0,0,1,0
synth_000523,craze,4,0.973,4.251,0.558,7.18,3600.0,427.25,29.04,398.21,3.98,1238.11,4.05,5020.06,25000.0,5.0,0.889,REPAIR,HIGH,4.251,0.558,7.18,2,1,5,0,0,1,0,0,0
synth_002280,crack,4,0.533,3.884,2.424,13.35,3600.0,3600.0,0.03,3599.97,0.1,31.1,4.53,140.78,40000.0,284.1,0.857,ENGINEERING_ASSESSMENT,CRITICAL,3.884,2.424,13.35,0,0,1,0,1,0,0,0,0
synth_002692,crack,3,0.437,5.546,1.965,7.26,3000.0,377.19,0.08,377.11,0.1,25.92,4.47,115.9,80000.0,690.3,0.953,ENGINEERING_ASSESSMENT,CRITICAL,5.546,1.965,7.26,0,0,1,0,1,0,0,0,0
synth_001428,craze,1,0.334,2.98,3.218,10.53,3000.0,2086.41,0.02,2086.39,0.1,25.92,4.78,123.84,50000.0,403.7,0.758,MONITOR,LOW,2.98,3.218,10.53,1,2,5,0,0,1,0,0,0
synth_002581,craze,3,0.672,2.696,2.647,13.39,2500.0,2500.0,0.06,2499.94,0.21,44.76,4.46,199.68,80000.0,400.6,0.956,MONITOR,LOW,2.696,2.647,13.39,1,2,5,0,0,1,0,0,0
synth_003124,hide_craze,4,0.835,9.904,0.937,8.7,4200.0,1265.28,32.66,1232.61,1.51,548.67,4.02,2204.46,25000.0,11.3,0.859,REPAIR,HIGH,9.904,0.937,8.7,2,1,4,0,0,0,1,0,0
synth_000603,craze,2,0.309,3.794,3.218,10.57,2500.0,1764.07,0.02,1764.05,0.1,21.6,4.14,89.5,90000.0,1005.6,0.812,MONITOR,LOW,3.794,3.218,10.57,1,2,5,0,0,1,0,0,0
synth_001489,surface_injure,3,0.959,3.794,1.134,8.73,3600.0,1100.96,45.17,1055.79,2.4,747.41,4.3,3212.29,55000.0,17.1,0.936,REPAIR,HIGH,3.794,1.134,8.73,2,1,2,0,0,0,0,1,0
synth_002810,corrosion,4,0.816,6.312,1.613,8.19,2000.0,455.14,9.81,445.33,1.26,218.07,5.43,1183.82,35000.0,29.6,0.813,REPAIR,HIGH,6.312,1.613,8.19,2,1,3,1,0,0,0,0,0
synth_002920,surface_injure,4,0.946,8.34,3.114,11.09,2500.0,2155.06,127.24,2027.82,3.46,746.98,4.9,3658.81,35000.0,9.6,0.931,REPAIR,HIGH,8.34,3.114,11.09,2,1,2,0,0,0,0,1,0
synth_000060,crack,4,0.402,3.641,2.292,5.03,3600.0,48.75,0.01,48.74,0.1,31.1,5.24,162.86,40000.0,245.6,0.8642600936220012,ENGINEERING_ASSESSMENT,CRITICAL,3.641,2.292,5.03,0,0,1,0,1,0,0,0,0
synth_003295,thunderstrike,3,0.508,7.201,3.305,12.67,3600.0,3600.0,0.01,3599.99,0.1,31.1,5.16,160.45,40000.0,249.3,0.98,ENGINEERING_ASSESSMENT,CRITICAL,7.201,3.305,12.67,0,0,0,0,0,0,0,0,1
synth_000671,hide_craze,1,0.419,2.127,1.439,6.08,3000.0,142.5,0.01,142.5,0.1,25.92,3.88,100.62,90000.0,894.5,0.784,MONITOR,LOW,2.127,1.439,6.08,1,2,4,0,0,0,1,0,0
synth_000092,corrosion,5,0.849,10.315,1.322,9.38,2000.0,847.12,33.4,813.72,2.31,399.04,6.04,2409.26,25000.0,10.4,0.843,REPAIR,HIGH,10.315,1.322,9.38,2,1,3,1,0,0,0,0,0
synth_000666,crack,3,0.779,3.794,1.724,9.34,2000.0,829.49,8.5,820.99,0.6,103.67,5.0,517.85,80000.0,154.5,0.776,ENGINEERING_ASSESSMENT,CRITICAL,3.794,1.724,9.34,0,0,1,0,1,0,0,0,0
synth_001887,hide_craze,1,0.734,0.281,2.759,11.85,3000.0,3000.0,0.04,2999.96,0.1,25.92,4.44,115.01,90000.0,782.5,0.8642600936220012,MONITOR,LOW,0.281,2.759,11.85,1,2,4,0,0,0,1,0,0
synth_000280,corrosion,1,0.601,3.794,0.501,5.97,3600.0,153.02,0.06,152.96,0.1,31.1,4.1,127.64,50000.0,391.7,0.816,MONITOR,LOW,3.794,0.501,5.97,1,2,3,1,0,0,0,0,0
synth_001719,hide_craze,1,0.587,1.458,2.515,9.5,4200.0,1875.9,0.69,1875.21,0.1,36.29,4.31,156.38,75000.0,479.6,0.783,MONITOR,LOW,1.458,2.515,9.5,1,2,4,0,0,0,1,0,0
synth_000359,surface_injure,4,0.957,3.008,1.875,8.69,4200.0,1262.8,74.84,1187.95,3.47,1259.71,4.58,5769.65,55000.0,9.5,0.772,REPAIR,HIGH,3.008,1.875,8.69,2,1,2,0,0,0,0,1,0
synth_000899,craze,3,0.841,6.099,2.606,7.16,4200.0,491.01,8.26,482.75,0.99,357.56,4.26,1521.48,35000.0,23.0,0.951,REPAIR,HIGH,6.099,2.606,7.16,2,1,5,0,0,1,0,0,0
synth_001935,hide_craze,1,0.227,2.303,1.075,8.12,3600.0,787.87,0.0,787.87,0.1,31.1,3.63,112.88,90000.0,797.3,0.823,MONITOR,LOW,2.303,1.075,8.12,1,2,4,0,0,0,1,0,0
synth_001994,corrosion,5,0.955,4.34,2.708,8.0,2000.0,407.85,33.15,374.7,4.76,822.58,5.77,4747.51,25000.0,5.3,0.8642600936220012,REPAIR,HIGH,4.34,2.708,8.0,2,1,3,1,0,0,0,0,0
synth_002768,thunderstrike,3,0.859,1.854,0.566,6.56,3000.0,220.28,3.94,216.33,1.05,271.76,4.59,1246.84,60000.0,48.1,0.882,ENGINEERING_ASSESSMENT,CRITICAL,1.854,0.566,6.56,0,0,0,0,0,0,0,0,1
synth_000760,thunderstrike,4,0.767,4.987,2.279,12.38,2000.0,2000.0,0.19,1999.81,0.82,141.66,3.78,535.91,80000.0,149.3,0.906,ENGINEERING_ASSESSMENT,CRITICAL,4.987,2.279,12.38,0,0,0,0,0,0,0,0,1
synth_002158,thunderstrike,4,0.564,3.728,2.88,9.89,4200.0,2232.84,3.9,2228.95,0.1,37.09,4.33,160.74,40000.0,248.8,0.932,ENGINEERING_ASSESSMENT,CRITICAL,3.728,2.88,9.89,0,0,0,0,0,0,0,0,1
synth_003141,craze,3,0.809,3.794,3.258,11.1,2500.0,2165.16,27.73,2137.43,0.75,162.02,4.78,774.11,55000.0,71.0,0.859,REPAIR,HIGH,3.794,3.258,11.1,2,1,5,0,0,1,0,0,0
synth_000042,crack,3,0.795,5.328,1.168,9.138434681408205,2000.0,88.92,1.02,87.9,0.67,115.98,3.67,425.44,40000.0,94.0,0.8642600936220012,ENGINEERING_ASSESSMENT,CRITICAL,5.328,1.168,9.138434681408205,0,0,1,0,1,0,0,0,0
synth_002173,crack,3,0.496,5.074,1.743,14.47,3600.0,3600.0,0.01,3599.99,0.1,31.1,5.28,164.08,80000.0,487.6,0.806,ENGINEERING_ASSESSMENT,CRITICAL,5.074,1.743,14.47,0,0,1,0,1,0,0,0,0
synth_000204,thunderstrike,5,0.867,4.814,1.115,12.58,4200.0,4200.0,1.23,4198.77,2.51,911.89,5.01,4566.94,80000.0,17.5,0.902,ENGINEERING_ASSESSMENT,CRITICAL,4.814,1.115,12.58,0,0,0,0,0,0,0,0,1
synth_001473,surface_injure,4,0.892,11.119,2.216,11.14,4200.0,3694.94,150.65,3544.28,2.39,866.6,5.34,4625.71,35000.0,7.6,0.965,REPAIR,HIGH,11.119,2.216,11.14,2,1,2,0,0,0,0,1,0
synth_002100,corrosion,1,0.745,0.968,3.299,8.09,3000.0,643.75,1.15,642.61,0.1,27.08,4.97,134.56,75000.0,557.4,0.964,MONITOR,LOW,0.968,3.299,8.09,1,2,3,1,0,0,0,0,0
synth_002593,corrosion,2,0.219,1.012,0.855,8.13,3000.0,660.0,0.0,660.0,0.1,25.92,4.5,116.66,75000.0,642.9,0.867,MONITOR,LOW,1.012,0.855,8.13,1,2,3,1,0,0,0,0,0
synth_000068,hide_craze,2,0.248,0.632,1.608,7.85,2500.0,464.16,0.0,464.16,0.1,21.6,4.3,92.86,50000.0,538.4,0.876,MONITOR,LOW,0.632,1.608,7.85,1,2,4,0,0,0,1,0,0
synth_001875,surface_injure,4,0.955,11.672,0.545,7.56,4200.0,648.79,41.79,607.0,3.77,1369.08,5.2,7119.93,55000.0,7.7,0.871,REPAIR,HIGH,11.672,0.545,7.56,2,1,2,0,0,0,0,1,0
synth_003416,crack,5,0.362,3.236,2.757,5.31,3600.0,72.35,0.01,72.34,0.1,31.1,4.76,148.07,80000.0,540.3,0.761,ENGINEERING_ASSESSMENT,CRITICAL,3.236,2.757,5.31,0,0,1,0,1,0,0,0,0
synth_002231,surface_injure,4,0.901,6.524,3.438,10.06,2500.0,1430.64,60.03,1370.61,2.46,530.84,4.28,2270.15,55000.0,24.2,0.929,REPAIR,HIGH,6.524,3.438,10.06,2,1,2,0,0,0,0,1,0
synth_000137,hide_craze,5,0.882,10.895,1.511,8.99,2000.0,699.62,35.67,663.95,2.99,515.97,4.83,2490.7,25000.0,10.0,0.849,REPAIR,HIGH,10.895,1.511,8.99,2,1,4,0,0,0,1,0,0
synth_000796,surface_injure,2,0.588,2.284,3.111,9.138434681408205,3000.0,2016.94,1.6,2015.34,0.1,25.92,3.91,101.27,50000.0,493.7,0.851,MONITOR,LOW,2.284,3.111,9.138434681408205,1,2,2,0,0,0,0,1,0
synth_002180,craze,2,0.286,1.488,2.655,7.03,3000.0,319.13,0.0,319.13,0.1,25.92,3.83,99.4,50000.0,503.0,0.855,MONITOR,LOW,1.488,2.655,7.03,1,2,5,0,0,1,0,0,0
synth_002128,hide_craze,4,0.944,7.158,2.133,9.8,3000.0,1534.09,88.12,1445.97,3.36,872.1,5.82,5078.25,25000.0,4.9,0.857,REPAIR,HIGH,7.158,2.133,9.8,2,1,4,0,0,0,1,0,0
synth_000758,corrosion,3,0.95,3.794,3.423,10.46,2500.0,1692.75,64.54,1628.22,2.23,482.34,5.4,2606.27,35000.0,13.4,0.869,REPAIR,HIGH,3.794,3.423,10.46,2,1,3,1,0,0,0,0,0
synth_000541,thunderstrike,3,0.34,5.911,3.099,5.1,3000.0,45.13,0.0,45.13,0.1,25.92,4.32,111.93,80000.0,714.7,0.937,ENGINEERING_ASSESSMENT,CRITICAL,5.911,3.099,5.1,0,0,0,0,0,0,0,0,1
synth_001019,surface_injure,3,0.835,9.238,0.741,9.39,2000.0,851.52,14.08,837.44,0.97,167.32,5.19,869.18,55000.0,63.3,0.794,REPAIR,HIGH,9.238,0.741,9.39,2,1,2,0,0,0,0,1,0
synth_002743,thunderstrike,4,0.744,1.903,1.407,13.01,2000.0,2000.0,0.15,1999.85,0.62,107.65,5.33,573.68,60000.0,104.6,0.909,ENGINEERING_ASSESSMENT,CRITICAL,1.903,1.407,13.01,0,0,0,0,0,0,0,0,1
synth_000165,surface_injure,2,0.643,0.794,1.021,10.55,2500.0,1751.88,2.41,1749.46,0.1,21.6,3.98,86.05,90000.0,1045.9,0.801,MONITOR,LOW,0.794,1.021,10.55,1,2,2,0,0,0,0,1,0
synth_000248,craze,5,0.843,10.893,1.162,9.02,2500.0,886.99,33.55,853.44,2.22,478.53,5.28,2524.76,35000.0,13.9,0.86,REPAIR,HIGH,10.893,1.162,9.02,2,1,5,0,0,1,0,0,0
synth_001331,surface_injure,4,0.834,6.575,3.448,10.89,3000.0,2400.78,60.01,2340.77,1.46,379.49,5.74,2177.01,55000.0,25.3,0.93,REPAIR,HIGH,6.575,3.448,10.89,2,1,2,0,0,0,0,1,0
synth_002017,hide_craze,1,0.483,2.59,1.725,7.73,2500.0,431.64,0.04,431.6,0.1,21.6,4.8,103.62,50000.0,482.5,0.827,MONITOR,LOW,2.59,1.725,7.73,1,2,4,0,0,0,1,0,0
synth_000446,craze,4,0.822,10.961,2.335,9.69,3000.0,1460.2,34.28,1425.92,1.38,356.45,6.03,2147.75,45000.0,21.0,0.809,REPAIR,HIGH,10.961,2.335,9.69,2,1,5,0,0,1,0,0,0
synth_002482,surface_injure,3,0.964,3.794,0.603,10.28,3000.0,1884.48,82.71,1801.77,2.57,666.35,4.57,3047.08,45000.0,14.8,0.827,REPAIR,HIGH,3.794,0.603,10.28,2,1,2,0,0,0,0,1,0
synth_001358,crack,4,0.513,6.742,2.824,6.84,4200.0,387.09,0.37,386.71,0.1,36.29,4.43,160.74,40000.0,248.8,0.763,ENGINEERING_ASSESSMENT,CRITICAL,6.742,2.824,6.84,0,0,1,0,1,0,0,0,0
synth_002145,craze,3,0.935,4.554,2.836,9.18,2000.0,767.57,25.87,741.7,1.97,341.09,5.13,1749.63,45000.0,25.7,0.945,REPAIR,HIGH,4.554,2.836,9.18,2,1,5,0,0,1,0,0,0
synth_001329,hide_craze,4,0.812,2.683,2.284,7.5,3000.0,446.6,8.74,437.86,1.15,297.15,6.48,1924.47,55000.0,28.6,0.792,REPAIR,HIGH,2.683,2.284,7.5,2,1,4,0,0,0,1,0,0
synth_003489,thunderstrike,5,0.319,5.145,2.923,14.54,3000.0,3000.0,0.0,3000.0,0.1,25.92,4.86,125.9,60000.0,476.6,0.962,ENGINEERING_ASSESSMENT,CRITICAL,5.145,2.923,14.54,0,0,0,0,0,0,0,0,1
synth_002150,corrosion,1,0.209,2.79,3.366,5.91,2500.0,100.69,0.0,100.69,0.1,21.6,3.97,85.67,90000.0,1050.5,0.93,MONITOR,LOW,2.79,3.366,5.91,1,2,3,1,0,0,0,0,0
synth_000434,craze,1,0.291,2.971,3.284,9.47,3000.0,1325.82,0.0,1325.82,0.1,25.92,4.92,127.62,75000.0,587.7,0.878,MONITOR,LOW,2.971,3.284,9.47,1,2,5,0,0,1,0,0,0
synth_002122,craze,3,0.917,7.743,0.635,9.28,2000.0,806.75,24.68,782.07,1.79,309.57,4.8,1484.64,35000.0,23.6,0.792,REPAIR,HIGH,7.743,0.635,9.28,2,1,5,0,0,1,0,0,0
synth_000577,craze,1,0.688,2.202,0.933,9.138434681408205,3600.0,156.76,0.17,156.58,0.1,31.1,4.87,151.31,75000.0,495.7,0.754,MONITOR,LOW,2.202,0.933,9.138434681408205,1,2,5,0,0,1,0,0,0
synth_002861,hide_craze,2,0.472,2.643,2.274,9.51,2000.0,896.84,0.17,896.67,0.1,17.28,4.02,69.44,50000.0,720.0,0.799,MONITOR,LOW,2.643,2.274,9.51,1,2,4,0,0,0,1,0,0
synth_003287,surface_injure,1,0.38,1.565,1.024,9.138434681408205,2000.0,11.19,0.0,11.19,0.1,17.28,3.84,66.42,90000.0,1355.0,0.847,MONITOR,LOW,1.565,1.024,9.138434681408205,1,2,2,0,0,0,0,1,0
synth_002448,thunderstrike,4,0.73,3.234,2.589,9.31,3000.0,1228.26,11.89,1216.37,0.57,147.01,3.6,529.93,40000.0,75.5,0.756,ENGINEERING_ASSESSMENT,CRITICAL,3.234,2.589,9.31,0,0,0,0,0,0,0,0,1
synth_001848,crack,5,0.755,7.772,1.106,13.11,4200.0,4200.0,0.48,4199.52,1.03,373.25,3.65,1364.21,80000.0,58.6,0.831,ENGINEERING_ASSESSMENT,CRITICAL,7.772,1.106,13.11,0,0,1,0,1,0,0,0,0
synth_000762,thunderstrike,5,0.31,1.644,1.842,8.27,4200.0,999.21,0.04,999.17,0.1,36.29,4.37,158.74,60000.0,378.0,0.783,ENGINEERING_ASSESSMENT,CRITICAL,1.644,1.842,8.27,0,0,0,0,0,0,0,0,1
synth_000388,corrosion,3,0.729,5.816,0.697,6.2,4200.0,224.92,1.45,223.47,0.38,136.74,5.38,735.26,80000.0,108.8,0.801,ENGINEERING_ASSESSMENT,MEDIUM,5.816,0.697,6.2,0,3,3,1,0,0,0,0,0
synth_000235,crack,3,0.86,5.132,3.073,7.26,2000.0,252.26,4.89,247.38,1.13,196.07,4.27,836.92,80000.0,95.6,0.849,ENGINEERING_ASSESSMENT,CRITICAL,5.132,3.073,7.26,0,0,1,0,1,0,0,0,0
synth_003122,hide_craze,1,0.389,0.503,3.114,4.0,4200.0,6.88,0.0,6.88,0.1,36.29,3.65,132.56,90000.0,678.9,0.805,MONITOR,LOW,0.503,3.114,4.0,1,2,4,0,0,0,1,0,0
synth_001984,thunderstrike,4,0.31,3.028,3.344,8.69,3600.0,1082.23,0.03,1082.19,0.1,31.1,4.63,143.95,60000.0,416.8,0.844,ENGINEERING_ASSESSMENT,CRITICAL,3.028,3.344,8.69,0,0,0,0,0,0,0,0,1
synth_000267,craze,2,0.372,0.948,2.226,5.76,2500.0,85.44,0.0,85.44,0.1,21.6,3.7,79.86,90000.0,1127.0,0.927,MONITOR,LOW,0.948,2.226,5.76,1,2,5,0,0,1,0,0,0
synth_000770,surface_injure,5,0.905,5.004,2.681,11.3,3000.0,2789.02,159.67,2629.35,3.35,869.14,5.51,4788.05,45000.0,9.4,0.8642600936220012,REPAIR,HIGH,5.004,2.681,11.3,2,1,2,0,0,0,0,1,0
synth_002165,craze,3,0.862,11.338,0.664,9.58,2000.0,928.84,19.28,909.55,1.22,210.13,4.61,968.43,45000.0,46.5,0.851,REPAIR,HIGH,11.338,0.664,9.58,2,1,5,0,0,1,0,0,0
synth_000437,corrosion,1,0.262,2.783,2.442,4.58,3000.0,19.34,0.0,19.34,0.1,25.92,3.92,101.63,50000.0,492.0,0.978,MONITOR,LOW,2.783,2.442,4.58,1,2,3,1,0,0,0,0,0
synth_000673,thunderstrike,4,0.335,5.666,1.207,13.08,2500.0,2500.0,0.0,2500.0,0.1,21.6,4.52,97.58,40000.0,409.9,0.948,ENGINEERING_ASSESSMENT,CRITICAL,5.666,1.207,13.08,0,0,0,0,0,0,0,0,1
synth_000249,corrosion,2,0.68,0.576,1.5,6.4,3000.0,191.18,0.38,190.81,0.12,29.84,4.04,120.5,75000.0,622.4,0.798,MONITOR,LOW,0.576,1.5,6.4,1,2,3,1,0,0,0,0,0
synth_002201,craze,4,0.929,10.023,2.542,8.42,4200.0,1090.41,57.72,1032.69,3.1,1125.12,4.63,5211.99,55000.0,10.6,0.879,REPAIR,HIGH,10.023,2.542,8.42,2,1,5,0,0,1,0,0,0
synth_001574,surface_injure,1,0.214,0.918,1.257,11.79,3000.0,3000.0,0.0,3000.0,0.1,25.92,4.07,105.5,50000.0,473.9,0.921,MONITOR,LOW,0.918,1.257,11.79,1,2,2,0,0,0,0,1,0
synth_002142,hide_craze,3,0.842,6.929,1.336,10.49,3600.0,2463.19,42.27,2420.92,1.01,312.64,4.15,1298.14,55000.0,42.4,0.86,REPAIR,HIGH,6.929,1.336,10.49,2,1,4,0,0,0,1,0,0
synth_002081,craze,2,0.353,0.234,1.332,9.63,3000.0,1426.56,0.03,1426.53,0.1,25.92,4.11,106.43,50000.0,469.8,0.891,MONITOR,LOW,0.234,1.332,9.63,1,2,5,0,0,1,0,0,0
synth_003136,corrosion,5,0.849,5.396,1.899,7.46,4200.0,608.49,22.91,585.58,2.21,800.27,4.47,3577.34,25000.0,7.0,0.823,REPAIR,HIGH,5.396,1.899,7.46,2,1,3,1,0,0,0,0,0
synth_003074,crack,4,0.776,3.01,0.791,14.83,2000.0,2000.0,0.2,1999.8,0.85,147.03,4.87,715.9,40000.0,55.9,0.915,ENGINEERING_ASSESSMENT,CRITICAL,3.01,0.791,14.83,0,0,1,0,1,0,0,0,0
synth_003285,thunderstrike,3,0.68,7.956,0.918,10.6,2000.0,1427.28,5.92,1421.36,0.24,41.96,4.59,192.62,60000.0,311.5,0.774,ENGINEERING_ASSESSMENT,CRITICAL,7.956,0.918,10.6,0,0,0,0,0,0,0,0,1
synth_000448,surface_injure,2,0.593,0.993,1.662,7.2,2000.0,241.71,0.2,241.52,0.1,17.28,4.72,81.52,90000.0,1104.0,0.821,MONITOR,LOW,0.993,1.662,7.2,1,2,2,0,0,0,0,1,0
synth_001469,corrosion,3,0.905,5.804,1.345,5.34,3600.0,75.3,2.07,73.23,1.61,501.16,5.14,2574.79,40000.0,15.5,0.857,REPAIR,HIGH,5.804,1.345,5.34,2,1,3,1,0,0,0,0,0
synth_000716,hide_craze,2,0.356,0.357,2.937,9.138434681408205,4200.0,775.82,0.02,775.8,0.1,36.29,4.3,156.16,50000.0,320.2,0.851,MONITOR,LOW,0.357,2.937,9.138434681408205,1,2,4,0,0,0,1,0,0
synth_003105,craze,4,0.89,4.9,2.873,11.49,3600.0,3592.42,135.28,3457.13,2.21,686.06,4.67,3202.12,55000.0,17.2,0.8642600936220012,REPAIR,HIGH,4.9,2.873,11.49,2,1,5,0,0,1,0,0,0
synth_003132,thunderstrike,5,0.477,7.388,0.579,12.37,3000.0,3000.0,0.02,2999.98,0.1,25.92,3.81,98.71,80000.0,810.5,0.895,ENGINEERING_ASSESSMENT,CRITICAL,7.388,0.579,12.37,0,0,0,0,0,0,0,0,1
synth_002048,thunderstrike,4,0.594,1.257,2.69,7.6,4200.0,667.57,1.54,666.03,0.14,49.17,3.93,193.05,60000.0,310.8,0.926,ENGINEERING_ASSESSMENT,CRITICAL,1.257,2.69,7.6,0,0,0,0,0,0,0,0,1
synth_001901,hide_craze,1,0.495,2.575,0.691,11.61,4200.0,4200.0,0.0,4200.0,0.1,36.29,4.49,163.06,90000.0,551.9,0.825,MONITOR,LOW,2.575,0.691,11.61,1,2,4,0,0,0,1,0,0
synth_002987,surface_injure,1,0.298,0.416,1.575,6.91,2500.0,242.76,0.0,242.76,0.1,21.6,5.0,107.98,75000.0,694.6,0.8642600936220012,MONITOR,LOW,0.416,1.575,6.91,1,2,2,0,0,0,0,1,0
synth_001168,surface_injure,1,0.706,2.271,0.78,10.97,2000.0,1646.13,2.14,1643.99,0.1,17.28,4.45,76.91,75000.0,975.2,0.772,MONITOR,LOW,2.271,0.78,10.97,1,2,2,0,0,0,0,1,0
synth_000082,craze,3,0.856,8.016,2.046,9.138434681408205,2000.0,1044.55,20.24,1024.31,1.14,196.14,4.03,790.98,25000.0,31.6,0.971,REPAIR,HIGH,8.016,2.046,9.138434681408205,2,1,5,0,0,1,0,0,0
synth_002898,hide_craze,3,0.342,4.569,3.218,14.59,2000.0,2000.0,0.0,2000.0,0.1,17.28,5.46,94.31,60000.0,636.2,0.979,MONITOR,LOW,4.569,3.218,14.59,1,2,4,0,0,0,1,0,0
synth_002724,surface_injure,1,0.229,0.64,1.82,4.54,2000.0,11.86,0.0,11.86,0.1,17.28,3.59,62.12,90000.0,1448.8,0.948,MONITOR,LOW,0.64,1.82,4.54,1,2,2,0,0,0,0,1,0
synth_001460,crack,1,0.719,1.707,1.864,4.7,3600.0,28.73,0.04,28.69,0.1,31.1,4.89,152.05,90000.0,591.9,0.895,MONITOR,LOW,1.707,1.864,4.7,1,2,1,0,1,0,0,0,0
synth_001893,craze,3,0.462,6.749,2.712,11.39,2500.0,2403.15,0.73,2402.41,0.1,21.6,5.4,116.63,40000.0,343.0,0.911,MONITOR,LOW,6.749,2.712,11.39,1,2,5,0,0,1,0,0,0
synth_001668,corrosion,3,0.673,6.296,2.181,7.73,2500.0,431.44,1.64,429.8,0.22,48.04,4.07,195.39,80000.0,409.4,0.973,MONITOR,LOW,6.296,2.181,7.73,1,2,3,1,0,0,0,0,0
synth_002756,crack,2,0.466,3.794,2.639,10.3,3600.0,2279.51,0.38,2279.13,0.1,31.1,4.63,143.98,75000.0,520.9,0.94,MONITOR,LOW,3.794,2.639,10.3,1,2,1,0,1,0,0,0,0
synth_002000,surface_injure,3,0.853,4.718,1.415,10.64,3600.0,2610.07,47.39,2562.68,1.06,330.76,4.97,1643.02,25000.0,15.2,0.827,REPAIR,HIGH,4.718,1.415,10.64,2,1,2,0,0,0,0,1,0
synth_000475,hide_craze,3,0.633,6.386,2.909,14.35,3600.0,3600.0,0.06,3599.94,0.15,45.78,5.32,243.48,40000.0,164.3,0.889,MONITOR,LOW,6.386,2.909,14.35,1,2,4,0,0,0,1,0,0
synth_000517,thunderstrike,5,0.311,3.373,1.732,12.96,2500.0,2500.0,0.0,2500.0,0.1,21.6,3.65,78.95,80000.0,1013.3,0.965,ENGINEERING_ASSESSMENT,CRITICAL,3.373,1.732,12.96,0,0,0,0,0,0,0,0,1
synth_000404,craze,2,0.711,0.554,1.276,4.22,3600.0,10.72,0.03,10.69,0.16,48.33,4.43,214.3,50000.0,233.3,0.861,MONITOR,LOW,0.554,1.276,4.22,1,2,5,0,0,1,0,0,0
synth_000384,craze,3,0.547,3.216,2.094,7.86,4200.0,783.6,0.71,782.9,0.1,36.29,3.68,133.65,60000.0,448.9,0.93,MONITOR,LOW,3.216,2.094,7.86,1,2,5,0,0,1,0,0,0
synth_003210,corrosion,3,0.904,4.238,3.465,8.83,3600.0,1161.41,31.06,1130.34,1.57,487.26,4.91,2393.37,40000.0,16.7,0.957,REPAIR,HIGH,4.238,3.465,8.83,2,1,3,1,0,0,0,0,0
synth_002152,craze,3,0.914,7.445,1.259,11.43,2000.0,1949.38,58.31,1891.07,1.75,302.73,5.31,1606.79,55000.0,34.2,0.832,REPAIR,HIGH,7.445,1.259,11.43,2,1,5,0,0,1,0,0,0
synth_001633,hide_craze,5,0.849,8.503,3.263,8.98,2500.0,868.8,33.88,834.92,2.28,493.39,5.7,2812.57,45000.0,16.0,0.923,REPAIR,HIGH,8.503,3.263,8.98,2,1,4,0,0,0,1,0,0
synth_003429,crack,5,0.918,7.106,2.386,13.66,3000.0,3000.0,1.29,2998.71,3.8,984.11,4.2,4129.85,60000.0,14.5,0.955,ENGINEERING_ASSESSMENT,CRITICAL,7.106,2.386,13.66,0,0,1,0,1,0,0,0,0
synth_000688,corrosion,1,0.663,2.581,2.305,7.31,2000.0,261.58,0.23,261.35,0.1,17.28,3.67,63.39,75000.0,1183.2,0.876,MONITOR,LOW,2.581,2.305,7.31,1,2,3,1,0,0,0,0,0
synth_001240,surface_injure,3,0.852,11.921,2.412,8.36,3000.0,752.71,14.56,738.15,1.13,293.59,5.59,1640.43,25000.0,15.2,0.818,REPAIR,HIGH,11.921,2.412,8.36,2,1,2,0,0,0,0,1,0
synth_000062,surface_injure,1,0.395,0.879,2.192,6.15,2000.0,102.17,0.0,102.17,0.1,17.28,4.07,70.26,75000.0,1067.5,0.799,MONITOR,LOW,0.879,2.192,6.15,1,2,2,0,0,0,0,1,0
synth_000852,hide_craze,2,0.74,0.474,3.034,4.12,3600.0,8.24,0.03,8.21,0.2,62.71,3.74,234.64,50000.0,213.1,0.866,MONITOR,LOW,0.474,3.034,4.12,1,2,4,0,0,0,1,0,0
synth_003297,surface_injure,1,0.579,2.097,0.861,8.17,3000.0,676.4,0.23,676.17,0.1,25.92,3.67,95.06,50000.0,526.0,0.906,MONITOR,LOW,2.097,0.861,8.17,1,2,2,0,0,0,0,1,0
synth_003252,crack,5,0.438,1.19,1.112,14.71,4200.0,4200.0,0.01,4199.99,0.1,36.29,4.43,160.93,80000.0,497.1,0.954,ENGINEERING_ASSESSMENT,CRITICAL,1.19,1.112,14.71,0,0,1,0,1,0,0,0,0
synth_001262,crack,1,0.708,0.778,0.909,5.16,3600.0,59.12,0.07,59.04,0.1,31.1,3.68,114.48,50000.0,436.8,0.754,MONITOR,LOW,0.778,0.909,5.16,1,2,1,0,1,0,0,0,0
synth_000223,hide_craze,4,0.877,6.629,0.994,10.48,4200.0,2865.01,100.52,2764.49,2.05,745.69,5.5,4104.88,35000.0,8.5,0.895,REPAIR,HIGH,6.629,0.994,10.48,2,1,4,0,0,0,1,0,0
synth_002193,craze,3,0.832,3.794,0.848,8.75,3600.0,1115.56,17.53,1098.03,0.92,286.32,4.57,1309.88,25000.0,19.1,0.894,REPAIR,HIGH,3.794,0.848,8.75,2,1,5,0,0,1,0,0,0
synth_000373,corrosion,3,0.867,4.662,1.48,12.0,2000.0,2000.0,0.28,1999.72,1.19,206.14,4.32,890.88,60000.0,67.3,0.769,REPAIR,HIGH,4.662,1.48,12.0,2,1,3,1,0,0,0,0,0
synth_001824,surface_injure,3,0.825,7.416,2.789,10.8,2000.0,1542.56,23.12,1519.44,0.88,151.69,5.09,772.2,55000.0,71.2,0.88,REPAIR,HIGH,7.416,2.789,10.8,2,1,2,0,0,0,0,1,0
synth_003034,thunderstrike,3,0.653,1.994,1.419,12.08,2000.0,2000.0,0.04,1999.96,0.17,28.98,5.27,152.61,40000.0,262.1,0.925,ENGINEERING_ASSESSMENT,CRITICAL,1.994,1.419,12.08,0,0,0,0,0,0,0,0,1
synth_003441,crack,4,0.58,2.927,2.819,9.138434681408205,2500.0,2500.0,0.04,2499.96,0.12,26.07,3.89,101.42,80000.0,788.8,0.753,ENGINEERING_ASSESSMENT,CRITICAL,2.927,2.819,9.138434681408205,0,0,1,0,1,0,0,0,0
synth_003162,craze,5,0.885,8.803,0.529,7.59,2000.0,314.59,16.24,298.35,3.02,522.35,4.59,2397.52,55000.0,22.9,0.816,REPAIR,HIGH,8.803,0.529,7.59,2,1,5,0,0,1,0,0,0
synth_003216,corrosion,3,0.403,2.684,0.599,14.11,2000.0,2000.0,0.0,2000.0,0.1,17.28,4.08,70.46,40000.0,567.7,0.966,MONITOR,LOW,2.684,0.599,14.11,1,2,3,1,0,0,0,0,0
synth_000009,thunderstrike,5,0.801,4.457,1.818,10.23,3000.0,1844.16,46.39,1797.77,1.47,381.87,4.36,1663.08,60000.0,36.1,0.757,ENGINEERING_ASSESSMENT,CRITICAL,4.457,1.818,10.23,0,0,0,0,0,0,0,0,1
synth_002497,hide_craze,2,0.236,2.176,0.75,4.38,4200.0,17.89,0.0,17.89,0.1,36.29,3.62,131.4,75000.0,570.8,0.769,MONITOR,LOW,2.176,0.75,4.38,1,2,4,0,0,0,1,0,0
synth_001944,corrosion,1,0.312,3.794,0.851,4.37,2000.0,8.45,0.0,8.45,0.1,17.28,3.97,68.54,50000.0,729.5,0.942,MONITOR,LOW,3.794,0.851,4.37,1,2,3,1,0,0,0,0,0
synth_001838,crack,3,0.563,3.794,3.345,11.06,2500.0,2130.79,2.44,2128.35,0.1,21.6,4.49,96.96,80000.0,825.1,0.89,ENGINEERING_ASSESSMENT,CRITICAL,3.794,3.345,11.06,0,0,1,0,1,0,0,0,0
synth_000708,hide_craze,1,0.352,1.552,1.569,11.09,2500.0,2159.13,0.03,2159.1,0.1,21.6,4.07,87.86,90000.0,1024.4,0.8642600936220012,MONITOR,LOW,1.552,1.569,11.09,1,2,4,0,0,0,1,0,0
synth_000255,crack,3,0.822,9.338,2.374,10.9,3600.0,2891.51,43.21,2848.3,0.88,272.25,5.13,1397.97,55000.0,39.3,0.8642600936220012,REPAIR,HIGH,9.338,2.374,10.9,2,1,1,0,1,0,0,0,0
synth_001617,corrosion,1,0.415,2.642,2.264,7.15,3000.0,349.09,0.01,349.07,0.1,25.92,3.77,97.7,50000.0,511.8,0.845,MONITOR,LOW,2.642,2.264,7.15,1,2,3,1,0,0,0,0,0
synth_000389,thunderstrike,4,0.411,3.927,2.571,12.57,2000.0,2000.0,0.0,2000.0,0.1,17.28,5.3,91.51,40000.0,437.1,0.762,ENGINEERING_ASSESSMENT,CRITICAL,3.927,2.571,12.57,0,0,0,0,0,0,0,0,1
synth_001581,thunderstrike,4,0.645,3.794,2.066,6.95,3600.0,360.92,1.5,359.41,0.24,75.89,3.66,277.92,80000.0,287.9,0.947,ENGINEERING_ASSESSMENT,CRITICAL,3.794,2.066,6.95,0,0,0,0,0,0,0,0,1
synth_000924,surface_injure,4,0.937,4.886,2.454,9.72,3000.0,1481.71,79.02,1402.69,3.12,809.65,6.2,5019.53,25000.0,5.0,0.776,REPAIR,HIGH,4.886,2.454,9.72,2,1,2,0,0,0,0,1,0
synth_003326,corrosion,3,0.834,3.794,3.488,7.83,2500.0,459.15,6.92,452.23,0.88,190.65,5.5,1048.18,40000.0,38.2,0.978,REPAIR,HIGH,3.794,3.488,7.83,2,1,3,1,0,0,0,0,0
synth_002834,hide_craze,3,0.856,4.82,2.233,9.22,2000.0,784.97,14.7,770.27,1.1,189.59,5.21,987.09,25000.0,25.3,0.8,REPAIR,HIGH,4.82,2.233,9.22,2,1,4,0,0,0,1,0,0
synth_002508,craze,1,0.686,2.923,0.517,5.86,3600.0,137.71,0.15,137.56,0.1,31.1,4.73,147.01,90000.0,612.2,0.865,MONITOR,LOW,2.923,0.517,5.86,1,2,5,0,0,1,0,0,0
synth_002036,surface_injure,1,0.534,1.596,1.668,11.07,4200.0,3598.08,0.71,3597.37,0.1,36.29,4.41,159.89,75000.0,469.1,0.768,MONITOR,LOW,1.596,1.668,11.07,1,2,2,0,0,0,0,1,0
synth_003358,crack,4,0.852,1.546,1.618,14.04,2500.0,2500.0,0.48,2499.52,1.53,330.83,5.37,1778.21,60000.0,33.7,0.844,ENGINEERING_ASSESSMENT,CRITICAL,1.546,1.618,14.04,0,0,1,0,1,0,0,0,0
synth_001224,corrosion,1,0.717,2.266,2.711,5.03,4200.0,56.95,0.08,56.87,0.1,36.29,4.07,147.8,90000.0,608.9,0.873,MONITOR,LOW,2.266,2.711,5.03,1,2,3,1,0,0,0,0,0
synth_002549,crack,4,0.652,6.364,3.054,8.93,3000.0,1020.07,4.9,1015.17,0.28,72.9,4.38,319.3,60000.0,187.9,0.8642600936220012,ENGINEERING_ASSESSMENT,CRITICAL,6.364,3.054,8.93,0,0,1,0,1,0,0,0,0
synth_001946,crack,3,0.72,3.794,2.233,7.55,2500.0,383.97,2.28,381.69,0.35,75.25,4.7,353.76,60000.0,169.6,0.903,ENGINEERING_ASSESSMENT,CRITICAL,3.794,2.233,7.55,0,0,1,0,1,0,0,0,0
synth_000739,surface_injure,5,0.861,10.773,3.062,9.31,2500.0,1021.48,44.21,977.27,2.54,547.57,5.0,2735.45,25000.0,9.1,0.875,REPAIR,HIGH,10.773,3.062,9.31,2,1,2,0,0,0,0,1,0
synth_000040,thunderstrike,3,0.888,1.639,1.979,8.19,4200.0,957.82,21.41,936.4,1.31,475.21,5.4,2566.19,80000.0,31.2,0.771,ENGINEERING_ASSESSMENT,CRITICAL,1.639,1.979,8.19,0,0,0,0,0,0,0,0,1
synth_000868,thunderstrike,4,0.372,2.95,3.074,12.72,2500.0,2500.0,0.0,2500.0,0.1,21.6,4.2,90.77,60000.0,661.0,0.788,ENGINEERING_ASSESSMENT,CRITICAL,2.95,3.074,12.72,0,0,0,0,0,0,0,0,1
synth_002779,craze,5,0.802,10.908,0.532,9.38,2000.0,844.0,22.81,821.19,1.58,273.48,4.28,1171.66,55000.0,46.9,0.923,REPAIR,HIGH,10.908,0.532,9.38,2,1,5,0,0,1,0,0,0
synth_000539,hide_craze,2,0.249,0.869,0.522,5.71,4200.0,135.86,0.0,135.86,0.1,36.29,4.12,149.4,75000.0,502.0,0.834,MONITOR,LOW,0.869,0.522,5.71,1,2,4,0,0,0,1,0,0
synth_002745,surface_injure,4,0.822,4.412,1.817,11.31,2000.0,1869.79,41.05,1828.75,1.29,222.18,6.37,1416.13,55000.0,38.8,0.825,REPAIR,HIGH,4.412,1.817,11.31,2,1,2,0,0,0,0,1,0
synth_003316,corrosion,3,0.8,5.305,2.504,8.69,3000.0,898.58,10.77,887.81,0.7,181.99,5.05,919.81,35000.0,38.1,0.8642600936220012,REPAIR,HIGH,5.305,2.504,8.69,2,1,3,1,0,0,0,0,0
synth_002723,hide_craze,1,0.719,2.614,1.385,6.98,4200.0,432.34,0.64,431.69,0.1,36.29,4.06,147.42,50000.0,339.2,0.873,MONITOR,LOW,2.614,1.385,6.98,1,2,4,0,0,0,1,0,0
synth_001371,surface_injure,1,0.281,0.238,1.259,5.64,3000.0,89.58,0.0,89.58,0.1,25.92,4.52,117.27,75000.0,639.5,0.917,MONITOR,LOW,0.238,1.259,5.64,1,2,2,0,0,0,0,1,0
synth_001145,crack,3,0.885,3.353,2.045,7.94,2000.0,393.37,8.95,384.43,1.33,230.17,5.25,1207.38,80000.0,66.3,0.911,ENGINEERING_ASSESSMENT,CRITICAL,3.353,2.045,7.94,0,0,1,0,1,0,0,0,0
synth_001031,hide_craze,3,0.794,6.971,1.266,9.138434681408205,2000.0,2000.0,0.15,1999.85,0.68,116.98,4.03,471.82,80000.0,169.6,0.906,MONITOR,LOW,6.971,1.266,9.138434681408205,1,2,4,0,0,0,1,0,0
synth_000372,hide_craze,1,0.604,0.66,0.636,4.93,3600.0,42.32,0.02,42.3,0.1,31.1,4.32,134.35,50000.0,372.2,0.919,MONITOR,LOW,0.66,0.636,4.93,1,2,4,0,0,0,1,0,0
synth_000667,crack,3,0.414,2.243,1.341,9.138434681408205,3000.0,3000.0,0.0,3000.0,0.1,25.92,4.43,114.84,40000.0,348.3,0.888,ENGINEERING_ASSESSMENT,CRITICAL,2.243,1.341,9.138434681408205,0,0,1,0,1,0,0,0,0
synth_000357,hide_craze,1,0.357,1.815,1.624,8.47,3000.0,799.57,0.01,799.56,0.1,25.92,4.06,105.15,75000.0,713.3,0.966,MONITOR,LOW,1.815,1.624,8.47,1,2,4,0,0,0,1,0,0
synth_000967,thunderstrike,4,0.947,3.794,2.587,11.15,4200.0,3707.71,208.22,3499.49,3.29,1193.64,4.23,5049.68,40000.0,7.9,0.762,ENGINEERING_ASSESSMENT,CRITICAL,3.794,2.587,11.15,0,0,0,0,0,0,0,0,1
synth_002831,hide_craze,1,0.461,0.947,2.771,10.79,3600.0,2776.03,0.2,2775.83,0.1,31.1,4.16,129.49,90000.0,695.0,0.95,MONITOR,LOW,0.947,2.771,10.79,1,2,4,0,0,0,1,0,0
synth_002783,craze,2,0.404,3.794,1.154,7.0,3600.0,374.54,0.02,374.52,0.1,31.1,4.0,124.5,75000.0,602.4,0.772,MONITOR,LOW,3.794,1.154,7.0,1,2,5,0,0,1,0,0,0
synth_001353,crack,3,0.862,4.011,2.18,10.81,2000.0,1553.16,30.09,1523.06,1.13,196.09,5.01,983.38,60000.0,61.0,0.864,ENGINEERING_ASSESSMENT,CRITICAL,4.011,2.18,10.81,0,0,1,0,1,0,0,0,0
synth_001035,surface_injure,3,0.463,5.863,2.32,12.69,2500.0,2500.0,0.01,2499.99,0.1,21.6,3.99,86.17,60000.0,696.3,0.942,MONITOR,LOW,5.863,2.32,12.69,1,2,2,0,0,0,0,1,0
synth_000470,hide_craze,3,0.941,6.282,1.696,7.49,2500.0,367.52,13.23,354.28,2.11,455.56,4.58,2085.0,60000.0,28.8,0.772,REPAIR,HIGH,6.282,1.696,7.49,2,1,4,0,0,0,1,0,0
synth_003103,craze,3,0.876,11.464,2.226,11.09,4200.0,3622.56,83.95,3538.61,1.36,492.58,5.21,2564.97,35000.0,13.6,0.802,REPAIR,HIGH,11.464,2.226,11.09,2,1,5,0,0,1,0,0,0
synth_001396,crack,4,0.878,9.196,1.274,8.39,3600.0,917.83,33.12,884.71,2.11,657.38,4.79,3147.67,55000.0,17.5,0.954,REPAIR,HIGH,9.196,1.274,8.39,2,1,1,0,1,0,0,0,0
synth_003139,crack,4,0.726,4.453,0.799,12.96,2000.0,2000.0,0.13,1999.87,0.56,96.96,4.46,432.84,40000.0,92.4,0.822,ENGINEERING_ASSESSMENT,CRITICAL,4.453,0.799,12.96,0,0,1,0,1,0,0,0,0
synth_001549,surface_injure,2,0.619,1.873,2.149,5.28,2000.0,38.75,0.04,38.71,0.1,17.28,3.93,67.98,90000.0,1323.9,0.907,MONITOR,LOW,1.873,2.149,5.28,1,2,2,0,0,0,0,1,0
synth_001256,surface_injure,1,0.262,0.358,2.339,8.2,4200.0,961.9,0.0,961.9,0.1,36.29,3.63,131.55,50000.0,380.1,0.958,MONITOR,LOW,0.358,2.339,8.2,1,2,2,0,0,0,0,1,0
synth_002094,craze,4,0.966,10.782,2.492,10.41,4200.0,2781.42,192.41,2589.01,4.05,1470.31,5.81,8537.54,45000.0,5.3,0.887,REPAIR,HIGH,10.782,2.492,10.41,2,1,5,0,0,1,0,0,0
synth_001555,surface_injure,1,0.497,2.067,3.01,7.77,3000.0,531.06,0.07,531.0,0.1,25.92,4.67,121.02,50000.0,413.2,0.8642600936220012,MONITOR,LOW,2.067,3.01,7.77,1,2,2,0,0,0,0,1,0
synth_003097,surface_injure,2,0.256,2.271,1.206,9.138434681408205,3600.0,3600.0,0.0,3600.0,0.1,31.1,3.89,121.1,50000.0,412.9,0.8642600936220012,MONITOR,LOW,2.271,1.206,9.138434681408205,1,2,2,0,0,0,0,1,0
synth_001250,craze,5,0.852,10.527,2.881,11.16,3000.0,2653.21,107.52,2545.68,2.37,615.26,5.26,3238.2,45000.0,13.9,0.915,REPAIR,HIGH,10.527,2.881,11.16,2,1,5,0,0,1,0,0,0
synth_001699,thunderstrike,4,0.646,1.686,1.756,12.91,3600.0,3600.0,0.11,3599.89,0.24,75.37,4.63,349.2,60000.0,171.8,0.895,ENGINEERING_ASSESSMENT,CRITICAL,1.686,1.756,12.91,0,0,0,0,0,0,0,0,1
synth_001252,hide_craze,2,0.597,3.794,0.884,9.96,4200.0,2309.51,2.03,2307.47,0.1,36.29,3.87,140.4,50000.0,356.1,0.808,MONITOR,LOW,3.794,0.884,9.96,1,2,4,0,0,0,1,0,0
synth_003317,surface_injure,5,0.831,4.324,1.33,10.16,2000.0,1196.28,38.28,1158.0,1.87,323.9,5.7,1844.87,35000.0,19.0,0.897,REPAIR,HIGH,4.324,1.33,10.16,2,1,2,0,0,0,0,1,0
synth_003337,corrosion,3,0.86,2.757,2.105,7.0,3600.0,375.66,6.97,368.69,1.09,338.01,5.98,2021.7,25000.0,12.4,0.818,REPAIR,HIGH,2.757,2.105,7.0,2,1,3,1,0,0,0,0,0
synth_000079,corrosion,4,0.968,11.152,3.017,7.55,2000.0,307.3,21.65,285.65,4.13,712.97,4.59,3272.36,35000.0,10.7,0.826,REPAIR,HIGH,11.152,3.017,7.55,2,1,3,1,0,0,0,0,0
synth_001172,surface_injure,3,0.884,4.79,2.405,7.7,2000.0,337.15,7.82,329.33,1.36,234.77,6.22,1459.36,55000.0,37.7,0.778,REPAIR,HIGH,4.79,2.405,7.7,2,1,2,0,0,0,0,1,0
synth_000814,thunderstrike,5,0.678,7.828,1.44,12.61,2000.0,2000.0,0.11,1999.89,0.5,86.71,4.35,376.91,80000.0,212.3,0.825,ENGINEERING_ASSESSMENT,CRITICAL,7.828,1.44,12.61,0,0,0,0,0,0,0,0,1
synth_001852,corrosion,5,0.853,10.646,2.26,9.35,4200.0,1752.86,71.53,1681.34,2.39,867.3,5.93,5142.94,25000.0,4.9,0.806,REPAIR,HIGH,10.646,2.26,9.35,2,1,3,1,0,0,0,0,0
synth_002220,corrosion,3,0.909,10.565,2.533,9.17,2000.0,766.29,22.58,743.72,1.73,298.17,5.67,1691.79,45000.0,26.6,0.764,REPAIR,HIGH,10.565,2.533,9.17,2,1,3,1,0,0,0,0,0
synth_002719,crack,5,0.925,3.839,1.943,7.25,2500.0,312.09,20.29,291.79,3.81,822.69,3.54,2911.19,80000.0,27.5,0.96,ENGINEERING_ASSESSMENT,CRITICAL,3.839,1.943,7.25,0,0,1,0,1,0,0,0,0
synth_003148,craze,3,0.814,9.844,2.493,11.28,2000.0,1845.52,25.94,1819.58,0.82,142.28,5.75,817.59,45000.0,55.0,0.918,REPAIR,HIGH,9.844,2.493,11.28,2,1,5,0,0,1,0,0,0
synth_002105,crack,3,0.819,2.918,3.125,9.99,2500.0,1390.81,18.66,1372.15,0.79,169.74,4.11,697.83,35000.0,50.2,0.862,REPAIR,HIGH,2.918,3.125,9.99,2,1,1,0,1,0,0,0,0
synth_000133,hide_craze,2,0.478,2.628,1.687,8.63,3600.0,1045.76,0.21,1045.55,0.1,31.1,4.16,129.31,50000.0,386.7,0.951,MONITOR,LOW,2.628,1.687,8.63,1,2,4,0,0,0,1,0,0
synth_001140,corrosion,3,0.366,1.511,2.028,9.62,3000.0,1418.86,0.08,1418.78,0.1,25.92,4.1,106.35,40000.0,376.1,0.778,MONITOR,LOW,1.511,2.028,9.62,1,2,3,1,0,0,0,0,0
synth_000933,craze,2,0.583,0.203,2.643,9.72,3600.0,1780.41,1.22,1779.19,0.1,31.1,3.76,116.84,75000.0,641.9,0.753,MONITOR,LOW,0.203,2.643,9.72,1,2,5,0,0,1,0,0,0
synth_000928,thunderstrike,5,0.893,2.862,2.24,9.62,2000.0,945.42,47.8,897.61,2.96,511.77,4.6,2353.27,40000.0,17.0,0.917,ENGINEERING_ASSESSMENT,CRITICAL,2.862,2.24,9.62,0,0,0,0,0,0,0,0,1
synth_000823,crack,5,0.412,1.415,1.824,6.05,4200.0,194.8,0.05,194.75,0.1,36.29,3.87,140.42,40000.0,284.9,0.94,ENGINEERING_ASSESSMENT,CRITICAL,1.415,1.824,6.05,0,0,1,0,1,0,0,0,0
synth_001531,crack,5,0.91,5.64,2.175,13.44,3000.0,3000.0,1.21,2998.79,3.52,912.44,5.03,4591.13,40000.0,8.7,0.793,ENGINEERING_ASSESSMENT,CRITICAL,5.64,2.175,13.44,0,0,1,0,1,0,0,0,0
synth_001214,craze,2,0.744,0.788,2.298,11.86,3000.0,3000.0,0.08,2999.92,0.21,55.18,4.55,251.23,90000.0,358.2,0.97,MONITOR,LOW,0.788,2.298,11.86,1,2,5,0,0,1,0,0,0
synth_000504,corrosion,3,0.847,6.236,2.213,9.78,4200.0,2126.96,37.76,2089.21,1.04,377.32,6.15,2321.27,25000.0,10.8,0.954,REPAIR,HIGH,6.236,2.213,9.78,2,1,3,1,0,0,0,0,0
synth_003555,thunderstrike,3,0.363,2.608,2.63,12.03,3600.0,3600.0,0.0,3600.0,0.1,31.1,4.65,144.63,60000.0,414.9,0.825,ENGINEERING_ASSESSMENT,CRITICAL,2.608,2.63,12.03,0,0,0,0,0,0,0,0,1
synth_002395,thunderstrike,5,0.316,2.148,0.99,14.41,3000.0,3000.0,0.0,3000.0,0.1,25.92,4.66,120.69,80000.0,662.9,0.942,ENGINEERING_ASSESSMENT,CRITICAL,2.148,0.99,14.41,0,0,0,0,0,0,0,0,1
synth_001996,thunderstrike,5,0.787,2.646,1.162,13.78,3600.0,3600.0,0.55,3599.45,1.26,392.54,4.56,1791.09,80000.0,44.7,0.821,ENGINEERING_ASSESSMENT,CRITICAL,2.646,1.162,13.78,0,0,0,0,0,0,0,0,1
synth_002434,craze,2,0.459,2.123,1.105,9.138434681408205,3000.0,1814.48,0.27,1814.21,0.1,25.92,4.61,119.41,75000.0,628.1,0.976,MONITOR,LOW,2.123,1.105,9.138434681408205,1,2,5,0,0,1,0,0,0
synth_001958,corrosion,3,0.879,3.794,1.252,8.42,4200.0,1091.48,25.11,1066.37,1.35,488.9,5.94,2903.45,35000.0,12.1,0.865,REPAIR,HIGH,3.794,1.252,8.42,2,1,3,1,0,0,0,0,0
synth_001384,corrosion,5,0.819,11.471,2.572,7.09,4200.0,466.84,14.54,452.29,1.82,662.08,6.41,4246.23,35000.0,8.2,0.791,REPAIR,HIGH,11.471,2.572,7.09,2,1,3,1,0,0,0,0,0
synth_000894,corrosion,3,0.819,9.173,1.449,9.85,2500.0,1310.4,19.12,1291.28,0.85,184.57,6.46,1192.62,35000.0,29.3,0.809,REPAIR,HIGH,9.173,1.449,9.85,2,1,3,1,0,0,0,0,0
synth_000828,thunderstrike,5,0.558,6.205,1.332,10.81,3000.0,2324.76,5.31,2319.46,0.13,34.65,4.28,148.17,60000.0,404.9,0.787,ENGINEERING_ASSESSMENT,CRITICAL,6.205,1.332,10.81,0,0,0,0,0,0,0,0,1
synth_003525,thunderstrike,3,0.477,5.156,1.445,8.32,4200.0,1032.36,0.38,1031.98,0.1,36.29,3.95,143.34,40000.0,279.1,0.958,ENGINEERING_ASSESSMENT,CRITICAL,5.156,1.445,8.32,0,0,0,0,0,0,0,0,1
synth_002523,corrosion,2,0.428,2.388,0.67,9.78,4200.0,2134.5,0.2,2134.3,0.1,36.29,4.3,156.03,90000.0,576.8,0.784,MONITOR,LOW,2.388,0.67,9.78,1,2,3,1,0,0,0,0,0
synth_001683,craze,1,0.658,1.554,3.432,10.66,2500.0,1830.94,1.45,1829.48,0.1,21.6,3.66,79.01,75000.0,949.2,0.897,MONITOR,LOW,1.554,3.432,10.66,1,2,5,0,0,1,0,0,0
synth_003081,craze,4,0.913,11.829,3.273,7.77,3600.0,635.14,30.38,604.76,2.8,871.44,5.65,4922.18,35000.0,7.1,0.91,REPAIR,HIGH,11.829,3.273,7.77,2,1,5,0,0,1,0,0,0
synth_003061,hide_craze,2,0.365,1.974,1.535,9.52,2500.0,1127.29,0.04,1127.25,0.1,21.6,3.85,83.09,50000.0,601.8,0.795,MONITOR,LOW,1.974,1.535,9.52,1,2,4,0,0,0,1,0,0
synth_003006,hide_craze,5,0.824,5.739,3.049,10.37,4200.0,2737.76,84.45,2653.31,1.81,655.64,5.11,3347.53,55000.0,16.4,0.972,REPAIR,HIGH,5.739,3.049,10.37,2,1,4,0,0,0,1,0,0
synth_000652,surface_injure,5,0.907,7.441,2.111,9.14,3600.0,1354.42,81.39,1273.04,3.52,1094.69,4.65,5085.91,55000.0,10.8,0.821,REPAIR,HIGH,7.441,2.111,9.14,2,1,2,0,0,0,0,1,0
synth_000172,surface_injure,1,0.297,2.354,1.756,4.09,4200.0,8.81,0.0,8.81,0.1,36.29,4.12,149.67,90000.0,601.3,0.925,MONITOR,LOW,2.354,1.756,4.09,1,2,2,0,0,0,0,1,0
synth_000038,surface_injure,4,0.974,6.523,1.738,9.56,2500.0,1148.33,81.06,1067.26,4.13,893.11,5.44,4858.35,45000.0,9.3,0.808,REPAIR,HIGH,6.523,1.738,9.56,2,1,2,0,0,0,0,1,0
synth_003431,thunderstrike,3,0.929,7.057,1.442,9.138434681408205,2500.0,478.52,15.92,462.6,1.95,421.02,4.85,2042.0,60000.0,29.4,0.949,ENGINEERING_ASSESSMENT,CRITICAL,7.057,1.442,9.138434681408205,0,0,0,0,0,0,0,0,1
synth_000713,craze,3,0.819,9.29,3.42,11.22,4200.0,3798.01,55.14,3742.87,0.85,308.57,6.28,1938.02,25000.0,12.9,0.78,REPAIR,HIGH,9.29,3.42,11.22,2,1,5,0,0,1,0,0,0
synth_000090,hide_craze,2,0.504,2.611,3.105,5.76,3000.0,102.27,0.03,102.24,0.1,25.92,4.96,128.61,50000.0,388.8,0.8642600936220012,MONITOR,LOW,2.611,3.105,5.76,1,2,4,0,0,0,1,0,0
synth_003542,thunderstrike,4,0.501,3.417,1.236,12.91,3000.0,3000.0,0.02,2999.98,0.1,25.92,4.1,106.27,60000.0,564.6,0.93,ENGINEERING_ASSESSMENT,CRITICAL,3.417,1.236,12.91,0,0,0,0,0,0,0,0,1
synth_001205,surface_injure,3,0.919,3.149,3.182,7.06,3000.0,326.12,9.49,316.63,1.7,441.68,6.25,2758.54,35000.0,12.7,0.803,REPAIR,HIGH,3.149,3.182,7.06,2,1,2,0,0,0,0,1,0
synth_002958,thunderstrike,4,0.7,6.006,1.623,11.85,2500.0,2500.0,0.13,2499.87,0.45,97.01,3.77,365.59,60000.0,164.1,0.8642600936220012,ENGINEERING_ASSESSMENT,CRITICAL,6.006,1.623,11.85,0,0,0,0,0,0,0,0,1
synth_003093,thunderstrike,5,0.503,7.743,2.018,9.138434681408205,2000.0,2000.0,0.02,1999.98,0.1,17.28,4.83,83.52,60000.0,718.4,0.869,ENGINEERING_ASSESSMENT,CRITICAL,7.743,2.018,9.138434681408205,0,0,0,0,0,0,0,0,1
synth_001827,hide_craze,1,0.272,0.761,1.144,10.54,2000.0,1395.39,0.0,1395.39,0.1,17.28,4.62,79.77,50000.0,626.8,0.876,MONITOR,LOW,0.761,1.144,10.54,1,2,4,0,0,0,1,0,0
synth_001155,hide_craze,5,0.86,3.616,0.896,7.81,2000.0,362.1,14.47,347.64,2.34,404.42,6.43,2598.59,25000.0,9.6,0.976,REPAIR,HIGH,3.616,0.896,7.81,2,1,4,0,0,0,1,0,0
synth_001324,hide_craze,1,0.39,2.35,2.412,11.16,3600.0,3190.41,0.08,3190.33,0.1,31.1,4.03,125.39,50000.0,398.8,0.759,MONITOR,LOW,2.35,2.412,11.16,1,2,4,0,0,0,1,0,0
synth_000216,hide_craze,3,0.945,11.039,2.181,9.93,3000.0,1624.7,62.65,1562.06,2.26,585.39,6.19,3620.97,45000.0,12.4,0.84,REPAIR,HIGH,11.039,2.181,9.93,2,1,4,0,0,0,1,0,0
synth_000510,corrosion,5,0.885,9.11,1.906,11.25,4200.0,3838.72,198.59,3640.13,3.03,1099.56,6.49,7134.8,25000.0,3.5,0.852,REPAIR,HIGH,9.11,1.906,11.25,2,1,3,1,0,0,0,0,0
synth_001680,corrosion,2,0.692,2.059,2.645,8.19,2000.0,454.24,1.07,453.17,0.14,23.79,4.73,112.56,75000.0,666.3,0.848,MONITOR,LOW,2.059,2.645,8.19,1,2,3,1,0,0,0,0,0
synth_000499,thunderstrike,4,0.517,4.635,1.657,6.98,4200.0,429.72,0.43,429.29,0.1,36.29,5.11,185.45,40000.0,215.7,0.901,ENGINEERING_ASSESSMENT,CRITICAL,4.635,1.657,6.98,0,0,0,0,0,0,0,0,1
synth_002964,thunderstrike,5,0.377,3.794,3.288,8.69,2500.0,749.42,0.11,749.3,0.1,21.6,5.17,111.72,40000.0,358.0,0.8642600936220012,ENGINEERING_ASSESSMENT,CRITICAL,3.794,3.288,8.69,0,0,0,0,0,0,0,0,1
synth_001856,thunderstrike,3,0.358,4.291,3.122,6.27,2500.0,142.07,0.01,142.06,0.1,21.6,3.66,79.07,40000.0,505.9,0.868,ENGINEERING_ASSESSMENT,CRITICAL,4.291,3.122,6.27,0,0,0,0,0,0,0,0,1
synth_001388,surface_injure,4,0.836,10.548,0.94,9.21,2500.0,976.65,25.61,951.04,1.54,331.75,6.06,2009.19,25000.0,12.4,0.972,REPAIR,HIGH,10.548,0.94,9.21,2,1,2,0,0,0,0,1,0
synth_001519,corrosion,5,0.949,10.944,2.253,8.45,3000.0,790.72,66.2,724.52,4.9,1271.03,4.03,5126.71,55000.0,10.7,0.941,REPAIR,HIGH,10.944,2.253,8.45,2,1,3,1,0,0,0,0,0
synth_002386,surface_injure,1,0.549,0.842,2.056,4.25,3000.0,9.59,0.0,9.59,0.1,25.92,4.12,106.68,90000.0,843.6,0.897,MONITOR,LOW,0.842,2.056,4.25,1,2,2,0,0,0,0,1,0
synth_003261,craze,2,0.342,0.444,2.76,4.94,2000.0,23.88,0.0,23.88,0.1,17.28,3.58,61.82,50000.0,808.8,0.811,MONITOR,LOW,0.444,2.76,4.94,1,2,5,0,0,1,0,0,0
synth_002076,corrosion,3,0.928,7.055,0.873,9.17,2000.0,763.74,25.16,738.59,1.93,333.37,4.76,1587.35,55000.0,34.6,0.915,REPAIR,HIGH,7.055,0.873,9.17,2,1,3,1,0,0,0,0,0
synth_001540,thunderstrike,5,0.489,1.907,1.887,13.43,3000.0,3000.0,0.02,2999.98,0.1,25.92,4.99,129.44,60000.0,463.5,0.972,ENGINEERING_ASSESSMENT,CRITICAL,1.907,1.887,13.43,0,0,0,0,0,0,0,0,1
synth_001217,craze,4,0.974,2.578,2.851,9.89,2500.0,1329.51,88.24,1241.27,3.89,839.72,4.17,3502.13,55000.0,15.7,0.901,REPAIR,HIGH,2.578,2.851,9.89,2,1,5,0,0,1,0,0,0
synth_002681,corrosion,1,0.537,3.794,0.712,8.14,4200.0,930.96,0.2,930.77,0.1,36.29,3.74,135.61,75000.0,553.1,0.845,MONITOR,LOW,3.794,0.712,8.14,1,2,3,1,0,0,0,0,0
synth_003435,thunderstrike,4,0.845,7.598,2.025,9.17,3000.0,1148.03,31.47,1116.56,1.61,416.17,4.42,1839.93,80000.0,43.5,0.963,ENGINEERING_ASSESSMENT,CRITICAL,7.598,2.025,9.17,0,0,0,0,0,0,0,0,1
synth_001416,thunderstrike,5,0.393,7.616,1.771,14.87,4200.0,4200.0,0.01,4199.99,0.1,36.29,3.59,130.27,60000.0,460.6,0.834,ENGINEERING_ASSESSMENT,CRITICAL,7.616,1.771,14.87,0,0,0,0,0,0,0,0,1
synth_002217,craze,3,0.902,6.805,0.83,8.0,2000.0,407.47,11.07,396.4,1.59,274.88,5.85,1606.94,55000.0,34.2,0.91,REPAIR,HIGH,6.805,0.83,8.0,2,1,5,0,0,1,0,0,0
synth_003013,craze,1,0.644,1.859,2.275,8.15,3600.0,802.69,0.56,802.13,0.1,31.1,4.12,128.02,90000.0,703.0,0.925,MONITOR,LOW,1.859,2.275,8.15,1,2,5,0,0,1,0,0,0
synth_001676,crack,3,0.445,3.168,1.92,12.01,4200.0,4200.0,0.01,4199.99,0.1,36.29,3.95,143.29,80000.0,558.3,0.764,ENGINEERING_ASSESSMENT,CRITICAL,3.168,1.92,12.01,0,0,1,0,1,0,0,0,0
synth_001197,craze,1,0.527,1.136,3.467,9.138434681408205,4200.0,930.73,0.16,930.57,0.1,36.29,3.84,139.34,90000.0,645.9,0.798,MONITOR,LOW,1.136,3.467,9.138434681408205,1,2,5,0,0,1,0,0,0
synth_001542,corrosion,5,0.976,6.824,1.784,9.08,3600.0,1317.2,128.64,1188.56,5.72,1779.2,5.07,9022.07,25000.0,2.8,0.963,REPAIR,HIGH,6.824,1.784,9.08,2,1,3,1,0,0,0,0,0
synth_002539,hide_craze,3,0.845,4.222,1.505,11.03,2500.0,2106.3,35.71,2070.59,0.99,214.49,5.39,1156.54,35000.0,30.3,0.962,REPAIR,HIGH,4.222,1.505,11.03,2,1,4,0,0,0,1,0,0
synth_000953,hide_craze,3,0.429,7.554,2.875,5.19,2000.0,33.98,0.01,33.98,0.1,17.28,4.38,75.61,60000.0,793.5,0.904,MONITOR,LOW,7.554,2.875,5.19,1,2,4,0,0,0,1,0,0
synth_002635,craze,5,0.967,9.068,1.827,9.97,3600.0,1982.85,184.55,1798.29,5.45,1695.65,4.03,6841.3,45000.0,6.6,0.865,REPAIR,HIGH,9.068,1.827,9.97,2,1,5,0,0,1,0,0,0
synth_000750,craze,3,0.84,7.458,0.644,7.33,2500.0,331.35,5.63,325.73,0.99,214.77,4.48,962.18,45000.0,46.8,0.979,REPAIR,HIGH,7.458,0.644,7.33,2,1,5,0,0,1,0,0,0
synth_002705,craze,5,0.857,9.075,2.013,7.42,3000.0,423.0,17.65,405.35,2.44,633.43,5.91,3742.07,25000.0,6.7,0.971,REPAIR,HIGH,9.075,2.013,7.42,2,1,5,0,0,1,0,0,0
synth_000234,thunderstrike,3,0.38,4.91,0.702,9.138434681408205,4200.0,1095.96,0.09,1095.87,0.1,36.29,4.96,179.94,40000.0,222.3,0.909,ENGINEERING_ASSESSMENT,CRITICAL,4.91,0.702,9.138434681408205,0,0,0,0,0,0,0,0,1
synth_000732,craze,1,0.522,3.794,0.769,11.77,3600.0,3600.0,0.0,3600.0,0.1,31.1,3.76,117.05,50000.0,427.2,0.853,MONITOR,LOW,3.794,0.769,11.77,1,2,5,0,0,1,0,0,0
synth_003589,thunderstrike,4,0.784,3.794,0.973,6.19,3600.0,189.7,3.0,186.7,0.93,288.46,4.06,1171.55,80000.0,68.3,0.871,ENGINEERING_ASSESSMENT,CRITICAL,3.794,0.973,6.19,0,0,0,0,0,0,0,0,1
synth_001156,thunderstrike,4,0.548,5.161,3.069,5.7,2000.0,63.95,0.09,63.85,0.1,17.28,4.01,69.32,60000.0,865.6,0.873,ENGINEERING_ASSESSMENT,CRITICAL,5.161,3.069,5.7,0,0,0,0,0,0,0,0,1
synth_003080,thunderstrike,4,0.4,2.65,1.538,9.25,2500.0,992.09,0.17,991.92,0.1,21.6,4.07,87.89,80000.0,910.2,0.827,ENGINEERING_ASSESSMENT,CRITICAL,2.65,1.538,9.25,0,0,0,0,0,0,0,0,1
synth_002445,thunderstrike,4,0.601,2.909,2.408,14.0,3000.0,3000.0,0.06,2999.94,0.15,39.97,3.68,146.99,40000.0,272.1,0.867,ENGINEERING_ASSESSMENT,CRITICAL,2.909,2.408,14.0,0,0,0,0,0,0,0,0,1
synth_001209,corrosion,2,0.229,2.087,0.747,5.07,2000.0,28.77,0.0,28.77,0.1,17.28,4.82,83.29,75000.0,900.5,0.8642600936220012,MONITOR,LOW,2.087,0.747,5.07,1,2,3,1,0,0,0,0,0
synth_001065,thunderstrike,4,0.443,3.794,1.8,12.16,4200.0,4200.0,0.01,4199.99,0.1,36.29,4.19,152.01,80000.0,526.3,0.913,ENGINEERING_ASSESSMENT,CRITICAL,3.794,1.8,12.16,0,0,0,0,0,0,0,0,1
synth_002156,craze,2,0.556,1.793,0.508,4.78,4200.0,38.33,0.02,38.31,0.1,36.29,4.39,159.4,75000.0,470.5,0.931,MONITOR,LOW,1.793,0.508,4.78,1,2,5,0,0,1,0,0,0
synth_001062,craze,4,0.828,2.791,2.63,8.27,4200.0,1003.77,22.44,981.34,1.31,475.05,5.25,2492.39,25000.0,10.0,0.844,REPAIR,HIGH,2.791,2.63,8.27,2,1,5,0,0,1,0,0,0
synth_002616,crack,4,0.488,3.325,2.701,11.56,4200.0,4200.0,0.02,4199.98,0.1,36.29,5.07,184.0,60000.0,326.1,0.948,ENGINEERING_ASSESSMENT,CRITICAL,3.325,2.701,11.56,0,0,1,0,1,0,0,0,0
synth_001167,craze,5,0.877,6.645,0.892,10.55,2500.0,1755.17,83.56,1671.61,2.79,602.3,6.04,3640.77,25000.0,6.9,0.931,REPAIR,HIGH,6.645,0.892,10.55,2,1,5,0,0,1,0,0,0
synth_001492,corrosion,2,0.621,1.558,2.982,7.75,4200.0,733.66,0.82,732.84,0.1,36.29,3.89,141.26,50000.0,354.0,0.949,MONITOR,LOW,1.558,2.982,7.75,1,2,3,1,0,0,0,0,0
synth_002938,hide_craze,1,0.662,2.586,0.573,10.73,3000.0,2253.78,1.93,2251.86,0.1,25.92,3.66,94.79,50000.0,527.5,0.845,MONITOR,LOW,2.586,0.573,10.73,1,2,4,0,0,0,1,0,0
synth_003053,thunderstrike,3,0.722,5.714,2.562,13.29,2500.0,2500.0,0.1,2499.9,0.35,76.49,5.25,401.53,40000.0,99.6,0.758,ENGINEERING_ASSESSMENT,CRITICAL,5.714,2.562,13.29,0,0,0,0,0,0,0,0,1
synth_000884,corrosion,3,0.936,10.704,1.145,11.18,4200.0,3745.58,134.87,3610.71,2.11,765.34,4.76,3641.97,45000.0,12.4,0.964,REPAIR,HIGH,10.704,1.145,11.18,2,1,3,1,0,0,0,0,0
synth_000143,thunderstrike,4,0.702,7.082,2.569,10.71,2000.0,1490.31,11.74,1478.57,0.46,79.72,3.56,283.86,40000.0,140.9,0.888,ENGINEERING_ASSESSMENT,CRITICAL,7.082,2.569,10.71,0,0,0,0,0,0,0,0,1
synth_003528,thunderstrike,4,0.88,5.097,2.689,12.23,4200.0,4200.0,1.0,4199.0,2.05,743.76,4.23,3144.72,80000.0,25.4,0.848,ENGINEERING_ASSESSMENT,CRITICAL,5.097,2.689,12.23,0,0,0,0,0,0,0,0,1
synth_000850,crack,3,0.343,3.568,2.642,9.03,2500.0,891.28,0.04,891.24,0.1,21.6,3.5,75.66,40000.0,528.7,0.952,ENGINEERING_ASSESSMENT,CRITICAL,3.568,2.642,9.03,0,0,1,0,1,0,0,0,0
synth_002782,hide_craze,1,0.306,1.491,1.898,6.64,2500.0,196.71,0.0,196.71,0.1,21.6,4.68,101.07,75000.0,742.1,0.777,MONITOR,LOW,1.491,1.898,6.64,1,2,4,0,0,0,1,0,0
synth_000717,surface_injure,2,0.697,1.306,2.661,9.138434681408205,4200.0,190.67,0.46,190.21,0.14,51.36,4.97,255.42,75000.0,293.6,0.931,MONITOR,LOW,1.306,2.661,9.138434681408205,1,2,2,0,0,0,0,1,0
synth_003408,thunderstrike,4,0.539,2.844,3.174,6.5,3600.0,251.34,0.32,251.03,0.1,31.1,4.28,133.09,80000.0,601.1,0.888,ENGINEERING_ASSESSMENT,CRITICAL,2.844,3.174,6.5,0,0,0,0,0,0,0,0,1
synth_002502,crack,3,0.754,1.313,2.185,8.91,4200.0,1408.27,10.32,1397.94,0.43,155.82,5.26,819.99,40000.0,48.8,0.9,ENGINEERING_ASSESSMENT,CRITICAL,1.313,2.185,8.91,0,0,1,0,1,0,0,0,0
synth_000264,corrosion,2,0.374,0.346,3.171,9.46,3600.0,1578.52,0.06,1578.46,0.1,31.1,4.2,130.69,50000.0,382.6,0.76,MONITOR,LOW,0.346,3.171,9.46,1,2,3,1,0,0,0,0,0
synth_000075,surface_injure,2,0.472,1.158,0.882,10.57,4200.0,2966.81,0.52,2966.29,0.1,36.29,3.67,133.04,50000.0,375.8,0.874,MONITOR,LOW,1.158,0.882,10.57,1,2,2,0,0,0,0,1,0
synth_002492,crack,3,0.927,6.852,1.91,7.11,3600.0,408.38,13.34,395.04,1.91,594.94,4.07,2422.25,60000.0,24.8,0.802,ENGINEERING_ASSESSMENT,CRITICAL,6.852,1.91,7.11,0,0,1,0,1,0,0,0,0
synth_000395,hide_craze,3,0.964,3.918,0.877,8.21,2500.0,574.64,23.44,551.2,2.39,516.05,4.9,2530.03,35000.0,13.8,0.763,REPAIR,HIGH,3.918,0.877,8.21,2,1,4,0,0,0,1,0,0
synth_003047,crack,1,0.212,1.345,2.253,10.77,3000.0,2289.04,0.0,2289.04,0.1,25.92,4.3,111.51,90000.0,807.1,0.856,MONITOR,LOW,1.345,2.253,10.77,1,2,1,0,1,0,0,0,0
synth_002224,hide_craze,5,0.912,10.853,2.261,8.56,2500.0,701.37,44.81,656.56,3.74,808.29,5.96,4821.1,45000.0,9.3,0.914,REPAIR,HIGH,10.853,2.261,8.56,2,1,4,0,0,0,1,0,0
synth_003357,thunderstrike,3,0.76,2.949,2.883,6.5,2500.0,175.05,1.43,173.62,0.48,103.23,3.66,378.23,80000.0,211.5,0.751,ENGINEERING_ASSESSMENT,CRITICAL,2.949,2.883,6.5,0,0,0,0,0,0,0,0,1
synth_000396,craze,2,0.386,0.742,1.512,9.13,3600.0,1351.64,0.06,1351.58,0.1,31.1,3.89,120.97,75000.0,620.0,0.778,MONITOR,LOW,0.742,1.512,9.13,1,2,5,0,0,1,0,0,0
synth_001365,craze,4,0.811,7.159,0.522,7.33,2000.0,265.03,5.5,259.53,1.22,209.97,4.09,858.12,45000.0,52.4,0.869,REPAIR,HIGH,7.159,0.522,7.33,2,1,5,0,0,1,0,0,0
synth_002991,crack,3,0.663,7.463,1.956,10.11,4200.0,2453.71,8.55,2445.16,0.2,74.08,4.09,302.63,60000.0,198.3,0.797,ENGINEERING_ASSESSMENT,CRITICAL,7.463,1.956,10.11,0,0,1,0,1,0,0,0,0
synth_001903,craze,3,0.9,4.147,1.605,7.65,3600.0,591.17,15.24,575.93,1.51,469.77,6.29,2953.74,55000.0,18.6,0.923,REPAIR,HIGH,4.147,1.605,7.65,2,1,5,0,0,1,0,0,0
synth_000595,craze,2,0.273,2.074,3.06,10.52,2000.0,1384.99,0.01,1384.99,0.1,17.28,3.89,67.24,50000.0,743.6,0.773,MONITOR,LOW,2.074,3.06,10.52,1,2,5,0,0,1,0,0,0
synth_002109,hide_craze,2,0.234,2.548,3.313,8.46,2000.0,530.09,0.0,530.09,0.1,17.28,3.79,65.49,75000.0,1145.2,0.888,MONITOR,LOW,2.548,3.313,8.46,1,2,4,0,0,0,1,0,0
synth_001296,crack,4,0.863,3.76,2.222,14.25,2500.0,2500.0,0.52,2499.48,1.77,382.7,5.2,1988.32,60000.0,30.2,0.845,ENGINEERING_ASSESSMENT,CRITICAL,3.76,2.222,14.25,0,0,1,0,1,0,0,0,0
synth_001821,corrosion,2,0.349,0.631,1.472,11.81,3000.0,3000.0,0.0,3000.0,0.1,25.92,3.86,100.13,50000.0,499.4,0.866,MONITOR,LOW,0.631,1.472,11.81,1,2,3,1,0,0,0,0,0
synth_000872,hide_craze,5,0.864,4.75,0.717,9.138434681408205,2500.0,1292.99,54.32,1238.67,2.46,531.54,4.75,2526.79,55000.0,21.8,0.846,REPAIR,HIGH,4.75,0.717,9.138434681408205,2,1,4,0,0,0,1,0,0
synth_003106,crack,3,0.614,2.022,3.232,9.65,2500.0,1198.46,2.29,1196.17,0.11,24.18,4.01,96.87,60000.0,619.4,0.833,ENGINEERING_ASSESSMENT,CRITICAL,2.022,3.232,9.65,0,0,1,0,1,0,0,0,0
synth_003490,thunderstrike,5,0.758,6.468,3.286,11.64,2000.0,2000.0,0.24,1999.76,1.05,180.91,4.75,859.87,80000.0,93.0,0.838,ENGINEERING_ASSESSMENT,CRITICAL,6.468,3.286,11.64,0,0,0,0,0,0,0,0,1
synth_002326,craze,2,0.364,2.965,2.903,10.83,2500.0,1953.09,0.06,1953.03,0.1,21.6,4.08,88.17,75000.0,850.6,0.825,MONITOR,LOW,2.965,2.903,10.83,1,2,5,0,0,1,0,0,0
synth_001548,craze,1,0.49,2.477,3.093,6.44,3000.0,199.01,0.02,198.99,0.1,25.92,4.38,113.53,75000.0,660.6,0.8642600936220012,MONITOR,LOW,2.477,3.093,6.44,1,2,5,0,0,1,0,0,0
synth_000036,hide_craze,3,0.434,2.918,0.783,7.15,3000.0,348.11,0.07,348.04,0.1,25.92,4.25,110.28,40000.0,362.7,0.827,MONITOR,LOW,2.918,0.783,7.15,1,2,4,0,0,0,1,0,0
synth_002710,crack,5,0.308,3.739,0.9,10.09,4200.0,2439.45,0.1,2439.35,0.1,36.29,3.72,134.87,40000.0,296.6,0.8642600936220012,ENGINEERING_ASSESSMENT,CRITICAL,3.739,0.9,10.09,0,0,1,0,1,0,0,0,0
synth_003023,surface_injure,5,0.923,3.823,3.232,7.79,2000.0,358.68,22.97,335.71,3.75,648.3,4.63,3001.88,45000.0,15.0,0.882,REPAIR,HIGH,3.823,3.232,7.79,2,1,2,0,0,0,0,1,0
synth_002143,corrosion,5,0.862,8.576,3.289,7.52,3600.0,541.5,23.24,518.26,2.51,781.94,5.83,4556.72,55000.0,12.1,0.815,REPAIR,HIGH,8.576,3.289,7.52,2,1,3,1,0,0,0,0,0
synth_003059,thunderstrike,3,0.347,5.111,2.394,10.69,3000.0,2220.62,0.1,2220.52,0.1,25.92,4.57,118.37,60000.0,506.9,0.916,ENGINEERING_ASSESSMENT,CRITICAL,5.111,2.394,10.69,0,0,0,0,0,0,0,0,1
synth_000977,crack,2,0.596,1.809,3.308,10.58,3000.0,2126.0,1.84,2124.16,0.1,25.92,4.34,112.6,75000.0,666.1,0.905,MONITOR,LOW,1.809,3.308,10.58,1,2,1,0,1,0,0,0,0
synth_001571,hide_craze,4,0.859,6.013,0.892,9.82,2000.0,1031.29,31.04,1000.25,1.76,304.58,5.23,1591.53,25000.0,15.7,0.894,REPAIR,HIGH,6.013,0.892,9.82,2,1,4,0,0,0,1,0,0
synth_001122,thunderstrike,5,0.372,7.455,1.583,12.51,3600.0,3600.0,0.0,3600.0,0.1,31.1,4.68,145.53,80000.0,549.7,0.924,ENGINEERING_ASSESSMENT,CRITICAL,7.455,1.583,12.51,0,0,0,0,0,0,0,0,1
synth_002786,surface_injure,5,0.975,10.523,1.095,8.29,3600.0,866.91,86.41,780.5,5.84,1815.89,4.61,8363.16,55000.0,6.6,0.897,REPAIR,HIGH,10.523,1.095,8.29,2,1,2,0,0,0,0,1,0
synth_002239,surface_injure,2,0.283,0.68,2.712,6.77,4200.0,367.74,0.0,367.74,0.1,36.29,4.96,179.82,90000.0,500.5,0.843,MONITOR,LOW,0.68,2.712,6.77,1,2,2,0,0,0,0,1,0
synth_002967,hide_craze,2,0.68,0.646,0.651,5.24,2500.0,46.03,0.09,45.94,0.12,25.0,3.67,91.82,90000.0,980.2,0.804,MONITOR,LOW,0.646,0.651,5.24,1,2,4,0,0,0,1,0,0
synth_002504,surface_injure,2,0.639,2.005,1.581,9.138434681408205,3600.0,18.4,0.03,18.38,0.1,31.1,4.54,141.31,75000.0,530.7,0.848,MONITOR,LOW,2.005,1.581,9.138434681408205,1,2,2,0,0,0,0,1,0
synth_001892,corrosion,3,0.42,5.295,0.713,5.52,3000.0,78.28,0.01,78.27,0.1,25.92,3.7,96.01,80000.0,833.2,0.877,MONITOR,LOW,5.295,0.713,5.52,1,2,3,1,0,0,0,0,0
synth_000675,craze,3,0.968,6.182,0.97,8.45,3000.0,792.68,34.27,758.42,2.53,656.27,6.34,4159.37,25000.0,6.0,0.904,REPAIR,HIGH,6.182,0.97,8.45,2,1,5,0,0,1,0,0,0
synth_002808,hide_craze,3,0.902,8.31,0.837,8.82,3600.0,1155.45,31.96,1123.49,1.62,503.95,5.38,2710.57,55000.0,20.3,0.92,REPAIR,HIGH,8.31,0.837,8.82,2,1,4,0,0,0,1,0,0
synth_000728,crack,5,0.852,4.361,2.044,8.73,3000.0,920.03,34.97,885.05,2.23,577.06,4.49,2588.98,40000.0,15.5,0.905,ENGINEERING_ASSESSMENT,CRITICAL,4.361,2.044,8.73,0,0,1,0,1,0,0,0,0
synth_000412,craze,3,0.828,3.794,3.079,8.06,4200.0,884.68,12.89,871.79,0.85,309.65,4.31,1333.17,40000.0,30.0,0.91,REPAIR,HIGH,3.794,3.079,8.06,2,1,5,0,0,1,0,0,0
synth_001516,crack,3,0.351,5.688,2.796,6.38,2000.0,125.53,0.01,125.53,0.1,17.28,4.84,83.68,60000.0,717.0,0.799,ENGINEERING_ASSESSMENT,CRITICAL,5.688,2.796,6.38,0,0,1,0,1,0,0,0,0
synth_001649,craze,3,0.654,4.44,1.205,12.18,3000.0,3000.0,0.06,2999.94,0.18,46.46,4.13,192.02,60000.0,312.5,0.93,MONITOR,LOW,4.44,1.205,12.18,1,2,5,0,0,1,0,0,0
synth_000825,corrosion,4,0.909,10.305,0.537,9.5,2000.0,892.38,41.09,851.29,2.7,466.01,4.45,2073.51,45000.0,21.7,0.923,REPAIR,HIGH,10.305,0.537,9.5,2,1,3,1,0,0,0,0,0
synth_000616,thunderstrike,4,0.941,6.465,2.162,8.9,2500.0,837.08,46.78,790.3,3.27,706.96,4.66,3292.4,40000.0,12.1,0.974,ENGINEERING_ASSESSMENT,CRITICAL,6.465,2.162,8.9,0,0,0,0,0,0,0,0,1
synth_000114,hide_craze,3,0.384,3.346,2.996,12.44,4200.0,4200.0,0.0,4200.0,0.1,36.29,3.82,138.68,60000.0,432.7,0.809,MONITOR,LOW,3.346,2.996,12.44,1,2,4,0,0,0,1,0,0
synth_000417,crack,4,0.801,3.361,1.447,14.42,2000.0,2000.0,0.25,1999.75,1.06,183.47,4.56,836.52,40000.0,47.8,0.974,ENGINEERING_ASSESSMENT,CRITICAL,3.361,1.447,14.42,0,0,1,0,1,0,0,0,0
synth_001625,surface_injure,3,0.817,3.15,1.726,9.01,2000.0,708.29,9.38,698.91,0.78,134.06,4.41,591.21,45000.0,76.1,0.786,REPAIR,HIGH,3.15,1.726,9.01,2,1,2,0,0,0,0,1,0
synth_002652,surface_injure,1,0.416,0.426,2.209,5.37,4200.0,91.22,0.0,91.21,0.1,36.29,4.21,152.66,50000.0,327.5,0.944,MONITOR,LOW,0.426,2.209,5.37,1,2,2,0,0,0,0,1,0
synth_003523,crack,3,0.715,7.754,1.293,9.71,2000.0,985.27,5.68,979.58,0.34,58.36,4.34,253.1,60000.0,237.1,0.84,ENGINEERING_ASSESSMENT,CRITICAL,7.754,1.293,9.71,0,0,1,0,1,0,0,0,0
synth_000089,craze,3,0.927,10.266,1.589,8.54,3600.0,995.74,33.42,962.32,1.97,611.54,4.65,2842.78,35000.0,12.3,0.941,REPAIR,HIGH,10.266,1.589,8.54,2,1,5,0,0,1,0,0,0
synth_002896,crack,4,0.385,7.025,3.327,11.65,4200.0,4200.0,0.0,4200.0,0.1,36.29,4.92,178.6,40000.0,224.0,0.827,ENGINEERING_ASSESSMENT,CRITICAL,7.025,3.327,11.65,0,0,1,0,1,0,0,0,0
synth_003135,hide_craze,1,0.493,2.243,3.119,8.04,4200.0,874.24,0.1,874.14,0.1,36.29,4.39,159.32,50000.0,313.8,0.773,MONITOR,LOW,2.243,3.119,8.04,1,2,4,0,0,0,1,0,0
synth_002082,hide_craze,1,0.687,0.403,2.465,5.95,2000.0,83.36,0.08,83.27,0.1,17.28,3.53,60.99,50000.0,819.8,0.804,MONITOR,LOW,0.403,2.465,5.95,1,2,4,0,0,0,1,0,0
synth_000753,surface_injure,3,0.975,4.3,2.572,10.04,2000.0,1138.11,50.37,1087.74,2.59,447.94,4.23,1895.09,45000.0,23.7,0.907,REPAIR,HIGH,4.3,2.572,10.04,2,1,2,0,0,0,0,1,0
synth_002546,craze,3,0.889,2.541,1.161,10.55,2500.0,1754.11,40.43,1713.68,1.35,291.56,4.77,1391.38,35000.0,25.2,0.8642600936220012,REPAIR,HIGH,2.541,1.161,10.55,2,1,5,0,0,1,0,0,0
synth_001630,corrosion,5,0.878,3.794,1.406,7.81,3000.0,541.99,26.45,515.55,2.86,740.76,5.23,3875.3,55000.0,14.2,0.934,REPAIR,HIGH,3.794,1.406,7.81,2,1,3,1,0,0,0,0,0
synth_000011,surface_injure,1,0.644,0.495,3.15,7.65,2500.0,409.9,0.27,409.63,0.1,21.6,3.83,82.68,75000.0,907.1,0.778,MONITOR,LOW,0.495,3.15,7.65,1,2,2,0,0,0,0,1,0
synth_002444,craze,1,0.513,0.759,2.823,6.15,3000.0,152.63,0.02,152.61,0.1,25.92,4.16,107.83,75000.0,695.5,0.801,MONITOR,LOW,0.759,2.823,6.15,1,2,5,0,0,1,0,0,0
synth_000284,crack,4,0.846,2.007,3.178,9.3,4200.0,1710.91,43.28,1667.63,1.48,537.68,5.31,2853.74,60000.0,21.0,0.926,ENGINEERING_ASSESSMENT,CRITICAL,2.007,3.178,9.3,0,0,1,0,1,0,0,0,0
synth_001066,corrosion,4,0.861,4.898,1.554,7.08,3000.0,332.63,10.09,322.55,1.78,460.36,5.75,2646.16,35000.0,13.2,0.967,REPAIR,HIGH,4.898,1.554,7.08,2,1,3,1,0,0,0,0,0
synth_001191,hide_craze,4,0.968,8.905,1.469,9.138434681408205,2500.0,796.85,54.95,741.9,4.04,872.49,5.4,4714.77,45000.0,9.5,0.766,REPAIR,HIGH,8.905,1.469,9.138434681408205,2,1,4,0,0,0,1,0,0
synth_001440,craze,2,0.311,1.495,0.637,7.35,2500.0,335.43,0.0,335.43,0.1,21.6,4.67,100.85,50000.0,495.8,0.948,MONITOR,LOW,1.495,0.637,7.35,1,2,5,0,0,1,0,0,0
synth_003362,thunderstrike,3,0.45,2.372,1.965,7.89,3600.0,686.19,0.16,686.03,0.1,31.1,4.9,152.37,40000.0,262.5,0.856,ENGINEERING_ASSESSMENT,CRITICAL,2.372,1.965,7.89,0,0,0,0,0,0,0,0,1
synth_003360,crack,4,0.648,3.744,0.687,12.87,2500.0,2500.0,0.08,2499.92,0.26,55.93,4.63,258.95,40000.0,154.5,0.819,ENGINEERING_ASSESSMENT,CRITICAL,3.744,0.687,12.87,0,0,1,0,1,0,0,0,0
synth_002738,crack,3,0.55,7.935,1.902,7.7,4200.0,709.42,0.7,708.71,0.1,36.29,5.02,182.35,60000.0,329.0,0.859,ENGINEERING_ASSESSMENT,CRITICAL,7.935,1.902,7.7,0,0,1,0,1,0,0,0,0
synth_003246,hide_craze,4,0.818,4.29,0.908,9.56,3600.0,1654.06,35.06,1619.0,1.24,386.2,6.4,2473.31,35000.0,14.2,0.915,REPAIR,HIGH,4.29,0.908,9.56,2,1,4,0,0,0,1,0,0
synth_001568,corrosion,2,0.379,1.484,1.004,5.31,2500.0,49.9,0.0,49.9,0.1,21.6,4.75,102.5,75000.0,731.7,0.831,MONITOR,LOW,1.484,1.004,5.31,1,2,3,1,0,0,0,0,0
synth_002427,corrosion,4,0.861,6.829,1.136,9.32,3600.0,1478.61,45.8,1432.81,1.81,564.35,5.3,2990.48,35000.0,11.7,0.814,REPAIR,HIGH,6.829,1.136,9.32,2,1,3,1,0,0,0,0,0
synth_002737,surface_injure,3,0.825,4.032,2.171,10.69,3600.0,2669.0,38.41,2630.59,0.84,262.17,5.44,1426.37,45000.0,31.5,0.848,REPAIR,HIGH,4.032,2.171,10.69,2,1,2,0,0,0,0,1,0
synth_003084,thunderstrike,5,0.548,6.148,3.119,6.68,4200.0,341.89,0.69,341.19,0.12,42.96,4.76,204.28,80000.0,391.6,0.945,ENGINEERING_ASSESSMENT,CRITICAL,6.148,3.119,6.68,0,0,0,0,0,0,0,0,1
synth_001687,crack,5,0.671,2.657,3.249,6.43,2000.0,131.85,0.97,130.88,0.43,74.73,4.25,317.45,40000.0,126.0,0.967,ENGINEERING_ASSESSMENT,CRITICAL,2.657,3.249,6.43,0,0,1,0,1,0,0,0,0
synth_000851,corrosion,2,0.244,3.794,1.771,11.02,2500.0,2099.87,0.0,2099.87,0.1,21.6,4.13,89.15,50000.0,560.9,0.774,MONITOR,LOW,3.794,1.771,11.02,1,2,3,1,0,0,0,0,0
synth_002207,corrosion,3,0.849,8.865,1.684,7.18,2500.0,298.36,5.49,292.87,1.08,232.81,4.97,1157.91,25000.0,21.6,0.901,REPAIR,HIGH,8.865,1.684,7.18,2,1,3,1,0,0,0,0,0
synth_000895,hide_craze,3,0.888,7.928,1.423,11.29,3000.0,2782.15,68.94,2713.21,1.45,376.21,5.29,1990.84,35000.0,17.6,0.759,REPAIR,HIGH,7.928,1.423,11.29,2,1,4,0,0,0,1,0,0
synth_000496,hide_craze,4,0.927,8.836,2.589,8.96,3600.0,1240.59,64.1,1176.49,3.03,941.36,6.38,6008.51,35000.0,5.8,0.771,REPAIR,HIGH,8.836,2.589,8.96,2,1,4,0,0,0,1,0,0
synth_002305,hide_craze,3,0.917,5.905,3.411,8.05,2500.0,524.09,15.73,508.37,1.76,379.64,4.79,1818.4,45000.0,24.7,0.879,REPAIR,HIGH,5.905,3.411,8.05,2,1,4,0,0,0,1,0,0
synth_001782,thunderstrike,4,0.738,6.945,3.234,6.39,4200.0,265.37,2.93,262.44,0.65,234.78,3.56,836.17,60000.0,71.8,0.936,ENGINEERING_ASSESSMENT,CRITICAL,6.945,3.234,6.39,0,0,0,0,0,0,0,0,1
synth_000335,craze,3,0.839,4.966,2.973,7.15,3600.0,419.44,6.87,412.58,0.96,298.29,6.2,1848.79,45000.0,24.3,0.759,REPAIR,HIGH,4.966,2.973,7.15,2,1,5,0,0,1,0,0,0
synth_002839,hide_craze,5,0.963,4.563,3.408,8.9,4200.0,1406.46,121.55,1284.91,5.06,1836.85,5.43,9977.07,45000.0,4.5,0.856,REPAIR,HIGH,4.563,3.408,8.9,2,1,4,0,0,0,1,0,0
synth_000515,surface_injure,5,0.953,11.503,2.279,7.98,4200.0,846.94,73.04,773.89,5.05,1833.09,4.82,8827.34,25000.0,2.8,0.89,REPAIR,HIGH,11.503,2.279,7.98,2,1,2,0,0,0,0,1,0
synth_001348,craze,2,0.575,0.604,2.14,10.98,4200.0,3480.78,2.24,3478.54,0.1,36.29,3.93,142.48,50000.0,350.9,0.916,MONITOR,LOW,0.604,2.14,10.98,1,2,5,0,0,1,0,0,0
synth_001015,surface_injure,4,0.966,8.051,1.791,7.22,2500.0,305.61,20.71,284.91,3.97,857.14,5.51,4722.26,35000.0,7.4,0.979,REPAIR,HIGH,8.051,1.791,7.22,2,1,2,0,0,0,0,1,0
synth_002816,craze,2,0.604,1.073,1.319,7.51,3600.0,538.69,0.49,538.2,0.1,31.1,3.91,121.53,90000.0,740.6,0.799,MONITOR,LOW,1.073,1.319,7.51,1,2,5,0,0,1,0,0,0
synth_003370,thunderstrike,5,0.314,1.165,3.495,11.43,2000.0,1947.6,0.08,1947.52,0.1,17.28,4.17,72.14,60000.0,831.7,0.898,ENGINEERING_ASSESSMENT,CRITICAL,1.165,3.495,11.43,0,0,0,0,0,0,0,0,1
synth_003364,thunderstrike,5,0.798,2.374,3.49,6.57,2500.0,185.15,4.35,180.8,1.38,297.24,5.06,1503.83,80000.0,53.2,0.967,ENGINEERING_ASSESSMENT,CRITICAL,2.374,3.49,6.57,0,0,0,0,0,0,0,0,1
synth_002809,hide_craze,2,0.448,1.665,1.177,9.4,3600.0,1536.75,0.2,1536.56,0.1,31.1,3.67,114.14,50000.0,438.1,0.814,MONITOR,LOW,1.665,1.177,9.4,1,2,4,0,0,0,1,0,0
synth_003078,hide_craze,1,0.609,1.589,3.038,5.7,4200.0,134.99,0.06,134.92,0.1,36.29,4.51,163.64,75000.0,458.3,0.839,MONITOR,LOW,1.589,3.038,5.7,1,2,4,0,0,0,1,0,0
synth_001781,craze,2,0.526,2.861,2.157,7.72,2000.0,342.87,0.13,342.74,0.1,17.28,4.55,78.65,50000.0,635.7,0.933,MONITOR,LOW,2.861,2.157,7.72,1,2,5,0,0,1,0,0,0
synth_002569,crack,5,0.53,4.224,0.67,11.53,3000.0,3000.0,0.03,2999.97,0.1,25.92,4.8,124.34,80000.0,643.4,0.784,ENGINEERING_ASSESSMENT,CRITICAL,4.224,0.67,11.53,0,0,1,0,1,0,0,0,0
synth_001785,hide_craze,5,0.868,7.099,2.545,8.69,3600.0,1077.33,48.11,1029.21,2.62,813.59,4.71,3829.53,45000.0,11.8,0.94,REPAIR,HIGH,7.099,2.545,8.69,2,1,4,0,0,0,1,0,0
synth_002070,corrosion,4,0.978,8.476,0.934,9.34,4200.0,1743.08,128.66,1614.42,4.32,1568.87,6.43,10082.42,25000.0,2.5,0.823,REPAIR,HIGH,8.476,0.934,9.34,2,1,3,1,0,0,0,0,0
synth_000356,thunderstrike,5,0.906,6.191,1.336,7.79,3600.0,645.93,37.92,608.0,3.44,1069.58,3.76,4025.16,40000.0,9.9,0.863,ENGINEERING_ASSESSMENT,CRITICAL,6.191,1.336,7.79,0,0,0,0,0,0,0,0,1
synth_003421,thunderstrike,4,0.623,6.251,3.175,9.27,2000.0,803.54,2.83,800.72,0.21,35.61,3.51,124.84,80000.0,640.8,0.809,ENGINEERING_ASSESSMENT,CRITICAL,6.251,3.175,9.27,0,0,0,0,0,0,0,0,1
synth_001312,hide_craze,2,0.683,1.782,0.843,9.98,2500.0,1384.33,2.98,1381.35,0.13,27.23,4.17,113.47,90000.0,793.2,0.764,MONITOR,LOW,1.782,0.843,9.98,1,2,4,0,0,0,1,0,0
synth_001635,craze,4,0.898,5.998,1.973,9.37,2000.0,841.87,34.32,807.55,2.39,412.55,6.12,2525.11,45000.0,17.8,0.87,REPAIR,HIGH,5.998,1.973,9.37,2,1,5,0,0,1,0,0,0
synth_000550,thunderstrike,5,0.813,5.22,2.676,11.54,4200.0,4200.0,0.8,4199.2,1.64,596.17,5.5,3276.79,80000.0,24.4,0.844,ENGINEERING_ASSESSMENT,CRITICAL,5.22,2.676,11.54,0,0,0,0,0,0,0,0,1
synth_002388,crack,4,0.336,3.794,3.107,12.93,3600.0,3600.0,0.0,3600.0,0.1,31.1,3.8,118.12,60000.0,508.0,0.935,ENGINEERING_ASSESSMENT,CRITICAL,3.794,3.107,12.93,0,0,1,0,1,0,0,0,0
synth_002479,craze,2,0.53,0.602,3.175,7.72,3000.0,512.3,0.19,512.11,0.1,25.92,4.93,127.71,50000.0,391.5,0.778,MONITOR,LOW,0.602,3.175,7.72,1,2,5,0,0,1,0,0,0
synth_002521,hide_craze,1,0.735,2.03,1.372,5.68,3600.0,113.43,0.19,113.24,0.1,31.1,3.99,124.03,90000.0,725.6,0.937,MONITOR,LOW,2.03,1.372,5.68,1,2,4,0,0,0,1,0,0
synth_002265,crack,3,0.835,3.794,1.602,14.93,2000.0,2000.0,0.22,1999.78,0.9,154.7,4.13,639.36,40000.0,62.6,0.802,ENGINEERING_ASSESSMENT,CRITICAL,3.794,1.602,14.93,0,0,1,0,1,0,0,0,0
synth_002959,craze,1,0.231,1.421,1.927,7.43,2000.0,284.07,0.0,284.07,0.1,17.28,4.52,78.06,75000.0,960.8,0.766,MONITOR,LOW,1.421,1.927,7.43,1,2,5,0,0,1,0,0,0
synth_001227,surface_injure,3,0.878,8.824,1.876,8.19,2000.0,456.04,10.56,445.48,1.36,234.35,5.43,1271.68,35000.0,27.5,0.869,REPAIR,HIGH,8.824,1.876,8.19,2,1,2,0,0,0,0,1,0
synth_003211,hide_craze,3,0.819,3.794,0.68,10.84,2500.0,1959.89,28.56,1931.33,0.85,184.37,5.01,924.45,55000.0,59.5,0.927,REPAIR,HIGH,3.794,0.68,10.84,2,1,4,0,0,0,1,0,0
synth_000957,surface_injure,2,0.419,0.594,1.477,8.11,4200.0,910.36,0.07,910.29,0.1,36.29,4.38,158.98,75000.0,471.8,0.756,MONITOR,LOW,0.594,1.477,8.11,1,2,2,0,0,0,0,1,0
synth_001773,surface_injure,3,0.946,9.184,0.73,8.44,2500.0,655.78,25.13,630.65,2.24,484.9,6.31,3060.05,25000.0,8.2,0.807,REPAIR,HIGH,9.184,0.73,8.44,2,1,2,0,0,0,0,1,0
synth_002141,corrosion,1,0.232,2.736,2.106,11.43,3600.0,3508.79,0.0,3508.79,0.1,31.1,3.78,117.47,50000.0,425.6,0.889,MONITOR,LOW,2.736,2.106,11.43,1,2,3,1,0,0,0,0,0
synth_001008,crack,3,0.77,5.512,3.054,12.28,2500.0,2500.0,0.16,2499.84,0.54,117.22,4.46,522.36,80000.0,153.2,0.955,ENGINEERING_ASSESSMENT,CRITICAL,5.512,3.054,12.28,0,0,1,0,1,0,0,0,0
synth_001092,hide_craze,2,0.744,1.458,2.653,7.38,2000.0,273.34,1.02,272.32,0.22,37.86,3.88,146.85,75000.0,510.7,0.813,MONITOR,LOW,1.458,2.653,7.38,1,2,4,0,0,0,1,0,0
synth_003203,craze,2,0.624,1.744,2.833,11.61,3600.0,3600.0,0.03,3599.97,0.1,31.1,3.89,120.92,90000.0,744.3,0.849,MONITOR,LOW,1.744,2.833,11.61,1,2,5,0,0,1,0,0,0
synth_002744,corrosion,1,0.702,1.995,0.713,7.82,4200.0,765.31,0.95,764.36,0.1,36.29,4.51,163.75,50000.0,305.3,0.954,MONITOR,LOW,1.995,0.713,7.82,1,2,3,1,0,0,0,0,0
synth_000996,corrosion,1,0.518,2.94,2.657,8.71,2000.0,605.49,0.1,605.38,0.1,17.28,4.34,74.92,90000.0,1201.3,0.846,MONITOR,LOW,2.94,2.657,8.71,1,2,3,1,0,0,0,0,0
synth_001679,crack,3,0.357,6.92,0.91,11.51,3000.0,3000.0,0.0,3000.0,0.1,25.92,5.42,140.37,60000.0,427.4,0.906,ENGINEERING_ASSESSMENT,CRITICAL,6.92,0.91,11.51,0,0,1,0,1,0,0,0,0
synth_000153,craze,1,0.686,3.794,3.02,9.17,2000.0,766.0,0.83,765.17,0.1,17.28,3.76,65.01,50000.0,769.1,0.804,MONITOR,LOW,3.794,3.02,9.17,1,2,5,0,0,1,0,0,0
synth_003339,thunderstrike,5,0.842,5.466,2.207,13.89,2000.0,2000.0,0.48,1999.52,2.08,359.59,5.4,1943.29,60000.0,30.9,0.8642600936220012,ENGINEERING_ASSESSMENT,CRITICAL,5.466,2.207,13.89,0,0,0,0,0,0,0,0,1
synth_002908,craze,2,0.273,2.576,2.598,11.92,3000.0,3000.0,0.0,3000.0,0.1,25.92,4.45,115.26,90000.0,780.8,0.952,MONITOR,LOW,2.576,2.598,11.92,1,2,5,0,0,1,0,0,0
synth_002837,hide_craze,3,0.84,6.559,3.259,8.13,2000.0,438.48,7.37,431.1,0.98,170.18,5.79,984.97,55000.0,55.8,0.91,REPAIR,HIGH,6.559,3.259,8.13,2,1,4,0,0,0,1,0,0
synth_000580,hide_craze,5,0.848,6.138,2.384,7.8,4200.0,756.56,28.6,727.97,2.21,803.36,4.88,3919.83,35000.0,8.9,0.883,REPAIR,HIGH,6.138,2.384,7.8,2,1,4,0,0,0,1,0,0
synth_001470,crack,5,0.432,2.967,3.187,10.65,3600.0,2619.99,1.03,2618.96,0.1,31.1,3.65,113.46,40000.0,352.5,0.874,ENGINEERING_ASSESSMENT,CRITICAL,2.967,3.187,10.65,0,0,1,0,1,0,0,0,0
synth_000703,thunderstrike,3,0.672,7.352,1.73,6.22,2000.0,109.22,0.41,108.8,0.22,38.39,4.57,175.37,80000.0,456.2,0.766,ENGINEERING_ASSESSMENT,CRITICAL,7.352,1.73,6.22,0,0,0,0,0,0,0,0,1
synth_001212,surface_injure,1,0.243,2.89,2.722,4.33,2000.0,7.61,0.0,7.61,0.1,17.28,3.62,62.5,75000.0,1200.0,0.904,MONITOR,LOW,2.89,2.722,4.33,1,2,2,0,0,0,0,1,0
synth_000896,crack,4,0.912,5.978,3.058,7.96,3600.0,713.74,32.2,681.54,2.64,821.99,4.66,3832.19,80000.0,20.9,0.92,ENGINEERING_ASSESSMENT,CRITICAL,5.978,3.058,7.96,0,0,1,0,1,0,0,0,0
synth_000487,thunderstrike,4,0.575,3.395,1.071,14.62,2000.0,2000.0,0.03,1999.97,0.12,20.06,4.39,88.06,40000.0,454.2,0.959,ENGINEERING_ASSESSMENT,CRITICAL,3.395,1.071,14.62,0,0,0,0,0,0,0,0,1
synth_000559,hide_craze,4,0.925,8.924,2.039,10.86,2000.0,1583.63,80.78,1502.85,2.99,516.27,6.41,3307.65,35000.0,10.6,0.774,REPAIR,HIGH,8.924,2.039,10.86,2,1,4,0,0,0,1,0,0
synth_001141,hide_craze,5,0.832,10.499,2.194,9.09,2500.0,918.22,31.77,886.45,2.03,437.69,5.9,2583.53,25000.0,9.7,0.828,REPAIR,HIGH,10.499,2.194,9.09,2,1,4,0,0,0,1,0,0
synth_001119,corrosion,5,0.856,3.909,3.002,10.45,4200.0,2825.09,110.17,2714.92,2.28,828.85,4.17,3457.02,35000.0,10.1,0.962,REPAIR,HIGH,3.909,3.002,10.45,2,1,3,1,0,0,0,0,0
synth_002849,corrosion,3,0.899,9.577,3.396,10.91,3000.0,2413.67,65.67,2348.01,1.59,413.03,5.68,2347.8,25000.0,10.6,0.967,REPAIR,HIGH,9.577,3.396,10.91,2,1,3,1,0,0,0,0,0
synth_000512,craze,4,0.873,8.401,2.754,7.54,2500.0,381.78,13.12,368.66,2.01,434.84,6.44,2801.42,35000.0,12.5,0.862,REPAIR,HIGH,8.401,2.754,7.54,2,1,5,0,0,1,0,0,0
synth_000633,thunderstrike,3,0.729,4.659,3.322,5.24,2500.0,45.5,0.29,45.21,0.37,80.52,4.33,348.45,40000.0,114.8,0.798,ENGINEERING_ASSESSMENT,CRITICAL,4.659,3.322,5.24,0,0,0,0,0,0,0,0,1
synth_003593,thunderstrike,4,0.868,7.689,1.481,7.02,3000.0,318.09,10.48,307.61,1.93,500.39,5.18,2594.25,60000.0,23.1,0.938,ENGINEERING_ASSESSMENT,CRITICAL,7.689,1.481,7.02,0,0,0,0,0,0,0,0,1
synth_001664,hide_craze,4,0.807,9.538,2.735,7.11,4200.0,475.23,9.75,465.48,1.2,435.88,6.26,2727.65,35000.0,12.8,0.935,REPAIR,HIGH,9.538,2.735,7.11,2,1,4,0,0,0,1,0,0
synth_001012,crack,3,0.404,6.511,1.467,14.84,4200.0,4200.0,0.0,4200.0,0.1,36.29,3.54,128.46,60000.0,467.1,0.932,ENGINEERING_ASSESSMENT,CRITICAL,6.511,1.467,14.84,0,0,1,0,1,0,0,0,0
synth_001931,corrosion,1,0.2,2.997,1.195,5.56,2500.0,68.69,0.0,68.69,0.1,21.6,4.42,95.38,75000.0,786.3,0.914,MONITOR,LOW,2.997,1.195,5.56,1,2,3,1,0,0,0,0,0
synth_001150,thunderstrike,3,0.311,6.704,3.353,9.138434681408205,4200.0,1195.86,0.03,1195.83,0.1,36.29,4.66,169.14,80000.0,473.0,0.955,ENGINEERING_ASSESSMENT,CRITICAL,6.704,3.353,9.138434681408205,0,0,0,0,0,0,0,0,1
synth_002838,crack,3,0.444,2.005,1.775,14.79,4200.0,4200.0,0.01,4199.99,0.1,36.29,3.59,130.3,60000.0,460.5,0.89,ENGINEERING_ASSESSMENT,CRITICAL,2.005,1.775,14.79,0,0,1,0,1,0,0,0,0
synth_003366,crack,5,0.774,1.706,2.581,7.37,3600.0,489.22,9.16,480.05,1.1,341.28,5.1,1740.34,60000.0,34.5,0.8642600936220012,ENGINEERING_ASSESSMENT,CRITICAL,1.706,2.581,7.37,0,0,1,0,1,0,0,0,0
synth_000116,craze,5,0.951,11.354,2.813,7.46,3600.0,520.51,44.26,476.25,4.98,1549.21,6.34,9826.75,55000.0,5.6,0.819,REPAIR,HIGH,11.354,2.813,7.46,2,1,5,0,0,1,0,0,0
synth_000740,thunderstrike,4,0.772,1.567,1.763,12.16,4200.0,4200.0,0.41,4199.59,0.79,286.46,4.0,1145.62,60000.0,52.4,0.97,ENGINEERING_ASSESSMENT,CRITICAL,1.567,1.763,12.16,0,0,0,0,0,0,0,0,1
synth_003313,corrosion,4,0.976,5.243,1.835,8.97,2500.0,865.12,60.93,804.19,4.12,890.98,4.9,4365.66,45000.0,10.3,0.947,REPAIR,HIGH,5.243,1.835,8.97,2,1,3,1,0,0,0,0,0
synth_001974,surface_injure,3,0.816,3.794,2.774,9.1,4200.0,1555.33,22.4,1532.92,0.84,306.17,6.12,1875.07,55000.0,29.3,0.956,REPAIR,HIGH,3.794,2.774,9.1,2,1,2,0,0,0,0,1,0
synth_001081,corrosion,1,0.711,2.949,1.061,6.8,2000.0,178.78,0.25,178.53,0.1,17.28,3.89,67.23,50000.0,743.7,0.951,MONITOR,LOW,2.949,1.061,6.8,1,2,3,1,0,0,0,0,0
synth_001810,hide_craze,1,0.373,2.381,1.665,8.01,3000.0,613.35,0.01,613.34,0.1,25.92,4.05,104.87,50000.0,476.8,0.927,MONITOR,LOW,2.381,1.665,8.01,1,2,4,0,0,0,1,0,0
synth_000830,corrosion,2,0.622,2.886,2.233,9.73,3000.0,1485.93,1.75,1484.19,0.1,25.92,4.68,121.36,90000.0,741.6,0.813,MONITOR,LOW,2.886,2.233,9.73,1,2,3,1,0,0,0,0,0
synth_000119,craze,3,0.877,10.615,1.162,9.37,2500.0,1053.01,24.44,1028.57,1.36,293.59,6.06,1780.57,45000.0,25.3,0.928,REPAIR,HIGH,10.615,1.162,9.37,2,1,5,0,0,1,0,0,0
synth_000656,crack,5,0.623,2.842,3.077,12.24,2500.0,2500.0,0.08,2499.92,0.27,57.49,3.88,223.01,40000.0,179.4,0.851,ENGINEERING_ASSESSMENT,CRITICAL,2.842,3.077,12.24,0,0,1,0,1,0,0,0,0
synth_003274,surface_injure,5,0.961,10.708,2.555,8.53,4200.0,1153.86,104.56,1049.31,5.31,1925.99,4.25,8178.32,45000.0,5.5,0.933,REPAIR,HIGH,10.708,2.555,8.53,2,1,2,0,0,0,0,1,0
synth_003224,hide_craze,2,0.578,3.794,1.884,4.7,2000.0,16.12,0.01,16.1,0.1,17.28,3.95,68.24,50000.0,732.7,0.8642600936220012,MONITOR,LOW,3.794,1.884,4.7,1,2,4,0,0,0,1,0,0
synth_003512,thunderstrike,4,0.604,5.388,3.222,14.95,4200.0,4200.0,0.08,4199.92,0.17,60.5,4.7,284.35,40000.0,140.7,0.866,ENGINEERING_ASSESSMENT,CRITICAL,5.388,3.222,14.95,0,0,0,0,0,0,0,0,1
synth_000635,hide_craze,2,0.44,2.244,2.272,7.1,3000.0,336.18,0.04,336.14,0.1,25.92,4.68,121.22,75000.0,618.7,0.808,MONITOR,LOW,2.244,2.272,7.1,1,2,4,0,0,0,1,0,0
synth_000369,thunderstrike,4,0.73,6.258,1.383,12.54,3000.0,3000.0,0.2,2999.8,0.6,154.95,4.66,721.41,80000.0,110.9,0.924,ENGINEERING_ASSESSMENT,CRITICAL,6.258,1.383,12.54,0,0,0,0,0,0,0,0,1
synth_000268,corrosion,5,0.833,2.667,1.17,8.32,2000.0,490.32,15.44,474.88,1.84,318.66,5.93,1890.56,35000.0,18.5,0.836,REPAIR,HIGH,2.667,1.17,8.32,2,1,3,1,0,0,0,0,0
synth_002703,thunderstrike,4,0.389,5.743,0.835,5.59,2000.0,56.6,0.01,56.59,0.1,17.28,4.17,72.06,40000.0,555.1,0.898,ENGINEERING_ASSESSMENT,CRITICAL,5.743,0.835,5.59,0,0,0,0,0,0,0,0,1
synth_002983,crack,4,0.344,7.517,1.799,13.32,2500.0,2500.0,0.0,2500.0,0.1,21.6,3.54,76.5,60000.0,784.3,0.816,ENGINEERING_ASSESSMENT,CRITICAL,7.517,1.799,13.32,0,0,1,0,1,0,0,0,0
synth_002870,corrosion,5,0.827,10.253,0.873,9.29,2000.0,811.84,26.77,785.07,1.93,333.7,4.81,1605.43,55000.0,34.3,0.931,REPAIR,HIGH,10.253,0.873,9.29,2,1,3,1,0,0,0,0,0
synth_002914,craze,3,0.384,2.957,1.655,12.3,2500.0,2500.0,0.0,2500.0,0.1,21.6,3.53,76.19,80000.0,1050.0,0.87,MONITOR,LOW,2.957,1.655,12.3,1,2,5,0,0,1,0,0,0
synth_000046,craze,3,0.895,11.651,1.468,7.05,4200.0,455.9,12.24,443.66,1.57,570.74,6.42,3666.83,25000.0,6.8,0.8642600936220012,REPAIR,HIGH,11.651,1.468,7.05,2,1,5,0,0,1,0,0,0
synth_003330,craze,4,0.948,9.788,2.066,8.16,3600.0,807.27,48.91,758.36,3.55,1103.79,4.01,4424.44,35000.0,7.9,0.775,REPAIR,HIGH,9.788,2.066,8.16,2,1,5,0,0,1,0,0,0
synth_000991,crack,3,0.481,5.056,3.455,7.02,2500.0,265.01,0.11,264.9,0.1,21.6,4.04,87.27,40000.0,458.3,0.956,ENGINEERING_ASSESSMENT,CRITICAL,5.056,3.455,7.02,0,0,1,0,1,0,0,0,0
synth_000876,thunderstrike,3,0.595,2.671,2.671,13.36,4200.0,4200.0,0.05,4199.95,0.1,36.29,5.07,183.91,60000.0,326.2,0.846,ENGINEERING_ASSESSMENT,CRITICAL,2.671,2.671,13.36,0,0,0,0,0,0,0,0,1
synth_000773,hide_craze,5,0.963,8.495,2.683,11.29,4200.0,3895.72,352.36,3543.37,5.3,1922.39,5.35,10289.53,45000.0,4.4,0.947,REPAIR,HIGH,8.495,2.683,11.29,2,1,4,0,0,0,1,0,0
synth_001219,hide_craze,3,0.861,10.715,2.87,7.3,2000.0,259.25,5.35,253.9,1.21,208.89,5.63,1175.17,45000.0,38.3,0.762,REPAIR,HIGH,10.715,2.87,7.3,2,1,4,0,0,0,1,0,0
synth_001126,surface_injure,1,0.549,2.338,3.149,9.5,2500.0,1119.95,0.27,1119.68,0.1,21.6,3.98,86.06,50000.0,581.0,0.942,MONITOR,LOW,2.338,3.149,9.5,1,2,2,0,0,0,0,1,0
synth_000004,craze,2,0.342,2.315,0.594,7.4,2500.0,347.06,0.01,347.06,0.1,21.6,3.81,82.34,75000.0,910.9,0.928,MONITOR,LOW,2.315,0.594,7.4,1,2,5,0,0,1,0,0,0
synth_003051,surface_injure,1,0.223,1.001,1.555,6.06,3000.0,140.19,0.0,140.19,0.1,25.92,4.73,122.61,90000.0,734.0,0.869,MONITOR,LOW,1.001,1.555,6.06,1,2,2,0,0,0,0,1,0
synth_001595,crack,3,0.881,7.752,2.591,9.79,3000.0,1527.22,35.83,1491.39,1.37,356.2,3.71,1320.8,60000.0,45.4,0.954,ENGINEERING_ASSESSMENT,CRITICAL,7.752,2.591,9.79,0,0,1,0,1,0,0,0,0
synth_002311,crack,3,0.899,4.198,3.228,11.58,2500.0,2500.0,0.44,2499.56,1.5,324.99,5.45,1769.73,60000.0,33.9,0.8642600936220012,ENGINEERING_ASSESSMENT,CRITICAL,4.198,3.228,11.58,0,0,1,0,1,0,0,0,0
synth_003040,hide_craze,1,0.214,0.498,1.062,10.77,2500.0,1911.92,0.0,1911.92,0.1,21.6,4.0,86.47,50000.0,578.2,0.812,MONITOR,LOW,0.498,1.062,10.77,1,2,4,0,0,0,1,0,0
synth_003585,thunderstrike,4,0.678,2.627,3.334,14.34,3000.0,3000.0,0.12,2999.88,0.34,88.52,5.01,443.59,60000.0,135.3,0.866,ENGINEERING_ASSESSMENT,CRITICAL,2.627,3.334,14.34,0,0,0,0,0,0,0,0,1
synth_002491,craze,5,0.935,4.891,2.24,8.71,3000.0,908.8,64.6,844.21,4.16,1079.11,4.39,4739.16,45000.0,9.5,0.758,REPAIR,HIGH,4.891,2.24,8.71,2,1,5,0,0,1,0,0,0
synth_003050,craze,2,0.453,1.655,2.141,8.93,2000.0,678.82,0.09,678.72,0.1,17.28,4.06,70.09,50000.0,713.4,0.827,MONITOR,LOW,1.655,2.141,8.93,1,2,5,0,0,1,0,0,0
synth_001077,craze,3,0.917,10.501,2.921,8.04,2000.0,415.69,12.98,402.71,1.83,316.11,4.01,1268.96,35000.0,27.6,0.955,REPAIR,HIGH,10.501,2.921,8.04,2,1,5,0,0,1,0,0,0
synth_000837,crack,3,0.584,3.794,0.568,7.95,3600.0,710.69,1.02,709.67,0.1,31.1,3.53,109.8,40000.0,364.3,0.762,ENGINEERING_ASSESSMENT,CRITICAL,3.794,0.568,7.95,0,0,1,0,1,0,0,0,0
synth_000681,hide_craze,5,0.886,9.681,0.511,9.18,2500.0,958.65,50.01,908.64,3.06,660.01,4.28,2824.24,55000.0,19.5,0.847,REPAIR,HIGH,9.681,0.511,9.18,2,1,4,0,0,0,1,0,0
synth_001715,surface_injure,3,0.902,7.119,3.4,8.43,2500.0,651.7,17.74,633.96,1.59,344.44,4.35,1498.12,45000.0,30.0,0.787,REPAIR,HIGH,7.119,3.4,8.43,2,1,2,0,0,0,0,1,0
synth_002352,hide_craze,4,0.908,9.858,1.622,10.01,2500.0,1403.37,63.64,1339.74,2.66,573.68,5.9,3384.74,25000.0,7.4,0.884,REPAIR,HIGH,9.858,1.622,10.01,2,1,4,0,0,0,1,0,0
synth_002617,crack,4,0.763,5.575,0.57,7.43,2000.0,283.16,3.86,279.3,0.8,137.96,3.58,494.19,80000.0,161.9,0.792,ENGINEERING_ASSESSMENT,CRITICAL,5.575,0.57,7.43,0,0,1,0,1,0,0,0,0
synth_002361,craze,2,0.474,2.252,1.888,4.17,2500.0,6.48,0.0,6.48,0.1,21.6,4.09,88.42,90000.0,1017.9,0.83,MONITOR,LOW,2.252,1.888,4.17,1,2,5,0,0,1,0,0,0
synth_002197,thunderstrike,3,0.396,5.45,1.028,13.9,2500.0,2500.0,0.0,2500.0,0.1,21.6,5.32,115.0,40000.0,347.8,0.874,ENGINEERING_ASSESSMENT,CRITICAL,5.45,1.028,13.9,0,0,0,0,0,0,0,0,1
synth_001148,thunderstrike,5,0.691,5.011,1.529,9.58,2500.0,1161.74,10.96,1150.77,0.55,119.36,4.05,483.9,40000.0,82.7,0.815,ENGINEERING_ASSESSMENT,CRITICAL,5.011,1.529,9.58,0,0,0,0,0,0,0,0,1
synth_000574,corrosion,5,0.872,8.482,0.913,8.87,2000.0,659.62,30.64,628.98,2.72,470.1,4.42,2076.12,55000.0,26.5,0.754,REPAIR,HIGH,8.482,0.913,8.87,2,1,3,1,0,0,0,0,0
synth_000050,hide_craze,3,0.906,7.062,2.833,5.45,2500.0,60.03,1.69,58.34,1.65,355.89,3.55,1264.38,40000.0,31.6,0.977,REPAIR,HIGH,7.062,2.833,5.45,2,1,4,0,0,0,1,0,0
synth_000853,hide_craze,2,0.659,0.976,1.902,10.9,2500.0,2006.07,3.27,2002.8,0.1,21.6,3.93,84.78,90000.0,1061.6,0.801,MONITOR,LOW,0.976,1.902,10.9,1,2,4,0,0,0,1,0,0
synth_001982,thunderstrike,4,0.577,3.054,2.184,11.4,3000.0,2891.89,5.83,2886.06,0.12,30.58,4.33,132.46,40000.0,302.0,0.785,ENGINEERING_ASSESSMENT,CRITICAL,3.054,2.184,11.4,0,0,0,0,0,0,0,0,1
synth_002774,surface_injure,5,0.821,7.114,3.27,7.6,3000.0,474.15,14.5,459.65,1.79,464.3,4.26,1978.15,45000.0,22.7,0.782,REPAIR,HIGH,7.114,3.27,7.6,2,1,2,0,0,0,0,1,0
synth_001823,hide_craze,4,0.859,3.717,1.295,10.63,3000.0,2166.32,63.39,2102.93,1.71,444.23,5.54,2462.21,55000.0,22.3,0.962,REPAIR,HIGH,3.717,1.295,10.63,2,1,4,0,0,0,1,0,0
synth_000833,hide_craze,4,0.868,8.489,1.428,9.138434681408205,3000.0,2582.1,85.82,2496.28,1.95,504.59,5.05,2547.03,35000.0,13.7,0.911,REPAIR,HIGH,8.489,1.428,9.138434681408205,2,1,4,0,0,0,1,0,0
synth_001115,surface_injure,2,0.442,0.832,2.692,11.24,4200.0,3822.43,0.43,3822.0,0.1,36.29,4.21,152.88,50000.0,327.1,0.753,MONITOR,LOW,0.832,2.692,11.24,1,2,2,0,0,0,0,1,0
synth_001166,crack,5,0.912,2.357,1.166,6.62,2000.0,154.07,8.82,145.25,3.35,579.66,3.98,2307.67,60000.0,26.0,0.801,ENGINEERING_ASSESSMENT,CRITICAL,2.357,1.166,6.62,0,0,1,0,1,0,0,0,0
synth_002518,craze,2,0.55,0.94,1.132,4.05,2000.0,3.75,0.0,3.75,0.1,17.28,3.77,65.21,90000.0,1380.2,0.951,MONITOR,LOW,0.94,1.132,4.05,1,2,5,0,0,1,0,0,0
synth_001906,surface_injure,1,0.329,2.99,2.676,10.42,4200.0,2794.1,0.02,2794.07,0.1,36.29,4.74,172.15,90000.0,522.8,0.864,MONITOR,LOW,2.99,2.676,10.42,1,2,2,0,0,0,0,1,0
synth_000971,hide_craze,4,0.89,5.854,1.926,9.86,3000.0,1579.56,60.53,1519.02,2.24,581.82,5.88,3420.04,35000.0,10.2,0.975,REPAIR,HIGH,5.854,1.926,9.86,2,1,4,0,0,0,1,0,0
synth_002701,surface_injure,2,0.474,0.883,0.628,7.03,2000.0,212.64,0.04,212.61,0.1,17.28,4.76,82.19,90000.0,1095.0,0.93,MONITOR,LOW,0.883,0.628,7.03,1,2,2,0,0,0,0,1,0
synth_000399,crack,4,0.582,4.125,0.571,11.19,3000.0,2681.35,5.83,2675.52,0.13,33.02,4.83,159.51,60000.0,376.2,0.814,ENGINEERING_ASSESSMENT,CRITICAL,4.125,0.571,11.19,0,0,1,0,1,0,0,0,0
synth_002559,hide_craze,5,0.963,7.391,2.257,10.85,2500.0,1966.89,176.43,1790.46,5.25,1134.83,5.86,6644.52,55000.0,8.3,0.846,REPAIR,HIGH,7.391,2.257,10.85,2,1,4,0,0,0,1,0,0
synth_002368,surface_injure,4,0.955,11.644,2.731,7.7,2500.0,421.37,27.11,394.26,3.77,813.96,6.28,5114.32,35000.0,6.8,0.803,REPAIR,HIGH,11.644,2.731,7.7,2,1,2,0,0,0,0,1,0
synth_000019,hide_craze,2,0.507,1.973,3.069,6.71,2000.0,166.6,0.05,166.55,0.1,17.28,4.02,69.53,90000.0,1294.4,0.898,MONITOR,LOW,1.973,3.069,6.71,1,2,4,0,0,0,1,0,0
synth_000684,crack,3,0.754,5.467,0.886,8.21,3000.0,689.1,5.54,683.57,0.47,121.97,3.69,449.71,60000.0,133.4,0.853,ENGINEERING_ASSESSMENT,CRITICAL,5.467,0.886,8.21,0,0,1,0,1,0,0,0,0
synth_000035,craze,5,0.905,10.109,1.875,10.05,3000.0,1709.72,103.59,1606.13,3.55,919.81,5.43,4997.71,25000.0,5.0,0.939,REPAIR,HIGH,10.109,1.875,10.05,2,1,5,0,0,1,0,0,0
synth_002950,hide_craze,5,0.802,11.234,0.587,8.97,4200.0,1453.34,39.44,1413.9,1.59,576.84,6.35,3664.64,25000.0,6.8,0.963,REPAIR,HIGH,11.234,0.587,8.97,2,1,4,0,0,0,1,0,0
synth_003394,crack,3,0.659,4.521,1.018,5.54,2500.0,66.55,0.22,66.33,0.19,40.92,4.97,203.38,60000.0,295.0,0.881,ENGINEERING_ASSESSMENT,CRITICAL,4.521,1.018,5.54,0,0,1,0,1,0,0,0,0
synth_002875,thunderstrike,5,0.541,4.929,1.472,14.47,3600.0,3600.0,0.04,3599.96,0.11,33.21,5.02,166.77,60000.0,359.8,0.832,ENGINEERING_ASSESSMENT,CRITICAL,4.929,1.472,14.47,0,0,0,0,0,0,0,0,1
synth_000524,thunderstrike,4,0.307,6.333,3.46,13.93,3600.0,3600.0,0.0,3600.0,0.1,31.1,4.37,135.77,40000.0,294.6,0.84,ENGINEERING_ASSESSMENT,CRITICAL,6.333,3.46,13.93,0,0,0,0,0,0,0,0,1
synth_002455,craze,5,0.872,6.487,2.895,9.138434681408205,2000.0,573.78,26.2,547.58,2.67,462.18,5.75,2658.2,55000.0,20.7,0.796,REPAIR,HIGH,6.487,2.895,9.138434681408205,2,1,5,0,0,1,0,0,0
synth_000920,craze,3,0.942,10.542,2.797,9.27,2500.0,1004.99,37.83,967.16,2.2,476.22,5.87,2795.45,55000.0,19.7,0.918,REPAIR,HIGH,10.542,2.797,9.27,2,1,5,0,0,1,0,0,0
synth_001841,hide_craze,2,0.411,2.528,1.171,7.92,2000.0,388.24,0.03,388.21,0.1,17.28,3.87,66.87,90000.0,1345.9,0.945,MONITOR,LOW,2.528,1.171,7.92,1,2,4,0,0,0,1,0,0
synth_001890,thunderstrike,5,0.69,2.878,2.65,8.83,2000.0,646.52,5.81,640.71,0.53,91.0,4.61,419.19,40000.0,95.4,0.827,ENGINEERING_ASSESSMENT,CRITICAL,2.878,2.65,8.83,0,0,0,0,0,0,0,0,1
synth_000537,crack,5,0.695,1.62,3.459,11.77,3000.0,3000.0,0.2,2999.8,0.53,137.81,3.63,500.0,60000.0,120.0,0.799,ENGINEERING_ASSESSMENT,CRITICAL,1.62,3.459,11.77,0,0,1,0,1,0,0,0,0
synth_002806,corrosion,2,0.392,1.624,1.872,9.84,4200.0,2189.18,0.11,2189.07,0.1,36.29,4.55,165.03,50000.0,303.0,0.952,MONITOR,LOW,1.624,1.872,9.84,1,2,3,1,0,0,0,0,0
synth_001705,hide_craze,1,0.41,2.329,2.47,7.11,4200.0,475.67,0.02,475.65,0.1,36.29,4.63,167.93,90000.0,535.9,0.791,MONITOR,LOW,2.329,2.47,7.11,1,2,4,0,0,0,1,0,0
synth_003511,crack,3,0.446,6.193,3.083,6.41,4200.0,271.95,0.07,271.88,0.1,36.29,5.14,186.66,40000.0,214.3,0.8642600936220012,ENGINEERING_ASSESSMENT,CRITICAL,6.193,3.083,6.41,0,0,1,0,1,0,0,0,0
synth_003110,hide_craze,3,0.83,6.469,1.718,10.17,2500.0,1502.58,23.39,1479.19,0.91,196.95,4.16,820.02,80000.0,97.6,0.757,ENGINEERING_ASSESSMENT,MEDIUM,6.469,1.718,10.17,0,3,4,0,0,0,1,0,0
synth_000245,crack,3,0.742,4.267,1.888,5.34,3600.0,75.55,0.54,75.01,0.42,130.05,5.44,707.37,80000.0,113.1,0.861,ENGINEERING_ASSESSMENT,CRITICAL,4.267,1.888,5.34,0,0,1,0,1,0,0,0,0
synth_000784,craze,3,0.709,3.794,2.29,5.95,2000.0,83.57,0.41,83.16,0.29,49.72,4.96,246.43,80000.0,324.6,0.778,MONITOR,LOW,3.794,2.29,5.95,1,2,5,0,0,1,0,0,0
synth_001409,crack,5,0.533,4.185,1.016,5.28,2000.0,38.58,0.06,38.52,0.1,17.28,4.27,73.82,40000.0,541.9,0.794,ENGINEERING_ASSESSMENT,CRITICAL,4.185,1.016,5.28,0,0,1,0,1,0,0,0,0
synth_002537,surface_injure,3,0.807,3.684,1.875,10.59,4200.0,2987.15,36.8,2950.36,0.72,261.83,5.24,1371.83,55000.0,40.1,0.855,REPAIR,HIGH,3.684,1.875,10.59,2,1,2,0,0,0,0,1,0
synth_000154,hide_craze,2,0.652,2.08,1.855,10.48,2500.0,1701.11,2.71,1698.41,0.1,21.6,4.65,100.44,75000.0,746.7,0.785,MONITOR,LOW,2.08,1.855,10.48,1,2,4,0,0,0,1,0,0
synth_003009,corrosion,2,0.69,1.586,2.001,6.83,2500.0,229.01,0.52,228.49,0.13,28.76,3.96,114.03,90000.0,789.3,0.938,MONITOR,LOW,1.586,2.001,6.83,1,2,3,1,0,0,0,0,0
synth_001686,craze,2,0.213,2.475,1.213,8.49,3600.0,972.37,0.0,972.37,0.1,31.1,4.32,134.33,50000.0,372.2,0.75,MONITOR,LOW,2.475,1.213,8.49,1,2,5,0,0,1,0,0,0
synth_002901,craze,5,0.83,11.383,2.371,7.92,2500.0,485.9,16.62,469.28,2.0,432.72,6.33,2738.36,45000.0,16.4,0.855,REPAIR,HIGH,11.383,2.371,7.92,2,1,5,0,0,1,0,0,0
synth_000625,surface_injure,5,0.805,7.34,1.827,9.46,2000.0,876.27,23.64,852.63,1.58,273.1,4.9,1337.8,35000.0,26.2,0.969,REPAIR,HIGH,7.34,1.827,9.46,2,1,2,0,0,0,0,1,0
synth_002733,surface_injure,1,0.29,2.577,1.833,11.39,2500.0,2403.77,0.01,2403.77,0.1,21.6,4.55,98.29,75000.0,763.0,0.872,MONITOR,LOW,2.577,1.833,11.39,1,2,2,0,0,0,0,1,0
synth_003448,thunderstrike,5,0.382,4.152,1.48,9.23,3000.0,1182.32,0.21,1182.11,0.1,25.92,4.15,107.51,40000.0,372.1,0.974,ENGINEERING_ASSESSMENT,CRITICAL,4.152,1.48,9.23,0,0,0,0,0,0,0,0,1
synth_001346,hide_craze,2,0.222,2.642,0.931,7.34,3600.0,480.1,0.0,480.1,0.1,31.1,4.34,134.96,75000.0,555.7,0.945,MONITOR,LOW,2.642,0.931,7.34,1,2,4,0,0,0,1,0,0
synth_000569,crack,3,0.364,4.145,2.712,14.4,2000.0,2000.0,0.0,2000.0,0.1,17.28,5.41,93.41,60000.0,642.3,0.859,ENGINEERING_ASSESSMENT,CRITICAL,4.145,2.712,14.4,0,0,1,0,1,0,0,0,0
synth_003513,thunderstrike,4,0.853,1.501,2.13,5.32,4200.0,85.51,2.26,83.25,1.54,560.55,3.9,2183.36,60000.0,27.5,0.898,ENGINEERING_ASSESSMENT,CRITICAL,1.501,2.13,5.32,0,0,0,0,0,0,0,0,1
synth_001758,thunderstrike,4,0.931,7.604,2.466,7.66,2500.0,411.9,21.77,390.13,3.1,668.8,3.95,2643.55,60000.0,22.7,0.798,ENGINEERING_ASSESSMENT,CRITICAL,7.604,2.466,7.66,0,0,0,0,0,0,0,0,1
synth_001816,crack,1,0.488,0.972,3.37,7.99,3600.0,730.23,0.08,730.16,0.1,31.1,3.97,123.4,50000.0,405.2,0.91,MONITOR,LOW,0.972,3.37,7.99,1,2,1,0,1,0,0,0,0
synth_002065,thunderstrike,3,0.915,1.04,3.307,6.34,2000.0,121.36,3.23,118.13,1.56,269.52,4.09,1101.35,40000.0,36.3,0.892,ENGINEERING_ASSESSMENT,CRITICAL,1.04,3.307,6.34,0,0,0,0,0,0,0,0,1
synth_000127,surface_injure,4,0.959,2.815,3.432,7.35,2500.0,335.92,20.12,315.79,3.51,757.81,4.99,3783.22,35000.0,9.3,0.909,REPAIR,HIGH,2.815,3.432,7.35,2,1,2,0,0,0,0,1,0
synth_003570,crack,5,0.741,4.496,0.881,14.33,4200.0,4200.0,0.43,4199.57,0.88,317.82,3.93,1247.6,40000.0,32.1,0.804,ENGINEERING_ASSESSMENT,CRITICAL,4.496,0.881,14.33,0,0,1,0,1,0,0,0,0
synth_002006,surface_injure,1,0.339,1.276,2.845,5.09,2000.0,29.72,0.0,29.72,0.1,17.28,4.04,69.73,75000.0,1075.6,0.977,MONITOR,LOW,1.276,2.845,5.09,1,2,2,0,0,0,0,1,0
synth_002975,thunderstrike,5,0.818,2.225,1.836,6.15,2000.0,101.37,2.8,98.57,1.62,279.52,4.75,1326.64,80000.0,60.3,0.832,ENGINEERING_ASSESSMENT,CRITICAL,2.225,1.836,6.15,0,0,0,0,0,0,0,0,1
synth_000980,hide_craze,1,0.404,2.743,0.95,4.78,3600.0,32.82,0.0,32.82,0.1,31.1,4.41,137.14,50000.0,364.6,0.799,MONITOR,LOW,2.743,0.95,4.78,1,2,4,0,0,0,1,0,0
synth_003566,thunderstrike,4,0.343,2.074,2.372,13.56,3000.0,3000.0,0.0,3000.0,0.1,25.92,4.68,121.26,40000.0,329.9,0.81,ENGINEERING_ASSESSMENT,CRITICAL,2.074,2.372,13.56,0,0,0,0,0,0,0,0,1
synth_000190,crack,3,0.957,8.602,2.609,7.29,2500.0,321.82,13.26,308.56,2.41,521.36,5.45,2841.39,45000.0,15.8,0.888,REPAIR,HIGH,8.602,2.609,7.29,2,1,1,0,1,0,0,0,0
synth_001139,surface_injure,3,0.931,1.586,3.054,14.01,3600.0,3600.0,0.81,3599.19,1.79,557.67,3.75,2092.49,80000.0,38.2,0.898,REPAIR,HIGH,1.586,3.054,14.01,2,1,2,0,0,0,0,1,0
synth_000992,hide_craze,1,0.314,1.016,3.48,8.5,2000.0,542.33,0.0,542.33,0.1,17.28,3.65,63.07,50000.0,792.8,0.802,MONITOR,LOW,1.016,3.48,8.5,1,2,4,0,0,0,1,0,0
synth_000699,crack,4,0.78,3.349,2.444,12.65,4200.0,4200.0,0.44,4199.56,0.89,322.66,4.37,1408.58,60000.0,42.6,0.9,ENGINEERING_ASSESSMENT,CRITICAL,3.349,2.444,12.65,0,0,1,0,1,0,0,0,0
synth_003275,craze,5,0.833,5.943,1.399,10.02,3000.0,1691.59,56.24,1635.36,1.95,504.72,4.53,2288.22,35000.0,15.3,0.752,REPAIR,HIGH,5.943,1.399,10.02,2,1,5,0,0,1,0,0,0
synth_000606,corrosion,1,0.263,0.997,1.085,7.01,3600.0,377.36,0.0,377.36,0.1,31.1,4.63,144.13,75000.0,520.4,0.754,MONITOR,LOW,0.997,1.085,7.01,1,2,3,1,0,0,0,0,0
synth_000180,thunderstrike,4,0.819,3.05,3.261,14.8,3600.0,3600.0,0.53,3599.47,1.23,381.98,4.7,1796.74,40000.0,22.3,0.786,ENGINEERING_ASSESSMENT,CRITICAL,3.05,3.261,14.8,0,0,0,0,0,0,0,0,1
synth_000301,surface_injure,3,0.834,4.442,1.116,9.34,2000.0,829.41,12.95,816.45,0.91,158.05,4.19,661.46,45000.0,68.0,0.92,REPAIR,HIGH,4.442,1.116,9.34,2,1,2,0,0,0,0,1,0
synth_002544,corrosion,5,0.915,9.113,1.174,9.29,4200.0,1703.35,109.59,1593.76,3.77,1367.41,5.04,6895.3,35000.0,5.1,0.886,REPAIR,HIGH,9.113,1.174,9.29,2,1,3,1,0,0,0,0,0
synth_003331,hide_craze,4,0.883,11.818,2.35,7.06,4200.0,456.1,17.36,438.74,2.23,808.85,5.22,4221.39,35000.0,8.3,0.901,REPAIR,HIGH,11.818,2.35,7.06,2,1,4,0,0,0,1,0,0
synth_001060,hide_craze,2,0.28,1.22,0.935,5.68,2000.0,62.65,0.0,62.65,0.1,17.28,4.66,80.6,90000.0,1116.6,0.795,MONITOR,LOW,1.22,0.935,5.68,1,2,4,0,0,0,1,0,0
synth_003382,crack,3,0.448,3.853,0.537,8.71,2500.0,758.09,0.18,757.91,0.1,21.6,4.94,106.8,60000.0,561.8,0.763,ENGINEERING_ASSESSMENT,CRITICAL,3.853,0.537,8.71,0,0,1,0,1,0,0,0,0
synth_003450,thunderstrike,4,0.59,3.114,0.893,8.42,3000.0,777.05,1.8,775.24,0.14,35.25,3.51,123.89,40000.0,322.9,0.79,ENGINEERING_ASSESSMENT,CRITICAL,3.114,0.893,8.42,0,0,0,0,0,0,0,0,1
synth_002565,crack,4,0.633,7.38,2.022,10.12,3600.0,2117.89,8.4,2109.49,0.23,72.24,3.81,275.57,80000.0,290.3,0.892,ENGINEERING_ASSESSMENT,CRITICAL,7.38,2.022,10.12,0,0,1,0,1,0,0,0,0
synth_001069,hide_craze,4,0.833,7.48,3.385,8.03,2500.0,518.14,12.96,505.18,1.46,316.43,4.3,1361.93,45000.0,33.0,0.867,REPAIR,HIGH,7.48,3.385,8.03,2,1,4,0,0,0,1,0,0
synth_002524,craze,5,0.81,3.697,0.759,9.74,3000.0,1496.21,39.84,1456.37,1.56,404.2,5.52,2230.26,45000.0,20.2,0.962,REPAIR,HIGH,3.697,0.759,9.74,2,1,5,0,0,1,0,0,0
synth_002205,hide_craze,4,0.801,6.65,1.911,10.64,2000.0,1453.0,27.68,1425.32,1.12,192.82,4.76,918.37,35000.0,38.1,0.795,REPAIR,HIGH,6.65,1.911,10.64,2,1,4,0,0,0,1,0,0
synth_001243,craze,2,0.288,2.762,0.716,10.05,4200.0,2399.21,0.02,2399.19,0.1,36.29,4.73,171.78,90000.0,523.9,0.798,MONITOR,LOW,2.762,0.716,10.05,1,2,5,0,0,1,0,0,0
synth_000016,corrosion,2,0.649,2.539,3.075,6.57,3600.0,265.88,0.41,265.46,0.1,31.1,3.78,117.55,50000.0,425.4,0.906,MONITOR,LOW,2.539,3.075,6.57,1,2,3,1,0,0,0,0,0
synth_003120,crack,5,0.883,3.216,1.279,8.27,3600.0,856.98,40.5,816.48,2.77,860.97,5.34,4593.54,60000.0,13.1,0.793,ENGINEERING_ASSESSMENT,CRITICAL,3.216,1.279,8.27,0,0,1,0,1,0,0,0,0
synth_003573,thunderstrike,5,0.809,1.808,1.655,5.64,4200.0,125.78,3.18,122.61,1.48,536.75,3.82,2049.16,80000.0,39.0,0.82,ENGINEERING_ASSESSMENT,CRITICAL,1.808,1.655,5.64,0,0,0,0,0,0,0,0,1
synth_000546,craze,4,0.848,7.523,3.099,7.15,3000.0,350.33,9.85,340.48,1.65,426.88,5.6,2389.42,25000.0,10.5,0.817,REPAIR,HIGH,7.523,3.099,7.15,2,1,5,0,0,1,0,0,0
synth_000658,hide_craze,5,0.855,11.36,1.537,8.78,3600.0,1129.3,47.02,1082.29,2.44,758.46,5.98,4536.9,35000.0,7.7,0.807,REPAIR,HIGH,11.36,1.537,8.78,2,1,4,0,0,0,1,0,0
synth_003239,corrosion,1,0.659,2.996,1.083,7.47,3600.0,523.64,0.44,523.21,0.1,31.1,3.84,119.44,75000.0,627.9,0.806,MONITOR,LOW,2.996,1.083,7.47,1,2,3,1,0,0,0,0,0
synth_003067,surface_injure,1,0.407,0.387,1.932,6.5,3600.0,252.13,0.01,252.12,0.1,31.1,4.48,139.35,75000.0,538.2,0.819,MONITOR,LOW,0.387,1.932,6.5,1,2,2,0,0,0,0,1,0
synth_003280,hide_craze,1,0.559,0.353,1.384,7.22,2500.0,305.13,0.08,305.05,0.1,21.6,3.58,77.4,50000.0,646.0,0.947,MONITOR,LOW,0.353,1.384,7.22,1,2,4,0,0,0,1,0,0
synth_001504,crack,5,0.949,7.836,1.816,9.138434681408205,4200.0,4200.0,2.25,4197.75,4.77,1729.56,5.46,9440.23,60000.0,6.4,0.955,ENGINEERING_ASSESSMENT,CRITICAL,7.836,1.816,9.138434681408205,0,0,1,0,1,0,0,0,0
synth_000959,hide_craze,3,0.952,4.466,2.096,11.05,2000.0,1699.54,64.52,1635.02,2.22,384.24,5.31,2039.34,45000.0,22.1,0.796,REPAIR,HIGH,4.466,2.096,11.05,2,1,4,0,0,0,1,0,0
synth_002926,corrosion,2,0.517,2.474,2.656,6.5,2000.0,139.5,0.05,139.46,0.1,17.28,4.47,77.26,50000.0,647.2,0.898,MONITOR,LOW,2.474,2.656,6.5,1,2,3,1,0,0,0,0,0
synth_002331,hide_craze,5,0.839,2.823,3.246,8.45,2000.0,526.0,17.41,508.59,1.94,335.08,5.19,1737.82,55000.0,31.6,0.795,REPAIR,HIGH,2.823,3.246,8.45,2,1,4,0,0,0,1,0,0
synth_000797,surface_injure,5,0.973,10.113,2.428,8.79,3600.0,1137.46,111.5,1025.96,5.74,1785.8,4.84,8644.67,55000.0,6.4,0.948,REPAIR,HIGH,10.113,2.428,8.79,2,1,2,0,0,0,0,1,0
synth_000225,crack,5,0.565,7.24,0.637,5.03,3000.0,40.82,0.1,40.72,0.15,37.88,3.58,135.59,60000.0,442.5,0.8642600936220012,ENGINEERING_ASSESSMENT,CRITICAL,7.24,0.637,5.03,0,0,1,0,1,0,0,0,0
synth_002074,surface_injure,2,0.219,1.66,2.971,6.96,3000.0,302.89,0.0,302.89,0.1,25.92,3.69,95.52,75000.0,785.2,0.886,MONITOR,LOW,1.66,2.971,6.96,1,2,2,0,0,0,0,1,0
synth_001799,surface_injure,1,0.213,2.165,0.781,6.94,4200.0,419.75,0.0,419.75,0.1,36.29,4.51,163.56,50000.0,305.7,0.79,MONITOR,LOW,2.165,0.781,6.94,1,2,2,0,0,0,0,1,0
synth_002485,hide_craze,5,0.898,7.2,0.568,9.13,2000.0,748.91,41.9,707.01,3.28,566.29,5.45,3085.58,35000.0,11.3,0.753,REPAIR,HIGH,7.2,0.568,9.13,2,1,4,0,0,0,1,0,0
synth_003551,crack,3,0.378,3.794,2.437,7.24,3600.0,446.62,0.03,446.58,0.1,31.1,3.94,122.63,40000.0,326.2,0.922,ENGINEERING_ASSESSMENT,CRITICAL,3.794,2.437,7.24,0,0,1,0,1,0,0,0,0
synth_002277,hide_craze,1,0.698,2.691,2.143,7.66,2500.0,411.6,0.5,411.1,0.1,21.6,4.45,96.22,90000.0,935.4,0.895,MONITOR,LOW,2.691,2.143,7.66,1,2,4,0,0,0,1,0,0
synth_002085,hide_craze,4,0.962,8.046,2.182,7.3,2000.0,258.42,16.98,241.45,3.85,664.91,4.34,2884.2,45000.0,15.6,0.8642600936220012,REPAIR,HIGH,8.046,2.182,7.3,2,1,4,0,0,0,1,0,0
synth_001693,crack,3,0.919,4.943,2.99,11.99,3000.0,3000.0,0.61,2999.39,1.76,456.66,5.1,2330.27,40000.0,17.2,0.776,ENGINEERING_ASSESSMENT,CRITICAL,4.943,2.99,11.99,0,0,1,0,1,0,0,0,0
synth_002797,surface_injure,3,0.476,4.184,3.377,14.43,3600.0,3600.0,0.01,3599.99,0.1,31.1,3.87,120.26,80000.0,665.2,0.904,MONITOR,LOW,4.184,3.377,14.43,1,2,2,0,0,0,0,1,0
synth_001045,thunderstrike,3,0.856,3.01,0.53,6.84,3600.0,331.22,6.01,325.21,1.06,330.71,4.26,1408.06,40000.0,28.4,0.872,ENGINEERING_ASSESSMENT,CRITICAL,3.01,0.53,6.84,0,0,0,0,0,0,0,0,1
synth_000469,crack,1,0.607,2.092,2.515,8.07,2500.0,530.89,0.25,530.64,0.1,21.6,4.79,103.51,90000.0,869.5,0.873,MONITOR,LOW,2.092,2.515,8.07,1,2,1,0,1,0,0,0,0
synth_000954,crack,5,0.809,4.715,2.034,10.9,3600.0,2888.38,77.59,2810.78,1.57,489.41,3.9,1909.3,80000.0,41.9,0.807,ENGINEERING_ASSESSMENT,CRITICAL,4.715,2.034,10.9,0,0,1,0,1,0,0,0,0
synth_003569,thunderstrike,3,0.828,5.863,2.233,5.58,2500.0,69.76,1.06,68.7,0.89,191.92,4.5,863.67,80000.0,92.6,0.863,ENGINEERING_ASSESSMENT,CRITICAL,5.863,2.233,5.58,0,0,0,0,0,0,0,0,1
synth_002735,corrosion,1,0.315,0.285,1.754,10.62,3000.0,2164.61,0.01,2164.59,0.1,25.92,4.24,109.83,90000.0,819.4,0.829,MONITOR,LOW,0.285,1.754,10.62,1,2,3,1,0,0,0,0,0
synth_003456,crack,4,0.894,1.076,3.363,6.07,2000.0,94.59,3.36,91.23,2.08,359.59,4.67,1677.9,60000.0,35.8,0.782,ENGINEERING_ASSESSMENT,CRITICAL,1.076,3.363,6.07,0,0,1,0,1,0,0,0,0
synth_000639,craze,4,0.864,11.373,1.847,10.45,3000.0,2018.76,66.51,1952.25,1.93,500.21,5.64,2823.62,35000.0,12.4,0.876,REPAIR,HIGH,11.373,1.847,10.45,2,1,5,0,0,1,0,0,0
synth_003334,surface_injure,3,0.937,3.179,1.299,7.77,4200.0,741.76,24.73,717.04,1.95,708.49,5.19,3677.34,45000.0,12.2,0.903,REPAIR,HIGH,3.179,1.299,7.77,2,1,2,0,0,0,0,1,0
synth_001218,crack,4,0.359,2.248,2.578,11.88,3000.0,3000.0,0.0,3000.0,0.1,25.92,5.16,133.79,80000.0,598.0,0.785,ENGINEERING_ASSESSMENT,CRITICAL,2.248,2.578,11.88,0,0,1,0,1,0,0,0,0
synth_001158,craze,1,0.426,2.502,2.63,8.49,3600.0,972.53,0.04,972.49,0.1,31.1,3.9,121.19,90000.0,742.6,0.844,MONITOR,LOW,2.502,2.63,8.49,1,2,5,0,0,1,0,0,0
synth_001415,crack,4,0.386,1.799,2.856,7.41,2000.0,278.39,0.04,278.35,0.1,17.28,4.11,71.08,60000.0,844.1,0.759,ENGINEERING_ASSESSMENT,CRITICAL,1.799,2.856,7.41,0,0,1,0,1,0,0,0,0
synth_003251,crack,3,0.662,4.686,1.386,9.36,3600.0,1505.48,5.03,1500.46,0.2,60.82,3.62,219.93,40000.0,181.9,0.898,ENGINEERING_ASSESSMENT,CRITICAL,4.686,1.386,9.36,0,0,1,0,1,0,0,0,0
synth_001527,craze,3,0.927,6.082,2.416,11.09,2500.0,2156.44,69.58,2086.86,1.89,408.22,5.97,2438.51,25000.0,10.3,0.891,REPAIR,HIGH,6.082,2.416,11.09,2,1,5,0,0,1,0,0,0
synth_003501,thunderstrike,5,0.317,2.537,2.703,9.35,4200.0,1754.17,0.09,1754.09,0.1,36.29,3.66,132.78,80000.0,602.5,0.808,ENGINEERING_ASSESSMENT,CRITICAL,2.537,2.703,9.35,0,0,0,0,0,0,0,0,1
synth_001300,crack,4,0.665,5.85,2.678,10.32,2000.0,1277.97,6.94,1271.03,0.32,54.95,4.37,240.05,80000.0,333.3,0.8,ENGINEERING_ASSESSMENT,CRITICAL,5.85,2.678,10.32,0,0,1,0,1,0,0,0,0
synth_003437,crack,5,0.755,2.472,0.728,12.8,3000.0,3000.0,0.35,2999.65,0.95,246.72,3.91,964.02,40000.0,41.5,0.842,ENGINEERING_ASSESSMENT,CRITICAL,2.472,0.728,12.8,0,0,1,0,1,0,0,0,0
synth_002848,craze,3,0.716,3.911,2.311,11.79,3600.0,3600.0,0.14,3599.86,0.33,101.51,4.6,466.73,80000.0,171.4,0.952,MONITOR,LOW,3.911,2.311,11.79,1,2,5,0,0,1,0,0,0
synth_001603,craze,1,0.643,1.929,1.528,8.6,2500.0,714.31,0.49,713.82,0.1,21.6,3.77,81.42,75000.0,921.1,0.806,MONITOR,LOW,1.929,1.528,8.6,1,2,5,0,0,1,0,0,0
synth_000160,hide_craze,1,0.729,2.132,1.768,5.61,3600.0,103.92,0.17,103.75,0.1,31.1,4.3,133.85,75000.0,560.3,0.83,MONITOR,LOW,2.132,1.768,5.61,1,2,4,0,0,0,1,0,0
synth_001704,thunderstrike,5,0.876,2.63,2.021,9.51,3000.0,1346.85,59.29,1287.57,2.58,668.27,3.69,2468.14,80000.0,32.4,0.796,ENGINEERING_ASSESSMENT,CRITICAL,2.63,2.021,9.51,0,0,0,0,0,0,0,0,1
synth_000956,craze,1,0.61,1.354,1.866,8.63,4200.0,1221.31,0.58,1220.73,0.1,36.29,4.09,148.39,90000.0,606.5,0.908,MONITOR,LOW,1.354,1.866,8.63,1,2,5,0,0,1,0,0,0
synth_003234,surface_injure,3,0.911,3.242,2.556,7.89,4200.0,800.14,21.99,778.15,1.61,584.1,4.84,2826.31,55000.0,19.5,0.849,REPAIR,HIGH,3.242,2.556,7.89,2,1,2,0,0,0,0,1,0
synth_002869,craze,4,0.956,10.451,0.721,10.86,3000.0,2376.39,153.11,2223.29,3.77,978.12,4.12,4033.55,35000.0,8.7,0.943,REPAIR,HIGH,10.451,0.721,10.86,2,1,5,0,0,1,0,0,0
synth_003494,crack,3,0.522,5.258,0.693,12.4,4200.0,4200.0,0.02,4199.98,0.1,36.29,4.21,152.74,60000.0,392.8,0.792,ENGINEERING_ASSESSMENT,CRITICAL,5.258,0.693,12.4,0,0,1,0,1,0,0,0,0
synth_000877,surface_injure,5,0.863,9.305,3.274,8.01,3000.0,613.99,26.81,587.17,2.56,663.01,4.25,2815.2,45000.0,16.0,0.785,REPAIR,HIGH,9.305,3.274,8.01,2,1,2,0,0,0,0,1,0
synth_001919,surface_injure,5,0.833,7.172,0.875,9.39,2500.0,1059.71,35.89,1023.83,1.98,428.45,4.33,1853.94,55000.0,29.7,0.93,REPAIR,HIGH,7.172,0.875,9.39,2,1,2,0,0,0,0,1,0
synth_002961,surface_injure,2,0.456,2.44,2.407,10.14,3000.0,1778.37,0.26,1778.11,0.1,25.92,4.25,110.15,50000.0,453.9,0.94,MONITOR,LOW,2.44,2.407,10.14,1,2,2,0,0,0,0,1,0
synth_001884,corrosion,2,0.715,1.427,1.146,9.77,2500.0,1263.0,3.65,1259.36,0.17,36.53,4.48,163.75,90000.0,549.6,0.841,MONITOR,LOW,1.427,1.146,9.77,1,2,3,1,0,0,0,0,0
synth_002200,crack,3,0.31,5.906,1.803,9.138434681408205,2500.0,1718.34,0.04,1718.31,0.1,21.6,4.8,103.71,40000.0,385.7,0.966,ENGINEERING_ASSESSMENT,CRITICAL,5.906,1.803,9.138434681408205,0,0,1,0,1,0,0,0,0
synth_000098,crack,3,0.814,5.834,2.697,10.21,4200.0,2566.5,34.54,2531.96,0.79,286.04,3.67,1050.74,80000.0,76.1,0.925,ENGINEERING_ASSESSMENT,CRITICAL,5.834,2.697,10.21,0,0,1,0,1,0,0,0,0
synth_003392,thunderstrike,5,0.614,7.17,0.819,14.91,2500.0,2500.0,0.07,2499.93,0.26,55.62,5.37,298.43,40000.0,134.0,0.772,ENGINEERING_ASSESSMENT,CRITICAL,7.17,0.819,14.91,0,0,0,0,0,0,0,0,1
synth_002557,surface_injure,3,0.846,8.398,3.428,9.43,3600.0,1555.64,27.96,1527.69,1.05,327.42,4.43,1449.8,45000.0,31.0,0.843,REPAIR,HIGH,8.398,3.428,9.43,2,1,2,0,0,0,0,1,0
synth_003183,hide_craze,5,0.915,3.794,2.035,11.28,3000.0,2773.73,172.89,2600.84,3.65,946.31,5.71,5401.82,35000.0,6.5,0.752,REPAIR,HIGH,3.794,2.035,11.28,2,1,4,0,0,0,1,0,0
synth_000253,hide_craze,4,0.952,2.977,1.133,7.33,2500.0,330.04,18.85,311.18,3.35,722.71,5.01,3618.74,45000.0,12.4,0.815,REPAIR,HIGH,2.977,1.133,7.33,2,1,4,0,0,0,1,0,0
synth_000103,thunderstrike,4,0.3,2.298,3.494,8.84,3600.0,1167.36,0.03,1167.33,0.1,31.1,5.37,166.86,80000.0,479.4,0.762,ENGINEERING_ASSESSMENT,CRITICAL,2.298,3.494,8.84,0,0,0,0,0,0,0,0,1
synth_001445,hide_craze,4,0.955,9.143,1.304,9.87,3000.0,1586.87,100.83,1486.04,3.72,964.62,5.33,5141.99,35000.0,6.8,0.892,REPAIR,HIGH,9.143,1.304,9.87,2,1,4,0,0,0,1,0,0
synth_001443,hide_craze,3,0.845,9.888,2.538,9.22,4200.0,1643.66,29.73,1613.93,1.06,384.45,6.22,2392.45,55000.0,23.0,0.954,REPAIR,HIGH,9.888,2.538,9.22,2,1,4,0,0,0,1,0,0
synth_001648,surface_injure,2,0.614,1.306,3.155,11.44,2000.0,1960.62,2.02,1958.6,0.1,17.28,4.44,76.71,90000.0,1173.2,0.8642600936220012,MONITOR,LOW,1.306,3.155,11.44,1,2,2,0,0,0,0,1,0
synth_000586,hide_craze,1,0.627,0.214,1.493,7.3,4200.0,544.29,0.29,544.0,0.1,36.29,3.65,132.48,50000.0,377.4,0.844,MONITOR,LOW,0.214,1.493,7.3,1,2,4,0,0,0,1,0,0
synth_000627,corrosion,5,0.92,8.63,2.976,9.93,4200.0,2275.49,151.28,2124.21,3.89,1413.06,6.06,8564.97,55000.0,6.4,0.975,REPAIR,HIGH,8.63,2.976,9.93,2,1,3,1,0,0,0,0,0
synth_001696,thunderstrike,3,0.884,7.797,2.823,11.67,3000.0,3000.0,0.47,2999.53,1.4,363.75,5.44,1980.19,80000.0,40.4,0.85,ENGINEERING_ASSESSMENT,CRITICAL,7.797,2.823,11.67,0,0,0,0,0,0,0,0,1
synth_003191,hide_craze,5,0.862,8.848,1.217,7.02,2000.0,212.26,9.2,203.06,2.54,438.49,6.16,2702.34,45000.0,16.7,0.884,REPAIR,HIGH,8.848,1.217,7.02,2,1,4,0,0,0,1,0,0
synth_002101,crack,5,0.357,5.988,2.608,14.73,3000.0,3000.0,0.0,3000.0,0.1,25.92,4.57,118.58,80000.0,674.7,0.886,ENGINEERING_ASSESSMENT,CRITICAL,5.988,2.608,14.73,0,0,1,0,1,0,0,0,0
synth_002199,surface_injure,3,0.98,3.52,1.366,7.22,2000.0,244.06,11.03,233.02,2.65,457.53,5.96,2727.92,25000.0,9.2,0.925,REPAIR,HIGH,3.52,1.366,7.22,2,1,2,0,0,0,0,1,0
synth_000403,craze,4,0.934,4.885,3.048,9.93,3000.0,1623.62,84.97,1538.65,3.07,794.49,4.53,3599.7,25000.0,6.9,0.776,REPAIR,HIGH,4.885,3.048,9.93,2,1,5,0,0,1,0,0,0
synth_001154,hide_craze,4,0.883,9.683,1.339,7.44,4200.0,599.23,22.62,576.6,2.21,802.49,5.12,4106.57,35000.0,8.5,0.8642600936220012,REPAIR,HIGH,9.683,1.339,7.44,2,1,4,0,0,0,1,0,0
synth_002255,corrosion,3,0.852,4.197,1.072,10.71,2500.0,1862.97,33.29,1829.68,1.05,226.1,4.26,963.26,25000.0,26.0,0.787,REPAIR,HIGH,4.197,1.072,10.71,2,1,3,1,0,0,0,0,0
synth_002863,craze,2,0.736,0.224,2.376,8.77,3600.0,1128.6,3.69,1124.92,0.19,59.55,3.58,213.45,50000.0,234.2,0.757,MONITOR,LOW,0.224,2.376,8.77,1,2,5,0,0,1,0,0,0
synth_001682,corrosion,4,0.834,9.999,2.333,8.43,2500.0,650.64,16.76,633.87,1.51,325.96,6.13,1999.57,55000.0,27.5,0.876,REPAIR,HIGH,9.999,2.333,8.43,2,1,3,1,0,0,0,0,0
synth_003170,hide_craze,5,0.926,9.133,0.58,10.85,3600.0,2835.54,198.29,2637.25,4.1,1274.02,6.4,8151.23,45000.0,5.5,0.855,REPAIR,HIGH,9.133,0.58,10.85,2,1,4,0,0,0,1,0,0
synth_002056,hide_craze,2,0.36,2.131,2.526,7.83,2500.0,459.33,0.01,459.31,0.1,21.6,3.95,85.38,50000.0,585.6,0.754,MONITOR,LOW,2.131,2.526,7.83,1,2,4,0,0,0,1,0,0
synth_003062,crack,3,0.643,4.875,0.734,6.89,3000.0,287.47,0.79,286.68,0.16,41.68,4.2,174.92,80000.0,457.4,0.786,ENGINEERING_ASSESSMENT,CRITICAL,4.875,0.734,6.89,0,0,1,0,1,0,0,0,0
synth_003412,thunderstrike,4,0.782,6.894,1.903,8.78,3600.0,1129.42,18.34,1111.09,0.95,295.79,3.53,1043.14,80000.0,76.7,0.78,ENGINEERING_ASSESSMENT,CRITICAL,6.894,1.903,8.78,0,0,0,0,0,0,0,0,1
synth_003108,crack,3,0.532,4.011,2.552,5.71,3600.0,117.01,0.09,116.92,0.1,31.1,3.72,115.81,60000.0,518.1,0.919,ENGINEERING_ASSESSMENT,CRITICAL,4.011,2.552,5.71,0,0,1,0,1,0,0,0,0
synth_000452,thunderstrike,5,0.876,2.06,0.892,6.52,2500.0,177.37,7.72,169.65,2.55,550.77,4.16,2289.61,80000.0,34.9,0.972,ENGINEERING_ASSESSMENT,CRITICAL,2.06,0.892,6.52,0,0,0,0,0,0,0,0,1
synth_002301,craze,3,0.595,7.13,2.441,13.55,2000.0,2000.0,0.02,1999.98,0.1,17.28,5.26,90.83,80000.0,880.8,0.861,MONITOR,LOW,7.13,2.441,13.55,1,2,5,0,0,1,0,0,0
synth_001327,corrosion,3,0.836,5.683,1.682,10.5,2500.0,1719.76,27.82,1691.93,0.95,204.69,6.14,1256.5,25000.0,19.9,0.922,REPAIR,HIGH,5.683,1.682,10.5,2,1,3,1,0,0,0,0,0
synth_002944,surface_injure,4,0.977,10.136,0.813,7.48,3600.0,527.79,39.32,488.47,4.36,1357.3,5.9,8008.79,45000.0,5.6,0.769,REPAIR,HIGH,10.136,0.813,7.48,2,1,2,0,0,0,0,1,0
synth_002049,corrosion,5,0.977,3.794,3.186,7.05,3000.0,324.39,32.41,291.98,5.85,1516.94,6.12,9277.39,25000.0,2.7,0.875,REPAIR,HIGH,3.794,3.186,7.05,2,1,3,1,0,0,0,0,0
synth_000880,corrosion,5,0.964,2.695,2.414,8.64,3600.0,1049.45,88.34,961.11,4.93,1533.51,5.33,8171.64,35000.0,4.3,0.877,REPAIR,HIGH,2.695,2.414,8.64,2,1,3,1,0,0,0,0,0
synth_003497,thunderstrike,4,0.935,3.794,2.122,11.3,3000.0,2792.93,142.55,2650.38,2.99,774.89,5.48,4244.7,40000.0,9.4,0.876,ENGINEERING_ASSESSMENT,CRITICAL,3.794,2.122,11.3,0,0,0,0,0,0,0,0,1
synth_000623,corrosion,2,0.586,1.072,2.394,10.26,4200.0,2620.66,1.96,2618.7,0.1,36.29,4.16,151.11,90000.0,595.6,0.837,MONITOR,LOW,1.072,2.394,10.26,1,2,3,1,0,0,0,0,0
synth_002393,crack,5,0.967,11.638,1.096,8.73,2500.0,767.37,73.02,694.36,5.57,1203.79,6.25,7527.35,55000.0,7.3,0.901,REPAIR,HIGH,11.638,1.096,8.73,2,1,1,0,1,0,0,0,0
synth_003325,thunderstrike,4,0.367,7.999,1.587,6.64,2000.0,157.61,0.02,157.6,0.1,17.28,4.85,83.8,40000.0,477.3,0.971,ENGINEERING_ASSESSMENT,CRITICAL,7.999,1.587,6.64,0,0,0,0,0,0,0,0,1
synth_001787,surface_injure,5,0.855,2.654,2.109,7.34,4200.0,560.61,21.0,539.61,2.19,796.05,5.45,4338.86,45000.0,10.4,0.837,REPAIR,HIGH,2.654,2.109,7.34,2,1,2,0,0,0,0,1,0
synth_000262,hide_craze,4,0.882,3.794,2.803,10.47,2500.0,1695.84,62.9,1632.94,2.17,469.28,4.01,1880.5,45000.0,23.9,0.877,REPAIR,HIGH,3.794,2.803,10.47,2,1,4,0,0,0,1,0,0
synth_001634,craze,4,0.945,6.389,1.917,9.98,3600.0,1990.99,114.86,1876.14,3.38,1050.95,5.58,5868.79,45000.0,7.7,0.756,REPAIR,HIGH,6.389,1.917,9.98,2,1,5,0,0,1,0,0,0
synth_001438,craze,4,0.93,9.707,0.947,9.71,3600.0,1768.15,94.07,1674.08,3.12,969.21,4.87,4718.3,55000.0,11.7,0.906,REPAIR,HIGH,9.707,0.947,9.71,2,1,5,0,0,1,0,0,0
synth_002198,corrosion,4,0.928,11.152,3.085,10.22,2000.0,1225.11,64.79,1160.31,3.1,535.28,5.21,2788.88,35000.0,12.5,0.966,REPAIR,HIGH,11.152,3.085,10.22,2,1,3,1,0,0,0,0,0
synth_001969,craze,3,0.906,6.321,2.763,10.69,2000.0,1482.71,41.41,1441.3,1.64,282.68,6.29,1777.18,25000.0,14.1,0.778,REPAIR,HIGH,6.321,2.763,10.69,2,1,5,0,0,1,0,0,0
synth_002520,hide_craze,3,0.946,5.527,3.116,8.44,3600.0,942.12,34.78,907.34,2.16,672.62,4.82,3244.98,45000.0,13.9,0.852,REPAIR,HIGH,5.527,3.116,8.44,2,1,4,0,0,0,1,0,0
synth_001802,thunderstrike,5,0.431,4.128,1.89,9.138434681408205,2500.0,2500.0,0.01,2499.99,0.1,21.6,4.95,106.83,80000.0,748.9,0.948,ENGINEERING_ASSESSMENT,CRITICAL,4.128,1.89,9.138434681408205,0,0,0,0,0,0,0,0,1
synth_000640,surface_injure,4,0.821,9.621,2.368,10.27,3000.0,1880.14,43.43,1836.71,1.35,350.66,5.57,1954.82,25000.0,12.8,0.973,REPAIR,HIGH,9.621,2.368,10.27,2,1,2,0,0,0,0,1,0
synth_003583,thunderstrike,4,0.607,3.794,2.093,12.49,3600.0,3600.0,0.07,3599.93,0.18,54.59,5.39,294.13,60000.0,204.0,0.754,ENGINEERING_ASSESSMENT,CRITICAL,3.794,2.093,12.49,0,0,0,0,0,0,0,0,1
synth_002385,hide_craze,5,0.816,3.794,2.067,10.5,2000.0,1371.41,38.16,1333.25,1.63,281.61,4.47,1259.74,55000.0,43.7,0.942,REPAIR,HIGH,3.794,2.067,10.5,2,1,4,0,0,0,1,0,0
synth_002598,crack,3,0.66,3.794,2.773,6.01,4200.0,187.42,0.63,186.79,0.2,71.59,4.94,353.99,80000.0,226.0,0.839,ENGINEERING_ASSESSMENT,CRITICAL,3.794,2.773,6.01,0,0,1,0,1,0,0,0,0
synth_003395,thunderstrike,5,0.417,5.603,1.554,9.138434681408205,2000.0,1647.03,0.53,1646.5,0.1,17.28,3.84,66.37,60000.0,904.0,0.942,ENGINEERING_ASSESSMENT,CRITICAL,5.603,1.554,9.138434681408205,0,0,0,0,0,0,0,0,1
synth_001959,surface_injure,4,0.922,8.888,2.095,8.18,3000.0,677.23,33.93,643.29,2.93,760.7,4.81,3660.47,35000.0,9.6,0.812,REPAIR,HIGH,8.888,2.095,8.18,2,1,2,0,0,0,0,1,0
synth_002976,surface_injure,2,0.616,1.969,1.861,11.1,2500.0,2163.76,2.32,2161.44,0.1,21.6,4.47,96.54,50000.0,517.9,0.915,MONITOR,LOW,1.969,1.861,11.1,1,2,2,0,0,0,0,1,0
synth_000488,craze,5,0.946,9.389,2.882,10.58,4200.0,2982.47,241.27,2741.21,4.74,1719.37,6.08,10457.8,55000.0,5.3,0.888,REPAIR,HIGH,9.389,2.882,10.58,2,1,5,0,0,1,0,0,0
synth_001843,surface_injure,2,0.421,0.283,3.493,8.84,3000.0,974.99,0.08,974.92,0.1,25.92,3.99,103.47,75000.0,724.8,0.929,MONITOR,LOW,0.283,3.493,8.84,1,2,2,0,0,0,0,1,0
synth_001734,crack,5,0.531,2.078,2.614,11.91,2500.0,2500.0,0.03,2499.97,0.1,21.6,5.42,117.08,40000.0,341.6,0.877,ENGINEERING_ASSESSMENT,CRITICAL,2.078,2.614,11.91,0,0,1,0,1,0,0,0,0
synth_002911,corrosion,3,0.878,9.724,3.19,8.4,4200.0,1079.64,25.11,1054.53,1.36,494.39,5.76,2846.12,35000.0,12.3,0.845,REPAIR,HIGH,9.724,3.19,8.4,2,1,3,1,0,0,0,0,0
synth_003219,craze,3,0.827,11.148,1.932,9.1,3600.0,1327.84,20.88,1306.96,0.92,286.46,5.49,1571.51,55000.0,35.0,0.839,REPAIR,HIGH,11.148,1.932,9.1,2,1,5,0,0,1,0,0,0
synth_000146,crack,3,0.378,4.811,1.689,5.06,4200.0,59.58,0.0,59.57,0.1,36.29,4.15,150.57,60000.0,398.5,0.837,ENGINEERING_ASSESSMENT,CRITICAL,4.811,1.689,5.06,0,0,1,0,1,0,0,0,0
synth_001534,hide_craze,4,0.847,3.941,2.289,9.46,4200.0,1843.63,49.37,1794.27,1.57,569.14,6.3,3585.53,55000.0,15.3,0.887,REPAIR,HIGH,3.941,2.289,9.46,2,1,4,0,0,0,1,0,0
synth_001986,hide_craze,2,0.272,2.349,3.299,8.6,4200.0,1202.98,0.01,1202.98,0.1,36.29,4.74,171.9,90000.0,523.6,0.777,MONITOR,LOW,2.349,3.299,8.6,1,2,4,0,0,0,1,0,0
synth_001369,hide_craze,2,0.34,2.075,1.467,10.39,4200.0,2760.1,0.06,2760.04,0.1,36.29,3.89,141.01,90000.0,638.3,0.8642600936220012,MONITOR,LOW,2.075,1.467,10.39,1,2,4,0,0,0,1,0,0
synth_002450,thunderstrike,3,0.475,5.552,3.242,8.36,4200.0,1051.92,0.38,1051.54,0.1,36.29,4.23,153.67,60000.0,390.4,0.869,ENGINEERING_ASSESSMENT,CRITICAL,5.552,3.242,8.36,0,0,0,0,0,0,0,0,1
synth_003519,crack,4,0.541,3.14,1.252,6.57,2000.0,147.73,0.19,147.54,0.1,17.28,4.53,78.29,80000.0,1021.8,0.929,ENGINEERING_ASSESSMENT,CRITICAL,3.14,1.252,6.57,0,0,1,0,1,0,0,0,0
synth_003002,hide_craze,4,0.947,7.746,1.545,7.71,2500.0,424.94,25.12,399.81,3.46,747.96,4.16,3112.56,55000.0,17.7,0.935,REPAIR,HIGH,7.746,1.545,7.71,2,1,4,0,0,0,1,0,0
synth_002811,hide_craze,5,0.893,10.686,0.848,11.48,2500.0,2482.54,137.54,2345.0,3.25,700.93,6.31,4421.48,35000.0,7.9,0.8642600936220012,REPAIR,HIGH,10.686,0.848,11.48,2,1,4,0,0,0,1,0,0
synth_000659,thunderstrike,3,0.465,4.887,2.757,10.28,3000.0,1881.51,0.59,1880.92,0.1,25.92,4.81,124.7,40000.0,320.8,0.821,ENGINEERING_ASSESSMENT,CRITICAL,4.887,2.757,10.28,0,0,0,0,0,0,0,0,1
synth_001794,craze,5,0.868,5.282,2.57,10.12,3600.0,2116.77,92.21,2024.57,2.55,793.57,6.31,5008.89,55000.0,11.0,0.961,REPAIR,HIGH,5.282,2.57,10.12,2,1,5,0,0,1,0,0,0
synth_002511,crack,3,0.427,5.725,2.3,8.06,3600.0,761.01,0.14,760.88,0.1,31.1,5.28,164.15,80000.0,487.4,0.75,ENGINEERING_ASSESSMENT,CRITICAL,5.725,2.3,8.06,0,0,1,0,1,0,0,0,0
synth_000186,hide_craze,2,0.646,2.234,2.473,9.138434681408205,2000.0,2000.0,0.02,1999.98,0.1,17.28,3.65,63.05,75000.0,1189.5,0.878,MONITOR,LOW,2.234,2.473,9.138434681408205,1,2,4,0,0,0,1,0,0
synth_001147,hide_craze,1,0.331,2.437,1.464,6.9,2500.0,241.07,0.0,241.07,0.1,21.6,3.83,82.65,90000.0,1088.9,0.911,MONITOR,LOW,2.437,1.464,6.9,1,2,4,0,0,0,1,0,0
synth_003272,thunderstrike,5,0.909,7.453,2.756,12.25,2000.0,2000.0,0.8,1999.2,3.57,616.17,5.04,3106.22,80000.0,25.8,0.892,ENGINEERING_ASSESSMENT,CRITICAL,7.453,2.756,12.25,0,0,0,0,0,0,0,0,1
synth_000608,surface_injure,1,0.468,2.982,0.651,5.4,3600.0,80.94,0.01,80.94,0.1,31.1,4.51,140.23,90000.0,641.8,0.906,MONITOR,LOW,2.982,0.651,5.4,1,2,2,0,0,0,0,1,0
synth_002191,crack,5,0.446,1.376,0.991,9.138434681408205,2000.0,2000.0,0.01,1999.99,0.1,17.28,4.78,82.64,60000.0,726.0,0.826,ENGINEERING_ASSESSMENT,CRITICAL,1.376,0.991,9.138434681408205,0,0,1,0,1,0,0,0,0
synth_002799,craze,3,0.343,1.689,1.408,5.01,3600.0,47.71,0.0,47.71,0.1,31.1,3.5,108.97,60000.0,550.6,0.904,MONITOR,LOW,1.689,1.408,5.01,1,2,5,0,0,1,0,0,0
synth_001930,surface_injure,2,0.681,2.203,1.346,4.77,3000.0,27.17,0.06,27.12,0.12,32.3,3.6,116.43,90000.0,773.0,0.775,MONITOR,LOW,2.203,1.346,4.77,1,2,2,0,0,0,0,1,0
synth_003029,corrosion,2,0.626,2.076,1.003,5.36,2500.0,53.18,0.06,53.11,0.1,21.6,3.86,83.42,75000.0,899.1,0.802,MONITOR,LOW,2.076,1.003,5.36,1,2,3,1,0,0,0,0,0
synth_000197,craze,4,0.802,3.794,2.861,8.18,2500.0,565.05,10.7,554.35,1.11,239.54,4.62,1106.06,55000.0,49.7,0.813,REPAIR,HIGH,3.794,2.861,8.18,2,1,5,0,0,1,0,0,0
synth_002931,crack,4,0.711,4.409,2.504,14.47,2000.0,2000.0,0.11,1999.89,0.49,84.44,4.54,383.68,80000.0,208.5,0.935,ENGINEERING_ASSESSMENT,CRITICAL,4.409,2.504,14.47,0,0,1,0,1,0,0,0,0
synth_002327,crack,3,0.91,2.991,3.243,9.59,2000.0,931.4,25.31,906.09,1.59,274.99,4.81,1322.77,80000.0,60.5,0.898,ENGINEERING_ASSESSMENT,CRITICAL,2.991,3.243,9.59,0,0,1,0,1,0,0,0,0
synth_000293,surface_injure,3,0.478,6.649,2.495,6.95,4200.0,422.26,0.16,422.09,0.1,36.29,4.19,152.08,60000.0,394.5,0.947,MONITOR,LOW,6.649,2.495,6.95,1,2,2,0,0,0,0,1,0
synth_000766,craze,3,0.828,10.246,2.745,11.0,2000.0,1668.62,26.44,1642.19,0.93,160.36,5.3,849.67,35000.0,41.2,0.953,REPAIR,HIGH,10.246,2.745,11.0,2,1,5,0,0,1,0,0,0
synth_000400,crack,4,0.64,2.775,2.456,9.71,4200.0,2065.68,8.27,2057.41,0.23,85.05,4.48,381.4,40000.0,104.9,0.926,ENGINEERING_ASSESSMENT,CRITICAL,2.775,2.456,9.71,0,0,1,0,1,0,0,0,0
synth_000122,crack,4,0.432,1.638,2.783,6.54,3000.0,216.08,0.06,216.02,0.1,25.92,4.41,114.24,60000.0,525.2,0.933,ENGINEERING_ASSESSMENT,CRITICAL,1.638,2.783,6.54,0,0,1,0,1,0,0,0,0
synth_003255,craze,5,0.956,8.534,1.801,7.96,2000.0,397.47,34.11,363.35,5.03,868.7,4.63,4023.32,25000.0,6.2,0.866,REPAIR,HIGH,8.534,1.801,7.96,2,1,5,0,0,1,0,0,0
synth_000202,hide_craze,1,0.598,2.417,1.875,8.39,2000.0,510.17,0.22,509.95,0.1,17.28,4.42,76.37,75000.0,982.1,0.849,MONITOR,LOW,2.417,1.875,8.39,1,2,4,0,0,0,1,0,0
synth_000835,crack,3,0.334,4.8,2.195,7.6,2000.0,317.12,0.01,317.11,0.1,17.28,4.68,80.79,40000.0,495.1,0.931,ENGINEERING_ASSESSMENT,CRITICAL,4.8,2.195,7.6,0,0,1,0,1,0,0,0,0
synth_002294,surface_injure,1,0.527,1.236,3.104,10.43,3000.0,2004.51,0.35,2004.16,0.1,25.92,3.98,103.18,75000.0,726.9,0.85,MONITOR,LOW,1.236,3.104,10.43,1,2,2,0,0,0,0,1,0
synth_001439,corrosion,3,0.87,10.597,1.004,8.54,2000.0,553.56,12.16,541.4,1.29,222.4,4.84,1076.02,55000.0,51.1,0.782,REPAIR,HIGH,10.597,1.004,8.54,2,1,3,1,0,0,0,0,0
synth_001733,thunderstrike,4,0.703,1.491,1.735,7.07,2500.0,274.36,1.98,272.38,0.42,91.39,4.17,381.16,40000.0,104.9,0.872,ENGINEERING_ASSESSMENT,CRITICAL,1.491,1.735,7.07,0,0,0,0,0,0,0,0,1
synth_001695,hide_craze,2,0.633,0.838,1.383,4.81,2500.0,24.33,0.03,24.3,0.1,21.6,4.59,99.22,75000.0,755.9,0.848,MONITOR,LOW,0.838,1.383,4.81,1,2,4,0,0,0,1,0,0
synth_003508,thunderstrike,5,0.775,3.238,2.238,9.138434681408205,2500.0,1122.09,22.08,1100.01,1.15,248.92,3.74,931.15,60000.0,64.4,0.773,ENGINEERING_ASSESSMENT,CRITICAL,3.238,2.238,9.138434681408205,0,0,0,0,0,0,0,0,1
synth_001707,corrosion,4,0.935,5.924,1.96,8.76,3000.0,934.93,49.75,885.18,3.12,807.85,5.98,4834.02,35000.0,7.2,0.85,REPAIR,HIGH,5.924,1.96,8.76,2,1,3,1,0,0,0,0,0
synth_003492,crack,4,0.863,3.335,3.314,7.53,2000.0,303.11,9.09,294.03,1.76,303.36,4.59,1391.53,40000.0,28.7,0.82,ENGINEERING_ASSESSMENT,CRITICAL,3.335,3.314,7.53,0,0,1,0,1,0,0,0,0
synth_001153,surface_injure,1,0.295,1.927,3.161,8.27,2000.0,477.42,0.0,477.42,0.1,17.28,3.83,66.14,75000.0,1134.0,0.922,MONITOR,LOW,1.927,3.161,8.27,1,2,2,0,0,0,0,1,0
synth_001661,hide_craze,4,0.93,11.478,1.619,9.33,2000.0,826.17,44.6,781.57,3.16,546.39,6.08,3321.93,25000.0,7.5,0.899,REPAIR,HIGH,11.478,1.619,9.33,2,1,4,0,0,0,1,0,0
synth_002432,corrosion,4,0.911,4.351,0.791,10.29,2500.0,1577.4,69.02,1508.38,2.56,553.6,4.68,2588.98,45000.0,17.4,0.884,REPAIR,HIGH,4.351,0.791,10.29,2,1,3,1,0,0,0,0,0
synth_003375,crack,3,0.636,5.217,2.975,9.138434681408205,2500.0,42.21,0.11,42.1,0.15,32.55,3.51,114.19,40000.0,350.3,0.793,ENGINEERING_ASSESSMENT,CRITICAL,5.217,2.975,9.138434681408205,0,0,1,0,1,0,0,0,0
synth_001759,surface_injure,4,0.921,10.853,1.725,7.73,4200.0,724.26,36.39,687.87,2.94,1068.0,4.16,4443.93,25000.0,5.6,0.858,REPAIR,HIGH,10.853,1.725,7.73,2,1,2,0,0,0,0,1,0
synth_000854,hide_craze,1,0.738,2.465,3.161,10.4,2500.0,1651.55,2.91,1648.63,0.1,22.32,4.19,93.42,90000.0,963.4,0.94,MONITOR,LOW,2.465,3.161,10.4,1,2,4,0,0,0,1,0,0
synth_001589,corrosion,1,0.334,2.966,3.113,6.31,4200.0,248.35,0.0,248.35,0.1,36.29,3.72,134.83,75000.0,556.3,0.891,MONITOR,LOW,2.966,3.113,6.31,1,2,3,1,0,0,0,0,0
synth_002267,thunderstrike,5,0.498,3.245,1.119,9.138434681408205,2500.0,2500.0,0.02,2499.98,0.1,21.6,4.68,101.08,40000.0,395.7,0.937,ENGINEERING_ASSESSMENT,CRITICAL,3.245,1.119,9.138434681408205,0,0,0,0,0,0,0,0,1
synth_000641,crack,3,0.692,3.092,0.892,9.11,2000.0,742.17,3.25,738.93,0.26,44.3,3.94,174.34,40000.0,229.4,0.783,ENGINEERING_ASSESSMENT,CRITICAL,3.092,0.892,9.11,0,0,1,0,1,0,0,0,0
synth_000001,craze,2,0.733,2.828,1.413,4.01,4200.0,6.97,0.02,6.94,0.21,75.52,4.99,376.72,50000.0,132.7,0.849,MONITOR,LOW,2.828,1.413,4.01,1,2,5,0,0,1,0,0,0
synth_002160,hide_craze,2,0.277,0.979,2.047,5.45,4200.0,100.16,0.0,100.16,0.1,36.29,3.53,128.21,75000.0,585.0,0.781,MONITOR,LOW,0.979,2.047,5.45,1,2,4,0,0,0,1,0,0
synth_000698,surface_injure,1,0.285,1.661,0.723,4.11,2500.0,5.53,0.0,5.53,0.1,21.6,3.53,76.23,75000.0,983.9,0.935,MONITOR,LOW,1.661,0.723,4.11,1,2,2,0,0,0,0,1,0
synth_003520,thunderstrike,4,0.779,6.922,0.938,14.99,4200.0,4200.0,0.44,4199.56,0.93,337.58,4.43,1495.82,60000.0,40.1,0.901,ENGINEERING_ASSESSMENT,CRITICAL,6.922,0.938,14.99,0,0,0,0,0,0,0,0,1
synth_002999,crack,5,0.813,10.312,1.957,9.62,3000.0,1416.71,41.83,1374.88,1.73,448.28,6.41,2872.35,35000.0,12.2,0.764,REPAIR,HIGH,10.312,1.957,9.62,2,1,1,0,1,0,0,0,0
synth_001636,crack,5,0.915,3.353,2.034,11.4,2500.0,2410.63,145.31,2265.32,3.53,762.59,4.57,3483.13,60000.0,17.2,0.75,ENGINEERING_ASSESSMENT,CRITICAL,3.353,2.034,11.4,0,0,1,0,1,0,0,0,0
synth_003184,craze,4,0.934,9.469,2.764,9.33,2000.0,826.25,45.27,780.98,3.21,554.48,6.01,3333.4,55000.0,16.5,0.872,REPAIR,HIGH,9.469,2.764,9.33,2,1,5,0,0,1,0,0,0
synth_001291,hide_craze,1,0.35,2.488,1.319,9.23,3000.0,1180.35,0.01,1180.34,0.1,25.92,4.76,123.35,90000.0,729.6,0.947,MONITOR,LOW,2.488,1.319,9.23,1,2,4,0,0,0,1,0,0
synth_003425,crack,5,0.45,2.564,1.984,11.39,4200.0,4031.91,2.05,4029.85,0.1,36.29,4.27,154.91,80000.0,516.4,0.941,ENGINEERING_ASSESSMENT,CRITICAL,2.564,1.984,11.39,0,0,1,0,1,0,0,0,0
synth_002489,thunderstrike,3,0.819,3.794,0.785,11.7,3600.0,3600.0,0.34,3599.66,0.83,257.95,3.7,953.34,40000.0,42.0,0.919,ENGINEERING_ASSESSMENT,CRITICAL,3.794,0.785,11.7,0,0,0,0,0,0,0,0,1
synth_001520,hide_craze,1,0.405,0.619,2.159,10.61,3600.0,2581.2,0.08,2581.12,0.1,31.1,3.94,122.44,75000.0,612.5,0.848,MONITOR,LOW,0.619,2.159,10.61,1,2,4,0,0,0,1,0,0
synth_001853,surface_injure,2,0.347,2.406,1.093,9.01,2000.0,705.95,0.02,705.93,0.1,17.28,4.01,69.24,90000.0,1299.8,0.887,MONITOR,LOW,2.406,1.093,9.01,1,2,2,0,0,0,0,1,0
synth_001136,corrosion,3,0.849,5.429,3.139,10.98,2500.0,2068.86,36.8,2032.06,1.04,225.03,5.69,1280.55,55000.0,43.0,0.953,REPAIR,HIGH,5.429,3.139,10.98,2,1,3,1,0,0,0,0,0
synth_003304,crack,4,0.647,4.449,0.856,14.7,4200.0,4200.0,0.13,4199.87,0.26,94.24,5.14,484.5,40000.0,82.6,0.955,ENGINEERING_ASSESSMENT,CRITICAL,4.449,0.856,14.7,0,0,1,0,1,0,0,0,0
synth_003476,thunderstrike,5,0.437,1.543,3.009,14.97,2500.0,2500.0,0.01,2499.99,0.1,21.6,4.04,87.25,80000.0,916.9,0.765,ENGINEERING_ASSESSMENT,CRITICAL,1.543,3.009,14.97,0,0,0,0,0,0,0,0,1
synth_001631,craze,2,0.331,1.725,0.849,11.4,2000.0,1927.45,0.03,1927.42,0.1,17.28,4.36,75.32,75000.0,995.8,0.882,MONITOR,LOW,1.725,0.849,11.4,1,2,5,0,0,1,0,0,0
synth_001998,corrosion,2,0.558,2.029,3.471,5.48,4200.0,104.94,0.06,104.88,0.1,36.29,4.74,171.86,50000.0,290.9,0.825,MONITOR,LOW,2.029,3.471,5.48,1,2,3,1,0,0,0,0,0
synth_000663,corrosion,2,0.207,0.45,2.274,7.5,3000.0,445.81,0.0,445.81,0.1,25.92,3.85,99.69,50000.0,501.6,0.767,MONITOR,LOW,0.45,2.274,7.5,1,2,3,1,0,0,0,0,0
synth_000683,thunderstrike,5,0.791,5.706,3.303,10.31,3000.0,1909.74,44.81,1864.93,1.37,356.21,3.7,1317.17,60000.0,45.6,0.798,ENGINEERING_ASSESSMENT,CRITICAL,5.706,3.303,10.31,0,0,0,0,0,0,0,0,1
synth_001257,hide_craze,5,0.967,3.648,1.153,8.0,3000.0,609.08,53.21,555.87,5.12,1326.21,4.82,6389.88,55000.0,8.6,0.879,REPAIR,HIGH,3.648,1.153,8.0,2,1,4,0,0,0,1,0,0
synth_003389,crack,3,0.783,1.73,3.195,10.85,2500.0,1972.89,18.98,1953.91,0.56,121.71,5.5,668.87,80000.0,119.6,0.92,ENGINEERING_ASSESSMENT,CRITICAL,1.73,3.195,10.85,0,0,1,0,1,0,0,0,0
synth_000317,crack,4,0.816,7.191,1.818,8.45,2000.0,526.55,11.46,515.09,1.27,220.31,4.42,974.58,60000.0,61.6,0.787,ENGINEERING_ASSESSMENT,CRITICAL,7.191,1.818,8.45,0,0,1,0,1,0,0,0,0
synth_000648,surface_injure,3,0.858,6.332,2.591,10.04,4200.0,2390.42,46.32,2344.1,1.13,411.83,4.47,1842.87,35000.0,19.0,0.901,REPAIR,HIGH,6.332,2.591,10.04,2,1,2,0,0,0,0,1,0
synth_001434,surface_injure,1,0.718,1.249,2.247,7.75,3600.0,629.36,0.89,628.48,0.1,31.1,4.14,128.76,50000.0,388.3,0.94,MONITOR,LOW,1.249,2.247,7.75,1,2,2,0,0,0,0,1,0
synth_001479,corrosion,4,0.826,4.961,2.138,9.138434681408205,3600.0,1001.29,22.99,978.3,1.34,418.29,6.48,2708.92,45000.0,16.6,0.789,REPAIR,HIGH,4.961,2.138,9.138434681408205,2,1,3,1,0,0,0,0,0
synth_000709,hide_craze,1,0.419,0.854,1.956,7.28,2000.0,254.7,0.01,254.69,0.1,17.28,4.67,80.7,50000.0,619.6,0.962,MONITOR,LOW,0.854,1.956,7.28,1,2,4,0,0,0,1,0,0
synth_001282,corrosion,2,0.301,0.383,3.224,7.55,3600.0,551.97,0.0,551.97,0.1,31.1,4.78,148.53,90000.0,605.9,0.957,MONITOR,LOW,0.383,3.224,7.55,1,2,3,1,0,0,0,0,0
synth_001768,thunderstrike,3,0.887,1.147,3.229,9.75,2500.0,1250.02,27.13,1222.88,1.27,274.59,5.36,1472.44,60000.0,40.7,0.8642600936220012,ENGINEERING_ASSESSMENT,CRITICAL,1.147,3.229,9.75,0,0,0,0,0,0,0,0,1
synth_000972,surface_injure,2,0.495,1.22,2.311,4.1,4200.0,9.03,0.0,9.03,0.1,36.29,3.87,140.58,50000.0,355.7,0.762,MONITOR,LOW,1.22,2.311,4.1,1,2,2,0,0,0,0,1,0
synth_002675,corrosion,5,0.882,8.835,3.151,7.7,3600.0,607.03,30.54,576.49,2.95,916.56,4.14,3792.79,45000.0,11.9,0.8642600936220012,REPAIR,HIGH,8.835,3.151,7.7,2,1,3,1,0,0,0,0,0
synth_002680,crack,4,0.693,3.847,1.465,6.77,2500.0,218.59,1.51,217.07,0.4,87.45,5.07,443.79,40000.0,90.1,0.911,ENGINEERING_ASSESSMENT,CRITICAL,3.847,1.465,6.77,0,0,1,0,1,0,0,0,0
synth_001306,craze,4,0.903,3.54,0.937,8.22,2000.0,462.45,18.77,443.68,2.38,410.72,4.12,1690.77,35000.0,20.7,0.798,REPAIR,HIGH,3.54,0.937,8.22,2,1,5,0,0,1,0,0,0
synth_001400,crack,3,0.906,7.134,1.274,8.19,3600.0,821.32,23.07,798.25,1.65,511.72,4.67,2391.13,80000.0,33.5,0.889,ENGINEERING_ASSESSMENT,CRITICAL,7.134,1.274,8.19,0,0,1,0,1,0,0,0,0
synth_001408,thunderstrike,4,0.917,2.062,3.204,5.82,2500.0,91.26,3.99,87.28,2.56,552.52,4.36,2410.77,80000.0,33.2,0.8642600936220012,ENGINEERING_ASSESSMENT,CRITICAL,2.062,3.204,5.82,0,0,0,0,0,0,0,0,1
synth_003296,hide_craze,1,0.573,2.622,3.313,9.138434681408205,2000.0,2000.0,0.0,2000.0,0.1,17.28,4.35,75.18,50000.0,665.1,0.836,MONITOR,LOW,2.622,3.313,9.138434681408205,1,2,4,0,0,0,1,0,0
synth_002237,crack,3,0.933,2.551,3.366,11.64,2500.0,2500.0,0.56,2499.44,1.86,402.23,4.37,1757.55,60000.0,34.1,0.869,ENGINEERING_ASSESSMENT,CRITICAL,2.551,3.366,11.64,0,0,1,0,1,0,0,0,0
synth_003302,craze,1,0.243,0.225,1.532,11.64,3600.0,3600.0,0.0,3600.0,0.1,31.1,3.71,115.33,90000.0,780.4,0.863,MONITOR,LOW,0.225,1.532,11.64,1,2,5,0,0,1,0,0,0
synth_001496,crack,3,0.758,6.956,2.542,14.54,2000.0,2000.0,0.11,1999.89,0.5,86.0,3.92,337.29,40000.0,118.6,0.844,ENGINEERING_ASSESSMENT,CRITICAL,6.956,2.542,14.54,0,0,1,0,1,0,0,0,0
synth_002038,corrosion,3,0.9,5.675,1.746,8.58,3000.0,848.4,22.43,825.97,1.55,401.35,4.13,1657.18,25000.0,15.1,0.943,REPAIR,HIGH,5.675,1.746,8.58,2,1,3,1,0,0,0,0,0
synth_001529,hide_craze,1,0.316,0.465,3.061,5.53,2500.0,65.61,0.0,65.61,0.1,21.6,3.51,75.83,90000.0,1186.9,0.829,MONITOR,LOW,0.465,3.061,5.53,1,2,4,0,0,0,1,0,0
synth_001663,hide_craze,2,0.237,1.856,3.114,4.23,2000.0,6.09,0.0,6.09,0.1,17.28,4.36,75.34,90000.0,1194.6,0.78,MONITOR,LOW,1.856,3.114,4.23,1,2,4,0,0,0,1,0,0
synth_001354,thunderstrike,4,0.379,2.325,3.218,7.12,3000.0,340.44,0.04,340.4,0.1,25.92,4.61,119.59,80000.0,669.0,0.769,ENGINEERING_ASSESSMENT,CRITICAL,2.325,3.218,7.12,0,0,0,0,0,0,0,0,1
synth_003504,thunderstrike,5,0.825,1.724,0.924,11.26,3000.0,2748.67,79.21,2669.46,1.69,437.51,4.45,1948.71,40000.0,20.5,0.97,ENGINEERING_ASSESSMENT,CRITICAL,1.724,0.924,11.26,0,0,0,0,0,0,0,0,1
synth_003530,crack,3,0.821,2.792,1.648,5.04,3600.0,49.86,0.68,49.18,0.8,247.39,4.35,1075.33,40000.0,37.2,0.853,ENGINEERING_ASSESSMENT,CRITICAL,2.792,1.648,5.04,0,0,1,0,1,0,0,0,0
synth_001643,surface_injure,2,0.278,2.253,1.185,8.53,2500.0,689.64,0.0,689.64,0.1,21.6,3.91,84.4,50000.0,592.4,0.772,MONITOR,LOW,2.253,1.185,8.53,1,2,2,0,0,0,0,1,0
synth_001051,surface_injure,5,0.968,9.633,1.955,9.138434681408205,2000.0,456.58,43.06,413.52,5.52,954.57,5.43,5183.0,25000.0,4.8,0.967,REPAIR,HIGH,9.633,1.955,9.138434681408205,2,1,2,0,0,0,0,1,0
synth_000795,surface_injure,3,0.957,3.44,2.1,8.22,2000.0,463.54,17.9,445.64,2.26,390.93,6.14,2399.44,35000.0,14.6,0.855,REPAIR,HIGH,3.44,2.1,8.22,2,1,2,0,0,0,0,1,0
synth_002693,corrosion,1,0.746,2.486,2.407,5.25,3600.0,67.15,0.13,67.02,0.11,34.46,4.97,171.12,50000.0,292.2,0.979,MONITOR,LOW,2.486,2.407,5.25,1,2,3,1,0,0,0,0,0
synth_003060,thunderstrike,5,0.674,3.316,2.402,11.41,3000.0,2906.4,22.6,2883.8,0.46,118.03,4.88,576.01,80000.0,138.9,0.857,ENGINEERING_ASSESSMENT,CRITICAL,3.316,2.402,11.41,0,0,0,0,0,0,0,0,1
synth_001597,hide_craze,2,0.531,0.652,1.929,4.1,3000.0,6.59,0.0,6.59,0.1,25.92,4.73,122.65,90000.0,733.8,0.846,MONITOR,LOW,0.652,1.929,4.1,1,2,4,0,0,0,1,0,0
synth_002604,corrosion,2,0.485,2.422,1.472,7.41,4200.0,585.52,0.13,585.39,0.1,36.29,4.7,170.62,90000.0,527.5,0.812,MONITOR,LOW,2.422,1.472,7.41,1,2,3,1,0,0,0,0,0
synth_002729,thunderstrike,4,0.381,7.533,2.354,11.38,2500.0,2396.8,0.32,2396.49,0.1,21.6,3.55,76.77,40000.0,521.0,0.974,ENGINEERING_ASSESSMENT,CRITICAL,7.533,2.354,11.38,0,0,0,0,0,0,0,0,1
synth_002625,hide_craze,5,0.839,8.488,2.414,9.138434681408205,2000.0,1110.87,39.97,1070.9,2.11,364.14,6.35,2314.07,55000.0,23.8,0.915,REPAIR,HIGH,8.488,2.414,9.138434681408205,2,1,4,0,0,0,1,0,0
synth_001819,craze,2,0.514,1.925,3.228,11.08,4200.0,3606.16,1.16,3605.0,0.1,36.29,3.87,140.47,90000.0,640.7,0.836,MONITOR,LOW,1.925,3.228,11.08,1,2,5,0,0,1,0,0,0
synth_003157,crack,5,0.594,7.989,1.678,5.0,3000.0,39.31,0.14,39.18,0.21,53.86,3.72,200.3,80000.0,399.4,0.8642600936220012,ENGINEERING_ASSESSMENT,CRITICAL,7.989,1.678,5.0,0,0,1,0,1,0,0,0,0
synth_003314,surface_injure,5,0.886,6.733,3.391,9.04,2000.0,718.98,36.66,682.32,2.99,516.05,4.56,2354.63,55000.0,23.4,0.87,REPAIR,HIGH,6.733,3.391,9.04,2,1,2,0,0,0,0,1,0
synth_001722,corrosion,5,0.936,11.961,1.263,9.7,3000.0,1468.76,112.75,1356.01,4.5,1165.4,4.08,4758.32,45000.0,9.5,0.922,REPAIR,HIGH,11.961,1.263,9.7,2,1,3,1,0,0,0,0,0
synth_001183,surface_injure,4,0.906,9.377,0.801,8.85,4200.0,1371.32,61.17,1310.15,2.61,948.04,4.05,3837.43,45000.0,11.7,0.8642600936220012,REPAIR,HIGH,9.377,0.801,8.85,2,1,2,0,0,0,0,1,0
synth_002572,hide_craze,1,0.435,1.547,1.74,9.42,2500.0,1075.0,0.05,1074.95,0.1,21.6,4.26,92.12,50000.0,542.8,0.777,MONITOR,LOW,1.547,1.74,9.42,1,2,4,0,0,0,1,0,0
synth_001059,craze,2,0.748,2.143,1.031,7.16,3600.0,421.11,1.68,419.43,0.23,72.73,4.06,295.19,50000.0,169.4,0.877,MONITOR,LOW,2.143,1.031,7.16,1,2,5,0,0,1,0,0,0
synth_000540,thunderstrike,3,0.497,6.016,2.833,8.59,3600.0,1022.1,0.51,1021.59,0.1,31.1,4.04,125.51,40000.0,318.7,0.922,ENGINEERING_ASSESSMENT,CRITICAL,6.016,2.833,8.59,0,0,0,0,0,0,0,0,1
synth_003242,craze,3,0.367,7.454,1.456,13.2,2000.0,2000.0,0.0,2000.0,0.1,17.28,4.84,83.65,80000.0,956.4,0.845,MONITOR,LOW,7.454,1.456,13.2,1,2,5,0,0,1,0,0,0
synth_001678,surface_injure,2,0.668,2.471,3.17,6.65,2000.0,158.08,0.3,157.78,0.11,19.04,3.76,71.59,50000.0,698.4,0.807,MONITOR,LOW,2.471,3.17,6.65,1,2,2,0,0,0,0,1,0
synth_002796,crack,4,0.595,3.013,3.325,7.75,2000.0,348.06,0.86,347.2,0.14,25.0,3.94,98.62,40000.0,405.6,0.821,ENGINEERING_ASSESSMENT,CRITICAL,3.013,3.325,7.75,0,0,1,0,1,0,0,0,0
synth_003465,crack,5,0.441,7.479,1.652,10.15,3000.0,1784.32,0.85,1783.47,0.1,25.92,4.46,115.66,80000.0,691.7,0.8642600936220012,ENGINEERING_ASSESSMENT,CRITICAL,7.479,1.652,10.15,0,0,1,0,1,0,0,0,0
synth_002532,hide_craze,5,0.976,3.943,1.484,9.09,3000.0,1100.68,103.06,997.62,5.48,1421.46,5.83,8288.71,45000.0,5.4,0.901,REPAIR,HIGH,3.943,1.484,9.09,2,1,4,0,0,0,1,0,0
synth_001757,crack,3,0.617,6.966,1.025,6.98,3000.0,307.06,0.66,306.41,0.12,32.39,5.44,176.27,60000.0,340.4,0.853,ENGINEERING_ASSESSMENT,CRITICAL,6.966,1.025,6.98,0,0,1,0,1,0,0,0,0
synth_001923,thunderstrike,4,0.743,5.321,3.155,10.03,4200.0,2376.58,27.01,2349.56,0.67,241.57,5.21,1257.59,40000.0,31.8,0.815,ENGINEERING_ASSESSMENT,CRITICAL,5.321,3.155,10.03,0,0,0,0,0,0,0,0,1
synth_000095,craze,2,0.414,1.424,3.348,11.32,4200.0,3944.63,0.29,3944.33,0.1,36.29,4.58,166.29,90000.0,541.2,0.8642600936220012,MONITOR,LOW,1.424,3.348,11.32,1,2,5,0,0,1,0,0,0
synth_001020,surface_injure,3,0.846,9.972,1.198,11.38,3600.0,3452.7,62.65,3390.05,1.06,330.57,4.15,1371.56,25000.0,18.2,0.951,REPAIR,HIGH,9.972,1.198,11.38,2,1,2,0,0,0,0,1,0
synth_000563,thunderstrike,5,0.903,2.158,1.564,5.02,3000.0,40.46,2.17,38.29,3.14,813.01,5.47,4445.43,40000.0,9.0,0.855,ENGINEERING_ASSESSMENT,CRITICAL,2.158,1.564,5.02,0,0,0,0,0,0,0,0,1
synth_003312,crack,3,0.325,7.813,2.296,9.138434681408205,3600.0,3600.0,0.0,3600.0,0.1,31.1,3.8,118.14,40000.0,338.6,0.97,ENGINEERING_ASSESSMENT,CRITICAL,7.813,2.296,9.138434681408205,0,0,1,0,1,0,0,0,0
synth_002790,crack,4,0.752,6.488,3.373,5.18,2500.0,42.19,0.52,41.66,0.73,157.22,4.69,737.37,80000.0,108.5,0.751,ENGINEERING_ASSESSMENT,CRITICAL,6.488,3.373,5.18,0,0,1,0,1,0,0,0,0
synth_000863,crack,2,0.6,2.624,1.352,9.8,4200.0,2146.02,1.97,2144.05,0.1,36.29,4.11,149.0,75000.0,503.4,0.785,MONITOR,LOW,2.624,1.352,9.8,1,2,1,0,1,0,0,0,0
synth_001484,corrosion,1,0.704,2.853,3.21,4.33,2000.0,7.66,0.01,7.65,0.1,17.28,4.88,84.3,90000.0,1067.6,0.859,MONITOR,LOW,2.853,3.21,4.33,1,2,3,1,0,0,0,0,0
synth_002939,corrosion,4,0.852,5.859,0.979,10.07,3000.0,1725.19,49.39,1675.81,1.68,434.59,4.46,1938.67,35000.0,18.1,0.805,REPAIR,HIGH,5.859,0.979,10.07,2,1,3,1,0,0,0,0,0
synth_001881,corrosion,3,0.97,6.384,1.316,8.43,2500.0,651.4,28.75,622.65,2.58,558.33,4.37,2440.66,45000.0,18.4,0.976,REPAIR,HIGH,6.384,1.316,8.43,2,1,3,1,0,0,0,0,0
synth_001038,corrosion,1,0.552,0.966,2.595,4.97,2000.0,25.0,0.01,24.99,0.1,17.28,4.33,74.89,90000.0,1201.8,0.864,MONITOR,LOW,0.966,2.595,4.97,1,2,3,1,0,0,0,0,0
synth_000206,hide_craze,1,0.639,2.039,1.823,10.58,3000.0,2124.84,1.41,2123.43,0.1,25.92,4.07,105.51,90000.0,853.0,0.797,MONITOR,LOW,2.039,1.823,10.58,1,2,4,0,0,0,1,0,0
synth_000392,craze,4,0.975,3.088,3.213,9.41,3600.0,1543.29,104.22,1439.08,3.96,1230.24,5.42,6661.97,55000.0,8.3,0.848,REPAIR,HIGH,3.088,3.213,9.41,2,1,5,0,0,1,0,0,0
synth_002842,hide_craze,5,0.938,7.282,1.778,9.93,2500.0,1357.55,101.79,1255.76,4.39,948.61,4.11,3900.75,35000.0,9.0,0.758,REPAIR,HIGH,7.282,1.778,9.93,2,1,4,0,0,0,1,0,0
synth_000870,hide_craze,1,0.479,0.642,1.942,10.11,2500.0,1466.0,0.13,1465.86,0.1,21.6,4.24,91.56,75000.0,819.1,0.877,MONITOR,LOW,0.642,1.942,10.11,1,2,4,0,0,0,1,0,0
synth_000397,thunderstrike,5,0.814,1.988,0.969,10.46,3000.0,2024.65,53.68,1970.98,1.55,402.49,3.71,1493.71,40000.0,26.8,0.833,ENGINEERING_ASSESSMENT,CRITICAL,1.988,0.969,10.46,0,0,0,0,0,0,0,0,1
synth_002814,craze,1,0.653,2.606,1.6,11.49,3000.0,2993.57,2.33,2991.24,0.1,25.92,3.83,99.29,75000.0,755.4,0.865,MONITOR,LOW,2.606,1.6,11.49,1,2,5,0,0,1,0,0,0
synth_003454,crack,4,0.397,2.02,1.287,14.53,4200.0,4200.0,0.0,4200.0,0.1,36.29,4.89,177.35,60000.0,338.3,0.85,ENGINEERING_ASSESSMENT,CRITICAL,2.02,1.287,14.53,0,0,1,0,1,0,0,0,0
synth_003289,corrosion,1,0.344,1.889,3.11,8.75,4200.0,1301.58,0.01,1301.56,0.1,36.29,3.52,127.69,75000.0,587.4,0.878,MONITOR,LOW,1.889,3.11,8.75,1,2,3,1,0,0,0,0,0
synth_001028,corrosion,3,0.918,1.507,2.593,7.95,2500.0,494.52,13.67,480.85,1.62,349.71,3.89,1359.35,40000.0,29.4,0.786,REPAIR,HIGH,1.507,2.593,7.95,2,1,3,1,0,0,0,0,0
synth_002690,crack,4,0.461,2.921,0.825,13.22,3600.0,3600.0,0.01,3599.99,0.1,31.1,5.47,170.24,60000.0,352.4,0.964,ENGINEERING_ASSESSMENT,CRITICAL,2.921,0.825,13.22,0,0,1,0,1,0,0,0,0
synth_001485,hide_craze,5,0.975,2.692,2.568,7.71,2000.0,341.08,30.96,310.12,5.32,918.69,5.6,5148.54,35000.0,6.8,0.783,REPAIR,HIGH,2.692,2.568,7.71,2,1,4,0,0,0,1,0,0
synth_002660,corrosion,1,0.217,1.883,1.939,5.89,2000.0,78.44,0.0,78.44,0.1,17.28,3.98,68.78,75000.0,1090.4,0.97,MONITOR,LOW,1.883,1.939,5.89,1,2,3,1,0,0,0,0,0
synth_000960,thunderstrike,3,0.412,1.018,0.923,9.51,2000.0,898.1,0.11,897.98,0.1,17.28,4.2,72.66,40000.0,550.5,0.899,ENGINEERING_ASSESSMENT,CRITICAL,1.018,0.923,9.51,0,0,0,0,0,0,0,0,1
synth_001570,surface_injure,5,0.862,7.253,2.712,10.84,2500.0,1965.38,83.43,1881.95,2.49,537.04,5.47,2937.57,25000.0,8.5,0.906,REPAIR,HIGH,7.253,2.712,10.84,2,1,2,0,0,0,0,1,0
synth_002773,hide_craze,2,0.559,2.395,0.583,9.138434681408205,4200.0,57.56,0.03,57.53,0.1,36.29,4.87,176.84,75000.0,424.1,0.969,MONITOR,LOW,2.395,0.583,9.138434681408205,1,2,4,0,0,0,1,0,0
synth_001895,hide_craze,2,0.706,2.257,2.531,4.16,4200.0,10.63,0.03,10.6,0.16,57.45,4.53,260.31,50000.0,192.1,0.879,MONITOR,LOW,2.257,2.531,4.16,1,2,4,0,0,0,1,0,0
synth_002731,corrosion,2,0.58,2.588,3.464,4.22,3000.0,8.87,0.01,8.86,0.1,25.92,3.65,94.72,50000.0,527.9,0.893,MONITOR,LOW,2.588,3.464,4.22,1,2,3,1,0,0,0,0,0
synth_002146,craze,1,0.314,0.708,2.663,9.79,4200.0,2137.34,0.01,2137.33,0.1,36.29,4.91,178.01,90000.0,505.6,0.79,MONITOR,LOW,0.708,2.663,9.79,1,2,5,0,0,1,0,0,0
synth_000804,corrosion,3,0.484,1.002,0.597,6.27,2500.0,142.26,0.05,142.2,0.1,21.6,5.37,115.93,40000.0,345.0,0.929,MONITOR,LOW,1.002,0.597,6.27,1,2,3,1,0,0,0,0,0
synth_001751,hide_craze,1,0.553,1.92,2.767,7.84,2000.0,369.56,0.09,369.47,0.1,17.28,4.4,76.01,90000.0,1184.1,0.901,MONITOR,LOW,1.92,2.767,7.84,1,2,4,0,0,0,1,0,0
synth_002454,thunderstrike,5,0.369,2.609,2.454,5.08,3600.0,53.11,0.01,53.1,0.1,31.1,5.44,169.09,80000.0,473.1,0.772,ENGINEERING_ASSESSMENT,CRITICAL,2.609,2.454,5.08,0,0,0,0,0,0,0,0,1
synth_000502,craze,1,0.355,1.554,1.87,7.43,3600.0,510.74,0.01,510.73,0.1,31.1,3.61,112.34,50000.0,445.1,0.805,MONITOR,LOW,1.554,1.87,7.43,1,2,5,0,0,1,0,0,0
synth_003119,corrosion,4,0.943,2.544,2.898,10.84,2000.0,1569.49,83.33,1486.16,3.11,537.36,4.19,2251.66,25000.0,11.1,0.868,REPAIR,HIGH,2.544,2.898,10.84,2,1,3,1,0,0,0,0,0
synth_003104,corrosion,5,0.924,6.679,2.826,11.34,4200.0,3962.7,265.99,3696.71,3.93,1426.66,5.56,7938.92,25000.0,3.1,0.917,REPAIR,HIGH,6.679,2.826,11.34,2,1,3,1,0,0,0,0,0
synth_002977,craze,2,0.64,1.407,2.398,11.23,2000.0,1817.89,2.48,1815.42,0.1,17.28,4.43,76.59,50000.0,652.8,0.764,MONITOR,LOW,1.407,2.398,11.23,1,2,5,0,0,1,0,0,0
synth_000779,corrosion,4,0.878,8.649,0.781,7.2,3600.0,434.76,15.66,419.09,2.11,656.41,4.14,2714.33,45000.0,16.6,0.88,REPAIR,HIGH,8.649,0.781,7.2,2,1,3,1,0,0,0,0,0
synth_001863,surface_injure,2,0.602,0.722,1.037,5.88,2500.0,97.66,0.09,97.58,0.1,21.6,4.69,101.29,50000.0,493.6,0.794,MONITOR,LOW,0.722,1.037,5.88,1,2,2,0,0,0,0,1,0
synth_000200,surface_injure,4,0.977,3.877,1.892,10.26,2000.0,1247.84,86.36,1161.47,4.05,700.5,4.48,3136.82,25000.0,8.0,0.968,REPAIR,HIGH,3.877,1.892,10.26,2,1,2,0,0,0,0,1,0
synth_002182,craze,1,0.726,3.794,0.986,8.22,2000.0,462.76,0.72,462.04,0.1,17.28,3.99,68.92,50000.0,725.5,0.853,MONITOR,LOW,3.794,0.986,8.22,1,2,5,0,0,1,0,0,0
synth_003099,surface_injure,5,0.84,3.671,1.003,7.05,3000.0,324.72,11.06,313.66,2.0,517.27,5.68,2939.75,55000.0,18.7,0.834,REPAIR,HIGH,3.671,1.003,7.05,2,1,2,0,0,0,0,1,0
synth_002088,crack,4,0.756,2.233,0.562,14.72,3000.0,3000.0,0.26,2999.74,0.7,182.51,4.73,863.37,80000.0,92.7,0.793,ENGINEERING_ASSESSMENT,CRITICAL,2.233,0.562,14.72,0,0,1,0,1,0,0,0,0
synth_003065,craze,2,0.64,1.547,2.181,11.33,3000.0,2822.23,3.86,2818.36,0.1,25.92,4.36,113.09,75000.0,663.2,0.792,MONITOR,LOW,1.547,2.181,11.33,1,2,5,0,0,1,0,0,0
synth_002278,surface_injure,4,0.957,3.087,1.561,10.96,4200.0,3454.62,205.65,3248.97,3.49,1265.25,4.36,5510.63,35000.0,6.4,0.786,REPAIR,HIGH,3.087,1.561,10.96,2,1,2,0,0,0,0,1,0
synth_001796,hide_craze,5,0.902,3.794,1.221,9.138434681408205,3000.0,1103.08,60.55,1042.54,3.22,833.33,4.41,3675.82,25000.0,6.8,0.879,REPAIR,HIGH,3.794,1.221,9.138434681408205,2,1,4,0,0,0,1,0,0
synth_000378,thunderstrike,4,0.401,6.842,1.164,8.58,4200.0,1190.35,0.22,1190.13,0.1,36.29,5.33,193.27,80000.0,413.9,0.883,ENGINEERING_ASSESSMENT,CRITICAL,6.842,1.164,8.58,0,0,0,0,0,0,0,0,1
synth_002336,crack,5,0.561,1.206,3.07,12.53,4200.0,4200.0,0.07,4199.93,0.13,45.52,5.44,247.83,60000.0,242.1,0.803,ENGINEERING_ASSESSMENT,CRITICAL,1.206,3.07,12.53,0,0,1,0,1,0,0,0,0
synth_000418,surface_injure,2,0.382,1.959,1.737,11.45,2000.0,1961.52,0.09,1961.44,0.1,17.28,4.51,78.0,75000.0,961.5,0.808,MONITOR,LOW,1.959,1.737,11.45,1,2,2,0,0,0,0,1,0
synth_001698,thunderstrike,5,0.499,2.376,0.658,7.68,3600.0,601.44,0.61,600.83,0.1,31.1,4.16,129.4,40000.0,309.1,0.8642600936220012,ENGINEERING_ASSESSMENT,CRITICAL,2.376,0.658,7.68,0,0,0,0,0,0,0,0,1
synth_000391,surface_injure,2,0.318,1.807,3.34,7.14,2000.0,231.62,0.0,231.61,0.1,17.28,3.54,61.22,75000.0,1225.1,0.931,MONITOR,LOW,1.807,3.34,7.14,1,2,2,0,0,0,0,1,0
synth_002640,craze,4,0.807,3.995,0.567,8.39,3600.0,917.83,17.77,900.06,1.13,352.72,5.76,2030.79,55000.0,27.1,0.898,REPAIR,HIGH,3.995,0.567,8.39,2,1,5,0,0,1,0,0,0
synth_001522,crack,4,0.786,4.898,1.543,13.83,3600.0,3600.0,0.4,3599.6,0.96,299.47,4.11,1232.24,80000.0,64.9,0.842,ENGINEERING_ASSESSMENT,CRITICAL,4.898,1.543,13.83,0,0,1,0,1,0,0,0,0
synth_001162,crack,5,0.591,3.794,2.043,12.07,2500.0,2500.0,0.06,2499.94,0.19,42.09,5.29,222.49,40000.0,179.8,0.805,ENGINEERING_ASSESSMENT,CRITICAL,3.794,2.043,12.07,0,0,1,0,1,0,0,0,0
synth_003134,surface_injure,3,0.918,9.146,0.65,8.07,4200.0,893.24,27.99,865.24,1.84,666.13,4.14,2759.72,45000.0,16.3,0.902,REPAIR,HIGH,9.146,0.65,8.07,2,1,2,0,0,0,0,1,0
synth_001495,surface_injure,2,0.651,0.521,2.565,4.96,2000.0,24.49,0.04,24.45,0.1,17.28,4.88,84.39,90000.0,1066.5,0.913,MONITOR,LOW,0.521,2.565,4.96,1,2,2,0,0,0,0,1,0
synth_002695,craze,4,0.861,3.145,2.126,8.25,2000.0,471.49,13.78,457.71,1.71,295.79,4.64,1371.74,55000.0,40.1,0.84,REPAIR,HIGH,3.145,2.126,8.25,2,1,5,0,0,1,0,0,0
synth_002027,surface_injure,1,0.335,1.194,2.492,9.68,2000.0,970.58,0.01,970.57,0.1,17.28,3.77,65.11,50000.0,767.9,0.855,MONITOR,LOW,1.194,2.492,9.68,1,2,2,0,0,0,0,1,0
synth_001152,surface_injure,2,0.516,2.863,0.933,4.62,2000.0,13.75,0.0,13.75,0.1,17.28,3.54,61.22,50000.0,816.7,0.978,MONITOR,LOW,2.863,0.933,4.62,1,2,2,0,0,0,0,1,0
synth_001367,hide_craze,1,0.214,0.567,0.939,9.59,4200.0,1958.94,0.0,1958.94,0.1,36.29,4.18,151.85,90000.0,592.7,0.884,MONITOR,LOW,0.567,0.939,9.59,1,2,4,0,0,0,1,0,0
synth_002568,thunderstrike,4,0.462,4.651,1.046,5.24,4200.0,76.45,0.04,76.41,0.1,36.29,4.36,158.35,40000.0,252.6,0.936,ENGINEERING_ASSESSMENT,CRITICAL,4.651,1.046,5.24,0,0,0,0,0,0,0,0,1
synth_000064,crack,5,0.546,3.362,1.568,14.0,4200.0,4200.0,0.06,4199.94,0.11,40.28,4.72,189.92,80000.0,421.2,0.826,ENGINEERING_ASSESSMENT,CRITICAL,3.362,1.568,14.0,0,0,1,0,1,0,0,0,0
synth_002062,crack,4,0.345,5.171,1.595,5.14,3000.0,47.62,0.0,47.61,0.1,25.92,4.15,107.57,60000.0,557.8,0.966,ENGINEERING_ASSESSMENT,CRITICAL,5.171,1.595,5.14,0,0,1,0,1,0,0,0,0
synth_001180,craze,3,0.85,5.749,0.636,14.54,4200.0,4200.0,0.51,4199.49,1.06,383.79,4.52,1735.5,60000.0,34.6,0.945,REPAIR,HIGH,5.749,0.636,14.54,2,1,5,0,0,1,0,0,0
synth_003112,thunderstrike,3,0.49,4.226,2.69,9.138434681408205,2000.0,330.81,0.15,330.66,0.1,17.28,3.6,62.17,80000.0,1286.8,0.96,ENGINEERING_ASSESSMENT,CRITICAL,4.226,2.69,9.138434681408205,0,0,0,0,0,0,0,0,1
synth_000492,surface_injure,1,0.738,1.134,0.959,7.1,3000.0,337.06,0.57,336.5,0.1,25.92,3.71,96.1,75000.0,780.4,0.966,MONITOR,LOW,1.134,0.959,7.1,1,2,2,0,0,0,0,1,0
synth_000379,crack,3,0.433,1.117,2.095,11.79,2500.0,2500.0,0.0,2500.0,0.1,21.6,3.65,78.91,80000.0,1013.8,0.966,ENGINEERING_ASSESSMENT,CRITICAL,1.117,2.095,11.79,0,0,1,0,1,0,0,0,0
synth_002235,craze,4,0.817,3.037,2.571,9.66,3000.0,1445.73,29.76,1415.97,1.21,312.49,4.46,1393.48,55000.0,39.5,0.8642600936220012,REPAIR,HIGH,3.037,2.571,9.66,2,1,5,0,0,1,0,0,0
synth_000763,surface_injure,1,0.434,0.353,2.201,7.26,2500.0,314.5,0.01,314.49,0.1,21.6,3.77,81.35,75000.0,921.9,0.782,MONITOR,LOW,0.353,2.201,7.26,1,2,2,0,0,0,0,1,0
synth_002264,crack,4,0.422,3.525,3.317,10.56,2500.0,1755.52,0.43,1755.09,0.1,21.6,5.23,113.06,40000.0,353.8,0.883,ENGINEERING_ASSESSMENT,CRITICAL,3.525,3.317,10.56,0,0,1,0,1,0,0,0,0
synth_000791,crack,5,0.849,6.826,1.41,11.09,3000.0,2584.54,99.0,2485.54,2.24,581.51,4.26,2477.93,35000.0,14.1,0.772,REPAIR,HIGH,6.826,1.41,11.09,2,1,1,0,1,0,0,0,0
synth_001076,hide_craze,1,0.273,1.075,2.877,8.12,3600.0,784.51,0.0,784.51,0.1,31.1,4.38,136.32,90000.0,660.2,0.89,MONITOR,LOW,1.075,2.877,8.12,1,2,4,0,0,0,1,0,0
synth_000878,crack,4,0.68,4.1,0.522,5.34,3600.0,75.28,0.46,74.81,0.36,112.3,4.14,464.84,60000.0,129.1,0.849,ENGINEERING_ASSESSMENT,CRITICAL,4.1,0.522,5.34,0,0,1,0,1,0,0,0,0
synth_000337,craze,2,0.237,2.515,2.92,11.22,2500.0,2264.91,0.0,2264.91,0.1,21.6,4.9,105.85,90000.0,850.3,0.751,MONITOR,LOW,2.515,2.92,11.22,1,2,5,0,0,1,0,0,0
synth_002767,hide_craze,1,0.514,0.996,2.206,9.23,3600.0,1414.71,0.21,1414.5,0.1,31.1,3.82,118.67,50000.0,421.3,0.943,MONITOR,LOW,0.996,2.206,9.23,1,2,4,0,0,0,1,0,0
synth_002343,surface_injure,1,0.502,2.435,2.965,11.63,3000.0,3000.0,0.0,3000.0,0.1,25.92,4.69,121.65,50000.0,411.0,0.814,MONITOR,LOW,2.435,2.965,11.63,1,2,2,0,0,0,0,1,0
synth_001016,crack,1,0.567,0.503,2.503,9.138434681408205,3000.0,422.67,0.12,422.55,0.1,25.92,3.65,94.56,75000.0,793.1,0.901,MONITOR,LOW,0.503,2.503,9.138434681408205,1,2,1,0,1,0,0,0,0
synth_001275,craze,4,0.974,6.322,1.663,10.44,3000.0,2012.59,141.77,1870.82,4.13,1069.4,4.61,4929.75,45000.0,9.1,0.872,REPAIR,HIGH,6.322,1.663,10.44,2,1,5,0,0,1,0,0,0
synth_000455,surface_injure,4,0.963,3.536,1.957,8.12,2000.0,436.7,27.26,409.44,3.66,631.71,4.79,3027.38,55000.0,18.2,0.82,REPAIR,HIGH,3.536,1.957,8.12,2,1,2,0,0,0,0,1,0
synth_003342,thunderstrike,4,0.539,1.278,1.116,9.138434681408205,3000.0,3000.0,0.03,2999.97,0.1,25.92,3.82,99.04,60000.0,605.8,0.821,ENGINEERING_ASSESSMENT,CRITICAL,1.278,1.116,9.138434681408205,0,0,0,0,0,0,0,0,1
synth_000815,hide_craze,4,0.964,8.477,2.481,7.69,2500.0,419.14,28.04,391.09,3.92,846.5,5.78,4888.9,35000.0,7.2,0.845,REPAIR,HIGH,8.477,2.481,7.69,2,1,4,0,0,0,1,0,0
synth_002317,crack,3,0.875,2.765,3.334,9.53,4200.0,1906.32,39.67,1866.65,1.22,442.27,4.78,2113.18,60000.0,28.4,0.836,ENGINEERING_ASSESSMENT,CRITICAL,2.765,3.334,9.53,0,0,1,0,1,0,0,0,0
synth_000995,thunderstrike,4,0.87,6.2,2.922,14.0,3600.0,3600.0,0.79,3599.21,1.94,602.01,5.14,3092.41,40000.0,12.9,0.8642600936220012,ENGINEERING_ASSESSMENT,CRITICAL,6.2,2.922,14.0,0,0,0,0,0,0,0,0,1
synth_001981,thunderstrike,5,0.577,6.209,3.419,14.66,4200.0,4200.0,0.08,4199.92,0.17,60.4,3.96,239.09,40000.0,167.3,0.913,ENGINEERING_ASSESSMENT,CRITICAL,6.209,3.419,14.66,0,0,0,0,0,0,0,0,1
synth_000201,surface_injure,4,0.821,9.34,2.184,8.88,2000.0,662.39,15.2,647.19,1.34,232.25,4.22,980.58,35000.0,35.7,0.976,REPAIR,HIGH,9.34,2.184,8.88,2,1,2,0,0,0,0,1,0
synth_000161,crack,3,0.378,7.819,3.026,9.138434681408205,4200.0,72.85,0.01,72.84,0.1,36.29,4.97,180.52,40000.0,221.6,0.771,ENGINEERING_ASSESSMENT,CRITICAL,7.819,3.026,9.138434681408205,0,0,1,0,1,0,0,0,0
synth_001579,surface_injure,3,0.784,4.97,2.733,8.06,3000.0,631.11,6.57,624.54,0.61,158.11,3.94,623.21,40000.0,64.2,0.767,MONITOR,LOW,4.97,2.733,8.06,1,2,2,0,0,0,0,1,0
synth_002777,surface_injure,2,0.27,2.014,2.042,9.4,2500.0,1065.13,0.0,1065.13,0.1,21.6,4.81,103.88,75000.0,722.0,0.895,MONITOR,LOW,2.014,2.042,9.4,1,2,2,0,0,0,0,1,0
synth_002449,craze,2,0.388,2.163,1.301,5.12,2500.0,38.55,0.0,38.55,0.1,21.6,4.49,96.91,50000.0,515.9,0.955,MONITOR,LOW,2.163,1.301,5.12,1,2,5,0,0,1,0,0,0
synth_000702,corrosion,3,0.895,6.451,2.565,10.24,4200.0,2597.04,66.76,2530.27,1.51,546.41,6.3,3440.04,35000.0,10.2,0.869,REPAIR,HIGH,6.451,2.565,10.24,2,1,3,1,0,0,0,0,0
synth_001500,crack,4,0.664,3.258,2.954,13.23,4200.0,4200.0,0.15,4199.85,0.3,109.93,5.07,557.34,80000.0,143.5,0.797,ENGINEERING_ASSESSMENT,CRITICAL,3.258,2.954,13.23,0,0,1,0,1,0,0,0,0
synth_001129,crack,5,0.305,4.327,0.892,6.93,2000.0,197.38,0.01,197.37,0.1,17.28,4.75,82.16,80000.0,973.7,0.938,ENGINEERING_ASSESSMENT,CRITICAL,4.327,0.892,6.93,0,0,1,0,1,0,0,0,0
synth_002613,surface_injure,3,0.921,4.539,2.423,8.53,3000.0,825.72,25.05,800.67,1.78,460.54,5.61,2584.12,55000.0,21.3,0.815,REPAIR,HIGH,4.539,2.423,8.53,2,1,2,0,0,0,0,1,0
synth_003461,thunderstrike,3,0.371,6.217,2.133,8.92,4200.0,1422.15,0.1,1422.05,0.1,36.29,3.55,128.76,60000.0,466.0,0.838,ENGINEERING_ASSESSMENT,CRITICAL,6.217,2.133,8.92,0,0,0,0,0,0,0,0,1
synth_001021,craze,2,0.249,3.794,1.751,5.18,3600.0,60.37,0.0,60.37,0.1,31.1,4.88,151.63,75000.0,494.6,0.816,MONITOR,LOW,3.794,1.751,5.18,1,2,5,0,0,1,0,0,0
synth_003073,surface_injure,5,0.803,11.336,3.153,10.96,2000.0,1640.46,44.79,1595.67,1.6,276.34,6.07,1677.81,55000.0,32.8,0.902,REPAIR,HIGH,11.336,3.153,10.96,2,1,2,0,0,0,0,1,0
synth_003459,thunderstrike,3,0.417,1.214,3.355,8.35,2500.0,623.23,0.09,623.14,0.1,21.6,4.03,87.1,80000.0,918.5,0.919,ENGINEERING_ASSESSMENT,CRITICAL,1.214,3.355,8.35,0,0,0,0,0,0,0,0,1
synth_001585,corrosion,3,0.861,3.794,1.267,11.39,3600.0,3466.23,65.89,3400.34,1.11,346.33,5.34,1850.93,80000.0,43.2,0.979,REPAIR,HIGH,3.794,1.267,11.39,2,1,3,1,0,0,0,0,0
synth_001955,corrosion,2,0.504,1.76,2.334,9.18,3600.0,1384.16,0.39,1383.77,0.1,31.1,4.85,150.77,90000.0,596.9,0.789,MONITOR,LOW,1.76,2.334,9.18,1,2,3,1,0,0,0,0,0
synth_003152,hide_craze,2,0.326,2.263,3.488,11.04,3600.0,3047.59,0.05,3047.54,0.1,31.1,4.84,150.39,50000.0,332.5,0.953,MONITOR,LOW,2.263,3.488,11.04,1,2,4,0,0,0,1,0,0
synth_002253,crack,3,0.602,5.574,1.909,9.71,2500.0,1230.22,2.2,1228.02,0.1,22.63,3.79,85.7,40000.0,466.7,0.787,ENGINEERING_ASSESSMENT,CRITICAL,5.574,1.909,9.71,0,0,1,0,1,0,0,0,0
synth_000034,craze,2,0.688,1.249,2.118,9.01,4200.0,1482.31,3.26,1479.05,0.13,46.74,4.25,198.86,50000.0,251.4,0.787,MONITOR,LOW,1.249,2.118,9.01,1,2,5,0,0,1,0,0,0
synth_000775,hide_craze,2,0.411,1.351,1.894,5.89,4200.0,165.51,0.01,165.5,0.1,36.29,4.59,166.75,90000.0,539.7,0.891,MONITOR,LOW,1.351,1.894,5.89,1,2,4,0,0,0,1,0,0
synth_002556,corrosion,1,0.253,2.542,3.006,6.6,3600.0,273.42,0.0,273.42,0.1,31.1,4.03,125.31,75000.0,598.5,0.78,MONITOR,LOW,2.542,3.006,6.6,1,2,3,1,0,0,0,0,0
synth_003499,thunderstrike,4,0.821,1.982,2.934,5.47,2000.0,48.81,1.01,47.8,1.21,209.94,3.69,773.92,40000.0,51.7,0.849,ENGINEERING_ASSESSMENT,CRITICAL,1.982,2.934,5.47,0,0,0,0,0,0,0,0,1
synth_001478,craze,1,0.338,1.58,3.163,5.67,2500.0,77.31,0.0,77.31,0.1,21.6,3.74,80.88,75000.0,927.3,0.875,MONITOR,LOW,1.58,3.163,5.67,1,2,5,0,0,1,0,0,0
synth_003003,corrosion,4,0.829,7.271,1.479,10.28,3600.0,2260.97,54.7,2206.27,1.42,440.79,5.88,2590.76,35000.0,13.5,0.838,REPAIR,HIGH,7.271,1.479,10.28,2,1,3,1,0,0,0,0,0
synth_001390,hide_craze,3,0.824,3.311,2.189,8.2,2000.0,458.46,6.44,452.02,0.82,142.18,4.27,606.56,60000.0,98.9,0.934,ENGINEERING_ASSESSMENT,MEDIUM,3.311,2.189,8.2,0,3,4,0,0,0,1,0,0
synth_002139,crack,3,0.94,6.931,1.827,5.26,2500.0,47.14,1.69,45.45,2.1,452.64,5.4,2442.24,80000.0,32.8,0.893,ENGINEERING_ASSESSMENT,CRITICAL,6.931,1.827,5.26,0,0,1,0,1,0,0,0,0
synth_001363,surface_injure,5,0.802,6.999,1.406,10.59,3000.0,2137.48,55.74,2081.74,1.53,395.91,4.32,1709.54,35000.0,20.5,0.871,REPAIR,HIGH,6.999,1.406,10.59,2,1,2,0,0,0,0,1,0
synth_002945,crack,3,0.935,6.5,2.703,12.74,2000.0,2000.0,0.46,1999.54,2.03,349.97,4.21,1473.79,80000.0,54.3,0.907,ENGINEERING_ASSESSMENT,CRITICAL,6.5,2.703,12.74,0,0,1,0,1,0,0,0,0
synth_002612,craze,3,0.959,3.713,2.505,10.67,3600.0,2648.68,103.66,2545.02,2.29,713.01,6.35,4530.73,35000.0,7.7,0.899,REPAIR,HIGH,3.713,2.505,10.67,2,1,5,0,0,1,0,0,0
synth_003417,crack,3,0.549,1.917,1.151,14.94,4200.0,4200.0,0.03,4199.97,0.1,36.29,4.07,147.66,40000.0,270.9,0.952,ENGINEERING_ASSESSMENT,CRITICAL,1.917,1.151,14.94,0,0,1,0,1,0,0,0,0
synth_002824,crack,5,0.771,1.817,2.978,5.14,3000.0,48.15,0.88,47.26,1.07,278.0,5.39,1499.14,40000.0,26.7,0.972,ENGINEERING_ASSESSMENT,CRITICAL,1.817,2.978,5.14,0,0,1,0,1,0,0,0,0
synth_002041,corrosion,4,0.912,3.238,2.392,8.8,3600.0,1146.6,49.66,1096.94,2.54,788.97,5.48,4327.46,35000.0,8.1,0.765,REPAIR,HIGH,3.238,2.392,8.8,2,1,3,1,0,0,0,0,0
synth_000241,surface_injure,4,0.975,7.643,1.005,7.69,4200.0,707.17,50.7,656.48,4.2,1523.71,5.38,8204.08,35000.0,4.3,0.942,REPAIR,HIGH,7.643,1.005,7.69,2,1,2,0,0,0,0,1,0
synth_002061,hide_craze,2,0.446,2.009,3.142,9.42,2000.0,861.95,0.11,861.85,0.1,17.28,3.65,63.15,50000.0,791.8,0.805,MONITOR,LOW,2.009,3.142,9.42,1,2,4,0,0,0,1,0,0
synth_002363,thunderstrike,3,0.49,1.311,2.778,12.26,2000.0,2000.0,0.01,1999.99,0.1,17.28,5.3,91.51,80000.0,874.2,0.752,ENGINEERING_ASSESSMENT,CRITICAL,1.311,2.778,12.26,0,0,0,0,0,0,0,0,1
synth_000600,corrosion,4,0.86,4.769,1.012,11.27,2000.0,1843.18,55.25,1787.93,1.76,303.41,4.76,1445.07,35000.0,24.2,0.758,REPAIR,HIGH,4.769,1.012,11.27,2,1,3,1,0,0,0,0,0
synth_002435,hide_craze,4,0.943,10.583,0.73,10.5,4200.0,2888.24,170.43,2717.81,3.46,1254.18,6.13,7685.76,45000.0,5.9,0.775,REPAIR,HIGH,10.583,0.73,10.5,2,1,4,0,0,0,1,0,0
synth_001297,hide_craze,1,0.716,2.464,1.345,5.89,3000.0,117.51,0.17,117.34,0.1,25.92,4.19,108.65,50000.0,460.2,0.776,MONITOR,LOW,2.464,1.345,5.89,1,2,4,0,0,0,1,0,0
synth_002214,hide_craze,4,0.933,7.502,3.208,10.56,3600.0,2533.22,134.8,2398.41,3.12,969.46,4.2,4074.63,35000.0,8.6,0.969,REPAIR,HIGH,7.502,3.208,10.56,2,1,4,0,0,0,1,0,0
synth_002888,surface_injure,2,0.292,1.92,1.583,4.98,2500.0,31.57,0.0,31.57,0.1,21.6,4.07,87.87,50000.0,569.0,0.875,MONITOR,LOW,1.92,1.583,4.98,1,2,2,0,0,0,0,1,0
synth_002068,surface_injure,5,0.92,9.314,0.974,7.09,3000.0,333.16,22.26,310.89,3.91,1014.41,4.26,4324.14,45000.0,10.4,0.767,REPAIR,HIGH,9.314,0.974,7.09,2,1,2,0,0,0,0,1,0
synth_000646,thunderstrike,3,0.663,3.355,2.177,10.19,3000.0,1815.89,5.99,1809.9,0.19,50.08,5.46,273.36,40000.0,146.3,0.805,ENGINEERING_ASSESSMENT,CRITICAL,3.355,2.177,10.19,0,0,0,0,0,0,0,0,1
synth_003202,hide_craze,2,0.333,2.696,2.628,6.74,2000.0,171.02,0.0,171.01,0.1,17.28,3.75,64.74,75000.0,1158.5,0.883,MONITOR,LOW,2.696,2.628,6.74,1,2,4,0,0,0,1,0,0
synth_001528,corrosion,5,0.814,7.502,2.14,7.83,3000.0,550.03,15.94,534.09,1.7,440.0,6.21,2730.48,35000.0,12.8,0.905,REPAIR,HIGH,7.502,2.14,7.83,2,1,3,1,0,0,0,0,0
synth_002879,crack,4,0.382,4.787,1.365,7.93,4200.0,817.33,0.11,817.22,0.1,36.29,4.88,177.02,40000.0,226.0,0.849,ENGINEERING_ASSESSMENT,CRITICAL,4.787,1.365,7.93,0,0,1,0,1,0,0,0,0
synth_001267,surface_injure,2,0.213,3.794,1.62,4.8,3600.0,34.37,0.0,34.37,0.1,31.1,4.92,153.02,90000.0,588.2,0.878,MONITOR,LOW,3.794,1.62,4.8,1,2,2,0,0,0,0,1,0
synth_001899,hide_craze,2,0.619,0.661,2.294,8.02,2500.0,516.39,0.54,515.84,0.1,21.6,4.24,91.63,75000.0,818.5,0.914,MONITOR,LOW,0.661,2.294,8.02,1,2,4,0,0,0,1,0,0
synth_000562,corrosion,3,0.444,2.457,0.97,12.54,2000.0,2000.0,0.0,2000.0,0.1,17.28,4.01,69.24,80000.0,1155.4,0.831,MONITOR,LOW,2.457,0.97,12.54,1,2,3,1,0,0,0,0,0
synth_003554,crack,5,0.504,2.142,1.145,10.77,2500.0,1912.75,2.04,1910.7,0.1,21.6,3.93,84.88,80000.0,942.5,0.92,ENGINEERING_ASSESSMENT,CRITICAL,2.142,1.145,10.77,0,0,1,0,1,0,0,0,0
synth_002734,crack,5,0.743,4.109,3.087,13.74,3600.0,3600.0,0.37,3599.63,0.89,275.42,4.98,1370.57,60000.0,43.8,0.801,ENGINEERING_ASSESSMENT,CRITICAL,4.109,3.087,13.74,0,0,1,0,1,0,0,0,0
synth_003005,hide_craze,4,0.907,10.576,1.006,10.73,2500.0,1881.7,85.14,1796.56,2.65,572.4,5.18,2965.81,25000.0,8.4,0.924,REPAIR,HIGH,10.576,1.006,10.73,2,1,4,0,0,0,1,0,0
synth_000189,hide_craze,2,0.319,1.296,0.587,7.3,3600.0,466.39,0.01,466.38,0.1,31.1,4.54,141.3,50000.0,353.9,0.792,MONITOR,LOW,1.296,0.587,7.3,1,2,4,0,0,0,1,0,0
synth_001806,thunderstrike,3,0.445,1.281,2.031,10.53,2500.0,1740.83,0.37,1740.46,0.1,21.6,3.77,81.34,80000.0,983.5,0.764,ENGINEERING_ASSESSMENT,CRITICAL,1.281,2.031,10.53,0,0,0,0,0,0,0,0,1
synth_000975,corrosion,5,0.887,5.655,2.179,7.7,3600.0,607.54,30.74,576.79,2.96,921.89,6.12,5644.35,25000.0,4.4,0.975,REPAIR,HIGH,5.655,2.179,7.7,2,1,3,1,0,0,0,0,0
synth_002747,corrosion,3,0.447,5.454,3.2,14.37,2000.0,2000.0,0.0,2000.0,0.1,17.28,5.07,87.65,80000.0,912.7,0.766,MONITOR,LOW,5.454,3.2,14.37,1,2,3,1,0,0,0,0,0
synth_003547,thunderstrike,3,0.664,3.275,2.172,9.8,3000.0,1533.72,5.1,1528.62,0.19,50.44,5.39,271.81,40000.0,147.2,0.98,ENGINEERING_ASSESSMENT,CRITICAL,3.275,2.172,9.8,0,0,0,0,0,0,0,0,1
synth_002047,corrosion,2,0.203,3.794,1.031,10.02,4200.0,2363.54,0.0,2363.54,0.1,36.29,3.85,139.64,90000.0,644.5,0.878,MONITOR,LOW,3.794,1.031,10.02,1,2,3,1,0,0,0,0,0
synth_002558,corrosion,2,0.689,2.803,2.25,7.73,3000.0,516.19,1.2,514.99,0.14,35.4,3.7,131.04,90000.0,686.8,0.882,MONITOR,LOW,2.803,2.25,7.73,1,2,3,1,0,0,0,0,0
synth_001082,hide_craze,4,0.829,7.792,2.733,10.84,2500.0,1960.42,47.66,1912.76,1.42,307.58,4.79,1472.58,45000.0,30.6,0.831,REPAIR,HIGH,7.792,2.733,10.84,2,1,4,0,0,0,1,0,0
synth_000474,craze,4,0.804,4.306,1.016,10.7,2000.0,1484.24,28.05,1456.2,1.11,191.26,5.36,1025.46,25000.0,24.4,0.807,REPAIR,HIGH,4.306,1.016,10.7,2,1,5,0,0,1,0,0,0
synth_002904,surface_injure,2,0.293,2.226,1.258,6.57,2500.0,184.67,0.0,184.67,0.1,21.6,3.68,79.55,75000.0,942.8,0.909,MONITOR,LOW,2.226,1.258,6.57,1,2,2,0,0,0,0,1,0
synth_000747,hide_craze,3,0.846,4.292,2.965,9.29,3000.0,1213.09,20.76,1192.33,1.0,259.8,5.32,1382.52,35000.0,25.3,0.895,REPAIR,HIGH,4.292,2.965,9.29,2,1,4,0,0,0,1,0,0
synth_002300,crack,5,0.898,4.401,1.493,11.4,3600.0,3470.56,188.02,3282.54,3.17,986.99,3.51,3460.35,60000.0,17.3,0.814,ENGINEERING_ASSESSMENT,CRITICAL,4.401,1.493,11.4,0,0,1,0,1,0,0,0,0
synth_000021,surface_injure,3,0.832,7.192,3.048,7.8,2000.0,361.22,5.72,355.5,0.93,160.32,4.92,788.16,55000.0,69.8,0.821,REPAIR,HIGH,7.192,3.048,7.8,2,1,2,0,0,0,0,1,0
synth_003385,thunderstrike,4,0.498,3.803,0.973,9.05,3000.0,1081.39,0.82,1080.57,0.1,25.92,5.04,130.71,80000.0,612.0,0.904,ENGINEERING_ASSESSMENT,CRITICAL,3.803,0.973,9.05,0,0,0,0,0,0,0,0,1
synth_000459,craze,1,0.229,2.887,1.005,5.74,3000.0,100.68,0.0,100.68,0.1,25.92,3.63,94.15,90000.0,955.9,0.906,MONITOR,LOW,2.887,1.005,5.74,1,2,5,0,0,1,0,0,0
synth_001184,corrosion,4,0.976,10.8,2.123,8.38,3600.0,914.34,67.8,846.54,4.34,1350.94,6.35,8573.7,25000.0,2.9,0.768,REPAIR,HIGH,10.8,2.123,8.38,2,1,3,1,0,0,0,0,0
synth_002324,crack,5,0.303,5.477,3.35,13.7,3600.0,3600.0,0.0,3600.0,0.1,31.1,4.84,150.67,40000.0,265.5,0.956,ENGINEERING_ASSESSMENT,CRITICAL,5.477,3.35,13.7,0,0,1,0,1,0,0,0,0
synth_000955,thunderstrike,5,0.914,2.369,1.701,11.42,3600.0,3495.26,204.18,3291.08,3.42,1064.23,5.13,5464.31,40000.0,7.3,0.81,ENGINEERING_ASSESSMENT,CRITICAL,2.369,1.701,11.42,0,0,0,0,0,0,0,0,1
synth_001215,crack,5,0.707,7.373,1.769,7.74,4200.0,728.29,8.19,720.09,0.66,239.15,4.51,1078.62,40000.0,37.1,0.916,ENGINEERING_ASSESSMENT,CRITICAL,7.373,1.769,7.74,0,0,1,0,1,0,0,0,0
synth_002433,corrosion,2,0.413,1.444,1.829,7.49,2000.0,294.15,0.02,294.12,0.1,17.28,4.25,73.44,75000.0,1021.2,0.78,MONITOR,LOW,1.444,1.829,7.49,1,2,3,1,0,0,0,0,0
synth_002853,corrosion,1,0.302,3.794,2.42,8.57,2000.0,563.44,0.0,563.44,0.1,17.28,4.34,74.98,50000.0,666.8,0.956,MONITOR,LOW,3.794,2.42,8.57,1,2,3,1,0,0,0,0,0
synth_003485,crack,5,0.902,1.286,1.392,11.55,2500.0,2500.0,0.95,2499.05,3.01,649.79,4.13,2682.12,80000.0,29.8,0.851,ENGINEERING_ASSESSMENT,CRITICAL,1.286,1.392,11.55,0,0,1,0,1,0,0,0,0
synth_001515,craze,5,0.885,9.206,0.926,8.77,4200.0,1314.79,67.65,1247.13,3.01,1093.67,4.68,5120.2,45000.0,8.8,0.942,REPAIR,HIGH,9.206,0.926,8.77,2,1,5,0,0,1,0,0,0
synth_002391,surface_injure,2,0.389,0.76,2.701,7.2,4200.0,506.04,0.02,506.02,0.1,36.29,3.75,136.14,75000.0,550.9,0.926,MONITOR,LOW,0.76,2.701,7.2,1,2,2,0,0,0,0,1,0
synth_000769,thunderstrike,4,0.711,3.018,1.968,11.38,3000.0,2879.41,23.38,2856.03,0.48,123.29,4.07,502.24,80000.0,159.3,0.946,ENGINEERING_ASSESSMENT,CRITICAL,3.018,1.968,11.38,0,0,0,0,0,0,0,0,1
synth_003380,crack,4,0.599,5.84,2.943,5.03,3600.0,48.79,0.13,48.66,0.16,48.9,4.67,228.54,80000.0,350.0,0.819,ENGINEERING_ASSESSMENT,CRITICAL,5.84,2.943,5.03,0,0,1,0,1,0,0,0,0
synth_001685,hide_craze,2,0.217,1.417,2.659,8.53,4200.0,1158.32,0.0,1158.32,0.1,36.29,3.53,128.24,75000.0,584.8,0.802,MONITOR,LOW,1.417,2.659,8.53,1,2,4,0,0,0,1,0,0
synth_000130,surface_injure,2,0.245,1.861,1.158,9.2,3600.0,1398.67,0.0,1398.67,0.1,31.1,4.22,131.21,90000.0,685.9,0.921,MONITOR,LOW,1.861,1.158,9.2,1,2,2,0,0,0,0,1,0
synth_002919,hide_craze,2,0.391,1.097,1.1,7.18,4200.0,499.6,0.02,499.57,0.1,36.29,4.51,163.74,50000.0,305.4,0.942,MONITOR,LOW,1.097,1.1,7.18,1,2,4,0,0,0,1,0,0
synth_003171,craze,4,0.882,7.886,2.874,8.87,3600.0,1187.99,43.54,1144.45,2.15,667.69,5.31,3546.71,35000.0,9.9,0.808,REPAIR,HIGH,7.886,2.874,8.87,2,1,5,0,0,1,0,0,0
synth_003444,thunderstrike,5,0.945,3.539,2.655,11.53,3000.0,3000.0,1.56,2998.44,4.39,1137.1,4.77,5426.0,60000.0,11.1,0.78,ENGINEERING_ASSESSMENT,CRITICAL,3.539,2.655,11.53,0,0,0,0,0,0,0,0,1
synth_002135,crack,3,0.332,6.863,1.693,9.9,4200.0,2243.31,0.08,2243.24,0.1,36.29,5.13,186.14,40000.0,214.9,0.95,ENGINEERING_ASSESSMENT,CRITICAL,6.863,1.693,9.9,0,0,1,0,1,0,0,0,0
synth_001482,crack,3,0.432,3.794,3.102,6.71,2000.0,166.88,0.03,166.85,0.1,17.28,5.47,94.5,80000.0,846.6,0.913,ENGINEERING_ASSESSMENT,CRITICAL,3.794,3.102,6.71,0,0,1,0,1,0,0,0,0
synth_000330,hide_craze,3,0.96,4.007,2.462,8.16,3600.0,806.32,32.11,774.21,2.33,725.48,5.51,3999.96,25000.0,6.3,0.946,REPAIR,HIGH,4.007,2.462,8.16,2,1,4,0,0,0,1,0,0
synth_001238,corrosion,4,0.902,3.92,3.048,9.61,3600.0,1693.58,68.73,1624.85,2.38,739.34,5.65,4180.53,45000.0,10.8,0.771,REPAIR,HIGH,3.92,3.048,9.61,2,1,3,1,0,0,0,0,0
synth_000466,crack,3,0.837,10.69,3.032,7.47,2500.0,364.64,6.19,358.45,0.99,214.91,5.38,1157.2,35000.0,30.2,0.789,REPAIR,HIGH,10.69,3.032,7.47,2,1,1,0,1,0,0,0,0
synth_002169,surface_injure,1,0.541,1.261,3.223,4.49,2000.0,10.67,0.0,10.67,0.1,17.28,4.13,71.31,50000.0,701.2,0.908,MONITOR,LOW,1.261,3.223,4.49,1,2,2,0,0,0,0,1,0
synth_001638,corrosion,3,0.83,3.504,0.995,11.42,3000.0,2913.96,43.13,2870.83,0.87,224.7,5.83,1309.42,25000.0,19.1,0.812,REPAIR,HIGH,3.504,0.995,11.42,2,1,3,1,0,0,0,0,0
synth_003092,hide_craze,4,0.926,9.708,2.724,10.58,3000.0,2125.56,109.66,2015.89,3.02,783.26,4.59,3596.53,25000.0,7.0,0.96,REPAIR,HIGH,9.708,2.724,10.58,2,1,4,0,0,0,1,0,0
synth_001095,surface_injure,3,0.929,11.097,2.566,9.52,2000.0,902.65,31.05,871.6,2.01,348.19,5.13,1784.81,55000.0,30.8,0.919,REPAIR,HIGH,11.097,2.566,9.52,2,1,2,0,0,0,0,1,0
synth_001130,thunderstrike,4,0.811,3.074,2.399,10.45,3000.0,2019.98,39.55,1980.43,1.15,297.24,3.95,1173.44,80000.0,68.2,0.956,ENGINEERING_ASSESSMENT,CRITICAL,3.074,2.399,10.45,0,0,0,0,0,0,0,0,1
synth_001294,craze,1,0.413,2.446,2.077,11.58,3000.0,3000.0,0.0,3000.0,0.1,25.92,3.55,91.97,75000.0,815.5,0.77,MONITOR,LOW,2.446,2.077,11.58,1,2,5,0,0,1,0,0,0
synth_000860,hide_craze,2,0.635,0.234,0.689,8.15,3600.0,801.39,0.97,800.42,0.1,31.1,4.41,137.11,90000.0,656.4,0.846,MONITOR,LOW,0.234,0.689,8.15,1,2,4,0,0,0,1,0,0
synth_003507,thunderstrike,4,0.905,2.9,2.397,8.36,4200.0,1050.93,42.67,1008.26,2.38,863.02,3.97,3423.26,80000.0,23.4,0.886,ENGINEERING_ASSESSMENT,CRITICAL,2.9,2.397,8.36,0,0,0,0,0,0,0,0,1
synth_003174,craze,3,0.882,6.567,1.723,10.89,2500.0,1997.52,46.61,1950.91,1.37,295.23,4.0,1181.03,35000.0,29.6,0.939,REPAIR,HIGH,6.567,1.723,10.89,2,1,5,0,0,1,0,0,0
