patch_id,image_id,defect_class,xmin,ymin,xmax,ymax,bbox_width,bbox_height,area_pct,aspect_ratio,r_R,severity_proxy,patch_path,abs_patch_path
patch_00000,0,corrosion,304,13,848,1020,544,1007,52.243,1.851,0.593,3,patches\corrosion\patch_00000.jpg,C:\Users\akhil\.gemini\antigravity\scratch\aeroloss_ai\data\processed\patches\corrosion\patch_00000.jpg
patch_00001,1,craze,781,430,931,763,150,333,4.7636,2.22,0.654,1,patches\craze\patch_00001.jpg,C:\Users\akhil\.gemini\antigravity\scratch\aeroloss_ai\data\processed\patches\craze\patch_00001.jpg
patch_00007,1001,surface_injure,727,224,844,397,117,173,1.9303,1.479,0.437,2,patches\surface_injure\patch_00007.jpg,C:\Users\akhil\.gemini\antigravity\scratch\aeroloss_ai\data\processed\patches\surface_injure\patch_00007.jpg
patch_00008,1002,corrosion,519,547,677,664,158,117,1.763,0.741,0.661,2,patches\corrosion\patch_00008.jpg,C:\Users\akhil\.gemini\antigravity\scratch\aeroloss_ai\data\processed\patches\corrosion\patch_00008.jpg
patch_00009,1003,surface_injure,397,510,511,617,114,107,1.1633,0.939,0.629,2,patches\surface_injure\patch_00009.jpg,C:\Users\akhil\.gemini\antigravity\scratch\aeroloss_ai\data\processed\patches\surface_injure\patch_00009.jpg
patch_00010,1004,hide_craze,355,474,612,522,257,48,1.1765,0.187,0.579,3,patches\hide_craze\patch_00010.jpg,C:\Users\akhil\.gemini\antigravity\scratch\aeroloss_ai\data\processed\patches\hide_craze\patch_00010.jpg
patch_00011,1004,craze,634,302,866,492,232,190,4.2038,0.819,0.502,1,patches\craze\patch_00011.jpg,C:\Users\akhil\.gemini\antigravity\scratch\aeroloss_ai\data\processed\patches\craze\patch_00011.jpg
patch_00012,1005,surface_injure,764,741,822,836,58,95,0.5255,1.638,0.801,2,patches\surface_injure\patch_00012.jpg,C:\Users\akhil\.gemini\antigravity\scratch\aeroloss_ai\data\processed\patches\surface_injure\patch_00012.jpg
patch_00014,1007,surface_injure,381,341,545,488,164,147,2.2991,0.896,0.516,2,patches\surface_injure\patch_00014.jpg,C:\Users\akhil\.gemini\antigravity\scratch\aeroloss_ai\data\processed\patches\surface_injure\patch_00014.jpg
patch_00016,1009,surface_injure,41,736,400,910,359,174,5.9572,0.485,0.827,3,patches\surface_injure\patch_00016.jpg,C:\Users\akhil\.gemini\antigravity\scratch\aeroloss_ai\data\processed\patches\surface_injure\patch_00016.jpg
patch_00017,1009,surface_injure,773,152,1005,328,232,176,3.894,0.759,0.383,2,patches\surface_injure\patch_00017.jpg,C:\Users\akhil\.gemini\antigravity\scratch\aeroloss_ai\data\processed\patches\surface_injure\patch_00017.jpg
patch_00019,1010,hide_craze,647,411,767,975,120,564,6.4545,4.7,0.728,4,patches\hide_craze\patch_00019.jpg,C:\Users\akhil\.gemini\antigravity\scratch\aeroloss_ai\data\processed\patches\hide_craze\patch_00019.jpg
patch_00020,1011,craze,397,494,758,933,361,439,15.1137,1.216,0.743,2,patches\craze\patch_00020.jpg,C:\Users\akhil\.gemini\antigravity\scratch\aeroloss_ai\data\processed\patches\craze\patch_00020.jpg
patch_00021,1012,hide_craze,359,589,666,688,307,99,2.8985,0.322,0.686,3,patches\hide_craze\patch_00021.jpg,C:\Users\akhil\.gemini\antigravity\scratch\aeroloss_ai\data\processed\patches\hide_craze\patch_00021.jpg
patch_00022,1013,surface_injure,653,536,747,597,94,61,0.5468,0.649,0.632,2,patches\surface_injure\patch_00022.jpg,C:\Users\akhil\.gemini\antigravity\scratch\aeroloss_ai\data\processed\patches\surface_injure\patch_00022.jpg
patch_00023,1014,hide_craze,270,130,506,335,236,205,4.6139,0.869,0.377,3,patches\hide_craze\patch_00023.jpg,C:\Users\akhil\.gemini\antigravity\scratch\aeroloss_ai\data\processed\patches\hide_craze\patch_00023.jpg
patch_00024,1014,hide_craze,298,675,612,877,314,202,6.049,0.643,0.791,4,patches\hide_craze\patch_00024.jpg,C:\Users\akhil\.gemini\antigravity\scratch\aeroloss_ai\data\processed\patches\hide_craze\patch_00024.jpg
patch_00025,1015,surface_injure,166,219,855,677,689,458,30.0943,0.665,0.541,3,patches\surface_injure\patch_00025.jpg,C:\Users\akhil\.gemini\antigravity\scratch\aeroloss_ai\data\processed\patches\surface_injure\patch_00025.jpg
patch_00026,1016,corrosion,402,5,602,1010,200,1005,19.1689,5.025,0.587,3,patches\corrosion\patch_00026.jpg,C:\Users\akhil\.gemini\antigravity\scratch\aeroloss_ai\data\processed\patches\corrosion\patch_00026.jpg
patch_00027,1017,hide_craze,584,827,656,866,72,39,0.2678,0.542,0.845,2,patches\hide_craze\patch_00027.jpg,C:\Users\akhil\.gemini\antigravity\scratch\aeroloss_ai\data\processed\patches\hide_craze\patch_00027.jpg
patch_00028,1017,hide_craze,644,747,673,941,29,194,0.5365,6.69,0.843,3,patches\hide_craze\patch_00028.jpg,C:\Users\akhil\.gemini\antigravity\scratch\aeroloss_ai\data\processed\patches\hide_craze\patch_00028.jpg
patch_00029,1018,surface_injure,445,855,550,969,105,114,1.1415,1.086,0.895,2,patches\surface_injure\patch_00029.jpg,C:\Users\akhil\.gemini\antigravity\scratch\aeroloss_ai\data\processed\patches\surface_injure\patch_00029.jpg
patch_00030,1018,surface_injure,547,66,698,203,151,137,1.9729,0.907,0.302,2,patches\surface_injure\patch_00030.jpg,C:\Users\akhil\.gemini\antigravity\scratch\aeroloss_ai\data\processed\patches\surface_injure\patch_00030.jpg
patch_00031,1018,surface_injure,444,480,655,644,211,164,3.3001,0.777,0.628,2,patches\surface_injure\patch_00031.jpg,C:\Users\akhil\.gemini\antigravity\scratch\aeroloss_ai\data\processed\patches\surface_injure\patch_00031.jpg
patch_00032,1019,thunderstrike,420,266,780,883,360,617,21.183,1.714,0.638,5,patches\thunderstrike\patch_00032.jpg,C:\Users\akhil\.gemini\antigravity\scratch\aeroloss_ai\data\processed\patches\thunderstrike\patch_00032.jpg
patch_00033,102,thunderstrike,475,510,602,722,127,212,2.5677,1.669,0.669,5,patches\thunderstrike\patch_00033.jpg,C:\Users\akhil\.gemini\antigravity\scratch\aeroloss_ai\data\processed\patches\thunderstrike\patch_00033.jpg
patch_00034,1020,surface_injure,434,570,620,697,186,127,2.2528,0.683,0.683,2,patches\surface_injure\patch_00034.jpg,C:\Users\akhil\.gemini\antigravity\scratch\aeroloss_ai\data\processed\patches\surface_injure\patch_00034.jpg
patch_00035,1021,thunderstrike,136,522,658,702,522,180,8.9607,0.345,0.666,5,patches\thunderstrike\patch_00035.jpg,C:\Users\akhil\.gemini\antigravity\scratch\aeroloss_ai\data\processed\patches\thunderstrike\patch_00035.jpg
patch_00036,1022,surface_injure,398,85,489,299,91,214,1.8572,2.352,0.346,2,patches\surface_injure\patch_00036.jpg,C:\Users\akhil\.gemini\antigravity\scratch\aeroloss_ai\data\processed\patches\surface_injure\patch_00036.jpg
patch_00037,1022,surface_injure,547,230,672,347,125,117,1.3947,0.936,0.42,2,patches\surface_injure\patch_00037.jpg,C:\Users\akhil\.gemini\antigravity\scratch\aeroloss_ai\data\processed\patches\surface_injure\patch_00037.jpg
patch_00038,1022,surface_injure,567,549,662,605,95,56,0.5074,0.589,0.64,2,patches\surface_injure\patch_00038.jpg,C:\Users\akhil\.gemini\antigravity\scratch\aeroloss_ai\data\processed\patches\surface_injure\patch_00038.jpg
patch_00039,1023,thunderstrike,56,627,562,797,506,170,8.2035,0.336,0.742,5,patches\thunderstrike\patch_00039.jpg,C:\Users\akhil\.gemini\antigravity\scratch\aeroloss_ai\data\processed\patches\thunderstrike\patch_00039.jpg
patch_00040,1024,craze,281,780,727,900,446,120,5.1041,0.269,0.84,2,patches\craze\patch_00040.jpg,C:\Users\akhil\.gemini\antigravity\scratch\aeroloss_ai\data\processed\patches\craze\patch_00040.jpg
patch_00042,1026,hide_craze,148,367,567,597,419,230,9.1906,0.549,0.567,4,patches\hide_craze\patch_00042.jpg,C:\Users\akhil\.gemini\antigravity\scratch\aeroloss_ai\data\processed\patches\hide_craze\patch_00042.jpg
patch_00043,1026,hide_craze,583,545,998,670,415,125,4.9472,0.301,0.663,3,patches\hide_craze\patch_00043.jpg,C:\Users\akhil\.gemini\antigravity\scratch\aeroloss_ai\data\processed\patches\hide_craze\patch_00043.jpg
patch_00044,1027,hide_craze,56,158,681,806,625,648,38.6238,1.037,0.567,4,patches\hide_craze\patch_00044.jpg,C:\Users\akhil\.gemini\antigravity\scratch\aeroloss_ai\data\processed\patches\hide_craze\patch_00044.jpg
patch_00045,1028,thunderstrike,150,578,320,869,170,291,4.7178,1.712,0.751,5,patches\thunderstrike\patch_00045.jpg,C:\Users\akhil\.gemini\antigravity\scratch\aeroloss_ai\data\processed\patches\thunderstrike\patch_00045.jpg
patch_00046,1029,surface_injure,305,102,1016,278,711,176,11.9339,0.248,0.345,3,patches\surface_injure\patch_00046.jpg,C:\Users\akhil\.gemini\antigravity\scratch\aeroloss_ai\data\processed\patches\surface_injure\patch_00046.jpg
patch_00047,103,craze,14,383,812,683,798,300,22.831,0.376,0.606,2,patches\craze\patch_00047.jpg,C:\Users\akhil\.gemini\antigravity\scratch\aeroloss_ai\data\processed\patches\craze\patch_00047.jpg
patch_00049,1031,corrosion,548,30,728,1003,180,973,16.7027,5.406,0.593,3,patches\corrosion\patch_00049.jpg,C:\Users\akhil\.gemini\antigravity\scratch\aeroloss_ai\data\processed\patches\corrosion\patch_00049.jpg
patch_00050,1032,hide_craze,142,303,683,625,541,322,16.6132,0.595,0.553,4,patches\hide_craze\patch_00050.jpg,C:\Users\akhil\.gemini\antigravity\scratch\aeroloss_ai\data\processed\patches\hide_craze\patch_00050.jpg
patch_00053,1035,craze,108,377,1011,783,903,406,34.9634,0.45,0.642,2,patches\craze\patch_00053.jpg,C:\Users\akhil\.gemini\antigravity\scratch\aeroloss_ai\data\processed\patches\craze\patch_00053.jpg
patch_00054,1036,craze,120,439,917,870,797,431,32.7594,0.541,0.699,2,patches\craze\patch_00054.jpg,C:\Users\akhil\.gemini\antigravity\scratch\aeroloss_ai\data\processed\patches\craze\patch_00054.jpg
patch_00055,1037,corrosion,467,27,608,1005,141,978,13.151,6.936,0.593,3,patches\corrosion\patch_00055.jpg,C:\Users\akhil\.gemini\antigravity\scratch\aeroloss_ai\data\processed\patches\corrosion\patch_00055.jpg
patch_00056,1038,craze,281,13,583,780,302,767,22.0903,2.54,0.502,2,patches\craze\patch_00056.jpg,C:\Users\akhil\.gemini\antigravity\scratch\aeroloss_ai\data\processed\patches\craze\patch_00056.jpg
patch_00058,104,crack,406,419,697,663,291,244,6.7715,0.838,0.612,5,patches\crack\patch_00058.jpg,C:\Users\akhil\.gemini\antigravity\scratch\aeroloss_ai\data\processed\patches\crack\patch_00058.jpg
patch_00059,1040,craze,600,114,734,963,134,849,10.8496,6.336,0.61,2,patches\craze\patch_00059.jpg,C:\Users\akhil\.gemini\antigravity\scratch\aeroloss_ai\data\processed\patches\craze\patch_00059.jpg
patch_00060,1040,craze,761,360,1024,917,263,557,13.9705,2.118,0.686,2,patches\craze\patch_00060.jpg,C:\Users\akhil\.gemini\antigravity\scratch\aeroloss_ai\data\processed\patches\craze\patch_00060.jpg
patch_00061,1041,craze,620,114,859,492,239,378,8.6157,1.582,0.431,2,patches\craze\patch_00061.jpg,C:\Users\akhil\.gemini\antigravity\scratch\aeroloss_ai\data\processed\patches\craze\patch_00061.jpg
patch_00062,1041,hide_craze,478,522,698,835,220,313,6.567,1.423,0.717,4,patches\hide_craze\patch_00062.jpg,C:\Users\akhil\.gemini\antigravity\scratch\aeroloss_ai\data\processed\patches\hide_craze\patch_00062.jpg
patch_00063,1042,corrosion,462,378,503,944,41,566,2.2131,13.805,0.703,2,patches\corrosion\patch_00063.jpg,C:\Users\akhil\.gemini\antigravity\scratch\aeroloss_ai\data\processed\patches\corrosion\patch_00063.jpg
patch_00064,1043,corrosion,116,2,600,1024,484,1022,47.1733,2.112,0.591,3,patches\corrosion\patch_00064.jpg,C:\Users\akhil\.gemini\antigravity\scratch\aeroloss_ai\data\processed\patches\corrosion\patch_00064.jpg
patch_00065,1044,hide_craze,128,164,445,272,317,108,3.265,0.341,0.366,3,patches\hide_craze\patch_00065.jpg,C:\Users\akhil\.gemini\antigravity\scratch\aeroloss_ai\data\processed\patches\hide_craze\patch_00065.jpg
patch_00066,1045,corrosion,700,149,833,764,133,615,7.8006,4.624,0.548,3,patches\corrosion\patch_00066.jpg,C:\Users\akhil\.gemini\antigravity\scratch\aeroloss_ai\data\processed\patches\corrosion\patch_00066.jpg
patch_00067,1046,craze,461,285,767,702,306,417,12.1691,1.363,0.576,2,patches\craze\patch_00067.jpg,C:\Users\akhil\.gemini\antigravity\scratch\aeroloss_ai\data\processed\patches\craze\patch_00067.jpg
patch_00069,1048,corrosion,483,241,583,995,100,754,7.1907,7.54,0.671,3,patches\corrosion\patch_00069.jpg,C:\Users\akhil\.gemini\antigravity\scratch\aeroloss_ai\data\processed\patches\corrosion\patch_00069.jpg
patch_00070,1049,corrosion,2,395,489,503,487,108,5.0159,0.222,0.542,3,patches\corrosion\patch_00070.jpg,C:\Users\akhil\.gemini\antigravity\scratch\aeroloss_ai\data\processed\patches\corrosion\patch_00070.jpg
patch_00071,1049,corrosion,514,422,1022,583,508,161,7.7999,0.317,0.583,3,patches\corrosion\patch_00071.jpg,C:\Users\akhil\.gemini\antigravity\scratch\aeroloss_ai\data\processed\patches\corrosion\patch_00071.jpg
patch_00072,105,surface_injure,364,456,564,853,200,397,7.5722,1.985,0.699,3,patches\surface_injure\patch_00072.jpg,C:\Users\akhil\.gemini\antigravity\scratch\aeroloss_ai\data\processed\patches\surface_injure\patch_00072.jpg
patch_00073,1050,crack,316,14,644,405,328,391,12.2307,1.192,0.36,5,patches\crack\patch_00073.jpg,C:\Users\akhil\.gemini\antigravity\scratch\aeroloss_ai\data\processed\patches\crack\patch_00073.jpg
patch_00074,1051,craze,425,688,850,836,425,148,5.9986,0.348,0.78,2,patches\craze\patch_00074.jpg,C:\Users\akhil\.gemini\antigravity\scratch\aeroloss_ai\data\processed\patches\craze\patch_00074.jpg
patch_00075,1052,surface_injure,103,586,177,1017,74,431,3.0416,5.824,0.811,2,patches\surface_injure\patch_00075.jpg,C:\Users\akhil\.gemini\antigravity\scratch\aeroloss_ai\data\processed\patches\surface_injure\patch_00075.jpg
patch_00076,1052,surface_injure,727,6,1024,325,297,319,9.0354,1.074,0.326,3,patches\surface_injure\patch_00076.jpg,C:\Users\akhil\.gemini\antigravity\scratch\aeroloss_ai\data\processed\patches\surface_injure\patch_00076.jpg
patch_00077,1053,craze,172,181,694,606,522,425,21.1573,0.814,0.5,2,patches\craze\patch_00077.jpg,C:\Users\akhil\.gemini\antigravity\scratch\aeroloss_ai\data\processed\patches\craze\patch_00077.jpg
patch_00078,1054,crack,527,169,670,761,143,592,8.0734,4.14,0.554,5,patches\crack\patch_00078.jpg,C:\Users\akhil\.gemini\antigravity\scratch\aeroloss_ai\data\processed\patches\crack\patch_00078.jpg
patch_00079,1055,crack,484,60,617,658,133,598,7.585,4.496,0.473,5,patches\crack\patch_00079.jpg,C:\Users\akhil\.gemini\antigravity\scratch\aeroloss_ai\data\processed\patches\crack\patch_00079.jpg
patch_00081,1057,crack,484,166,542,220,58,54,0.2987,0.931,0.347,3,patches\crack\patch_00081.jpg,C:\Users\akhil\.gemini\antigravity\scratch\aeroloss_ai\data\processed\patches\crack\patch_00081.jpg
patch_00082,1058,crack,106,333,191,644,85,311,2.521,3.659,0.572,4,patches\crack\patch_00082.jpg,C:\Users\akhil\.gemini\antigravity\scratch\aeroloss_ai\data\processed\patches\crack\patch_00082.jpg
patch_00083,1058,crack,383,100,592,528,209,428,8.5308,2.048,0.439,5,patches\crack\patch_00083.jpg,C:\Users\akhil\.gemini\antigravity\scratch\aeroloss_ai\data\processed\patches\crack\patch_00083.jpg
patch_00092,1060,surface_injure,77,578,134,1017,57,439,2.3864,7.702,0.807,2,patches\surface_injure\patch_00092.jpg,C:\Users\akhil\.gemini\antigravity\scratch\aeroloss_ai\data\processed\patches\surface_injure\patch_00092.jpg
patch_00093,1060,surface_injure,1,1,533,233,532,232,11.7706,0.436,0.289,3,patches\surface_injure\patch_00093.jpg,C:\Users\akhil\.gemini\antigravity\scratch\aeroloss_ai\data\processed\patches\surface_injure\patch_00093.jpg
patch_00094,1060,surface_injure,548,1,994,472,446,471,20.0335,1.056,0.38,3,patches\surface_injure\patch_00094.jpg,C:\Users\akhil\.gemini\antigravity\scratch\aeroloss_ai\data\processed\patches\surface_injure\patch_00094.jpg
patch_00096,1062,crack,273,394,319,594,46,200,0.8774,4.348,0.576,4,patches\crack\patch_00096.jpg,C:\Users\akhil\.gemini\antigravity\scratch\aeroloss_ai\data\processed\patches\crack\patch_00096.jpg
patch_00097,1062,crack,428,266,566,536,138,270,3.5534,1.957,0.505,4,patches\crack\patch_00097.jpg,C:\Users\akhil\.gemini\antigravity\scratch\aeroloss_ai\data\processed\patches\crack\patch_00097.jpg
patch_00098,1063,corrosion,241,530,323,1011,82,481,3.7615,5.866,0.787,2,patches\corrosion\patch_00098.jpg,C:\Users\akhil\.gemini\antigravity\scratch\aeroloss_ai\data\processed\patches\corrosion\patch_00098.jpg
patch_00099,1063,corrosion,295,13,423,516,128,503,6.1401,3.93,0.401,3,patches\corrosion\patch_00099.jpg,C:\Users\akhil\.gemini\antigravity\scratch\aeroloss_ai\data\processed\patches\corrosion\patch_00099.jpg
patch_00103,108,thunderstrike,542,313,911,800,369,487,17.1378,1.32,0.624,5,patches\thunderstrike\patch_00103.jpg,C:\Users\akhil\.gemini\antigravity\scratch\aeroloss_ai\data\processed\patches\thunderstrike\patch_00103.jpg
patch_00104,108,surface_injure,928,2,1014,781,86,779,6.389,9.058,0.498,3,patches\surface_injure\patch_00104.jpg,C:\Users\akhil\.gemini\antigravity\scratch\aeroloss_ai\data\processed\patches\surface_injure\patch_00104.jpg
patch_00105,108,surface_injure,342,10,534,935,192,925,16.9373,4.818,0.56,3,patches\surface_injure\patch_00105.jpg,C:\Users\akhil\.gemini\antigravity\scratch\aeroloss_ai\data\processed\patches\surface_injure\patch_00105.jpg
patch_00107,11,surface_injure,741,106,825,177,84,71,0.5688,0.845,0.308,2,patches\surface_injure\patch_00107.jpg,C:\Users\akhil\.gemini\antigravity\scratch\aeroloss_ai\data\processed\patches\surface_injure\patch_00107.jpg
patch_00109,111,crack,416,263,586,402,170,139,2.2535,0.818,0.453,4,patches\crack\patch_00109.jpg,C:\Users\akhil\.gemini\antigravity\scratch\aeroloss_ai\data\processed\patches\crack\patch_00109.jpg
patch_00110,112,thunderstrike,250,320,600,695,350,375,12.517,1.071,0.587,5,patches\thunderstrike\patch_00110.jpg,C:\Users\akhil\.gemini\antigravity\scratch\aeroloss_ai\data\processed\patches\thunderstrike\patch_00110.jpg
patch_00111,112,surface_injure,56,95,691,281,635,186,11.2638,0.293,0.343,3,patches\surface_injure\patch_00111.jpg,C:\Users\akhil\.gemini\antigravity\scratch\aeroloss_ai\data\processed\patches\surface_injure\patch_00111.jpg
patch_00114,114,hide_craze,639,625,691,985,52,360,1.7853,6.923,0.813,3,patches\hide_craze\patch_00114.jpg,C:\Users\akhil\.gemini\antigravity\scratch\aeroloss_ai\data\processed\patches\hide_craze\patch_00114.jpg
patch_00115,114,hide_craze,689,10,773,606,84,596,4.7745,7.095,0.435,3,patches\hide_craze\patch_00115.jpg,C:\Users\akhil\.gemini\antigravity\scratch\aeroloss_ai\data\processed\patches\hide_craze\patch_00115.jpg
patch_00116,115,corrosion,302,438,447,977,145,539,7.4534,3.717,0.739,3,patches\corrosion\patch_00116.jpg,C:\Users\akhil\.gemini\antigravity\scratch\aeroloss_ai\data\processed\patches\corrosion\patch_00116.jpg
patch_00117,115,corrosion,406,24,555,427,149,403,5.7265,2.705,0.372,3,patches\corrosion\patch_00117.jpg,C:\Users\akhil\.gemini\antigravity\scratch\aeroloss_ai\data\processed\patches\corrosion\patch_00117.jpg
patch_00118,116,surface_injure,491,670,536,714,45,44,0.1888,0.978,0.727,1,patches\surface_injure\patch_00118.jpg,C:\Users\akhil\.gemini\antigravity\scratch\aeroloss_ai\data\processed\patches\surface_injure\patch_00118.jpg
patch_00119,116,hide_craze,456,450,481,516,25,66,0.1574,2.64,0.568,2,patches\hide_craze\patch_00119.jpg,C:\Users\akhil\.gemini\antigravity\scratch\aeroloss_ai\data\processed\patches\hide_craze\patch_00119.jpg
patch_00120,116,hide_craze,437,86,486,439,49,353,1.6496,7.204,0.4,3,patches\hide_craze\patch_00120.jpg,C:\Users\akhil\.gemini\antigravity\scratch\aeroloss_ai\data\processed\patches\hide_craze\patch_00120.jpg
patch_00121,117,craze,402,356,1023,1008,621,652,38.6135,1.05,0.719,2,patches\craze\patch_00121.jpg,C:\Users\akhil\.gemini\antigravity\scratch\aeroloss_ai\data\processed\patches\craze\patch_00121.jpg
patch_00122,118,surface_injure,695,277,814,1002,119,725,8.2278,6.092,0.687,3,patches\surface_injure\patch_00122.jpg,C:\Users\akhil\.gemini\antigravity\scratch\aeroloss_ai\data\processed\patches\surface_injure\patch_00122.jpg
patch_00123,119,thunderstrike,547,449,639,642,92,193,1.6933,2.098,0.616,5,patches\thunderstrike\patch_00123.jpg,C:\Users\akhil\.gemini\antigravity\scratch\aeroloss_ai\data\processed\patches\thunderstrike\patch_00123.jpg
patch_00126,121,hide_craze,722,13,1012,242,290,229,6.3334,0.79,0.297,4,patches\hide_craze\patch_00126.jpg,C:\Users\akhil\.gemini\antigravity\scratch\aeroloss_ai\data\processed\patches\hide_craze\patch_00126.jpg
patch_00127,122,hide_craze,89,431,336,472,247,41,0.9658,0.166,0.544,3,patches\hide_craze\patch_00127.jpg,C:\Users\akhil\.gemini\antigravity\scratch\aeroloss_ai\data\processed\patches\hide_craze\patch_00127.jpg
patch_00128,122,hide_craze,762,281,991,306,229,25,0.546,0.109,0.424,3,patches\hide_craze\patch_00128.jpg,C:\Users\akhil\.gemini\antigravity\scratch\aeroloss_ai\data\processed\patches\hide_craze\patch_00128.jpg
patch_00129,123,craze,459,20,561,208,102,188,1.8288,1.843,0.287,1,patches\craze\patch_00129.jpg,C:\Users\akhil\.gemini\antigravity\scratch\aeroloss_ai\data\processed\patches\craze\patch_00129.jpg
patch_00130,123,craze,481,222,595,581,114,359,3.903,3.149,0.506,1,patches\craze\patch_00130.jpg,C:\Users\akhil\.gemini\antigravity\scratch\aeroloss_ai\data\processed\patches\craze\patch_00130.jpg
patch_00131,123,craze,492,606,620,944,128,338,4.126,2.641,0.79,1,patches\craze\patch_00131.jpg,C:\Users\akhil\.gemini\antigravity\scratch\aeroloss_ai\data\processed\patches\craze\patch_00131.jpg
patch_00132,124,hide_craze,173,13,295,1008,122,995,11.5767,8.156,0.589,4,patches\hide_craze\patch_00132.jpg,C:\Users\akhil\.gemini\antigravity\scratch\aeroloss_ai\data\processed\patches\hide_craze\patch_00132.jpg
patch_00133,125,hide_craze,330,538,819,569,489,31,1.4457,0.063,0.622,3,patches\hide_craze\patch_00133.jpg,C:\Users\akhil\.gemini\antigravity\scratch\aeroloss_ai\data\processed\patches\hide_craze\patch_00133.jpg
patch_00134,125,hide_craze,928,544,1023,569,95,25,0.2265,0.263,0.624,2,patches\hide_craze\patch_00134.jpg,C:\Users\akhil\.gemini\antigravity\scratch\aeroloss_ai\data\processed\patches\hide_craze\patch_00134.jpg
patch_00135,126,craze,56,664,164,872,108,208,2.1423,1.926,0.785,1,patches\craze\patch_00135.jpg,C:\Users\akhil\.gemini\antigravity\scratch\aeroloss_ai\data\processed\patches\craze\patch_00135.jpg
patch_00136,126,craze,594,110,702,706,108,596,6.1386,5.519,0.511,2,patches\craze\patch_00136.jpg,C:\Users\akhil\.gemini\antigravity\scratch\aeroloss_ai\data\processed\patches\craze\patch_00136.jpg
patch_00137,126,craze,336,339,572,681,236,342,7.6973,1.449,0.588,2,patches\craze\patch_00137.jpg,C:\Users\akhil\.gemini\antigravity\scratch\aeroloss_ai\data\processed\patches\craze\patch_00137.jpg
patch_00138,126,surface_injure,694,3,1000,156,306,153,4.4649,0.5,0.261,2,patches\surface_injure\patch_00138.jpg,C:\Users\akhil\.gemini\antigravity\scratch\aeroloss_ai\data\processed\patches\surface_injure\patch_00138.jpg
patch_00139,127,surface_injure,1,2,117,980,116,978,10.8192,8.431,0.574,3,patches\surface_injure\patch_00139.jpg,C:\Users\akhil\.gemini\antigravity\scratch\aeroloss_ai\data\processed\patches\surface_injure\patch_00139.jpg
patch_00140,127,surface_injure,125,1,812,391,687,390,25.5518,0.568,0.349,3,patches\surface_injure\patch_00140.jpg,C:\Users\akhil\.gemini\antigravity\scratch\aeroloss_ai\data\processed\patches\surface_injure\patch_00140.jpg
patch_00141,128,surface_injure,427,780,534,836,107,56,0.5714,0.523,0.815,2,patches\surface_injure\patch_00141.jpg,C:\Users\akhil\.gemini\antigravity\scratch\aeroloss_ai\data\processed\patches\surface_injure\patch_00141.jpg
patch_00142,129,hide_craze,422,1,562,964,140,963,12.8574,6.879,0.568,4,patches\hide_craze\patch_00142.jpg,C:\Users\akhil\.gemini\antigravity\scratch\aeroloss_ai\data\processed\patches\hide_craze\patch_00142.jpg
patch_00143,13,hide_craze,11,649,162,808,151,159,2.2897,1.053,0.755,3,patches\hide_craze\patch_00143.jpg,C:\Users\akhil\.gemini\antigravity\scratch\aeroloss_ai\data\processed\patches\hide_craze\patch_00143.jpg
patch_00144,13,hide_craze,483,611,514,775,31,164,0.4848,5.29,0.728,2,patches\hide_craze\patch_00144.jpg,C:\Users\akhil\.gemini\antigravity\scratch\aeroloss_ai\data\processed\patches\hide_craze\patch_00144.jpg
patch_00145,130,crack,100,233,170,583,70,350,2.3365,5.0,0.511,4,patches\crack\patch_00145.jpg,C:\Users\akhil\.gemini\antigravity\scratch\aeroloss_ai\data\processed\patches\crack\patch_00145.jpg
patch_00146,130,crack,420,8,697,469,277,461,12.1781,1.664,0.382,5,patches\crack\patch_00146.jpg,C:\Users\akhil\.gemini\antigravity\scratch\aeroloss_ai\data\processed\patches\crack\patch_00146.jpg
patch_00147,131,surface_injure,391,650,520,830,129,180,2.2144,1.395,0.764,2,patches\surface_injure\patch_00147.jpg,C:\Users\akhil\.gemini\antigravity\scratch\aeroloss_ai\data\processed\patches\surface_injure\patch_00147.jpg
patch_00148,132,corrosion,550,585,956,674,406,89,3.446,0.219,0.68,2,patches\corrosion\patch_00148.jpg,C:\Users\akhil\.gemini\antigravity\scratch\aeroloss_ai\data\processed\patches\corrosion\patch_00148.jpg
patch_00149,132,corrosion,267,513,530,592,263,79,1.9814,0.3,0.621,2,patches\corrosion\patch_00149.jpg,C:\Users\akhil\.gemini\antigravity\scratch\aeroloss_ai\data\processed\patches\corrosion\patch_00149.jpg
patch_00150,133,crack,420,50,555,630,135,580,7.4673,4.296,0.459,5,patches\crack\patch_00150.jpg,C:\Users\akhil\.gemini\antigravity\scratch\aeroloss_ai\data\processed\patches\crack\patch_00150.jpg
patch_00151,134,crack,472,252,633,420,161,168,2.5795,1.043,0.456,4,patches\crack\patch_00151.jpg,C:\Users\akhil\.gemini\antigravity\scratch\aeroloss_ai\data\processed\patches\crack\patch_00151.jpg
patch_00152,135,craze,9,10,220,197,211,187,3.7629,0.886,0.279,1,patches\craze\patch_00152.jpg,C:\Users\akhil\.gemini\antigravity\scratch\aeroloss_ai\data\processed\patches\craze\patch_00152.jpg
patch_00153,135,craze,253,192,545,528,292,336,9.3567,1.151,0.474,2,patches\craze\patch_00153.jpg,C:\Users\akhil\.gemini\antigravity\scratch\aeroloss_ai\data\processed\patches\craze\patch_00153.jpg
patch_00154,135,craze,580,463,987,861,407,398,15.4482,0.978,0.704,2,patches\craze\patch_00154.jpg,C:\Users\akhil\.gemini\antigravity\scratch\aeroloss_ai\data\processed\patches\craze\patch_00154.jpg
patch_00157,138,hide_craze,2,77,969,272,967,195,17.983,0.202,0.333,4,patches\hide_craze\patch_00157.jpg,C:\Users\akhil\.gemini\antigravity\scratch\aeroloss_ai\data\processed\patches\hide_craze\patch_00157.jpg
patch_00161,14,hide_craze,170,910,272,972,102,62,0.6031,0.608,0.917,3,patches\hide_craze\patch_00161.jpg,C:\Users\akhil\.gemini\antigravity\scratch\aeroloss_ai\data\processed\patches\hide_craze\patch_00161.jpg
patch_00162,14,surface_injure,261,94,327,153,66,59,0.3714,0.894,0.294,1,patches\surface_injure\patch_00162.jpg,C:\Users\akhil\.gemini\antigravity\scratch\aeroloss_ai\data\processed\patches\surface_injure\patch_00162.jpg
patch_00163,140,hide_craze,311,13,661,520,350,507,16.923,1.449,0.403,4,patches\hide_craze\patch_00163.jpg,C:\Users\akhil\.gemini\antigravity\scratch\aeroloss_ai\data\processed\patches\hide_craze\patch_00163.jpg
patch_00164,140,hide_craze,681,527,1014,930,333,403,12.7982,1.21,0.755,4,patches\hide_craze\patch_00164.jpg,C:\Users\akhil\.gemini\antigravity\scratch\aeroloss_ai\data\processed\patches\hide_craze\patch_00164.jpg
patch_00166,142,surface_injure,53,488,947,586,894,98,8.3553,0.11,0.609,3,patches\surface_injure\patch_00166.jpg,C:\Users\akhil\.gemini\antigravity\scratch\aeroloss_ai\data\processed\patches\surface_injure\patch_00166.jpg
patch_00167,143,crack,370,185,556,819,186,634,11.2461,3.409,0.582,5,patches\crack\patch_00167.jpg,C:\Users\akhil\.gemini\antigravity\scratch\aeroloss_ai\data\processed\patches\crack\patch_00167.jpg
patch_00168,144,hide_craze,83,281,125,478,42,197,0.7891,4.69,0.489,3,patches\hide_craze\patch_00168.jpg,C:\Users\akhil\.gemini\antigravity\scratch\aeroloss_ai\data\processed\patches\hide_craze\patch_00168.jpg
patch_00169,144,hide_craze,8,411,917,524,909,113,9.7959,0.124,0.556,4,patches\hide_craze\patch_00169.jpg,C:\Users\akhil\.gemini\antigravity\scratch\aeroloss_ai\data\processed\patches\hide_craze\patch_00169.jpg
patch_00170,144,hide_craze,198,472,230,764,32,292,0.8911,9.125,0.671,3,patches\hide_craze\patch_00170.jpg,C:\Users\akhil\.gemini\antigravity\scratch\aeroloss_ai\data\processed\patches\hide_craze\patch_00170.jpg
patch_00171,144,hide_craze,808,252,853,413,45,161,0.6909,3.578,0.453,3,patches\hide_craze\patch_00171.jpg,C:\Users\akhil\.gemini\antigravity\scratch\aeroloss_ai\data\processed\patches\hide_craze\patch_00171.jpg
patch_00172,145,surface_injure,748,475,958,803,210,328,6.5689,1.562,0.687,3,patches\surface_injure\patch_00172.jpg,C:\Users\akhil\.gemini\antigravity\scratch\aeroloss_ai\data\processed\patches\surface_injure\patch_00172.jpg
patch_00173,146,hide_craze,312,266,512,725,200,459,8.7547,2.295,0.577,4,patches\hide_craze\patch_00173.jpg,C:\Users\akhil\.gemini\antigravity\scratch\aeroloss_ai\data\processed\patches\hide_craze\patch_00173.jpg
patch_00174,147,hide_craze,339,505,402,847,63,342,2.0548,5.429,0.715,3,patches\hide_craze\patch_00174.jpg,C:\Users\akhil\.gemini\antigravity\scratch\aeroloss_ai\data\processed\patches\hide_craze\patch_00174.jpg
patch_00175,148,hide_craze,516,869,602,999,86,130,1.0662,1.512,0.911,3,patches\hide_craze\patch_00175.jpg,C:\Users\akhil\.gemini\antigravity\scratch\aeroloss_ai\data\processed\patches\hide_craze\patch_00175.jpg
patch_00176,148,hide_craze,531,381,647,516,116,135,1.4935,1.164,0.542,3,patches\hide_craze\patch_00176.jpg,C:\Users\akhil\.gemini\antigravity\scratch\aeroloss_ai\data\processed\patches\hide_craze\patch_00176.jpg
patch_00177,149,surface_injure,95,700,381,758,286,58,1.582,0.203,0.755,2,patches\surface_injure\patch_00177.jpg,C:\Users\akhil\.gemini\antigravity\scratch\aeroloss_ai\data\processed\patches\surface_injure\patch_00177.jpg
patch_00178,15,craze,280,166,703,280,423,114,4.5988,0.27,0.37,1,patches\craze\patch_00178.jpg,C:\Users\akhil\.gemini\antigravity\scratch\aeroloss_ai\data\processed\patches\craze\patch_00178.jpg
patch_00179,150,surface_injure,608,500,737,633,129,133,1.6362,1.031,0.632,2,patches\surface_injure\patch_00179.jpg,C:\Users\akhil\.gemini\antigravity\scratch\aeroloss_ai\data\processed\patches\surface_injure\patch_00179.jpg
patch_00180,150,surface_injure,877,541,1019,647,142,106,1.4355,0.746,0.652,2,patches\surface_injure\patch_00180.jpg,C:\Users\akhil\.gemini\antigravity\scratch\aeroloss_ai\data\processed\patches\surface_injure\patch_00180.jpg
patch_00181,151,hide_craze,614,406,661,885,47,479,2.147,10.191,0.692,3,patches\hide_craze\patch_00181.jpg,C:\Users\akhil\.gemini\antigravity\scratch\aeroloss_ai\data\processed\patches\hide_craze\patch_00181.jpg
patch_00182,152,crack,706,381,752,597,46,216,0.9476,4.696,0.572,4,patches\crack\patch_00182.jpg,C:\Users\akhil\.gemini\antigravity\scratch\aeroloss_ai\data\processed\patches\crack\patch_00182.jpg
patch_00183,152,crack,477,261,605,519,128,258,3.1494,2.016,0.497,4,patches\crack\patch_00183.jpg,C:\Users\akhil\.gemini\antigravity\scratch\aeroloss_ai\data\processed\patches\crack\patch_00183.jpg
patch_00184,153,craze,427,354,1024,1019,597,665,37.8613,1.114,0.723,2,patches\craze\patch_00184.jpg,C:\Users\akhil\.gemini\antigravity\scratch\aeroloss_ai\data\processed\patches\craze\patch_00184.jpg
patch_00185,154,corrosion,352,1,625,567,273,566,14.736,2.073,0.416,3,patches\corrosion\patch_00185.jpg,C:\Users\akhil\.gemini\antigravity\scratch\aeroloss_ai\data\processed\patches\corrosion\patch_00185.jpg
patch_00186,154,corrosion,561,586,745,1014,184,428,7.5104,2.326,0.809,3,patches\corrosion\patch_00186.jpg,C:\Users\akhil\.gemini\antigravity\scratch\aeroloss_ai\data\processed\patches\corrosion\patch_00186.jpg
patch_00187,155,thunderstrike,323,339,728,661,405,322,12.4369,0.795,0.581,5,patches\thunderstrike\patch_00187.jpg,C:\Users\akhil\.gemini\antigravity\scratch\aeroloss_ai\data\processed\patches\thunderstrike\patch_00187.jpg
patch_00188,155,surface_injure,778,194,947,735,169,541,8.7193,3.201,0.554,3,patches\surface_injure\patch_00188.jpg,C:\Users\akhil\.gemini\antigravity\scratch\aeroloss_ai\data\processed\patches\surface_injure\patch_00188.jpg
patch_00189,155,surface_injure,227,278,311,613,84,335,2.6836,3.988,0.539,2,patches\surface_injure\patch_00189.jpg,C:\Users\akhil\.gemini\antigravity\scratch\aeroloss_ai\data\processed\patches\surface_injure\patch_00189.jpg
patch_00190,155,surface_injure,334,205,761,303,427,98,3.9907,0.23,0.393,2,patches\surface_injure\patch_00190.jpg,C:\Users\akhil\.gemini\antigravity\scratch\aeroloss_ai\data\processed\patches\surface_injure\patch_00190.jpg
patch_00191,155,surface_injure,334,672,761,736,427,64,2.6062,0.15,0.736,2,patches\surface_injure\patch_00191.jpg,C:\Users\akhil\.gemini\antigravity\scratch\aeroloss_ai\data\processed\patches\surface_injure\patch_00191.jpg
patch_00192,156,craze,577,500,825,774,248,274,6.4804,1.105,0.685,2,patches\craze\patch_00192.jpg,C:\Users\akhil\.gemini\antigravity\scratch\aeroloss_ai\data\processed\patches\craze\patch_00192.jpg
patch_00193,157,crack,436,278,505,749,69,471,3.0993,6.826,0.591,4,patches\crack\patch_00193.jpg,C:\Users\akhil\.gemini\antigravity\scratch\aeroloss_ai\data\processed\patches\crack\patch_00193.jpg
patch_00196,159,crack,528,149,603,435,75,286,2.0456,3.813,0.422,4,patches\crack\patch_00196.jpg,C:\Users\akhil\.gemini\antigravity\scratch\aeroloss_ai\data\processed\patches\crack\patch_00196.jpg
patch_00197,16,craze,180,214,389,295,209,81,1.6145,0.388,0.394,1,patches\craze\patch_00197.jpg,C:\Users\akhil\.gemini\antigravity\scratch\aeroloss_ai\data\processed\patches\craze\patch_00197.jpg
patch_00198,160,corrosion,450,10,656,1005,206,995,19.5475,4.83,0.587,3,patches\corrosion\patch_00198.jpg,C:\Users\akhil\.gemini\antigravity\scratch\aeroloss_ai\data\processed\patches\corrosion\patch_00198.jpg
patch_00199,161,corrosion,450,8,878,1020,428,1012,41.3071,2.364,0.592,3,patches\corrosion\patch_00199.jpg,C:\Users\akhil\.gemini\antigravity\scratch\aeroloss_ai\data\processed\patches\corrosion\patch_00199.jpg
patch_00200,162,corrosion,348,16,441,428,93,412,3.6541,4.43,0.369,2,patches\corrosion\patch_00200.jpg,C:\Users\akhil\.gemini\antigravity\scratch\aeroloss_ai\data\processed\patches\corrosion\patch_00200.jpg
patch_00201,162,corrosion,392,444,491,1013,99,569,5.3721,5.747,0.755,3,patches\corrosion\patch_00201.jpg,C:\Users\akhil\.gemini\antigravity\scratch\aeroloss_ai\data\processed\patches\corrosion\patch_00201.jpg
patch_00202,163,hide_craze,517,263,577,400,60,137,0.7839,2.283,0.453,3,patches\hide_craze\patch_00202.jpg,C:\Users\akhil\.gemini\antigravity\scratch\aeroloss_ai\data\processed\patches\hide_craze\patch_00202.jpg
patch_00203,164,crack,386,413,689,691,303,278,8.0332,0.917,0.62,5,patches\crack\patch_00203.jpg,C:\Users\akhil\.gemini\antigravity\scratch\aeroloss_ai\data\processed\patches\crack\patch_00203.jpg
patch_00206,166,craze,295,305,584,406,289,101,2.7837,0.349,0.471,1,patches\craze\patch_00206.jpg,C:\Users\akhil\.gemini\antigravity\scratch\aeroloss_ai\data\processed\patches\craze\patch_00206.jpg
patch_00207,167,craze,422,14,898,800,476,786,35.6804,1.651,0.51,2,patches\craze\patch_00207.jpg,C:\Users\akhil\.gemini\antigravity\scratch\aeroloss_ai\data\processed\patches\craze\patch_00207.jpg
patch_00208,167,craze,181,8,341,300,160,292,4.4556,1.825,0.317,1,patches\craze\patch_00208.jpg,C:\Users\akhil\.gemini\antigravity\scratch\aeroloss_ai\data\processed\patches\craze\patch_00208.jpg
patch_00210,169,surface_injure,462,308,592,374,130,66,0.8183,0.508,0.46,2,patches\surface_injure\patch_00210.jpg,C:\Users\akhil\.gemini\antigravity\scratch\aeroloss_ai\data\processed\patches\surface_injure\patch_00210.jpg
patch_00211,169,craze,637,333,959,456,322,123,3.7771,0.382,0.5,1,patches\craze\patch_00211.jpg,C:\Users\akhil\.gemini\antigravity\scratch\aeroloss_ai\data\processed\patches\craze\patch_00211.jpg
patch_00212,17,thunderstrike,277,3,977,489,700,486,32.444,0.694,0.387,5,patches\thunderstrike\patch_00212.jpg,C:\Users\akhil\.gemini\antigravity\scratch\aeroloss_ai\data\processed\patches\thunderstrike\patch_00212.jpg
patch_00213,170,corrosion,1,1,442,422,441,421,17.706,0.955,0.361,3,patches\corrosion\patch_00213.jpg,C:\Users\akhil\.gemini\antigravity\scratch\aeroloss_ai\data\processed\patches\corrosion\patch_00213.jpg
patch_00214,170,corrosion,455,272,748,661,293,389,10.8697,1.328,0.555,3,patches\corrosion\patch_00214.jpg,C:\Users\akhil\.gemini\antigravity\scratch\aeroloss_ai\data\processed\patches\corrosion\patch_00214.jpg
patch_00215,170,corrosion,753,505,1023,863,270,358,9.2182,1.326,0.721,3,patches\corrosion\patch_00215.jpg,C:\Users\akhil\.gemini\antigravity\scratch\aeroloss_ai\data\processed\patches\corrosion\patch_00215.jpg
patch_00216,171,hide_craze,58,475,186,1011,128,536,6.543,4.188,0.766,4,patches\hide_craze\patch_00216.jpg,C:\Users\akhil\.gemini\antigravity\scratch\aeroloss_ai\data\processed\patches\hide_craze\patch_00216.jpg
patch_00217,171,hide_craze,176,94,336,484,160,390,5.9509,2.438,0.42,4,patches\hide_craze\patch_00217.jpg,C:\Users\akhil\.gemini\antigravity\scratch\aeroloss_ai\data\processed\patches\hide_craze\patch_00217.jpg
patch_00218,172,craze,294,260,731,545,437,285,11.8775,0.652,0.507,2,patches\craze\patch_00218.jpg,C:\Users\akhil\.gemini\antigravity\scratch\aeroloss_ai\data\processed\patches\craze\patch_00218.jpg
patch_00219,172,craze,756,570,1006,778,250,208,4.9591,0.832,0.713,1,patches\craze\patch_00219.jpg,C:\Users\akhil\.gemini\antigravity\scratch\aeroloss_ai\data\processed\patches\craze\patch_00219.jpg
patch_00220,173,craze,94,635,1000,835,906,200,17.2806,0.221,0.76,2,patches\craze\patch_00220.jpg,C:\Users\akhil\.gemini\antigravity\scratch\aeroloss_ai\data\processed\patches\craze\patch_00220.jpg
patch_00222,175,craze,1,2,242,197,241,195,4.4818,0.809,0.276,1,patches\craze\patch_00222.jpg,C:\Users\akhil\.gemini\antigravity\scratch\aeroloss_ai\data\processed\patches\craze\patch_00222.jpg
patch_00223,175,craze,259,203,592,550,333,347,11.0198,1.042,0.487,2,patches\craze\patch_00223.jpg,C:\Users\akhil\.gemini\antigravity\scratch\aeroloss_ai\data\processed\patches\craze\patch_00223.jpg
patch_00224,175,craze,612,495,983,864,371,369,13.0557,0.995,0.718,2,patches\craze\patch_00224.jpg,C:\Users\akhil\.gemini\antigravity\scratch\aeroloss_ai\data\processed\patches\craze\patch_00224.jpg
patch_00225,176,crack,347,103,406,286,59,183,1.0297,3.102,0.348,4,patches\crack\patch_00225.jpg,C:\Users\akhil\.gemini\antigravity\scratch\aeroloss_ai\data\processed\patches\crack\patch_00225.jpg
patch_00226,176,crack,464,125,522,335,58,210,1.1616,3.621,0.375,4,patches\crack\patch_00226.jpg,C:\Users\akhil\.gemini\antigravity\scratch\aeroloss_ai\data\processed\patches\crack\patch_00226.jpg
patch_00227,177,craze,36,392,647,510,611,118,6.8758,0.193,0.544,2,patches\craze\patch_00227.jpg,C:\Users\akhil\.gemini\antigravity\scratch\aeroloss_ai\data\processed\patches\craze\patch_00227.jpg
patch_00231,179,crack,422,142,508,391,86,249,2.0422,2.895,0.403,4,patches\crack\patch_00231.jpg,C:\Users\akhil\.gemini\antigravity\scratch\aeroloss_ai\data\processed\patches\crack\patch_00231.jpg
patch_00232,18,craze,127,385,1009,722,882,337,28.3464,0.382,0.622,2,patches\craze\patch_00232.jpg,C:\Users\akhil\.gemini\antigravity\scratch\aeroloss_ai\data\processed\patches\craze\patch_00232.jpg
patch_00233,180,craze,287,444,550,928,263,484,12.1395,1.84,0.723,2,patches\craze\patch_00233.jpg,C:\Users\akhil\.gemini\antigravity\scratch\aeroloss_ai\data\processed\patches\craze\patch_00233.jpg
patch_00234,181,craze,8,480,1020,714,1012,234,22.5838,0.231,0.655,2,patches\craze\patch_00234.jpg,C:\Users\akhil\.gemini\antigravity\scratch\aeroloss_ai\data\processed\patches\craze\patch_00234.jpg
patch_00236,183,crack,527,14,619,324,92,310,2.7199,3.37,0.329,4,patches\crack\patch_00236.jpg,C:\Users\akhil\.gemini\antigravity\scratch\aeroloss_ai\data\processed\patches\crack\patch_00236.jpg
patch_00237,183,crack,344,180,462,402,118,222,2.4982,1.881,0.422,4,patches\crack\patch_00237.jpg,C:\Users\akhil\.gemini\antigravity\scratch\aeroloss_ai\data\processed\patches\crack\patch_00237.jpg
patch_00240,185,hide_craze,398,474,750,502,352,28,0.9399,0.08,0.572,3,patches\hide_craze\patch_00240.jpg,C:\Users\akhil\.gemini\antigravity\scratch\aeroloss_ai\data\processed\patches\hide_craze\patch_00240.jpg
patch_00241,185,hide_craze,122,474,314,497,192,23,0.4211,0.12,0.57,2,patches\hide_craze\patch_00241.jpg,C:\Users\akhil\.gemini\antigravity\scratch\aeroloss_ai\data\processed\patches\hide_craze\patch_00241.jpg
patch_00242,186,thunderstrike,94,345,870,844,776,499,36.9286,0.643,0.653,5,patches\thunderstrike\patch_00242.jpg,C:\Users\akhil\.gemini\antigravity\scratch\aeroloss_ai\data\processed\patches\thunderstrike\patch_00242.jpg
patch_00243,187,crack,119,186,305,311,186,125,2.2173,0.672,0.389,4,patches\crack\patch_00243.jpg,C:\Users\akhil\.gemini\antigravity\scratch\aeroloss_ai\data\processed\patches\crack\patch_00243.jpg
patch_00244,187,crack,595,53,761,200,166,147,2.3272,0.886,0.296,4,patches\crack\patch_00244.jpg,C:\Users\akhil\.gemini\antigravity\scratch\aeroloss_ai\data\processed\patches\crack\patch_00244.jpg
patch_00245,188,crack,272,392,316,592,44,200,0.8392,4.545,0.575,4,patches\crack\patch_00245.jpg,C:\Users\akhil\.gemini\antigravity\scratch\aeroloss_ai\data\processed\patches\crack\patch_00245.jpg
patch_00246,188,crack,430,253,566,547,136,294,3.8132,2.162,0.505,4,patches\crack\patch_00246.jpg,C:\Users\akhil\.gemini\antigravity\scratch\aeroloss_ai\data\processed\patches\crack\patch_00246.jpg
patch_00247,189,craze,286,249,709,552,423,303,12.2231,0.716,0.505,2,patches\craze\patch_00247.jpg,C:\Users\akhil\.gemini\antigravity\scratch\aeroloss_ai\data\processed\patches\craze\patch_00247.jpg
patch_00248,19,surface_injure,311,122,369,208,58,86,0.4757,1.483,0.326,1,patches\surface_injure\patch_00248.jpg,C:\Users\akhil\.gemini\antigravity\scratch\aeroloss_ai\data\processed\patches\surface_injure\patch_00248.jpg
patch_00249,19,surface_injure,205,663,894,999,689,336,22.0779,0.488,0.833,3,patches\surface_injure\patch_00249.jpg,C:\Users\akhil\.gemini\antigravity\scratch\aeroloss_ai\data\processed\patches\surface_injure\patch_00249.jpg
patch_00250,190,surface_injure,219,522,595,908,376,386,13.8412,1.027,0.745,3,patches\surface_injure\patch_00250.jpg,C:\Users\akhil\.gemini\antigravity\scratch\aeroloss_ai\data\processed\patches\surface_injure\patch_00250.jpg
patch_00251,191,thunderstrike,505,145,842,903,337,758,24.3612,2.249,0.599,5,patches\thunderstrike\patch_00251.jpg,C:\Users\akhil\.gemini\antigravity\scratch\aeroloss_ai\data\processed\patches\thunderstrike\patch_00251.jpg
patch_00255,193,craze,581,299,759,477,178,178,3.0216,1.0,0.496,1,patches\craze\patch_00255.jpg,C:\Users\akhil\.gemini\antigravity\scratch\aeroloss_ai\data\processed\patches\craze\patch_00255.jpg
patch_00256,194,thunderstrike,773,300,898,406,125,106,1.2636,0.848,0.469,5,patches\thunderstrike\patch_00256.jpg,C:\Users\akhil\.gemini\antigravity\scratch\aeroloss_ai\data\processed\patches\thunderstrike\patch_00256.jpg
patch_00257,194,thunderstrike,708,102,761,167,53,65,0.3285,1.226,0.302,4,patches\thunderstrike\patch_00257.jpg,C:\Users\akhil\.gemini\antigravity\scratch\aeroloss_ai\data\processed\patches\thunderstrike\patch_00257.jpg
patch_00258,195,craze,227,319,584,410,357,91,3.0982,0.255,0.478,1,patches\craze\patch_00258.jpg,C:\Users\akhil\.gemini\antigravity\scratch\aeroloss_ai\data\processed\patches\craze\patch_00258.jpg
patch_00259,196,surface_injure,12,403,220,724,208,321,6.3675,1.543,0.629,3,patches\surface_injure\patch_00259.jpg,C:\Users\akhil\.gemini\antigravity\scratch\aeroloss_ai\data\processed\patches\surface_injure\patch_00259.jpg
patch_00260,196,surface_injure,242,338,608,538,366,200,6.9809,0.546,0.534,3,patches\surface_injure\patch_00260.jpg,C:\Users\akhil\.gemini\antigravity\scratch\aeroloss_ai\data\processed\patches\surface_injure\patch_00260.jpg
patch_00261,197,craze,219,342,1011,694,792,352,26.5869,0.444,0.595,2,patches\craze\patch_00261.jpg,C:\Users\akhil\.gemini\antigravity\scratch\aeroloss_ai\data\processed\patches\craze\patch_00261.jpg
patch_00266,20,craze,423,561,786,716,363,155,5.3658,0.427,0.686,2,patches\craze\patch_00266.jpg,C:\Users\akhil\.gemini\antigravity\scratch\aeroloss_ai\data\processed\patches\craze\patch_00266.jpg
patch_00267,200,surface_injure,253,292,333,347,80,55,0.4196,0.688,0.443,1,patches\surface_injure\patch_00267.jpg,C:\Users\akhil\.gemini\antigravity\scratch\aeroloss_ai\data\processed\patches\surface_injure\patch_00267.jpg
patch_00268,200,surface_injure,275,470,344,517,69,47,0.3093,0.681,0.576,1,patches\surface_injure\patch_00268.jpg,C:\Users\akhil\.gemini\antigravity\scratch\aeroloss_ai\data\processed\patches\surface_injure\patch_00268.jpg
patch_00269,201,crack,356,99,394,308,38,209,0.7574,5.5,0.355,4,patches\crack\patch_00269.jpg,C:\Users\akhil\.gemini\antigravity\scratch\aeroloss_ai\data\processed\patches\crack\patch_00269.jpg
patch_00270,201,crack,472,120,512,350,40,230,0.8774,5.75,0.379,4,patches\crack\patch_00270.jpg,C:\Users\akhil\.gemini\antigravity\scratch\aeroloss_ai\data\processed\patches\crack\patch_00270.jpg
patch_00271,202,surface_injure,608,505,736,635,128,130,1.5869,1.016,0.634,2,patches\surface_injure\patch_00271.jpg,C:\Users\akhil\.gemini\antigravity\scratch\aeroloss_ai\data\processed\patches\surface_injure\patch_00271.jpg
patch_00272,202,surface_injure,877,544,1020,645,143,101,1.3774,0.706,0.653,2,patches\surface_injure\patch_00272.jpg,C:\Users\akhil\.gemini\antigravity\scratch\aeroloss_ai\data\processed\patches\surface_injure\patch_00272.jpg
patch_00273,203,crack,284,66,433,200,149,134,1.9041,0.899,0.301,4,patches\crack\patch_00273.jpg,C:\Users\akhil\.gemini\antigravity\scratch\aeroloss_ai\data\processed\patches\crack\patch_00273.jpg
patch_00274,203,crack,742,202,897,300,155,98,1.4486,0.632,0.391,4,patches\crack\patch_00274.jpg,C:\Users\akhil\.gemini\antigravity\scratch\aeroloss_ai\data\processed\patches\crack\patch_00274.jpg
patch_00276,205,corrosion,3,217,391,314,388,97,3.5892,0.25,0.402,2,patches\corrosion\patch_00276.jpg,C:\Users\akhil\.gemini\antigravity\scratch\aeroloss_ai\data\processed\patches\corrosion\patch_00276.jpg
patch_00277,205,corrosion,405,269,900,428,495,159,7.5059,0.321,0.465,3,patches\corrosion\patch_00277.jpg,C:\Users\akhil\.gemini\antigravity\scratch\aeroloss_ai\data\processed\patches\corrosion\patch_00277.jpg
patch_00278,205,thunderstrike,836,594,889,708,53,114,0.5762,2.151,0.696,5,patches\thunderstrike\patch_00278.jpg,C:\Users\akhil\.gemini\antigravity\scratch\aeroloss_ai\data\processed\patches\thunderstrike\patch_00278.jpg
patch_00279,206,crack,528,274,587,747,59,473,2.6614,8.017,0.589,4,patches\crack\patch_00279.jpg,C:\Users\akhil\.gemini\antigravity\scratch\aeroloss_ai\data\processed\patches\crack\patch_00279.jpg
patch_00280,207,corrosion,369,688,714,910,345,222,7.3042,0.643,0.809,3,patches\corrosion\patch_00280.jpg,C:\Users\akhil\.gemini\antigravity\scratch\aeroloss_ai\data\processed\patches\corrosion\patch_00280.jpg
patch_00281,207,corrosion,631,49,861,658,230,609,13.3581,2.648,0.469,3,patches\corrosion\patch_00281.jpg,C:\Users\akhil\.gemini\antigravity\scratch\aeroloss_ai\data\processed\patches\corrosion\patch_00281.jpg
patch_00284,21,craze,547,417,655,775,108,358,3.6873,3.315,0.654,1,patches\craze\patch_00284.jpg,C:\Users\akhil\.gemini\antigravity\scratch\aeroloss_ai\data\processed\patches\craze\patch_00284.jpg
patch_00287,211,crack,462,170,697,245,235,75,1.6809,0.319,0.358,4,patches\crack\patch_00287.jpg,C:\Users\akhil\.gemini\antigravity\scratch\aeroloss_ai\data\processed\patches\crack\patch_00287.jpg
patch_00288,211,crack,527,431,833,663,306,232,6.7703,0.758,0.617,5,patches\crack\patch_00288.jpg,C:\Users\akhil\.gemini\antigravity\scratch\aeroloss_ai\data\processed\patches\crack\patch_00288.jpg
patch_00289,212,crack,331,399,650,720,319,321,9.7655,1.006,0.626,5,patches\crack\patch_00289.jpg,C:\Users\akhil\.gemini\antigravity\scratch\aeroloss_ai\data\processed\patches\crack\patch_00289.jpg
patch_00291,214,craze,72,400,942,886,870,486,40.3233,0.559,0.69,2,patches\craze\patch_00291.jpg,C:\Users\akhil\.gemini\antigravity\scratch\aeroloss_ai\data\processed\patches\craze\patch_00291.jpg
patch_00293,216,crack,478,111,556,175,78,64,0.4761,0.821,0.309,3,patches\crack\patch_00293.jpg,C:\Users\akhil\.gemini\antigravity\scratch\aeroloss_ai\data\processed\patches\crack\patch_00293.jpg
patch_00294,217,surface_injure,834,514,891,713,57,199,1.0818,3.491,0.667,2,patches\surface_injure\patch_00294.jpg,C:\Users\akhil\.gemini\antigravity\scratch\aeroloss_ai\data\processed\patches\surface_injure\patch_00294.jpg
patch_00297,219,craze,506,147,1014,877,508,730,35.3661,1.437,0.59,2,patches\craze\patch_00297.jpg,C:\Users\akhil\.gemini\antigravity\scratch\aeroloss_ai\data\processed\patches\craze\patch_00297.jpg
patch_00298,219,craze,269,267,447,542,178,275,4.6682,1.545,0.508,1,patches\craze\patch_00298.jpg,C:\Users\akhil\.gemini\antigravity\scratch\aeroloss_ai\data\processed\patches\craze\patch_00298.jpg
patch_00299,219,craze,5,242,117,438,112,196,2.0935,1.75,0.459,1,patches\craze\patch_00299.jpg,C:\Users\akhil\.gemini\antigravity\scratch\aeroloss_ai\data\processed\patches\craze\patch_00299.jpg
patch_00300,22,surface_injure,47,130,895,660,848,530,42.8619,0.625,0.501,3,patches\surface_injure\patch_00300.jpg,C:\Users\akhil\.gemini\antigravity\scratch\aeroloss_ai\data\processed\patches\surface_injure\patch_00300.jpg
patch_00301,220,hide_craze,253,524,531,874,278,350,9.2793,1.259,0.732,4,patches\hide_craze\patch_00301.jpg,C:\Users\akhil\.gemini\antigravity\scratch\aeroloss_ai\data\processed\patches\hide_craze\patch_00301.jpg
patch_00302,220,hide_craze,545,116,711,527,166,411,6.5065,2.476,0.445,4,patches\hide_craze\patch_00302.jpg,C:\Users\akhil\.gemini\antigravity\scratch\aeroloss_ai\data\processed\patches\hide_craze\patch_00302.jpg
patch_00305,222,surface_injure,459,566,703,831,244,265,6.1665,1.086,0.732,3,patches\surface_injure\patch_00305.jpg,C:\Users\akhil\.gemini\antigravity\scratch\aeroloss_ai\data\processed\patches\surface_injure\patch_00305.jpg
patch_00306,222,surface_injure,483,139,556,289,73,150,1.0443,2.055,0.363,2,patches\surface_injure\patch_00306.jpg,C:\Users\akhil\.gemini\antigravity\scratch\aeroloss_ai\data\processed\patches\surface_injure\patch_00306.jpg
patch_00307,223,thunderstrike,394,458,573,728,179,270,4.6091,1.508,0.652,5,patches\thunderstrike\patch_00307.jpg,C:\Users\akhil\.gemini\antigravity\scratch\aeroloss_ai\data\processed\patches\thunderstrike\patch_00307.jpg
patch_00308,224,hide_craze,12,660,845,930,833,270,21.4491,0.324,0.806,4,patches\hide_craze\patch_00308.jpg,C:\Users\akhil\.gemini\antigravity\scratch\aeroloss_ai\data\processed\patches\hide_craze\patch_00308.jpg
patch_00309,225,crack,372,1,497,364,125,363,4.3273,2.904,0.339,4,patches\crack\patch_00309.jpg,C:\Users\akhil\.gemini\antigravity\scratch\aeroloss_ai\data\processed\patches\crack\patch_00309.jpg
patch_00310,226,crack,961,466,1024,564,63,98,0.5888,1.556,0.592,4,patches\crack\patch_00310.jpg,C:\Users\akhil\.gemini\antigravity\scratch\aeroloss_ai\data\processed\patches\crack\patch_00310.jpg
patch_00311,227,corrosion,494,766,558,1020,64,254,1.5503,3.969,0.88,2,patches\corrosion\patch_00311.jpg,C:\Users\akhil\.gemini\antigravity\scratch\aeroloss_ai\data\processed\patches\corrosion\patch_00311.jpg
patch_00312,228,hide_craze,312,320,389,399,77,79,0.5801,1.026,0.474,3,patches\hide_craze\patch_00312.jpg,C:\Users\akhil\.gemini\antigravity\scratch\aeroloss_ai\data\processed\patches\hide_craze\patch_00312.jpg
patch_00313,228,hide_craze,527,519,653,627,126,108,1.2978,0.857,0.636,3,patches\hide_craze\patch_00313.jpg,C:\Users\akhil\.gemini\antigravity\scratch\aeroloss_ai\data\processed\patches\hide_craze\patch_00313.jpg
patch_00314,229,crack,334,30,644,411,310,381,11.2638,1.229,0.368,5,patches\crack\patch_00314.jpg,C:\Users\akhil\.gemini\antigravity\scratch\aeroloss_ai\data\processed\patches\crack\patch_00314.jpg
patch_00316,230,corrosion,234,470,342,1010,108,540,5.5618,5.0,0.764,3,patches\corrosion\patch_00316.jpg,C:\Users\akhil\.gemini\antigravity\scratch\aeroloss_ai\data\processed\patches\corrosion\patch_00316.jpg
patch_00317,230,corrosion,311,14,430,460,119,446,5.0615,3.748,0.381,3,patches\corrosion\patch_00317.jpg,C:\Users\akhil\.gemini\antigravity\scratch\aeroloss_ai\data\processed\patches\corrosion\patch_00317.jpg
patch_00319,232,thunderstrike,675,280,787,322,112,42,0.4486,0.375,0.429,4,patches\thunderstrike\patch_00319.jpg,C:\Users\akhil\.gemini\antigravity\scratch\aeroloss_ai\data\processed\patches\thunderstrike\patch_00319.jpg
patch_00320,233,crack,252,338,314,561,62,223,1.3186,3.597,0.542,4,patches\crack\patch_00320.jpg,C:\Users\akhil\.gemini\antigravity\scratch\aeroloss_ai\data\processed\patches\crack\patch_00320.jpg
patch_00321,233,crack,452,195,623,492,171,297,4.8434,1.737,0.462,4,patches\crack\patch_00321.jpg,C:\Users\akhil\.gemini\antigravity\scratch\aeroloss_ai\data\processed\patches\crack\patch_00321.jpg
patch_00322,234,surface_injure,370,414,545,631,175,217,3.6216,1.24,0.598,2,patches\surface_injure\patch_00322.jpg,C:\Users\akhil\.gemini\antigravity\scratch\aeroloss_ai\data\processed\patches\surface_injure\patch_00322.jpg
patch_00323,234,hide_craze,200,95,372,466,172,371,6.0856,2.157,0.414,4,patches\hide_craze\patch_00323.jpg,C:\Users\akhil\.gemini\antigravity\scratch\aeroloss_ai\data\processed\patches\hide_craze\patch_00323.jpg
patch_00324,234,hide_craze,394,161,648,377,254,216,5.2322,0.85,0.405,4,patches\hide_craze\patch_00324.jpg,C:\Users\akhil\.gemini\antigravity\scratch\aeroloss_ai\data\processed\patches\hide_craze\patch_00324.jpg
patch_00325,234,hide_craze,512,667,675,822,163,155,2.4095,0.951,0.767,3,patches\hide_craze\patch_00325.jpg,C:\Users\akhil\.gemini\antigravity\scratch\aeroloss_ai\data\processed\patches\hide_craze\patch_00325.jpg
patch_00326,234,hide_craze,521,354,770,486,249,132,3.1345,0.53,0.52,3,patches\hide_craze\patch_00326.jpg,C:\Users\akhil\.gemini\antigravity\scratch\aeroloss_ai\data\processed\patches\hide_craze\patch_00326.jpg
patch_00328,236,craze,122,203,287,294,165,91,1.4319,0.552,0.389,1,patches\craze\patch_00328.jpg,C:\Users\akhil\.gemini\antigravity\scratch\aeroloss_ai\data\processed\patches\craze\patch_00328.jpg
patch_00329,236,craze,756,642,900,749,144,107,1.4694,0.743,0.73,1,patches\craze\patch_00329.jpg,C:\Users\akhil\.gemini\antigravity\scratch\aeroloss_ai\data\processed\patches\craze\patch_00329.jpg
patch_00332,238,crack,106,172,294,316,188,144,2.5818,0.766,0.386,4,patches\crack\patch_00332.jpg,C:\Users\akhil\.gemini\antigravity\scratch\aeroloss_ai\data\processed\patches\crack\patch_00332.jpg
patch_00333,238,crack,578,49,767,206,189,157,2.8298,0.831,0.297,4,patches\crack\patch_00333.jpg,C:\Users\akhil\.gemini\antigravity\scratch\aeroloss_ai\data\processed\patches\crack\patch_00333.jpg
patch_00334,239,corrosion,5,461,509,570,504,109,5.2391,0.216,0.593,3,patches\corrosion\patch_00334.jpg,C:\Users\akhil\.gemini\antigravity\scratch\aeroloss_ai\data\processed\patches\corrosion\patch_00334.jpg
patch_00335,239,corrosion,530,441,1022,510,492,69,3.2375,0.14,0.562,2,patches\corrosion\patch_00335.jpg,C:\Users\akhil\.gemini\antigravity\scratch\aeroloss_ai\data\processed\patches\corrosion\patch_00335.jpg
patch_00336,24,craze,366,360,602,613,236,253,5.6942,1.072,0.571,2,patches\craze\patch_00336.jpg,C:\Users\akhil\.gemini\antigravity\scratch\aeroloss_ai\data\processed\patches\craze\patch_00336.jpg
patch_00337,240,hide_craze,6,708,173,889,167,181,2.8827,1.084,0.808,3,patches\hide_craze\patch_00337.jpg,C:\Users\akhil\.gemini\antigravity\scratch\aeroloss_ai\data\processed\patches\hide_craze\patch_00337.jpg
patch_00338,240,hide_craze,314,472,358,703,44,231,0.9693,5.25,0.648,3,patches\hide_craze\patch_00338.jpg,C:\Users\akhil\.gemini\antigravity\scratch\aeroloss_ai\data\processed\patches\hide_craze\patch_00338.jpg
patch_00339,240,hide_craze,539,664,580,853,41,189,0.739,4.61,0.778,3,patches\hide_craze\patch_00339.jpg,C:\Users\akhil\.gemini\antigravity\scratch\aeroloss_ai\data\processed\patches\hide_craze\patch_00339.jpg
patch_00340,240,hide_craze,511,610,1016,666,505,56,2.697,0.111,0.686,3,patches\hide_craze\patch_00340.jpg,C:\Users\akhil\.gemini\antigravity\scratch\aeroloss_ai\data\processed\patches\hide_craze\patch_00340.jpg
patch_00341,241,hide_craze,614,813,797,852,183,39,0.6806,0.213,0.834,3,patches\hide_craze\patch_00341.jpg,C:\Users\akhil\.gemini\antigravity\scratch\aeroloss_ai\data\processed\patches\hide_craze\patch_00341.jpg
patch_00342,242,craze,37,155,580,411,543,256,13.2568,0.471,0.416,2,patches\craze\patch_00342.jpg,C:\Users\akhil\.gemini\antigravity\scratch\aeroloss_ai\data\processed\patches\craze\patch_00342.jpg
patch_00343,242,craze,619,328,997,628,378,300,10.8147,0.794,0.564,2,patches\craze\patch_00343.jpg,C:\Users\akhil\.gemini\antigravity\scratch\aeroloss_ai\data\processed\patches\craze\patch_00343.jpg
patch_00346,245,surface_injure,12,431,222,739,210,308,6.1684,1.467,0.646,3,patches\surface_injure\patch_00346.jpg,C:\Users\akhil\.gemini\antigravity\scratch\aeroloss_ai\data\processed\patches\surface_injure\patch_00346.jpg
patch_00347,245,surface_injure,248,342,598,550,350,208,6.9427,0.594,0.54,3,patches\surface_injure\patch_00347.jpg,C:\Users\akhil\.gemini\antigravity\scratch\aeroloss_ai\data\processed\patches\surface_injure\patch_00347.jpg
patch_00348,246,surface_injure,587,772,662,833,75,61,0.4363,0.813,0.811,1,patches\surface_injure\patch_00348.jpg,C:\Users\akhil\.gemini\antigravity\scratch\aeroloss_ai\data\processed\patches\surface_injure\patch_00348.jpg
patch_00355,250,crack,678,286,819,530,141,244,3.281,1.73,0.511,4,patches\crack\patch_00355.jpg,C:\Users\akhil\.gemini\antigravity\scratch\aeroloss_ai\data\processed\patches\crack\patch_00355.jpg
patch_00356,251,craze,28,553,403,860,375,307,10.9792,0.819,0.738,2,patches\craze\patch_00356.jpg,C:\Users\akhil\.gemini\antigravity\scratch\aeroloss_ai\data\processed\patches\craze\patch_00356.jpg
patch_00357,251,craze,417,177,784,627,367,450,15.7499,1.226,0.506,2,patches\craze\patch_00357.jpg,C:\Users\akhil\.gemini\antigravity\scratch\aeroloss_ai\data\processed\patches\craze\patch_00357.jpg
patch_00358,251,craze,780,10,1023,161,243,151,3.4993,0.621,0.265,1,patches\craze\patch_00358.jpg,C:\Users\akhil\.gemini\antigravity\scratch\aeroloss_ai\data\processed\patches\craze\patch_00358.jpg
patch_00359,252,crack,469,105,561,174,92,69,0.6054,0.75,0.306,4,patches\crack\patch_00359.jpg,C:\Users\akhil\.gemini\antigravity\scratch\aeroloss_ai\data\processed\patches\crack\patch_00359.jpg
patch_00360,253,craze,520,395,662,758,142,363,4.9158,2.556,0.639,1,patches\craze\patch_00360.jpg,C:\Users\akhil\.gemini\antigravity\scratch\aeroloss_ai\data\processed\patches\craze\patch_00360.jpg
patch_00362,255,surface_injure,422,83,578,963,156,880,13.092,5.641,0.598,3,patches\surface_injure\patch_00362.jpg,C:\Users\akhil\.gemini\antigravity\scratch\aeroloss_ai\data\processed\patches\surface_injure\patch_00362.jpg
patch_00363,255,surface_injure,228,688,295,786,67,98,0.6262,1.463,0.761,2,patches\surface_injure\patch_00363.jpg,C:\Users\akhil\.gemini\antigravity\scratch\aeroloss_ai\data\processed\patches\surface_injure\patch_00363.jpg
patch_00370,257,surface_injure,344,405,525,805,181,400,6.9046,2.21,0.661,3,patches\surface_injure\patch_00370.jpg,C:\Users\akhil\.gemini\antigravity\scratch\aeroloss_ai\data\processed\patches\surface_injure\patch_00370.jpg
patch_00371,257,surface_injure,403,814,677,1024,274,210,5.4874,0.766,0.9,3,patches\surface_injure\patch_00371.jpg,C:\Users\akhil\.gemini\antigravity\scratch\aeroloss_ai\data\processed\patches\surface_injure\patch_00371.jpg
patch_00372,258,craze,223,281,800,602,577,321,17.6637,0.556,0.536,2,patches\craze\patch_00372.jpg,C:\Users\akhil\.gemini\antigravity\scratch\aeroloss_ai\data\processed\patches\craze\patch_00372.jpg
patch_00374,26,crack,377,74,502,910,125,836,9.9659,6.688,0.575,5,patches\crack\patch_00374.jpg,C:\Users\akhil\.gemini\antigravity\scratch\aeroloss_ai\data\processed\patches\crack\patch_00374.jpg
patch_00377,262,hide_craze,308,16,350,1019,42,1003,4.0174,23.881,0.594,3,patches\hide_craze\patch_00377.jpg,C:\Users\akhil\.gemini\antigravity\scratch\aeroloss_ai\data\processed\patches\hide_craze\patch_00377.jpg
patch_00378,263,crack,112,200,295,305,183,105,1.8325,0.574,0.392,4,patches\crack\patch_00378.jpg,C:\Users\akhil\.gemini\antigravity\scratch\aeroloss_ai\data\processed\patches\crack\patch_00378.jpg
patch_00379,263,crack,597,60,744,199,147,139,1.9486,0.946,0.299,4,patches\crack\patch_00379.jpg,C:\Users\akhil\.gemini\antigravity\scratch\aeroloss_ai\data\processed\patches\crack\patch_00379.jpg
patch_00380,264,crack,536,27,836,395,300,368,10.5286,1.227,0.361,5,patches\crack\patch_00380.jpg,C:\Users\akhil\.gemini\antigravity\scratch\aeroloss_ai\data\processed\patches\crack\patch_00380.jpg
patch_00383,266,corrosion,202,89,367,655,165,566,8.9064,3.43,0.483,3,patches\corrosion\patch_00383.jpg,C:\Users\akhil\.gemini\antigravity\scratch\aeroloss_ai\data\processed\patches\corrosion\patch_00383.jpg
patch_00384,266,corrosion,266,777,361,1013,95,236,2.1381,2.484,0.882,2,patches\corrosion\patch_00384.jpg,C:\Users\akhil\.gemini\antigravity\scratch\aeroloss_ai\data\processed\patches\corrosion\patch_00384.jpg
patch_00385,267,craze,47,1,817,625,770,624,45.8221,0.81,0.438,2,patches\craze\patch_00385.jpg,C:\Users\akhil\.gemini\antigravity\scratch\aeroloss_ai\data\processed\patches\craze\patch_00385.jpg
patch_00386,267,craze,200,653,534,881,334,228,7.2624,0.683,0.784,2,patches\craze\patch_00386.jpg,C:\Users\akhil\.gemini\antigravity\scratch\aeroloss_ai\data\processed\patches\craze\patch_00386.jpg
patch_00387,268,hide_craze,89,463,383,506,294,43,1.2056,0.146,0.569,3,patches\hide_craze\patch_00387.jpg,C:\Users\akhil\.gemini\antigravity\scratch\aeroloss_ai\data\processed\patches\hide_craze\patch_00387.jpg
patch_00388,268,hide_craze,689,355,986,422,297,67,1.8977,0.226,0.496,3,patches\hide_craze\patch_00388.jpg,C:\Users\akhil\.gemini\antigravity\scratch\aeroloss_ai\data\processed\patches\hide_craze\patch_00388.jpg
patch_00389,269,crack,445,67,567,836,122,769,8.9472,6.303,0.544,5,patches\crack\patch_00389.jpg,C:\Users\akhil\.gemini\antigravity\scratch\aeroloss_ai\data\processed\patches\crack\patch_00389.jpg
patch_00390,27,surface_injure,8,178,431,480,423,302,12.1828,0.714,0.451,3,patches\surface_injure\patch_00390.jpg,C:\Users\akhil\.gemini\antigravity\scratch\aeroloss_ai\data\processed\patches\surface_injure\patch_00390.jpg
patch_00391,27,surface_injure,455,413,731,777,276,364,9.581,1.319,0.653,3,patches\surface_injure\patch_00391.jpg,C:\Users\akhil\.gemini\antigravity\scratch\aeroloss_ai\data\processed\patches\surface_injure\patch_00391.jpg
patch_00392,27,surface_injure,753,680,869,886,116,206,2.2789,1.776,0.796,2,patches\surface_injure\patch_00392.jpg,C:\Users\akhil\.gemini\antigravity\scratch\aeroloss_ai\data\processed\patches\surface_injure\patch_00392.jpg
patch_00393,270,craze,273,306,637,517,364,211,7.3246,0.58,0.513,2,patches\craze\patch_00393.jpg,C:\Users\akhil\.gemini\antigravity\scratch\aeroloss_ai\data\processed\patches\craze\patch_00393.jpg
patch_00394,271,crack,478,106,556,181,78,75,0.5579,0.962,0.309,4,patches\crack\patch_00394.jpg,C:\Users\akhil\.gemini\antigravity\scratch\aeroloss_ai\data\processed\patches\crack\patch_00394.jpg
patch_00395,272,corrosion,8,467,503,663,495,196,9.2525,0.396,0.63,3,patches\corrosion\patch_00395.jpg,C:\Users\akhil\.gemini\antigravity\scratch\aeroloss_ai\data\processed\patches\corrosion\patch_00395.jpg
patch_00396,272,corrosion,511,374,1017,558,506,184,8.8791,0.364,0.555,3,patches\corrosion\patch_00396.jpg,C:\Users\akhil\.gemini\antigravity\scratch\aeroloss_ai\data\processed\patches\corrosion\patch_00396.jpg
patch_00399,274,thunderstrike,477,491,616,739,139,248,3.2875,1.784,0.668,5,patches\thunderstrike\patch_00399.jpg,C:\Users\akhil\.gemini\antigravity\scratch\aeroloss_ai\data\processed\patches\thunderstrike\patch_00399.jpg
patch_00401,276,hide_craze,1,222,480,313,479,91,4.157,0.19,0.404,3,patches\hide_craze\patch_00401.jpg,C:\Users\akhil\.gemini\antigravity\scratch\aeroloss_ai\data\processed\patches\hide_craze\patch_00401.jpg
patch_00402,276,hide_craze,498,310,842,380,344,70,2.2964,0.203,0.463,3,patches\hide_craze\patch_00402.jpg,C:\Users\akhil\.gemini\antigravity\scratch\aeroloss_ai\data\processed\patches\hide_craze\patch_00402.jpg
patch_00405,278,corrosion,200,47,516,513,316,466,14.0434,1.475,0.413,3,patches\corrosion\patch_00405.jpg,C:\Users\akhil\.gemini\antigravity\scratch\aeroloss_ai\data\processed\patches\corrosion\patch_00405.jpg
patch_00406,278,corrosion,527,430,852,955,325,525,16.2721,1.615,0.727,3,patches\corrosion\patch_00406.jpg,C:\Users\akhil\.gemini\antigravity\scratch\aeroloss_ai\data\processed\patches\corrosion\patch_00406.jpg
patch_00407,279,hide_craze,12,458,978,566,966,108,9.9495,0.112,0.59,4,patches\hide_craze\patch_00407.jpg,C:\Users\akhil\.gemini\antigravity\scratch\aeroloss_ai\data\processed\patches\hide_craze\patch_00407.jpg
patch_00408,28,hide_craze,523,599,559,985,36,386,1.3252,10.722,0.803,3,patches\hide_craze\patch_00408.jpg,C:\Users\akhil\.gemini\antigravity\scratch\aeroloss_ai\data\processed\patches\hide_craze\patch_00408.jpg
patch_00410,281,hide_craze,416,222,912,272,496,50,2.3651,0.101,0.388,3,patches\hide_craze\patch_00410.jpg,C:\Users\akhil\.gemini\antigravity\scratch\aeroloss_ai\data\processed\patches\hide_craze\patch_00410.jpg
patch_00411,281,hide_craze,856,2,995,1013,139,1011,13.4019,7.273,0.587,4,patches\hide_craze\patch_00411.jpg,C:\Users\akhil\.gemini\antigravity\scratch\aeroloss_ai\data\processed\patches\hide_craze\patch_00411.jpg
patch_00412,282,corrosion,1,153,302,585,301,432,12.4008,1.435,0.481,3,patches\corrosion\patch_00412.jpg,C:\Users\akhil\.gemini\antigravity\scratch\aeroloss_ai\data\processed\patches\corrosion\patch_00412.jpg
patch_00413,282,corrosion,623,510,1000,1013,377,503,18.0846,1.334,0.78,3,patches\corrosion\patch_00413.jpg,C:\Users\akhil\.gemini\antigravity\scratch\aeroloss_ai\data\processed\patches\corrosion\patch_00413.jpg
patch_00414,282,corrosion,309,439,620,914,311,475,14.0882,1.527,0.715,3,patches\corrosion\patch_00414.jpg,C:\Users\akhil\.gemini\antigravity\scratch\aeroloss_ai\data\processed\patches\corrosion\patch_00414.jpg
patch_00415,283,surface_injure,652,547,705,591,53,44,0.2224,0.83,0.633,1,patches\surface_injure\patch_00415.jpg,C:\Users\akhil\.gemini\antigravity\scratch\aeroloss_ai\data\processed\patches\surface_injure\patch_00415.jpg
patch_00416,283,hide_craze,48,594,486,649,438,55,2.2974,0.126,0.673,3,patches\hide_craze\patch_00416.jpg,C:\Users\akhil\.gemini\antigravity\scratch\aeroloss_ai\data\processed\patches\hide_craze\patch_00416.jpg
patch_00417,284,hide_craze,695,330,755,775,60,445,2.5463,7.417,0.621,3,patches\hide_craze\patch_00417.jpg,C:\Users\akhil\.gemini\antigravity\scratch\aeroloss_ai\data\processed\patches\hide_craze\patch_00417.jpg
patch_00418,285,surface_injure,664,2,1024,225,360,223,7.6561,0.619,0.286,3,patches\surface_injure\patch_00418.jpg,C:\Users\akhil\.gemini\antigravity\scratch\aeroloss_ai\data\processed\patches\surface_injure\patch_00418.jpg
patch_00419,285,surface_injure,998,664,1024,988,26,324,0.8034,12.462,0.829,2,patches\surface_injure\patch_00419.jpg,C:\Users\akhil\.gemini\antigravity\scratch\aeroloss_ai\data\processed\patches\surface_injure\patch_00419.jpg
patch_00421,287,surface_injure,1,95,336,624,335,529,16.9005,1.579,0.474,3,patches\surface_injure\patch_00421.jpg,C:\Users\akhil\.gemini\antigravity\scratch\aeroloss_ai\data\processed\patches\surface_injure\patch_00421.jpg
patch_00422,288,surface_injure,283,102,634,399,351,297,9.9418,0.846,0.391,3,patches\surface_injure\patch_00422.jpg,C:\Users\akhil\.gemini\antigravity\scratch\aeroloss_ai\data\processed\patches\surface_injure\patch_00422.jpg
patch_00428,291,corrosion,486,6,680,935,194,929,17.1877,4.789,0.558,3,patches\corrosion\patch_00428.jpg,C:\Users\akhil\.gemini\antigravity\scratch\aeroloss_ai\data\processed\patches\corrosion\patch_00428.jpg
patch_00430,293,hide_craze,409,489,566,630,157,141,2.1111,0.898,0.626,3,patches\hide_craze\patch_00430.jpg,C:\Users\akhil\.gemini\antigravity\scratch\aeroloss_ai\data\processed\patches\hide_craze\patch_00430.jpg
patch_00432,295,surface_injure,5,550,375,958,370,408,14.3967,1.103,0.774,3,patches\surface_injure\patch_00432.jpg,C:\Users\akhil\.gemini\antigravity\scratch\aeroloss_ai\data\processed\patches\surface_injure\patch_00432.jpg
patch_00433,295,surface_injure,398,452,1011,735,613,283,16.5442,0.462,0.652,3,patches\surface_injure\patch_00433.jpg,C:\Users\akhil\.gemini\antigravity\scratch\aeroloss_ai\data\processed\patches\surface_injure\patch_00433.jpg
patch_00435,297,crack,327,344,406,563,79,219,1.65,2.772,0.545,4,patches\crack\patch_00435.jpg,C:\Users\akhil\.gemini\antigravity\scratch\aeroloss_ai\data\processed\patches\crack\patch_00435.jpg
patch_00436,297,crack,592,200,794,477,202,277,5.3362,1.371,0.458,5,patches\crack\patch_00436.jpg,C:\Users\akhil\.gemini\antigravity\scratch\aeroloss_ai\data\processed\patches\crack\patch_00436.jpg
patch_00447,300,hide_craze,589,20,678,1016,89,996,8.4538,11.191,0.595,4,patches\hide_craze\patch_00447.jpg,C:\Users\akhil\.gemini\antigravity\scratch\aeroloss_ai\data\processed\patches\hide_craze\patch_00447.jpg
patch_00448,301,surface_injure,373,703,1020,841,647,138,8.515,0.213,0.788,3,patches\surface_injure\patch_00448.jpg,C:\Users\akhil\.gemini\antigravity\scratch\aeroloss_ai\data\processed\patches\surface_injure\patch_00448.jpg
patch_00449,302,corrosion,395,553,559,1005,164,452,7.0694,2.756,0.793,3,patches\corrosion\patch_00449.jpg,C:\Users\akhil\.gemini\antigravity\scratch\aeroloss_ai\data\processed\patches\corrosion\patch_00449.jpg
patch_00450,302,corrosion,456,195,553,545,97,350,3.2377,3.608,0.482,2,patches\corrosion\patch_00450.jpg,C:\Users\akhil\.gemini\antigravity\scratch\aeroloss_ai\data\processed\patches\corrosion\patch_00450.jpg
patch_00451,303,craze,317,127,1023,881,706,754,50.7664,1.068,0.584,2,patches\craze\patch_00451.jpg,C:\Users\akhil\.gemini\antigravity\scratch\aeroloss_ai\data\processed\patches\craze\patch_00451.jpg
patch_00452,303,craze,64,242,289,519,225,277,5.9438,1.231,0.49,2,patches\craze\patch_00452.jpg,C:\Users\akhil\.gemini\antigravity\scratch\aeroloss_ai\data\processed\patches\craze\patch_00452.jpg
patch_00453,304,thunderstrike,434,502,652,880,218,378,7.8587,1.734,0.726,5,patches\thunderstrike\patch_00453.jpg,C:\Users\akhil\.gemini\antigravity\scratch\aeroloss_ai\data\processed\patches\thunderstrike\patch_00453.jpg
patch_00464,310,crack,431,38,541,619,110,581,6.0949,5.282,0.45,5,patches\crack\patch_00464.jpg,C:\Users\akhil\.gemini\antigravity\scratch\aeroloss_ai\data\processed\patches\crack\patch_00464.jpg
patch_00465,311,surface_injure,173,445,208,492,35,47,0.1569,1.343,0.557,1,patches\surface_injure\patch_00465.jpg,C:\Users\akhil\.gemini\antigravity\scratch\aeroloss_ai\data\processed\patches\surface_injure\patch_00465.jpg
patch_00466,311,surface_injure,319,481,372,525,53,44,0.2224,0.83,0.583,1,patches\surface_injure\patch_00466.jpg,C:\Users\akhil\.gemini\antigravity\scratch\aeroloss_ai\data\processed\patches\surface_injure\patch_00466.jpg
patch_00467,311,surface_injure,316,606,342,638,26,32,0.0793,1.231,0.674,1,patches\surface_injure\patch_00467.jpg,C:\Users\akhil\.gemini\antigravity\scratch\aeroloss_ai\data\processed\patches\surface_injure\patch_00467.jpg
patch_00468,311,surface_injure,444,561,481,597,37,36,0.127,0.973,0.641,1,patches\surface_injure\patch_00468.jpg,C:\Users\akhil\.gemini\antigravity\scratch\aeroloss_ai\data\processed\patches\surface_injure\patch_00468.jpg
patch_00469,311,surface_injure,558,506,639,630,81,124,0.9579,1.531,0.633,2,patches\surface_injure\patch_00469.jpg,C:\Users\akhil\.gemini\antigravity\scratch\aeroloss_ai\data\processed\patches\surface_injure\patch_00469.jpg
patch_00470,311,surface_injure,712,574,830,691,118,117,1.3166,0.992,0.682,2,patches\surface_injure\patch_00470.jpg,C:\Users\akhil\.gemini\antigravity\scratch\aeroloss_ai\data\processed\patches\surface_injure\patch_00470.jpg
patch_00473,313,corrosion,159,324,528,428,369,104,3.6598,0.282,0.486,2,patches\corrosion\patch_00473.jpg,C:\Users\akhil\.gemini\antigravity\scratch\aeroloss_ai\data\processed\patches\corrosion\patch_00473.jpg
patch_00474,313,corrosion,542,270,908,374,366,104,3.6301,0.284,0.445,2,patches\corrosion\patch_00474.jpg,C:\Users\akhil\.gemini\antigravity\scratch\aeroloss_ai\data\processed\patches\corrosion\patch_00474.jpg
patch_00475,314,surface_injure,523,699,627,972,104,273,2.7077,2.625,0.836,2,patches\surface_injure\patch_00475.jpg,C:\Users\akhil\.gemini\antigravity\scratch\aeroloss_ai\data\processed\patches\surface_injure\patch_00475.jpg
patch_00476,314,surface_injure,609,594,655,667,46,73,0.3202,1.587,0.68,1,patches\surface_injure\patch_00476.jpg,C:\Users\akhil\.gemini\antigravity\scratch\aeroloss_ai\data\processed\patches\surface_injure\patch_00476.jpg
patch_00477,315,crack,377,367,753,574,376,207,7.4226,0.551,0.558,5,patches\crack\patch_00477.jpg,C:\Users\akhil\.gemini\antigravity\scratch\aeroloss_ai\data\processed\patches\crack\patch_00477.jpg
patch_00478,316,thunderstrike,550,283,722,536,172,253,4.15,1.471,0.512,5,patches\thunderstrike\patch_00478.jpg,C:\Users\akhil\.gemini\antigravity\scratch\aeroloss_ai\data\processed\patches\thunderstrike\patch_00478.jpg
patch_00479,317,corrosion,48,153,517,644,469,491,21.9611,1.047,0.504,3,patches\corrosion\patch_00479.jpg,C:\Users\akhil\.gemini\antigravity\scratch\aeroloss_ai\data\processed\patches\corrosion\patch_00479.jpg
patch_00480,317,corrosion,558,6,983,411,425,405,16.4151,0.953,0.359,3,patches\corrosion\patch_00480.jpg,C:\Users\akhil\.gemini\antigravity\scratch\aeroloss_ai\data\processed\patches\corrosion\patch_00480.jpg
patch_00485,32,thunderstrike,58,558,527,849,469,291,13.0157,0.62,0.736,5,patches\thunderstrike\patch_00485.jpg,C:\Users\akhil\.gemini\antigravity\scratch\aeroloss_ai\data\processed\patches\thunderstrike\patch_00485.jpg
patch_00486,32,thunderstrike,739,692,987,975,248,283,6.6933,1.141,0.835,5,patches\thunderstrike\patch_00486.jpg,C:\Users\akhil\.gemini\antigravity\scratch\aeroloss_ai\data\processed\patches\thunderstrike\patch_00486.jpg
patch_00487,320,hide_craze,6,227,500,324,494,97,4.5698,0.196,0.41,3,patches\hide_craze\patch_00487.jpg,C:\Users\akhil\.gemini\antigravity\scratch\aeroloss_ai\data\processed\patches\hide_craze\patch_00487.jpg
patch_00488,320,hide_craze,517,313,878,385,361,72,2.4788,0.199,0.466,3,patches\hide_craze\patch_00488.jpg,C:\Users\akhil\.gemini\antigravity\scratch\aeroloss_ai\data\processed\patches\hide_craze\patch_00488.jpg
patch_00490,322,corrosion,402,30,656,989,254,959,23.2302,3.776,0.588,3,patches\corrosion\patch_00490.jpg,C:\Users\akhil\.gemini\antigravity\scratch\aeroloss_ai\data\processed\patches\corrosion\patch_00490.jpg
patch_00492,324,surface_injure,492,710,811,794,319,84,2.5555,0.263,0.773,2,patches\surface_injure\patch_00492.jpg,C:\Users\akhil\.gemini\antigravity\scratch\aeroloss_ai\data\processed\patches\surface_injure\patch_00492.jpg
patch_00493,325,surface_injure,106,756,344,875,238,119,2.701,0.5,0.821,2,patches\surface_injure\patch_00493.jpg,C:\Users\akhil\.gemini\antigravity\scratch\aeroloss_ai\data\processed\patches\surface_injure\patch_00493.jpg
patch_00494,325,surface_injure,211,406,622,735,411,329,12.8955,0.8,0.635,3,patches\surface_injure\patch_00494.jpg,C:\Users\akhil\.gemini\antigravity\scratch\aeroloss_ai\data\processed\patches\surface_injure\patch_00494.jpg
patch_00495,325,surface_injure,502,27,828,395,326,368,11.441,1.129,0.361,3,patches\surface_injure\patch_00495.jpg,C:\Users\akhil\.gemini\antigravity\scratch\aeroloss_ai\data\processed\patches\surface_injure\patch_00495.jpg
patch_00496,326,surface_injure,418,314,540,373,122,59,0.6865,0.484,0.462,2,patches\surface_injure\patch_00496.jpg,C:\Users\akhil\.gemini\antigravity\scratch\aeroloss_ai\data\processed\patches\surface_injure\patch_00496.jpg
patch_00497,326,craze,13,324,403,465,390,141,5.2443,0.362,0.5,2,patches\craze\patch_00497.jpg,C:\Users\akhil\.gemini\antigravity\scratch\aeroloss_ai\data\processed\patches\craze\patch_00497.jpg
patch_00505,329,hide_craze,600,16,706,1016,106,1000,10.1089,9.434,0.593,4,patches\hide_craze\patch_00505.jpg,C:\Users\akhil\.gemini\antigravity\scratch\aeroloss_ai\data\processed\patches\hide_craze\patch_00505.jpg
patch_00508,330,craze,309,22,786,466,477,444,20.1977,0.931,0.386,2,patches\craze\patch_00508.jpg,C:\Users\akhil\.gemini\antigravity\scratch\aeroloss_ai\data\processed\patches\craze\patch_00508.jpg
patch_00514,332,surface_injure,306,86,1017,294,711,208,14.1037,0.293,0.345,3,patches\surface_injure\patch_00514.jpg,C:\Users\akhil\.gemini\antigravity\scratch\aeroloss_ai\data\processed\patches\surface_injure\patch_00514.jpg
patch_00517,335,crack,567,42,798,394,231,352,7.7545,1.524,0.366,5,patches\crack\patch_00517.jpg,C:\Users\akhil\.gemini\antigravity\scratch\aeroloss_ai\data\processed\patches\crack\patch_00517.jpg
patch_00519,337,surface_injure,303,16,591,336,288,320,8.7891,1.111,0.334,3,patches\surface_injure\patch_00519.jpg,C:\Users\akhil\.gemini\antigravity\scratch\aeroloss_ai\data\processed\patches\surface_injure\patch_00519.jpg
patch_00520,338,crack,481,219,819,400,338,181,5.8344,0.536,0.436,5,patches\crack\patch_00520.jpg,C:\Users\akhil\.gemini\antigravity\scratch\aeroloss_ai\data\processed\patches\crack\patch_00520.jpg
patch_00521,339,corrosion,17,488,917,580,900,92,7.8964,0.102,0.607,3,patches\corrosion\patch_00521.jpg,C:\Users\akhil\.gemini\antigravity\scratch\aeroloss_ai\data\processed\patches\corrosion\patch_00521.jpg
patch_00522,34,surface_injure,91,803,142,861,51,58,0.2821,1.137,0.834,1,patches\surface_injure\patch_00522.jpg,C:\Users\akhil\.gemini\antigravity\scratch\aeroloss_ai\data\processed\patches\surface_injure\patch_00522.jpg
patch_00523,34,hide_craze,436,716,869,785,433,69,2.8493,0.159,0.772,3,patches\hide_craze\patch_00523.jpg,C:\Users\akhil\.gemini\antigravity\scratch\aeroloss_ai\data\processed\patches\hide_craze\patch_00523.jpg
patch_00524,340,corrosion,2,217,412,317,410,100,3.9101,0.244,0.403,2,patches\corrosion\patch_00524.jpg,C:\Users\akhil\.gemini\antigravity\scratch\aeroloss_ai\data\processed\patches\corrosion\patch_00524.jpg
patch_00525,340,corrosion,428,281,881,428,453,147,6.3506,0.325,0.47,3,patches\corrosion\patch_00525.jpg,C:\Users\akhil\.gemini\antigravity\scratch\aeroloss_ai\data\processed\patches\corrosion\patch_00525.jpg
patch_00526,341,hide_craze,2,217,459,317,457,100,4.3583,0.219,0.403,3,patches\hide_craze\patch_00526.jpg,C:\Users\akhil\.gemini\antigravity\scratch\aeroloss_ai\data\processed\patches\hide_craze\patch_00526.jpg
patch_00527,341,hide_craze,472,306,847,375,375,69,2.4676,0.184,0.459,3,patches\hide_craze\patch_00527.jpg,C:\Users\akhil\.gemini\antigravity\scratch\aeroloss_ai\data\processed\patches\hide_craze\patch_00527.jpg
patch_00529,343,surface_injure,177,464,811,550,634,86,5.1998,0.136,0.586,3,patches\surface_injure\patch_00529.jpg,C:\Users\akhil\.gemini\antigravity\scratch\aeroloss_ai\data\processed\patches\surface_injure\patch_00529.jpg
patch_00531,345,surface_injure,495,863,533,910,38,47,0.1703,1.237,0.875,1,patches\surface_injure\patch_00531.jpg,C:\Users\akhil\.gemini\antigravity\scratch\aeroloss_ai\data\processed\patches\surface_injure\patch_00531.jpg
patch_00532,345,hide_craze,439,314,483,714,44,400,1.6785,9.091,0.592,3,patches\hide_craze\patch_00532.jpg,C:\Users\akhil\.gemini\antigravity\scratch\aeroloss_ai\data\processed\patches\hide_craze\patch_00532.jpg
patch_00534,347,craze,502,130,920,999,418,869,34.6415,2.079,0.63,2,patches\craze\patch_00534.jpg,C:\Users\akhil\.gemini\antigravity\scratch\aeroloss_ai\data\processed\patches\craze\patch_00534.jpg
patch_00535,348,crack,253,335,314,566,61,231,1.3438,3.787,0.543,4,patches\crack\patch_00535.jpg,C:\Users\akhil\.gemini\antigravity\scratch\aeroloss_ai\data\processed\patches\crack\patch_00535.jpg
patch_00536,348,crack,445,194,623,491,178,297,5.0417,1.669,0.461,5,patches\crack\patch_00536.jpg,C:\Users\akhil\.gemini\antigravity\scratch\aeroloss_ai\data\processed\patches\crack\patch_00536.jpg
patch_00537,349,crack,437,55,581,847,144,792,10.8765,5.5,0.544,5,patches\crack\patch_00537.jpg,C:\Users\akhil\.gemini\antigravity\scratch\aeroloss_ai\data\processed\patches\crack\patch_00537.jpg
patch_00538,35,corrosion,119,505,745,1014,626,509,30.3873,0.813,0.779,3,patches\corrosion\patch_00538.jpg,C:\Users\akhil\.gemini\antigravity\scratch\aeroloss_ai\data\processed\patches\corrosion\patch_00538.jpg
patch_00539,35,corrosion,44,5,472,492,428,487,19.878,1.138,0.389,3,patches\corrosion\patch_00539.jpg,C:\Users\akhil\.gemini\antigravity\scratch\aeroloss_ai\data\processed\patches\corrosion\patch_00539.jpg
patch_00545,353,surface_injure,502,514,844,749,342,235,7.6647,0.687,0.681,3,patches\surface_injure\patch_00545.jpg,C:\Users\akhil\.gemini\antigravity\scratch\aeroloss_ai\data\processed\patches\surface_injure\patch_00545.jpg
patch_00548,356,thunderstrike,311,705,617,870,306,165,4.8151,0.539,0.8,5,patches\thunderstrike\patch_00548.jpg,C:\Users\akhil\.gemini\antigravity\scratch\aeroloss_ai\data\processed\patches\thunderstrike\patch_00548.jpg
patch_00549,357,surface_injure,697,244,986,356,289,112,3.0869,0.388,0.429,2,patches\surface_injure\patch_00549.jpg,C:\Users\akhil\.gemini\antigravity\scratch\aeroloss_ai\data\processed\patches\surface_injure\patch_00549.jpg
patch_00550,358,craze,537,236,731,411,194,175,3.2377,0.902,0.446,1,patches\craze\patch_00550.jpg,C:\Users\akhil\.gemini\antigravity\scratch\aeroloss_ai\data\processed\patches\craze\patch_00550.jpg
patch_00552,36,hide_craze,147,20,533,631,386,611,22.492,1.583,0.448,4,patches\hide_craze\patch_00552.jpg,C:\Users\akhil\.gemini\antigravity\scratch\aeroloss_ai\data\processed\patches\hide_craze\patch_00552.jpg
patch_00553,36,hide_craze,695,463,1020,708,325,245,7.5936,0.754,0.646,4,patches\hide_craze\patch_00553.jpg,C:\Users\akhil\.gemini\antigravity\scratch\aeroloss_ai\data\processed\patches\hide_craze\patch_00553.jpg
patch_00554,360,surface_injure,555,194,634,652,79,458,3.4506,5.797,0.522,2,patches\surface_injure\patch_00554.jpg,C:\Users\akhil\.gemini\antigravity\scratch\aeroloss_ai\data\processed\patches\surface_injure\patch_00554.jpg
patch_00555,361,hide_craze,1,222,475,317,474,95,4.2944,0.2,0.405,3,patches\hide_craze\patch_00555.jpg,C:\Users\akhil\.gemini\antigravity\scratch\aeroloss_ai\data\processed\patches\hide_craze\patch_00555.jpg
patch_00556,361,hide_craze,487,306,859,378,372,72,2.5543,0.194,0.461,3,patches\hide_craze\patch_00556.jpg,C:\Users\akhil\.gemini\antigravity\scratch\aeroloss_ai\data\processed\patches\hide_craze\patch_00556.jpg
patch_00558,363,surface_injure,312,258,662,819,350,561,18.7254,1.603,0.61,3,patches\surface_injure\patch_00558.jpg,C:\Users\akhil\.gemini\antigravity\scratch\aeroloss_ai\data\processed\patches\surface_injure\patch_00558.jpg
patch_00559,364,hide_craze,287,10,350,867,63,857,5.149,13.603,0.534,4,patches\hide_craze\patch_00559.jpg,C:\Users\akhil\.gemini\antigravity\scratch\aeroloss_ai\data\processed\patches\hide_craze\patch_00559.jpg
patch_00561,366,crack,381,174,616,806,235,632,14.164,2.689,0.573,5,patches\crack\patch_00561.jpg,C:\Users\akhil\.gemini\antigravity\scratch\aeroloss_ai\data\processed\patches\crack\patch_00561.jpg
patch_00563,368,corrosion,231,45,396,958,165,913,14.3666,5.533,0.582,3,patches\corrosion\patch_00563.jpg,C:\Users\akhil\.gemini\antigravity\scratch\aeroloss_ai\data\processed\patches\corrosion\patch_00563.jpg
patch_00564,369,surface_injure,752,3,1024,325,272,322,8.3527,1.184,0.325,3,patches\surface_injure\patch_00564.jpg,C:\Users\akhil\.gemini\antigravity\scratch\aeroloss_ai\data\processed\patches\surface_injure\patch_00564.jpg
patch_00565,37,thunderstrike,380,403,649,684,269,281,7.2087,1.045,0.614,5,patches\thunderstrike\patch_00565.jpg,C:\Users\akhil\.gemini\antigravity\scratch\aeroloss_ai\data\processed\patches\thunderstrike\patch_00565.jpg
patch_00566,37,surface_injure,286,105,792,774,506,669,32.2832,1.322,0.535,3,patches\surface_injure\patch_00566.jpg,C:\Users\akhil\.gemini\antigravity\scratch\aeroloss_ai\data\processed\patches\surface_injure\patch_00566.jpg
patch_00571,372,hide_craze,56,647,634,702,578,55,3.0317,0.095,0.714,3,patches\hide_craze\patch_00571.jpg,C:\Users\akhil\.gemini\antigravity\scratch\aeroloss_ai\data\processed\patches\hide_craze\patch_00571.jpg
patch_00572,373,corrosion,39,425,969,516,930,91,8.0709,0.098,0.558,3,patches\corrosion\patch_00572.jpg,C:\Users\akhil\.gemini\antigravity\scratch\aeroloss_ai\data\processed\patches\corrosion\patch_00572.jpg
patch_00573,374,hide_craze,489,433,820,725,331,292,9.2175,0.882,0.641,4,patches\hide_craze\patch_00573.jpg,C:\Users\akhil\.gemini\antigravity\scratch\aeroloss_ai\data\processed\patches\hide_craze\patch_00573.jpg
patch_00574,375,corrosion,458,355,617,999,159,644,9.7652,4.05,0.716,3,patches\corrosion\patch_00574.jpg,C:\Users\akhil\.gemini\antigravity\scratch\aeroloss_ai\data\processed\patches\corrosion\patch_00574.jpg
patch_00575,376,hide_craze,352,216,387,389,35,173,0.5774,4.943,0.43,3,patches\hide_craze\patch_00575.jpg,C:\Users\akhil\.gemini\antigravity\scratch\aeroloss_ai\data\processed\patches\hide_craze\patch_00575.jpg
patch_00576,376,hide_craze,366,397,831,533,465,136,6.031,0.292,0.554,4,patches\hide_craze\patch_00576.jpg,C:\Users\akhil\.gemini\antigravity\scratch\aeroloss_ai\data\processed\patches\hide_craze\patch_00576.jpg
patch_00577,376,craze,861,374,1019,514,158,140,2.1095,0.886,0.538,1,patches\craze\patch_00577.jpg,C:\Users\akhil\.gemini\antigravity\scratch\aeroloss_ai\data\processed\patches\craze\patch_00577.jpg
patch_00579,378,crack,441,39,589,858,148,819,11.5597,5.534,0.542,5,patches\crack\patch_00579.jpg,C:\Users\akhil\.gemini\antigravity\scratch\aeroloss_ai\data\processed\patches\crack\patch_00579.jpg
patch_00580,379,hide_craze,2,336,420,727,418,391,15.5867,0.935,0.605,4,patches\hide_craze\patch_00580.jpg,C:\Users\akhil\.gemini\antigravity\scratch\aeroloss_ai\data\processed\patches\hide_craze\patch_00580.jpg
patch_00581,379,hide_craze,442,747,827,1024,385,277,10.1705,0.719,0.875,4,patches\hide_craze\patch_00581.jpg,C:\Users\akhil\.gemini\antigravity\scratch\aeroloss_ai\data\processed\patches\hide_craze\patch_00581.jpg
patch_00582,38,hide_craze,603,5,644,385,41,380,1.4858,9.268,0.349,3,patches\hide_craze\patch_00582.jpg,C:\Users\akhil\.gemini\antigravity\scratch\aeroloss_ai\data\processed\patches\hide_craze\patch_00582.jpg
patch_00585,382,hide_craze,255,205,297,386,42,181,0.725,4.31,0.425,3,patches\hide_craze\patch_00585.jpg,C:\Users\akhil\.gemini\antigravity\scratch\aeroloss_ai\data\processed\patches\hide_craze\patch_00585.jpg
patch_00586,382,hide_craze,272,395,647,527,375,132,4.7207,0.352,0.551,3,patches\hide_craze\patch_00586.jpg,C:\Users\akhil\.gemini\antigravity\scratch\aeroloss_ai\data\processed\patches\hide_craze\patch_00586.jpg
patch_00587,382,craze,661,302,872,589,211,287,5.7752,1.36,0.539,2,patches\craze\patch_00587.jpg,C:\Users\akhil\.gemini\antigravity\scratch\aeroloss_ai\data\processed\patches\craze\patch_00587.jpg
patch_00588,383,craze,281,585,939,924,658,339,21.2729,0.515,0.775,2,patches\craze\patch_00588.jpg,C:\Users\akhil\.gemini\antigravity\scratch\aeroloss_ai\data\processed\patches\craze\patch_00588.jpg
patch_00589,384,corrosion,420,6,639,972,219,966,20.1754,4.411,0.572,3,patches\corrosion\patch_00589.jpg,C:\Users\akhil\.gemini\antigravity\scratch\aeroloss_ai\data\processed\patches\corrosion\patch_00589.jpg
patch_00590,385,corrosion,245,461,442,689,197,228,4.2835,1.157,0.638,2,patches\corrosion\patch_00590.jpg,C:\Users\akhil\.gemini\antigravity\scratch\aeroloss_ai\data\processed\patches\corrosion\patch_00590.jpg
patch_00591,385,thunderstrike,403,127,523,180,120,53,0.6065,0.442,0.317,5,patches\thunderstrike\patch_00591.jpg,C:\Users\akhil\.gemini\antigravity\scratch\aeroloss_ai\data\processed\patches\thunderstrike\patch_00591.jpg
patch_00592,386,surface_injure,178,531,306,688,128,157,1.9165,1.227,0.664,2,patches\surface_injure\patch_00592.jpg,C:\Users\akhil\.gemini\antigravity\scratch\aeroloss_ai\data\processed\patches\surface_injure\patch_00592.jpg
patch_00593,386,surface_injure,319,314,617,595,298,281,7.9859,0.943,0.546,3,patches\surface_injure\patch_00593.jpg,C:\Users\akhil\.gemini\antigravity\scratch\aeroloss_ai\data\processed\patches\surface_injure\patch_00593.jpg
patch_00594,386,surface_injure,636,142,967,392,331,250,7.8917,0.755,0.403,3,patches\surface_injure\patch_00594.jpg,C:\Users\akhil\.gemini\antigravity\scratch\aeroloss_ai\data\processed\patches\surface_injure\patch_00594.jpg
patch_00595,387,craze,180,1,681,403,501,402,19.2072,0.802,0.354,2,patches\craze\patch_00595.jpg,C:\Users\akhil\.gemini\antigravity\scratch\aeroloss_ai\data\processed\patches\craze\patch_00595.jpg
patch_00597,389,crack,773,478,884,547,111,69,0.7304,0.622,0.59,4,patches\crack\patch_00597.jpg,C:\Users\akhil\.gemini\antigravity\scratch\aeroloss_ai\data\processed\patches\crack\patch_00597.jpg
patch_00600,391,crack,459,1,625,919,166,918,14.5329,5.53,0.55,5,patches\crack\patch_00600.jpg,C:\Users\akhil\.gemini\antigravity\scratch\aeroloss_ai\data\processed\patches\crack\patch_00600.jpg
patch_00601,392,craze,92,39,542,436,450,397,17.0374,0.882,0.381,2,patches\craze\patch_00601.jpg,C:\Users\akhil\.gemini\antigravity\scratch\aeroloss_ai\data\processed\patches\craze\patch_00601.jpg
patch_00602,392,craze,525,510,719,703,194,193,3.5707,0.995,0.662,1,patches\craze\patch_00602.jpg,C:\Users\akhil\.gemini\antigravity\scratch\aeroloss_ai\data\processed\patches\craze\patch_00602.jpg
patch_00603,393,thunderstrike,264,95,669,311,405,216,8.3427,0.533,0.355,5,patches\thunderstrike\patch_00603.jpg,C:\Users\akhil\.gemini\antigravity\scratch\aeroloss_ai\data\processed\patches\thunderstrike\patch_00603.jpg
patch_00605,395,crack,495,22,675,774,180,752,12.9089,4.178,0.503,5,patches\crack\patch_00605.jpg,C:\Users\akhil\.gemini\antigravity\scratch\aeroloss_ai\data\processed\patches\crack\patch_00605.jpg
patch_00606,396,craze,136,211,305,295,169,84,1.3538,0.497,0.393,1,patches\craze\patch_00606.jpg,C:\Users\akhil\.gemini\antigravity\scratch\aeroloss_ai\data\processed\patches\craze\patch_00606.jpg
patch_00607,396,craze,745,649,908,747,163,98,1.5234,0.601,0.732,1,patches\craze\patch_00607.jpg,C:\Users\akhil\.gemini\antigravity\scratch\aeroloss_ai\data\processed\patches\craze\patch_00607.jpg
patch_00608,397,crack,383,1,809,980,426,979,39.7734,2.298,0.574,5,patches\crack\patch_00608.jpg,C:\Users\akhil\.gemini\antigravity\scratch\aeroloss_ai\data\processed\patches\crack\patch_00608.jpg
patch_00609,398,hide_craze,253,206,286,395,33,189,0.5948,5.727,0.429,3,patches\hide_craze\patch_00609.jpg,C:\Users\akhil\.gemini\antigravity\scratch\aeroloss_ai\data\processed\patches\hide_craze\patch_00609.jpg
patch_00610,398,hide_craze,269,405,662,527,393,122,4.5725,0.31,0.555,3,patches\hide_craze\patch_00610.jpg,C:\Users\akhil\.gemini\antigravity\scratch\aeroloss_ai\data\processed\patches\hide_craze\patch_00610.jpg
patch_00611,398,craze,675,302,884,589,209,287,5.7204,1.373,0.539,2,patches\craze\patch_00611.jpg,C:\Users\akhil\.gemini\antigravity\scratch\aeroloss_ai\data\processed\patches\craze\patch_00611.jpg
patch_00612,399,corrosion,1,435,378,494,377,59,2.1213,0.156,0.554,2,patches\corrosion\patch_00612.jpg,C:\Users\akhil\.gemini\antigravity\scratch\aeroloss_ai\data\processed\patches\corrosion\patch_00612.jpg
patch_00613,399,corrosion,402,445,1008,555,606,110,6.3572,0.182,0.581,3,patches\corrosion\patch_00613.jpg,C:\Users\akhil\.gemini\antigravity\scratch\aeroloss_ai\data\processed\patches\corrosion\patch_00613.jpg
patch_00614,4,crack,336,6,642,708,306,702,20.4861,2.294,0.472,5,patches\crack\patch_00614.jpg,C:\Users\akhil\.gemini\antigravity\scratch\aeroloss_ai\data\processed\patches\crack\patch_00614.jpg
patch_00615,40,thunderstrike,1,339,427,583,426,244,9.9129,0.573,0.551,5,patches\thunderstrike\patch_00615.jpg,C:\Users\akhil\.gemini\antigravity\scratch\aeroloss_ai\data\processed\patches\thunderstrike\patch_00615.jpg
patch_00616,400,thunderstrike,364,347,677,688,313,341,10.1789,1.089,0.594,5,patches\thunderstrike\patch_00616.jpg,C:\Users\akhil\.gemini\antigravity\scratch\aeroloss_ai\data\processed\patches\thunderstrike\patch_00616.jpg
patch_00617,400,surface_injure,203,92,741,330,538,238,12.2112,0.442,0.361,3,patches\surface_injure\patch_00617.jpg,C:\Users\akhil\.gemini\antigravity\scratch\aeroloss_ai\data\processed\patches\surface_injure\patch_00617.jpg
patch_00618,400,surface_injure,284,702,644,794,360,92,3.1586,0.256,0.77,2,patches\surface_injure\patch_00618.jpg,C:\Users\akhil\.gemini\antigravity\scratch\aeroloss_ai\data\processed\patches\surface_injure\patch_00618.jpg
patch_00619,400,surface_injure,683,374,734,641,51,267,1.2986,5.235,0.587,2,patches\surface_injure\patch_00619.jpg,C:\Users\akhil\.gemini\antigravity\scratch\aeroloss_ai\data\processed\patches\surface_injure\patch_00619.jpg
patch_00620,400,surface_injure,233,347,345,689,112,342,3.653,3.054,0.595,2,patches\surface_injure\patch_00620.jpg,C:\Users\akhil\.gemini\antigravity\scratch\aeroloss_ai\data\processed\patches\surface_injure\patch_00620.jpg
patch_00621,401,crack,205,283,655,631,450,348,14.9345,0.773,0.548,5,patches\crack\patch_00621.jpg,C:\Users\akhil\.gemini\antigravity\scratch\aeroloss_ai\data\processed\patches\crack\patch_00621.jpg
patch_00622,402,crack,403,3,714,694,311,691,20.4946,2.222,0.465,5,patches\crack\patch_00622.jpg,C:\Users\akhil\.gemini\antigravity\scratch\aeroloss_ai\data\processed\patches\crack\patch_00622.jpg
patch_00623,403,crack,614,6,742,386,128,380,4.6387,2.969,0.349,4,patches\crack\patch_00623.jpg,C:\Users\akhil\.gemini\antigravity\scratch\aeroloss_ai\data\processed\patches\crack\patch_00623.jpg
patch_00624,403,crack,325,161,492,422,167,261,4.1568,1.563,0.422,4,patches\crack\patch_00624.jpg,C:\Users\akhil\.gemini\antigravity\scratch\aeroloss_ai\data\processed\patches\crack\patch_00624.jpg
patch_00626,405,corrosion,511,13,830,1016,319,1003,30.5135,3.144,0.592,3,patches\corrosion\patch_00626.jpg,C:\Users\akhil\.gemini\antigravity\scratch\aeroloss_ai\data\processed\patches\corrosion\patch_00626.jpg
patch_00627,406,craze,244,241,570,461,326,220,6.8398,0.675,0.467,2,patches\craze\patch_00627.jpg,C:\Users\akhil\.gemini\antigravity\scratch\aeroloss_ai\data\processed\patches\craze\patch_00627.jpg
patch_00628,407,surface_injure,642,1,1024,464,382,463,16.8673,1.212,0.377,3,patches\surface_injure\patch_00628.jpg,C:\Users\akhil\.gemini\antigravity\scratch\aeroloss_ai\data\processed\patches\surface_injure\patch_00628.jpg
patch_00629,408,corrosion,34,545,742,683,708,138,9.3178,0.195,0.668,3,patches\corrosion\patch_00629.jpg,C:\Users\akhil\.gemini\antigravity\scratch\aeroloss_ai\data\processed\patches\corrosion\patch_00629.jpg
patch_00630,408,corrosion,753,374,1012,689,259,315,7.7806,1.216,0.605,3,patches\corrosion\patch_00630.jpg,C:\Users\akhil\.gemini\antigravity\scratch\aeroloss_ai\data\processed\patches\corrosion\patch_00630.jpg
patch_00632,41,hide_craze,400,630,977,666,577,36,1.981,0.062,0.694,3,patches\hide_craze\patch_00632.jpg,C:\Users\akhil\.gemini\antigravity\scratch\aeroloss_ai\data\processed\patches\hide_craze\patch_00632.jpg
patch_00633,410,corrosion,12,347,486,438,474,91,4.1136,0.192,0.499,2,patches\corrosion\patch_00633.jpg,C:\Users\akhil\.gemini\antigravity\scratch\aeroloss_ai\data\processed\patches\corrosion\patch_00633.jpg
patch_00634,410,corrosion,502,399,909,505,407,106,4.1143,0.26,0.544,2,patches\corrosion\patch_00634.jpg,C:\Users\akhil\.gemini\antigravity\scratch\aeroloss_ai\data\processed\patches\corrosion\patch_00634.jpg
patch_00637,412,surface_injure,30,145,552,355,522,210,10.4542,0.402,0.39,3,patches\surface_injure\patch_00637.jpg,C:\Users\akhil\.gemini\antigravity\scratch\aeroloss_ai\data\processed\patches\surface_injure\patch_00637.jpg
patch_00638,412,surface_injure,572,319,1005,636,433,317,13.0902,0.732,0.564,3,patches\surface_injure\patch_00638.jpg,C:\Users\akhil\.gemini\antigravity\scratch\aeroloss_ai\data\processed\patches\surface_injure\patch_00638.jpg
patch_00642,414,crack,722,519,936,880,214,361,7.3675,1.687,0.733,5,patches\crack\patch_00642.jpg,C:\Users\akhil\.gemini\antigravity\scratch\aeroloss_ai\data\processed\patches\crack\patch_00642.jpg
patch_00643,415,surface_injure,658,575,711,703,53,128,0.647,2.415,0.687,2,patches\surface_injure\patch_00643.jpg,C:\Users\akhil\.gemini\antigravity\scratch\aeroloss_ai\data\processed\patches\surface_injure\patch_00643.jpg
patch_00644,415,craze,622,713,700,1024,78,311,2.3134,3.987,0.862,1,patches\craze\patch_00644.jpg,C:\Users\akhil\.gemini\antigravity\scratch\aeroloss_ai\data\processed\patches\craze\patch_00644.jpg
patch_00645,416,surface_injure,242,105,345,341,103,236,2.3182,2.291,0.37,2,patches\surface_injure\patch_00645.jpg,C:\Users\akhil\.gemini\antigravity\scratch\aeroloss_ai\data\processed\patches\surface_injure\patch_00645.jpg
patch_00646,417,hide_craze,534,752,694,892,160,140,2.1362,0.875,0.826,3,patches\hide_craze\patch_00646.jpg,C:\Users\akhil\.gemini\antigravity\scratch\aeroloss_ai\data\processed\patches\hide_craze\patch_00646.jpg
patch_00647,418,crack,775,483,883,542,108,59,0.6077,0.546,0.59,4,patches\crack\patch_00647.jpg,C:\Users\akhil\.gemini\antigravity\scratch\aeroloss_ai\data\processed\patches\crack\patch_00647.jpg
patch_00648,419,crack,448,153,775,819,327,666,20.7693,2.037,0.57,5,patches\crack\patch_00648.jpg,C:\Users\akhil\.gemini\antigravity\scratch\aeroloss_ai\data\processed\patches\crack\patch_00648.jpg
patch_00649,42,craze,627,83,1024,789,397,706,26.7298,1.778,0.532,2,patches\craze\patch_00649.jpg,C:\Users\akhil\.gemini\antigravity\scratch\aeroloss_ai\data\processed\patches\craze\patch_00649.jpg
patch_00650,42,craze,81,278,286,469,205,191,3.7341,0.932,0.485,1,patches\craze\patch_00650.jpg,C:\Users\akhil\.gemini\antigravity\scratch\aeroloss_ai\data\processed\patches\craze\patch_00650.jpg
patch_00651,42,craze,411,233,609,514,198,281,5.3061,1.419,0.485,2,patches\craze\patch_00651.jpg,C:\Users\akhil\.gemini\antigravity\scratch\aeroloss_ai\data\processed\patches\craze\patch_00651.jpg
patch_00652,420,hide_craze,756,685,791,839,35,154,0.514,4.4,0.78,3,patches\hide_craze\patch_00652.jpg,C:\Users\akhil\.gemini\antigravity\scratch\aeroloss_ai\data\processed\patches\hide_craze\patch_00652.jpg
patch_00653,421,surface_injure,67,574,220,697,153,123,1.7947,0.804,0.684,2,patches\surface_injure\patch_00653.jpg,C:\Users\akhil\.gemini\antigravity\scratch\aeroloss_ai\data\processed\patches\surface_injure\patch_00653.jpg
patch_00654,421,surface_injure,336,514,420,630,84,116,0.9293,1.381,0.636,2,patches\surface_injure\patch_00654.jpg,C:\Users\akhil\.gemini\antigravity\scratch\aeroloss_ai\data\processed\patches\surface_injure\patch_00654.jpg
patch_00655,422,hide_craze,441,475,825,500,384,25,0.9155,0.065,0.571,3,patches\hide_craze\patch_00655.jpg,C:\Users\akhil\.gemini\antigravity\scratch\aeroloss_ai\data\processed\patches\hide_craze\patch_00655.jpg
patch_00656,422,hide_craze,131,470,369,492,238,22,0.4993,0.092,0.566,2,patches\hide_craze\patch_00656.jpg,C:\Users\akhil\.gemini\antigravity\scratch\aeroloss_ai\data\processed\patches\hide_craze\patch_00656.jpg
patch_00659,424,surface_injure,309,416,556,642,247,226,5.3236,0.915,0.603,3,patches\surface_injure\patch_00659.jpg,C:\Users\akhil\.gemini\antigravity\scratch\aeroloss_ai\data\processed\patches\surface_injure\patch_00659.jpg
patch_00660,424,hide_craze,152,83,684,367,532,284,14.4089,0.534,0.371,4,patches\hide_craze\patch_00660.jpg,C:\Users\akhil\.gemini\antigravity\scratch\aeroloss_ai\data\processed\patches\hide_craze\patch_00660.jpg
patch_00661,424,hide_craze,178,525,292,664,114,139,1.5112,1.219,0.653,3,patches\hide_craze\patch_00661.jpg,C:\Users\akhil\.gemini\antigravity\scratch\aeroloss_ai\data\processed\patches\hide_craze\patch_00661.jpg
patch_00662,425,corrosion,342,36,587,978,245,942,22.0098,3.845,0.586,3,patches\corrosion\patch_00662.jpg,C:\Users\akhil\.gemini\antigravity\scratch\aeroloss_ai\data\processed\patches\corrosion\patch_00662.jpg
patch_00663,426,hide_craze,417,244,531,378,114,134,1.4568,1.175,0.437,3,patches\hide_craze\patch_00663.jpg,C:\Users\akhil\.gemini\antigravity\scratch\aeroloss_ai\data\processed\patches\hide_craze\patch_00663.jpg
patch_00664,427,surface_injure,353,460,536,560,183,100,1.7452,0.546,0.588,2,patches\surface_injure\patch_00664.jpg,C:\Users\akhil\.gemini\antigravity\scratch\aeroloss_ai\data\processed\patches\surface_injure\patch_00664.jpg
patch_00665,427,surface_injure,655,380,742,469,87,89,0.7384,1.023,0.523,2,patches\surface_injure\patch_00665.jpg,C:\Users\akhil\.gemini\antigravity\scratch\aeroloss_ai\data\processed\patches\surface_injure\patch_00665.jpg
patch_00666,427,surface_injure,466,58,642,236,176,178,2.9877,1.011,0.312,2,patches\surface_injure\patch_00666.jpg,C:\Users\akhil\.gemini\antigravity\scratch\aeroloss_ai\data\processed\patches\surface_injure\patch_00666.jpg
patch_00667,428,surface_injure,236,236,306,331,70,95,0.6342,1.357,0.416,2,patches\surface_injure\patch_00667.jpg,C:\Users\akhil\.gemini\antigravity\scratch\aeroloss_ai\data\processed\patches\surface_injure\patch_00667.jpg
patch_00669,43,surface_injure,177,1,502,689,325,688,21.3242,2.117,0.463,3,patches\surface_injure\patch_00669.jpg,C:\Users\akhil\.gemini\antigravity\scratch\aeroloss_ai\data\processed\patches\surface_injure\patch_00669.jpg
patch_00670,43,surface_injure,300,724,553,885,253,161,3.8846,0.636,0.813,2,patches\surface_injure\patch_00670.jpg,C:\Users\akhil\.gemini\antigravity\scratch\aeroloss_ai\data\processed\patches\surface_injure\patch_00670.jpg
patch_00674,431,crack,548,172,800,788,252,616,14.8041,2.444,0.566,5,patches\crack\patch_00674.jpg,C:\Users\akhil\.gemini\antigravity\scratch\aeroloss_ai\data\processed\patches\crack\patch_00674.jpg
patch_00676,433,crack,494,264,597,777,103,513,5.0391,4.981,0.596,5,patches\crack\patch_00676.jpg,C:\Users\akhil\.gemini\antigravity\scratch\aeroloss_ai\data\processed\patches\crack\patch_00676.jpg
patch_00677,434,surface_injure,573,353,592,392,19,39,0.0707,2.053,0.484,1,patches\surface_injure\patch_00677.jpg,C:\Users\akhil\.gemini\antigravity\scratch\aeroloss_ai\data\processed\patches\surface_injure\patch_00677.jpg
patch_00678,434,surface_injure,572,422,598,455,26,33,0.0818,1.269,0.534,1,patches\surface_injure\patch_00678.jpg,C:\Users\akhil\.gemini\antigravity\scratch\aeroloss_ai\data\processed\patches\surface_injure\patch_00678.jpg
patch_00679,435,craze,627,745,1019,944,392,199,7.4394,0.508,0.843,2,patches\craze\patch_00679.jpg,C:\Users\akhil\.gemini\antigravity\scratch\aeroloss_ai\data\processed\patches\craze\patch_00679.jpg
patch_00682,437,thunderstrike,273,180,775,519,502,339,16.2294,0.675,0.466,5,patches\thunderstrike\patch_00682.jpg,C:\Users\akhil\.gemini\antigravity\scratch\aeroloss_ai\data\processed\patches\thunderstrike\patch_00682.jpg
patch_00683,438,hide_craze,147,147,1003,308,856,161,13.1432,0.188,0.373,4,patches\hide_craze\patch_00683.jpg,C:\Users\akhil\.gemini\antigravity\scratch\aeroloss_ai\data\processed\patches\hide_craze\patch_00683.jpg
patch_00684,439,hide_craze,273,460,528,856,255,396,9.6302,1.553,0.701,4,patches\hide_craze\patch_00684.jpg,C:\Users\akhil\.gemini\antigravity\scratch\aeroloss_ai\data\processed\patches\hide_craze\patch_00684.jpg
patch_00687,441,surface_injure,105,260,317,336,212,76,1.5366,0.358,0.427,2,patches\surface_injure\patch_00687.jpg,C:\Users\akhil\.gemini\antigravity\scratch\aeroloss_ai\data\processed\patches\surface_injure\patch_00687.jpg
patch_00691,443,crack,262,160,455,960,193,800,14.7247,4.145,0.627,5,patches\crack\patch_00691.jpg,C:\Users\akhil\.gemini\antigravity\scratch\aeroloss_ai\data\processed\patches\crack\patch_00691.jpg
patch_00692,444,craze,337,583,925,894,588,311,17.4397,0.529,0.763,2,patches\craze\patch_00692.jpg,C:\Users\akhil\.gemini\antigravity\scratch\aeroloss_ai\data\processed\patches\craze\patch_00692.jpg
patch_00694,446,hide_craze,367,760,511,786,144,26,0.3571,0.181,0.789,2,patches\hide_craze\patch_00694.jpg,C:\Users\akhil\.gemini\antigravity\scratch\aeroloss_ai\data\processed\patches\hide_craze\patch_00694.jpg
patch_00699,45,surface_injure,191,417,664,655,473,238,10.7359,0.503,0.608,3,patches\surface_injure\patch_00699.jpg,C:\Users\akhil\.gemini\antigravity\scratch\aeroloss_ai\data\processed\patches\surface_injure\patch_00699.jpg
patch_00700,45,surface_injure,16,517,181,872,165,355,5.5861,2.152,0.729,3,patches\surface_injure\patch_00700.jpg,C:\Users\akhil\.gemini\antigravity\scratch\aeroloss_ai\data\processed\patches\surface_injure\patch_00700.jpg
patch_00701,450,hide_craze,322,192,564,486,242,294,6.7852,1.215,0.458,4,patches\hide_craze\patch_00701.jpg,C:\Users\akhil\.gemini\antigravity\scratch\aeroloss_ai\data\processed\patches\hide_craze\patch_00701.jpg
patch_00703,452,hide_craze,250,349,431,811,181,462,7.9748,2.552,0.642,4,patches\hide_craze\patch_00703.jpg,C:\Users\akhil\.gemini\antigravity\scratch\aeroloss_ai\data\processed\patches\hide_craze\patch_00703.jpg
patch_00705,454,craze,453,444,756,642,303,198,5.7215,0.653,0.614,2,patches\craze\patch_00705.jpg,C:\Users\akhil\.gemini\antigravity\scratch\aeroloss_ai\data\processed\patches\craze\patch_00705.jpg
patch_00706,455,crack,322,319,825,774,503,455,21.8263,0.905,0.616,5,patches\crack\patch_00706.jpg,C:\Users\akhil\.gemini\antigravity\scratch\aeroloss_ai\data\processed\patches\crack\patch_00706.jpg
patch_00707,456,hide_craze,389,70,428,591,39,521,1.9378,13.359,0.452,3,patches\hide_craze\patch_00707.jpg,C:\Users\akhil\.gemini\antigravity\scratch\aeroloss_ai\data\processed\patches\hide_craze\patch_00707.jpg
patch_00708,456,hide_craze,392,714,419,1017,27,303,0.7802,11.222,0.859,3,patches\hide_craze\patch_00708.jpg,C:\Users\akhil\.gemini\antigravity\scratch\aeroloss_ai\data\processed\patches\hide_craze\patch_00708.jpg
patch_00709,457,hide_craze,430,194,483,350,53,156,0.7885,2.943,0.407,3,patches\hide_craze\patch_00709.jpg,C:\Users\akhil\.gemini\antigravity\scratch\aeroloss_ai\data\processed\patches\hide_craze\patch_00709.jpg
patch_00710,457,hide_craze,453,467,486,536,33,69,0.2172,2.091,0.582,2,patches\hide_craze\patch_00710.jpg,C:\Users\akhil\.gemini\antigravity\scratch\aeroloss_ai\data\processed\patches\hide_craze\patch_00710.jpg
patch_00711,457,hide_craze,466,641,525,756,59,115,0.6471,1.949,0.732,3,patches\hide_craze\patch_00711.jpg,C:\Users\akhil\.gemini\antigravity\scratch\aeroloss_ai\data\processed\patches\hide_craze\patch_00711.jpg
patch_00712,458,surface_injure,541,102,652,514,111,412,4.3613,3.712,0.435,2,patches\surface_injure\patch_00712.jpg,C:\Users\akhil\.gemini\antigravity\scratch\aeroloss_ai\data\processed\patches\surface_injure\patch_00712.jpg
patch_00713,459,corrosion,444,505,509,1013,65,508,3.149,7.815,0.778,2,patches\corrosion\patch_00713.jpg,C:\Users\akhil\.gemini\antigravity\scratch\aeroloss_ai\data\processed\patches\corrosion\patch_00713.jpg
patch_00714,459,corrosion,464,6,570,500,106,494,4.9938,4.66,0.393,2,patches\corrosion\patch_00714.jpg,C:\Users\akhil\.gemini\antigravity\scratch\aeroloss_ai\data\processed\patches\corrosion\patch_00714.jpg
patch_00715,46,corrosion,20,563,548,680,528,117,5.8914,0.222,0.673,3,patches\corrosion\patch_00715.jpg,C:\Users\akhil\.gemini\antigravity\scratch\aeroloss_ai\data\processed\patches\corrosion\patch_00715.jpg
patch_00716,46,corrosion,569,491,814,578,245,87,2.0328,0.355,0.607,2,patches\corrosion\patch_00716.jpg,C:\Users\akhil\.gemini\antigravity\scratch\aeroloss_ai\data\processed\patches\corrosion\patch_00716.jpg
patch_00717,460,crack,419,8,684,641,265,633,15.9974,2.389,0.447,5,patches\crack\patch_00717.jpg,C:\Users\akhil\.gemini\antigravity\scratch\aeroloss_ai\data\processed\patches\crack\patch_00717.jpg
patch_00718,461,thunderstrike,583,113,727,156,144,43,0.5905,0.299,0.302,5,patches\thunderstrike\patch_00718.jpg,C:\Users\akhil\.gemini\antigravity\scratch\aeroloss_ai\data\processed\patches\thunderstrike\patch_00718.jpg
patch_00723,463,hide_craze,209,158,352,263,143,105,1.4319,0.734,0.36,3,patches\hide_craze\patch_00723.jpg,C:\Users\akhil\.gemini\antigravity\scratch\aeroloss_ai\data\processed\patches\hide_craze\patch_00723.jpg
patch_00727,466,surface_injure,159,461,800,558,641,97,5.9297,0.151,0.588,3,patches\surface_injure\patch_00727.jpg,C:\Users\akhil\.gemini\antigravity\scratch\aeroloss_ai\data\processed\patches\surface_injure\patch_00727.jpg
patch_00728,467,corrosion,562,2,631,372,69,370,2.4347,5.362,0.342,2,patches\corrosion\patch_00728.jpg,C:\Users\akhil\.gemini\antigravity\scratch\aeroloss_ai\data\processed\patches\corrosion\patch_00728.jpg
patch_00729,467,corrosion,575,583,623,683,48,100,0.4578,2.083,0.682,1,patches\corrosion\patch_00729.jpg,C:\Users\akhil\.gemini\antigravity\scratch\aeroloss_ai\data\processed\patches\corrosion\patch_00729.jpg
patch_00730,467,thunderstrike,831,348,910,419,79,71,0.5349,0.899,0.492,5,patches\thunderstrike\patch_00730.jpg,C:\Users\akhil\.gemini\antigravity\scratch\aeroloss_ai\data\processed\patches\thunderstrike\patch_00730.jpg
patch_00731,468,hide_craze,473,339,498,738,25,399,0.9513,15.96,0.61,3,patches\hide_craze\patch_00731.jpg,C:\Users\akhil\.gemini\antigravity\scratch\aeroloss_ai\data\processed\patches\hide_craze\patch_00731.jpg
patch_00732,468,hide_craze,470,819,495,1020,25,201,0.4792,8.04,0.9,2,patches\hide_craze\patch_00732.jpg,C:\Users\akhil\.gemini\antigravity\scratch\aeroloss_ai\data\processed\patches\hide_craze\patch_00732.jpg
patch_00733,469,craze,389,466,831,844,442,378,15.9336,0.855,0.699,2,patches\craze\patch_00733.jpg,C:\Users\akhil\.gemini\antigravity\scratch\aeroloss_ai\data\processed\patches\craze\patch_00733.jpg
patch_00734,47,craze,683,731,941,1002,258,271,6.6679,1.05,0.86,2,patches\craze\patch_00734.jpg,C:\Users\akhil\.gemini\antigravity\scratch\aeroloss_ai\data\processed\patches\craze\patch_00734.jpg
patch_00735,47,craze,523,513,683,716,160,203,3.0975,1.269,0.668,1,patches\craze\patch_00735.jpg,C:\Users\akhil\.gemini\antigravity\scratch\aeroloss_ai\data\processed\patches\craze\patch_00735.jpg
patch_00736,47,craze,328,335,498,491,170,156,2.5291,0.918,0.515,1,patches\craze\patch_00736.jpg,C:\Users\akhil\.gemini\antigravity\scratch\aeroloss_ai\data\processed\patches\craze\patch_00736.jpg
patch_00737,470,crack,230,525,847,738,617,213,12.5333,0.345,0.681,5,patches\crack\patch_00737.jpg,C:\Users\akhil\.gemini\antigravity\scratch\aeroloss_ai\data\processed\patches\crack\patch_00737.jpg
patch_00738,471,crack,316,370,494,964,178,594,10.0834,3.337,0.708,5,patches\crack\patch_00738.jpg,C:\Users\akhil\.gemini\antigravity\scratch\aeroloss_ai\data\processed\patches\crack\patch_00738.jpg
patch_00739,472,hide_craze,3,675,117,849,114,174,1.8917,1.526,0.78,3,patches\hide_craze\patch_00739.jpg,C:\Users\akhil\.gemini\antigravity\scratch\aeroloss_ai\data\processed\patches\hide_craze\patch_00739.jpg
patch_00740,472,hide_craze,270,552,491,817,221,265,5.5852,1.199,0.721,4,patches\hide_craze\patch_00740.jpg,C:\Users\akhil\.gemini\antigravity\scratch\aeroloss_ai\data\processed\patches\hide_craze\patch_00740.jpg
patch_00741,472,hide_craze,305,564,1022,652,717,88,6.0173,0.123,0.663,4,patches\hide_craze\patch_00741.jpg,C:\Users\akhil\.gemini\antigravity\scratch\aeroloss_ai\data\processed\patches\hide_craze\patch_00741.jpg
patch_00742,472,hide_craze,959,264,995,591,36,327,1.1227,9.083,0.526,3,patches\hide_craze\patch_00742.jpg,C:\Users\akhil\.gemini\antigravity\scratch\aeroloss_ai\data\processed\patches\hide_craze\patch_00742.jpg
patch_00743,473,crack,145,416,816,705,671,289,18.4936,0.431,0.627,5,patches\crack\patch_00743.jpg,C:\Users\akhil\.gemini\antigravity\scratch\aeroloss_ai\data\processed\patches\crack\patch_00743.jpg
patch_00744,474,surface_injure,3,230,631,674,628,444,26.5915,0.707,0.544,3,patches\surface_injure\patch_00744.jpg,C:\Users\akhil\.gemini\antigravity\scratch\aeroloss_ai\data\processed\patches\surface_injure\patch_00744.jpg
patch_00748,476,surface_injure,53,508,552,692,499,184,8.7563,0.369,0.657,3,patches\surface_injure\patch_00748.jpg,C:\Users\akhil\.gemini\antigravity\scratch\aeroloss_ai\data\processed\patches\surface_injure\patch_00748.jpg
patch_00754,48,surface_injure,394,473,553,794,159,321,4.8675,2.019,0.683,2,patches\surface_injure\patch_00754.jpg,C:\Users\akhil\.gemini\antigravity\scratch\aeroloss_ai\data\processed\patches\surface_injure\patch_00754.jpg
patch_00755,480,corrosion,6,506,283,563,277,57,1.5058,0.206,0.607,2,patches\corrosion\patch_00755.jpg,C:\Users\akhil\.gemini\antigravity\scratch\aeroloss_ai\data\processed\patches\corrosion\patch_00755.jpg
patch_00756,480,corrosion,295,550,603,633,308,83,2.438,0.269,0.651,2,patches\corrosion\patch_00756.jpg,C:\Users\akhil\.gemini\antigravity\scratch\aeroloss_ai\data\processed\patches\corrosion\patch_00756.jpg
patch_00757,480,corrosion,611,591,1014,677,403,86,3.3052,0.213,0.683,2,patches\corrosion\patch_00757.jpg,C:\Users\akhil\.gemini\antigravity\scratch\aeroloss_ai\data\processed\patches\corrosion\patch_00757.jpg
patch_00758,481,corrosion,9,155,325,402,316,247,7.4436,0.782,0.412,3,patches\corrosion\patch_00758.jpg,C:\Users\akhil\.gemini\antigravity\scratch\aeroloss_ai\data\processed\patches\corrosion\patch_00758.jpg
patch_00759,481,corrosion,336,360,686,650,350,290,9.6798,0.829,0.585,3,patches\corrosion\patch_00759.jpg,C:\Users\akhil\.gemini\antigravity\scratch\aeroloss_ai\data\processed\patches\corrosion\patch_00759.jpg
patch_00760,481,corrosion,687,538,1023,852,336,314,10.0616,0.935,0.729,3,patches\corrosion\patch_00760.jpg,C:\Users\akhil\.gemini\antigravity\scratch\aeroloss_ai\data\processed\patches\corrosion\patch_00760.jpg
patch_00762,483,hide_craze,191,672,809,974,618,302,17.799,0.489,0.827,4,patches\hide_craze\patch_00762.jpg,C:\Users\akhil\.gemini\antigravity\scratch\aeroloss_ai\data\processed\patches\hide_craze\patch_00762.jpg
patch_00763,484,surface_injure,155,244,291,324,136,80,1.0376,0.588,0.416,2,patches\surface_injure\patch_00763.jpg,C:\Users\akhil\.gemini\antigravity\scratch\aeroloss_ai\data\processed\patches\surface_injure\patch_00763.jpg
patch_00764,484,surface_injure,478,377,575,467,97,90,0.8326,0.928,0.521,2,patches\surface_injure\patch_00764.jpg,C:\Users\akhil\.gemini\antigravity\scratch\aeroloss_ai\data\processed\patches\surface_injure\patch_00764.jpg
patch_00765,484,surface_injure,784,283,967,516,183,233,4.0664,1.273,0.504,2,patches\surface_injure\patch_00765.jpg,C:\Users\akhil\.gemini\antigravity\scratch\aeroloss_ai\data\processed\patches\surface_injure\patch_00765.jpg
patch_00766,485,corrosion,12,20,992,481,980,461,43.0851,0.47,0.391,3,patches\corrosion\patch_00766.jpg,C:\Users\akhil\.gemini\antigravity\scratch\aeroloss_ai\data\processed\patches\corrosion\patch_00766.jpg
patch_00768,487,surface_injure,180,363,306,852,126,489,5.876,3.881,0.663,3,patches\surface_injure\patch_00768.jpg,C:\Users\akhil\.gemini\antigravity\scratch\aeroloss_ai\data\processed\patches\surface_injure\patch_00768.jpg
patch_00769,487,surface_injure,252,3,497,274,245,271,6.3319,1.106,0.305,3,patches\surface_injure\patch_00769.jpg,C:\Users\akhil\.gemini\antigravity\scratch\aeroloss_ai\data\processed\patches\surface_injure\patch_00769.jpg
patch_00770,488,thunderstrike,242,156,798,952,556,796,42.2073,1.432,0.622,5,patches\thunderstrike\patch_00770.jpg,C:\Users\akhil\.gemini\antigravity\scratch\aeroloss_ai\data\processed\patches\thunderstrike\patch_00770.jpg
patch_00771,489,corrosion,16,188,269,394,253,206,4.9704,0.814,0.422,2,patches\corrosion\patch_00771.jpg,C:\Users\akhil\.gemini\antigravity\scratch\aeroloss_ai\data\processed\patches\corrosion\patch_00771.jpg
patch_00772,489,corrosion,277,331,566,561,289,230,6.3391,0.796,0.54,3,patches\corrosion\patch_00772.jpg,C:\Users\akhil\.gemini\antigravity\scratch\aeroloss_ai\data\processed\patches\corrosion\patch_00772.jpg
patch_00773,489,corrosion,577,510,1022,919,445,409,17.3573,0.919,0.744,3,patches\corrosion\patch_00773.jpg,C:\Users\akhil\.gemini\antigravity\scratch\aeroloss_ai\data\processed\patches\corrosion\patch_00773.jpg
patch_00776,491,corrosion,8,81,1017,678,1009,597,57.4468,0.592,0.489,3,patches\corrosion\patch_00776.jpg,C:\Users\akhil\.gemini\antigravity\scratch\aeroloss_ai\data\processed\patches\corrosion\patch_00776.jpg
patch_00777,492,surface_injure,411,181,552,338,141,157,2.1111,1.113,0.398,2,patches\surface_injure\patch_00777.jpg,C:\Users\akhil\.gemini\antigravity\scratch\aeroloss_ai\data\processed\patches\surface_injure\patch_00777.jpg
patch_00784,496,hide_craze,661,427,705,975,44,548,2.2995,12.455,0.734,3,patches\hide_craze\patch_00784.jpg,C:\Users\akhil\.gemini\antigravity\scratch\aeroloss_ai\data\processed\patches\hide_craze\patch_00784.jpg
patch_00785,496,hide_craze,678,60,700,341,22,281,0.5896,12.773,0.353,3,patches\hide_craze\patch_00785.jpg,C:\Users\akhil\.gemini\antigravity\scratch\aeroloss_ai\data\processed\patches\hide_craze\patch_00785.jpg
patch_00787,498,surface_injure,380,425,514,570,134,145,1.853,1.082,0.579,2,patches\surface_injure\patch_00787.jpg,C:\Users\akhil\.gemini\antigravity\scratch\aeroloss_ai\data\processed\patches\surface_injure\patch_00787.jpg
patch_00788,498,surface_injure,539,39,1023,570,484,531,24.5098,1.097,0.432,3,patches\surface_injure\patch_00788.jpg,C:\Users\akhil\.gemini\antigravity\scratch\aeroloss_ai\data\processed\patches\surface_injure\patch_00788.jpg
patch_00790,5,corrosion,5,222,361,306,356,84,2.8519,0.236,0.401,2,patches\corrosion\patch_00790.jpg,C:\Users\akhil\.gemini\antigravity\scratch\aeroloss_ai\data\processed\patches\corrosion\patch_00790.jpg
patch_00791,5,corrosion,367,269,602,367,235,98,2.1963,0.417,0.442,2,patches\corrosion\patch_00791.jpg,C:\Users\akhil\.gemini\antigravity\scratch\aeroloss_ai\data\processed\patches\corrosion\patch_00791.jpg
patch_00792,5,corrosion,609,311,911,430,302,119,3.4273,0.394,0.482,2,patches\corrosion\patch_00792.jpg,C:\Users\akhil\.gemini\antigravity\scratch\aeroloss_ai\data\processed\patches\corrosion\patch_00792.jpg
patch_00793,50,craze,6,83,467,899,461,816,35.8749,1.77,0.574,2,patches\craze\patch_00793.jpg,C:\Users\akhil\.gemini\antigravity\scratch\aeroloss_ai\data\processed\patches\craze\patch_00793.jpg
patch_00794,50,craze,731,261,955,503,224,242,5.1697,1.08,0.491,2,patches\craze\patch_00794.jpg,C:\Users\akhil\.gemini\antigravity\scratch\aeroloss_ai\data\processed\patches\craze\patch_00794.jpg
patch_00795,50,craze,494,278,619,513,125,235,2.8014,1.88,0.501,1,patches\craze\patch_00795.jpg,C:\Users\akhil\.gemini\antigravity\scratch\aeroloss_ai\data\processed\patches\craze\patch_00795.jpg
patch_00796,500,corrosion,537,8,722,989,185,981,17.3078,5.303,0.58,3,patches\corrosion\patch_00796.jpg,C:\Users\akhil\.gemini\antigravity\scratch\aeroloss_ai\data\processed\patches\corrosion\patch_00796.jpg
patch_00798,502,corrosion,12,508,1024,736,1012,228,22.0047,0.225,0.674,3,patches\corrosion\patch_00798.jpg,C:\Users\akhil\.gemini\antigravity\scratch\aeroloss_ai\data\processed\patches\corrosion\patch_00798.jpg
patch_00799,503,corrosion,264,499,731,1013,467,514,22.8918,1.101,0.776,3,patches\corrosion\patch_00799.jpg,C:\Users\akhil\.gemini\antigravity\scratch\aeroloss_ai\data\processed\patches\corrosion\patch_00799.jpg
patch_00800,503,corrosion,206,13,484,491,278,478,12.6728,1.719,0.392,3,patches\corrosion\patch_00800.jpg,C:\Users\akhil\.gemini\antigravity\scratch\aeroloss_ai\data\processed\patches\corrosion\patch_00800.jpg
patch_00802,505,corrosion,6,200,1012,616,1006,416,39.9109,0.414,0.511,3,patches\corrosion\patch_00802.jpg,C:\Users\akhil\.gemini\antigravity\scratch\aeroloss_ai\data\processed\patches\corrosion\patch_00802.jpg
patch_00803,506,crack,420,136,520,463,100,327,3.1185,3.27,0.428,4,patches\crack\patch_00803.jpg,C:\Users\akhil\.gemini\antigravity\scratch\aeroloss_ai\data\processed\patches\crack\patch_00803.jpg
patch_00805,508,hide_craze,478,55,573,1024,95,969,8.779,10.2,0.611,4,patches\hide_craze\patch_00805.jpg,C:\Users\akhil\.gemini\antigravity\scratch\aeroloss_ai\data\processed\patches\hide_craze\patch_00805.jpg
patch_00806,509,corrosion,6,645,1009,867,1003,222,21.2351,0.221,0.776,3,patches\corrosion\patch_00806.jpg,C:\Users\akhil\.gemini\antigravity\scratch\aeroloss_ai\data\processed\patches\corrosion\patch_00806.jpg
patch_00807,51,craze,447,894,547,1019,100,125,1.1921,1.25,0.929,1,patches\craze\patch_00807.jpg,C:\Users\akhil\.gemini\antigravity\scratch\aeroloss_ai\data\processed\patches\craze\patch_00807.jpg
patch_00808,51,craze,473,20,658,850,185,830,14.6437,4.486,0.531,2,patches\craze\patch_00808.jpg,C:\Users\akhil\.gemini\antigravity\scratch\aeroloss_ai\data\processed\patches\craze\patch_00808.jpg
patch_00809,510,corrosion,666,545,805,1022,139,477,6.3231,3.432,0.797,3,patches\corrosion\patch_00809.jpg,C:\Users\akhil\.gemini\antigravity\scratch\aeroloss_ai\data\processed\patches\corrosion\patch_00809.jpg
patch_00810,510,corrosion,698,64,780,539,82,475,3.7146,5.793,0.43,2,patches\corrosion\patch_00810.jpg,C:\Users\akhil\.gemini\antigravity\scratch\aeroloss_ai\data\processed\patches\corrosion\patch_00810.jpg
patch_00811,511,hide_craze,291,156,372,500,81,344,2.6573,4.247,0.45,3,patches\hide_craze\patch_00811.jpg,C:\Users\akhil\.gemini\antigravity\scratch\aeroloss_ai\data\processed\patches\hide_craze\patch_00811.jpg
patch_00812,511,hide_craze,405,192,459,408,54,216,1.1124,4.0,0.429,3,patches\hide_craze\patch_00812.jpg,C:\Users\akhil\.gemini\antigravity\scratch\aeroloss_ai\data\processed\patches\hide_craze\patch_00812.jpg
patch_00813,512,surface_injure,461,530,541,580,80,50,0.3815,0.625,0.623,1,patches\surface_injure\patch_00813.jpg,C:\Users\akhil\.gemini\antigravity\scratch\aeroloss_ai\data\processed\patches\surface_injure\patch_00813.jpg
patch_00814,512,surface_injure,819,555,934,691,115,136,1.4915,1.183,0.675,2,patches\surface_injure\patch_00814.jpg,C:\Users\akhil\.gemini\antigravity\scratch\aeroloss_ai\data\processed\patches\surface_injure\patch_00814.jpg
patch_00816,514,surface_injure,180,216,966,561,786,345,25.8608,0.439,0.496,3,patches\surface_injure\patch_00816.jpg,C:\Users\akhil\.gemini\antigravity\scratch\aeroloss_ai\data\processed\patches\surface_injure\patch_00816.jpg
patch_00817,515,corrosion,55,433,861,760,806,327,25.1352,0.406,0.654,3,patches\corrosion\patch_00817.jpg,C:\Users\akhil\.gemini\antigravity\scratch\aeroloss_ai\data\processed\patches\corrosion\patch_00817.jpg
patch_00818,516,corrosion,9,158,1020,633,1011,475,45.7978,0.47,0.501,3,patches\corrosion\patch_00818.jpg,C:\Users\akhil\.gemini\antigravity\scratch\aeroloss_ai\data\processed\patches\corrosion\patch_00818.jpg
patch_00819,517,hide_craze,81,674,1024,739,943,65,5.8455,0.069,0.738,4,patches\hide_craze\patch_00819.jpg,C:\Users\akhil\.gemini\antigravity\scratch\aeroloss_ai\data\processed\patches\hide_craze\patch_00819.jpg
patch_00820,518,craze,236,319,1024,672,788,353,26.5278,0.448,0.577,2,patches\craze\patch_00820.jpg,C:\Users\akhil\.gemini\antigravity\scratch\aeroloss_ai\data\processed\patches\craze\patch_00820.jpg
patch_00821,519,hide_craze,359,161,405,863,46,702,3.0796,15.261,0.59,3,patches\hide_craze\patch_00821.jpg,C:\Users\akhil\.gemini\antigravity\scratch\aeroloss_ai\data\processed\patches\hide_craze\patch_00821.jpg
patch_00822,52,thunderstrike,208,174,511,938,303,764,22.0768,2.521,0.624,5,patches\thunderstrike\patch_00822.jpg,C:\Users\akhil\.gemini\antigravity\scratch\aeroloss_ai\data\processed\patches\thunderstrike\patch_00822.jpg
patch_00823,520,crack,341,36,512,652,171,616,10.0456,3.602,0.462,5,patches\crack\patch_00823.jpg,C:\Users\akhil\.gemini\antigravity\scratch\aeroloss_ai\data\processed\patches\crack\patch_00823.jpg
patch_00824,521,corrosion,583,297,633,442,50,145,0.6914,2.9,0.481,2,patches\corrosion\patch_00824.jpg,C:\Users\akhil\.gemini\antigravity\scratch\aeroloss_ai\data\processed\patches\corrosion\patch_00824.jpg
patch_00825,521,corrosion,602,531,639,1019,37,488,1.722,13.189,0.79,2,patches\corrosion\patch_00825.jpg,C:\Users\akhil\.gemini\antigravity\scratch\aeroloss_ai\data\processed\patches\corrosion\patch_00825.jpg
patch_00829,524,craze,609,542,937,864,328,322,10.0723,0.982,0.735,2,patches\craze\patch_00829.jpg,C:\Users\akhil\.gemini\antigravity\scratch\aeroloss_ai\data\processed\patches\craze\patch_00829.jpg
patch_00831,526,hide_craze,333,505,700,855,367,350,12.2499,0.954,0.718,4,patches\hide_craze\patch_00831.jpg,C:\Users\akhil\.gemini\antigravity\scratch\aeroloss_ai\data\processed\patches\hide_craze\patch_00831.jpg
patch_00832,527,corrosion,356,625,453,1008,97,383,3.543,3.948,0.822,2,patches\corrosion\patch_00832.jpg,C:\Users\akhil\.gemini\antigravity\scratch\aeroloss_ai\data\processed\patches\corrosion\patch_00832.jpg
patch_00833,527,corrosion,411,369,483,617,72,248,1.7029,3.444,0.576,2,patches\corrosion\patch_00833.jpg,C:\Users\akhil\.gemini\antigravity\scratch\aeroloss_ai\data\processed\patches\corrosion\patch_00833.jpg
patch_00834,527,corrosion,470,161,527,361,57,200,1.0872,3.509,0.399,2,patches\corrosion\patch_00834.jpg,C:\Users\akhil\.gemini\antigravity\scratch\aeroloss_ai\data\processed\patches\corrosion\patch_00834.jpg
patch_00836,529,surface_injure,280,513,584,722,304,209,6.0593,0.688,0.67,3,patches\surface_injure\patch_00836.jpg,C:\Users\akhil\.gemini\antigravity\scratch\aeroloss_ai\data\processed\patches\surface_injure\patch_00836.jpg
patch_00837,53,crack,420,153,509,424,89,271,2.3002,3.045,0.42,4,patches\crack\patch_00837.jpg,C:\Users\akhil\.gemini\antigravity\scratch\aeroloss_ai\data\processed\patches\crack\patch_00837.jpg
patch_00839,531,crack,641,152,986,814,345,662,21.781,1.919,0.568,5,patches\crack\patch_00839.jpg,C:\Users\akhil\.gemini\antigravity\scratch\aeroloss_ai\data\processed\patches\crack\patch_00839.jpg
patch_00840,532,surface_injure,208,385,391,519,183,134,2.3386,0.732,0.544,2,patches\surface_injure\patch_00840.jpg,C:\Users\akhil\.gemini\antigravity\scratch\aeroloss_ai\data\processed\patches\surface_injure\patch_00840.jpg
patch_00842,534,hide_craze,459,86,658,974,199,888,16.8526,4.462,0.604,4,patches\hide_craze\patch_00842.jpg,C:\Users\akhil\.gemini\antigravity\scratch\aeroloss_ai\data\processed\patches\hide_craze\patch_00842.jpg
patch_00845,537,crack,280,350,355,567,75,217,1.5521,2.893,0.549,4,patches\crack\patch_00845.jpg,C:\Users\akhil\.gemini\antigravity\scratch\aeroloss_ai\data\processed\patches\crack\patch_00845.jpg
patch_00846,537,crack,539,200,766,486,227,286,6.1914,1.26,0.461,5,patches\crack\patch_00846.jpg,C:\Users\akhil\.gemini\antigravity\scratch\aeroloss_ai\data\processed\patches\crack\patch_00846.jpg
patch_00852,540,corrosion,191,13,387,760,196,747,13.9629,3.811,0.494,3,patches\corrosion\patch_00852.jpg,C:\Users\akhil\.gemini\antigravity\scratch\aeroloss_ai\data\processed\patches\corrosion\patch_00852.jpg
patch_00853,541,hide_craze,492,270,748,713,256,443,10.8154,1.73,0.574,4,patches\hide_craze\patch_00853.jpg,C:\Users\akhil\.gemini\antigravity\scratch\aeroloss_ai\data\processed\patches\hide_craze\patch_00853.jpg
patch_00860,544,crack,609,1,828,345,219,344,7.1846,1.571,0.332,5,patches\crack\patch_00860.jpg,C:\Users\akhil\.gemini\antigravity\scratch\aeroloss_ai\data\processed\patches\crack\patch_00860.jpg
patch_00861,545,surface_injure,367,686,662,931,295,245,6.8927,0.831,0.816,3,patches\surface_injure\patch_00861.jpg,C:\Users\akhil\.gemini\antigravity\scratch\aeroloss_ai\data\processed\patches\surface_injure\patch_00861.jpg
patch_00862,546,corrosion,631,58,683,149,52,91,0.4513,1.75,0.279,1,patches\corrosion\patch_00862.jpg,C:\Users\akhil\.gemini\antigravity\scratch\aeroloss_ai\data\processed\patches\corrosion\patch_00862.jpg
patch_00863,546,corrosion,581,211,698,700,117,489,5.4563,4.179,0.547,3,patches\corrosion\patch_00863.jpg,C:\Users\akhil\.gemini\antigravity\scratch\aeroloss_ai\data\processed\patches\corrosion\patch_00863.jpg
patch_00864,546,corrosion,581,703,647,967,66,264,1.6617,4.0,0.836,2,patches\corrosion\patch_00864.jpg,C:\Users\akhil\.gemini\antigravity\scratch\aeroloss_ai\data\processed\patches\corrosion\patch_00864.jpg
patch_00866,548,crack,167,602,425,761,258,159,3.9122,0.616,0.719,4,patches\crack\patch_00866.jpg,C:\Users\akhil\.gemini\antigravity\scratch\aeroloss_ai\data\processed\patches\crack\patch_00866.jpg
patch_00867,548,crack,9,367,366,472,357,105,3.5748,0.294,0.52,4,patches\crack\patch_00867.jpg,C:\Users\akhil\.gemini\antigravity\scratch\aeroloss_ai\data\processed\patches\crack\patch_00867.jpg
patch_00870,550,corrosion,492,313,600,570,108,257,2.647,2.38,0.536,2,patches\corrosion\patch_00870.jpg,C:\Users\akhil\.gemini\antigravity\scratch\aeroloss_ai\data\processed\patches\corrosion\patch_00870.jpg
patch_00871,551,thunderstrike,364,283,672,711,308,428,12.5717,1.39,0.579,5,patches\thunderstrike\patch_00871.jpg,C:\Users\akhil\.gemini\antigravity\scratch\aeroloss_ai\data\processed\patches\thunderstrike\patch_00871.jpg
patch_00872,551,surface_injure,200,100,727,227,527,127,6.3828,0.241,0.325,3,patches\surface_injure\patch_00872.jpg,C:\Users\akhil\.gemini\antigravity\scratch\aeroloss_ai\data\processed\patches\surface_injure\patch_00872.jpg
patch_00873,551,surface_injure,209,249,345,742,136,493,6.3942,3.625,0.577,3,patches\surface_injure\patch_00873.jpg,C:\Users\akhil\.gemini\antigravity\scratch\aeroloss_ai\data\processed\patches\surface_injure\patch_00873.jpg
patch_00874,551,surface_injure,678,252,727,672,49,420,1.9627,8.571,0.552,2,patches\surface_injure\patch_00874.jpg,C:\Users\akhil\.gemini\antigravity\scratch\aeroloss_ai\data\processed\patches\surface_injure\patch_00874.jpg
patch_00876,553,surface_injure,237,81,662,736,425,655,26.5479,1.541,0.511,3,patches\surface_injure\patch_00876.jpg,C:\Users\akhil\.gemini\antigravity\scratch\aeroloss_ai\data\processed\patches\surface_injure\patch_00876.jpg
patch_00877,554,craze,52,494,417,816,365,322,11.2085,0.882,0.699,2,patches\craze\patch_00877.jpg,C:\Users\akhil\.gemini\antigravity\scratch\aeroloss_ai\data\processed\patches\craze\patch_00877.jpg
patch_00878,555,surface_injure,637,369,891,566,254,197,4.772,0.776,0.556,2,patches\surface_injure\patch_00878.jpg,C:\Users\akhil\.gemini\antigravity\scratch\aeroloss_ai\data\processed\patches\surface_injure\patch_00878.jpg
patch_00879,556,craze,142,99,686,352,544,253,13.1256,0.465,0.372,2,patches\craze\patch_00879.jpg,C:\Users\akhil\.gemini\antigravity\scratch\aeroloss_ai\data\processed\patches\craze\patch_00879.jpg
patch_00881,558,crack,578,180,806,778,228,598,13.0028,2.623,0.565,5,patches\crack\patch_00881.jpg,C:\Users\akhil\.gemini\antigravity\scratch\aeroloss_ai\data\processed\patches\crack\patch_00881.jpg
patch_00882,559,craze,6,8,297,186,291,178,4.9398,0.612,0.274,1,patches\craze\patch_00882.jpg,C:\Users\akhil\.gemini\antigravity\scratch\aeroloss_ai\data\processed\patches\craze\patch_00882.jpg
patch_00883,559,craze,330,163,683,500,353,337,11.345,0.955,0.453,2,patches\craze\patch_00883.jpg,C:\Users\akhil\.gemini\antigravity\scratch\aeroloss_ai\data\processed\patches\craze\patch_00883.jpg
patch_00884,559,craze,705,405,1012,733,307,328,9.6031,1.068,0.633,2,patches\craze\patch_00884.jpg,C:\Users\akhil\.gemini\antigravity\scratch\aeroloss_ai\data\processed\patches\craze\patch_00884.jpg
patch_00885,56,hide_craze,405,875,652,924,247,49,1.1542,0.198,0.885,3,patches\hide_craze\patch_00885.jpg,C:\Users\akhil\.gemini\antigravity\scratch\aeroloss_ai\data\processed\patches\hide_craze\patch_00885.jpg
patch_00886,56,hide_craze,427,495,598,547,171,52,0.848,0.304,0.597,3,patches\hide_craze\patch_00886.jpg,C:\Users\akhil\.gemini\antigravity\scratch\aeroloss_ai\data\processed\patches\hide_craze\patch_00886.jpg
patch_00887,56,hide_craze,362,719,603,835,241,116,2.6661,0.481,0.792,3,patches\hide_craze\patch_00887.jpg,C:\Users\akhil\.gemini\antigravity\scratch\aeroloss_ai\data\processed\patches\hide_craze\patch_00887.jpg
patch_00888,56,hide_craze,425,606,612,672,187,66,1.177,0.353,0.687,3,patches\hide_craze\patch_00888.jpg,C:\Users\akhil\.gemini\antigravity\scratch\aeroloss_ai\data\processed\patches\hide_craze\patch_00888.jpg
patch_00889,560,corrosion,320,585,591,1010,271,425,10.9839,1.568,0.807,3,patches\corrosion\patch_00889.jpg,C:\Users\akhil\.gemini\antigravity\scratch\aeroloss_ai\data\processed\patches\corrosion\patch_00889.jpg
patch_00890,560,corrosion,334,5,552,577,218,572,11.8919,2.624,0.422,3,patches\corrosion\patch_00890.jpg,C:\Users\akhil\.gemini\antigravity\scratch\aeroloss_ai\data\processed\patches\corrosion\patch_00890.jpg
patch_00891,561,corrosion,197,8,361,614,164,606,9.478,3.695,0.437,3,patches\corrosion\patch_00891.jpg,C:\Users\akhil\.gemini\antigravity\scratch\aeroloss_ai\data\processed\patches\corrosion\patch_00891.jpg
patch_00892,562,crack,144,555,261,849,117,294,3.2804,2.513,0.735,4,patches\crack\patch_00892.jpg,C:\Users\akhil\.gemini\antigravity\scratch\aeroloss_ai\data\processed\patches\crack\patch_00892.jpg
patch_00893,562,crack,453,366,697,781,244,415,9.6569,1.701,0.637,5,patches\crack\patch_00893.jpg,C:\Users\akhil\.gemini\antigravity\scratch\aeroloss_ai\data\processed\patches\crack\patch_00893.jpg
patch_00894,563,craze,386,127,936,830,550,703,36.8738,1.278,0.564,2,patches\craze\patch_00894.jpg,C:\Users\akhil\.gemini\antigravity\scratch\aeroloss_ai\data\processed\patches\craze\patch_00894.jpg
patch_00895,564,hide_craze,383,455,569,681,186,226,4.0089,1.215,0.633,3,patches\hide_craze\patch_00895.jpg,C:\Users\akhil\.gemini\antigravity\scratch\aeroloss_ai\data\processed\patches\hide_craze\patch_00895.jpg
patch_00896,565,craze,387,483,744,936,357,453,15.4229,1.269,0.74,2,patches\craze\patch_00896.jpg,C:\Users\akhil\.gemini\antigravity\scratch\aeroloss_ai\data\processed\patches\craze\patch_00896.jpg
patch_00897,566,corrosion,378,6,619,889,241,883,20.2945,3.664,0.541,3,patches\corrosion\patch_00897.jpg,C:\Users\akhil\.gemini\antigravity\scratch\aeroloss_ai\data\processed\patches\corrosion\patch_00897.jpg
patch_00899,568,crack,400,3,689,620,289,617,17.0053,2.135,0.437,5,patches\crack\patch_00899.jpg,C:\Users\akhil\.gemini\antigravity\scratch\aeroloss_ai\data\processed\patches\crack\patch_00899.jpg
patch_00900,569,hide_craze,3,400,958,599,955,199,18.1241,0.208,0.58,4,patches\hide_craze\patch_00900.jpg,C:\Users\akhil\.gemini\antigravity\scratch\aeroloss_ai\data\processed\patches\hide_craze\patch_00900.jpg
patch_00901,57,craze,550,314,850,438,300,124,3.5477,0.413,0.486,1,patches\craze\patch_00901.jpg,C:\Users\akhil\.gemini\antigravity\scratch\aeroloss_ai\data\processed\patches\craze\patch_00901.jpg
patch_00902,57,surface_injure,422,313,531,374,109,61,0.6341,0.56,0.462,2,patches\surface_injure\patch_00902.jpg,C:\Users\akhil\.gemini\antigravity\scratch\aeroloss_ai\data\processed\patches\surface_injure\patch_00902.jpg
patch_00904,571,hide_craze,622,133,709,627,87,494,4.0987,5.678,0.489,3,patches\hide_craze\patch_00904.jpg,C:\Users\akhil\.gemini\antigravity\scratch\aeroloss_ai\data\processed\patches\hide_craze\patch_00904.jpg
patch_00905,572,craze,30,8,987,505,957,497,45.3595,0.519,0.395,2,patches\craze\patch_00905.jpg,C:\Users\akhil\.gemini\antigravity\scratch\aeroloss_ai\data\processed\patches\craze\patch_00905.jpg
patch_00906,573,surface_injure,345,739,592,942,247,203,4.7818,0.822,0.84,2,patches\surface_injure\patch_00906.jpg,C:\Users\akhil\.gemini\antigravity\scratch\aeroloss_ai\data\processed\patches\surface_injure\patch_00906.jpg
patch_00907,573,surface_injure,312,295,789,566,477,271,12.3279,0.568,0.528,3,patches\surface_injure\patch_00907.jpg,C:\Users\akhil\.gemini\antigravity\scratch\aeroloss_ai\data\processed\patches\surface_injure\patch_00907.jpg
patch_00908,574,craze,237,281,564,602,327,321,10.0104,0.982,0.536,2,patches\craze\patch_00908.jpg,C:\Users\akhil\.gemini\antigravity\scratch\aeroloss_ai\data\processed\patches\craze\patch_00908.jpg
patch_00910,576,surface_injure,348,644,445,752,97,108,0.9991,1.113,0.732,2,patches\surface_injure\patch_00910.jpg,C:\Users\akhil\.gemini\antigravity\scratch\aeroloss_ai\data\processed\patches\surface_injure\patch_00910.jpg
patch_00911,576,surface_injure,484,602,633,785,149,183,2.6004,1.228,0.728,2,patches\surface_injure\patch_00911.jpg,C:\Users\akhil\.gemini\antigravity\scratch\aeroloss_ai\data\processed\patches\surface_injure\patch_00911.jpg
patch_00912,576,surface_injure,378,311,489,411,111,100,1.0586,0.901,0.475,2,patches\surface_injure\patch_00912.jpg,C:\Users\akhil\.gemini\antigravity\scratch\aeroloss_ai\data\processed\patches\surface_injure\patch_00912.jpg
patch_00913,577,crack,498,130,631,445,133,315,3.9954,2.368,0.419,4,patches\crack\patch_00913.jpg,C:\Users\akhil\.gemini\antigravity\scratch\aeroloss_ai\data\processed\patches\crack\patch_00913.jpg
patch_00915,579,corrosion,411,10,692,1020,281,1010,27.0662,3.594,0.592,3,patches\corrosion\patch_00915.jpg,C:\Users\akhil\.gemini\antigravity\scratch\aeroloss_ai\data\processed\patches\corrosion\patch_00915.jpg
patch_00917,580,craze,194,608,673,930,479,322,14.7093,0.672,0.786,2,patches\craze\patch_00917.jpg,C:\Users\akhil\.gemini\antigravity\scratch\aeroloss_ai\data\processed\patches\craze\patch_00917.jpg
patch_00923,585,crack,509,239,673,1000,164,761,11.9022,4.64,0.672,5,patches\crack\patch_00923.jpg,C:\Users\akhil\.gemini\antigravity\scratch\aeroloss_ai\data\processed\patches\crack\patch_00923.jpg
patch_00924,586,crack,378,392,730,727,352,335,11.2457,0.952,0.626,5,patches\crack\patch_00924.jpg,C:\Users\akhil\.gemini\antigravity\scratch\aeroloss_ai\data\processed\patches\crack\patch_00924.jpg
patch_00925,587,surface_injure,16,463,297,708,281,245,6.5656,0.872,0.646,3,patches\surface_injure\patch_00925.jpg,C:\Users\akhil\.gemini\antigravity\scratch\aeroloss_ai\data\processed\patches\surface_injure\patch_00925.jpg
patch_00926,587,hide_craze,1,116,287,339,286,223,6.0823,0.78,0.373,4,patches\hide_craze\patch_00926.jpg,C:\Users\akhil\.gemini\antigravity\scratch\aeroloss_ai\data\processed\patches\hide_craze\patch_00926.jpg
patch_00927,588,corrosion,8,122,1019,417,1011,295,28.4429,0.292,0.405,3,patches\corrosion\patch_00927.jpg,C:\Users\akhil\.gemini\antigravity\scratch\aeroloss_ai\data\processed\patches\corrosion\patch_00927.jpg
patch_00934,592,craze,417,449,770,769,353,320,10.7727,0.907,0.664,2,patches\craze\patch_00934.jpg,C:\Users\akhil\.gemini\antigravity\scratch\aeroloss_ai\data\processed\patches\craze\patch_00934.jpg
patch_00936,594,crack,362,388,703,683,341,295,9.5935,0.865,0.608,5,patches\crack\patch_00936.jpg,C:\Users\akhil\.gemini\antigravity\scratch\aeroloss_ai\data\processed\patches\crack\patch_00936.jpg
patch_00937,595,surface_injure,14,420,394,769,380,349,12.6476,0.918,0.653,3,patches\surface_injure\patch_00937.jpg,C:\Users\akhil\.gemini\antigravity\scratch\aeroloss_ai\data\processed\patches\surface_injure\patch_00937.jpg
patch_00938,595,hide_craze,333,338,886,511,553,173,9.1237,0.313,0.523,4,patches\hide_craze\patch_00938.jpg,C:\Users\akhil\.gemini\antigravity\scratch\aeroloss_ai\data\processed\patches\hide_craze\patch_00938.jpg
patch_00940,597,hide_craze,42,561,614,631,572,70,3.8185,0.122,0.654,3,patches\hide_craze\patch_00940.jpg,C:\Users\akhil\.gemini\antigravity\scratch\aeroloss_ai\data\processed\patches\hide_craze\patch_00940.jpg
patch_00944,6,craze,456,613,714,706,258,93,2.2882,0.36,0.702,1,patches\craze\patch_00944.jpg,C:\Users\akhil\.gemini\antigravity\scratch\aeroloss_ai\data\processed\patches\craze\patch_00944.jpg
patch_00947,600,hide_craze,242,297,870,422,628,125,7.4863,0.199,0.474,4,patches\hide_craze\patch_00947.jpg,C:\Users\akhil\.gemini\antigravity\scratch\aeroloss_ai\data\processed\patches\hide_craze\patch_00947.jpg
patch_00949,602,crack,139,399,650,745,511,346,16.8615,0.677,0.636,5,patches\crack\patch_00949.jpg,C:\Users\akhil\.gemini\antigravity\scratch\aeroloss_ai\data\processed\patches\crack\patch_00949.jpg
patch_00950,603,thunderstrike,303,179,695,494,392,315,11.776,0.804,0.456,5,patches\thunderstrike\patch_00950.jpg,C:\Users\akhil\.gemini\antigravity\scratch\aeroloss_ai\data\processed\patches\thunderstrike\patch_00950.jpg
patch_00951,603,surface_injure,92,120,294,661,202,541,10.4219,2.678,0.497,3,patches\surface_injure\patch_00951.jpg,C:\Users\akhil\.gemini\antigravity\scratch\aeroloss_ai\data\processed\patches\surface_injure\patch_00951.jpg
patch_00952,603,surface_injure,309,497,786,641,477,144,6.5506,0.302,0.633,3,patches\surface_injure\patch_00952.jpg,C:\Users\akhil\.gemini\antigravity\scratch\aeroloss_ai\data\processed\patches\surface_injure\patch_00952.jpg
patch_00953,604,crack,394,236,548,1006,154,770,11.3087,5.0,0.673,5,patches\crack\patch_00953.jpg,C:\Users\akhil\.gemini\antigravity\scratch\aeroloss_ai\data\processed\patches\crack\patch_00953.jpg
patch_00954,605,corrosion,22,420,744,500,722,80,5.5084,0.111,0.55,3,patches\corrosion\patch_00954.jpg,C:\Users\akhil\.gemini\antigravity\scratch\aeroloss_ai\data\processed\patches\corrosion\patch_00954.jpg
patch_00955,605,corrosion,845,433,983,486,138,53,0.6975,0.384,0.55,2,patches\corrosion\patch_00955.jpg,C:\Users\akhil\.gemini\antigravity\scratch\aeroloss_ai\data\processed\patches\corrosion\patch_00955.jpg
patch_00956,606,surface_injure,197,519,544,747,347,228,7.5451,0.657,0.682,3,patches\surface_injure\patch_00956.jpg,C:\Users\akhil\.gemini\antigravity\scratch\aeroloss_ai\data\processed\patches\surface_injure\patch_00956.jpg
patch_00957,607,hide_craze,392,80,744,311,352,231,7.7545,0.656,0.349,4,patches\hide_craze\patch_00957.jpg,C:\Users\akhil\.gemini\antigravity\scratch\aeroloss_ai\data\processed\patches\hide_craze\patch_00957.jpg
patch_00958,608,crack,311,224,558,855,247,631,14.8637,2.555,0.611,5,patches\crack\patch_00958.jpg,C:\Users\akhil\.gemini\antigravity\scratch\aeroloss_ai\data\processed\patches\crack\patch_00958.jpg
patch_00959,609,craze,208,330,609,456,401,126,4.8185,0.314,0.499,1,patches\craze\patch_00959.jpg,C:\Users\akhil\.gemini\antigravity\scratch\aeroloss_ai\data\processed\patches\craze\patch_00959.jpg
patch_00960,609,surface_injure,661,317,800,369,139,52,0.6893,0.374,0.461,2,patches\surface_injure\patch_00960.jpg,C:\Users\akhil\.gemini\antigravity\scratch\aeroloss_ai\data\processed\patches\surface_injure\patch_00960.jpg
patch_00961,61,craze,623,688,958,1014,335,326,10.4151,0.973,0.848,2,patches\craze\patch_00961.jpg,C:\Users\akhil\.gemini\antigravity\scratch\aeroloss_ai\data\processed\patches\craze\patch_00961.jpg
patch_00962,61,craze,367,389,631,650,264,261,6.5712,0.989,0.596,2,patches\craze\patch_00962.jpg,C:\Users\akhil\.gemini\antigravity\scratch\aeroloss_ai\data\processed\patches\craze\patch_00962.jpg
patch_00963,61,craze,203,200,402,366,199,166,3.1504,0.834,0.416,1,patches\craze\patch_00963.jpg,C:\Users\akhil\.gemini\antigravity\scratch\aeroloss_ai\data\processed\patches\craze\patch_00963.jpg
patch_00964,610,hide_craze,578,406,681,486,103,80,0.7858,0.777,0.54,3,patches\hide_craze\patch_00964.jpg,C:\Users\akhil\.gemini\antigravity\scratch\aeroloss_ai\data\processed\patches\hide_craze\patch_00964.jpg
patch_00966,612,hide_craze,56,180,809,817,753,637,45.744,0.846,0.58,4,patches\hide_craze\patch_00966.jpg,C:\Users\akhil\.gemini\antigravity\scratch\aeroloss_ai\data\processed\patches\hide_craze\patch_00966.jpg
patch_00971,616,hide_craze,3,349,934,681,931,332,29.4773,0.357,0.592,4,patches\hide_craze\patch_00971.jpg,C:\Users\akhil\.gemini\antigravity\scratch\aeroloss_ai\data\processed\patches\hide_craze\patch_00971.jpg
patch_00973,618,hide_craze,387,260,839,861,452,601,25.9068,1.33,0.627,4,patches\hide_craze\patch_00973.jpg,C:\Users\akhil\.gemini\antigravity\scratch\aeroloss_ai\data\processed\patches\hide_craze\patch_00973.jpg
patch_00974,619,hide_craze,155,406,983,719,828,313,24.7158,0.378,0.628,4,patches\hide_craze\patch_00974.jpg,C:\Users\akhil\.gemini\antigravity\scratch\aeroloss_ai\data\processed\patches\hide_craze\patch_00974.jpg
patch_00975,62,thunderstrike,19,450,512,555,493,105,4.9367,0.213,0.583,5,patches\thunderstrike\patch_00975.jpg,C:\Users\akhil\.gemini\antigravity\scratch\aeroloss_ai\data\processed\patches\thunderstrike\patch_00975.jpg
patch_00976,62,hide_craze,814,494,841,589,27,95,0.2446,3.519,0.612,2,patches\hide_craze\patch_00976.jpg,C:\Users\akhil\.gemini\antigravity\scratch\aeroloss_ai\data\processed\patches\hide_craze\patch_00976.jpg
patch_00977,620,surface_injure,445,285,602,450,157,165,2.4705,1.051,0.48,2,patches\surface_injure\patch_00977.jpg,C:\Users\akhil\.gemini\antigravity\scratch\aeroloss_ai\data\processed\patches\surface_injure\patch_00977.jpg
patch_00982,623,hide_craze,55,511,852,689,797,178,13.5294,0.223,0.657,4,patches\hide_craze\patch_00982.jpg,C:\Users\akhil\.gemini\antigravity\scratch\aeroloss_ai\data\processed\patches\hide_craze\patch_00982.jpg
patch_00983,623,surface_injure,858,383,902,508,44,125,0.5245,2.841,0.539,2,patches\surface_injure\patch_00983.jpg,C:\Users\akhil\.gemini\antigravity\scratch\aeroloss_ai\data\processed\patches\surface_injure\patch_00983.jpg
patch_00984,624,hide_craze,92,153,944,769,852,616,50.0519,0.723,0.551,4,patches\hide_craze\patch_00984.jpg,C:\Users\akhil\.gemini\antigravity\scratch\aeroloss_ai\data\processed\patches\hide_craze\patch_00984.jpg
patch_00985,625,hide_craze,169,345,773,877,604,532,30.6442,0.881,0.665,4,patches\hide_craze\patch_00985.jpg,C:\Users\akhil\.gemini\antigravity\scratch\aeroloss_ai\data\processed\patches\hide_craze\patch_00985.jpg
patch_00987,627,surface_injure,167,285,369,650,202,365,7.0314,1.807,0.556,3,patches\surface_injure\patch_00987.jpg,C:\Users\akhil\.gemini\antigravity\scratch\aeroloss_ai\data\processed\patches\surface_injure\patch_00987.jpg
patch_00988,627,surface_injure,491,261,687,605,196,344,6.4301,1.755,0.53,3,patches\surface_injure\patch_00988.jpg,C:\Users\akhil\.gemini\antigravity\scratch\aeroloss_ai\data\processed\patches\surface_injure\patch_00988.jpg
patch_00989,628,hide_craze,155,280,317,314,162,34,0.5253,0.21,0.426,3,patches\hide_craze\patch_00989.jpg,C:\Users\akhil\.gemini\antigravity\scratch\aeroloss_ai\data\processed\patches\hide_craze\patch_00989.jpg
patch_00990,628,hide_craze,173,805,619,874,446,69,2.9348,0.155,0.839,3,patches\hide_craze\patch_00990.jpg,C:\Users\akhil\.gemini\antigravity\scratch\aeroloss_ai\data\processed\patches\hide_craze\patch_00990.jpg
patch_00991,629,surface_injure,328,89,712,558,384,469,17.1753,1.221,0.446,3,patches\surface_injure\patch_00991.jpg,C:\Users\akhil\.gemini\antigravity\scratch\aeroloss_ai\data\processed\patches\surface_injure\patch_00991.jpg
patch_00994,630,surface_injure,522,1,784,978,262,977,24.4116,3.729,0.573,3,patches\surface_injure\patch_00994.jpg,C:\Users\akhil\.gemini\antigravity\scratch\aeroloss_ai\data\processed\patches\surface_injure\patch_00994.jpg
patch_00996,632,craze,367,85,689,1003,322,918,28.1902,2.851,0.614,2,patches\craze\patch_00996.jpg,C:\Users\akhil\.gemini\antigravity\scratch\aeroloss_ai\data\processed\patches\craze\patch_00996.jpg
patch_00998,634,craze,603,5,723,964,120,959,10.9749,7.992,0.569,2,patches\craze\patch_00998.jpg,C:\Users\akhil\.gemini\antigravity\scratch\aeroloss_ai\data\processed\patches\craze\patch_00998.jpg
patch_00999,635,surface_injure,272,461,623,708,351,247,8.2681,0.704,0.645,3,patches\surface_injure\patch_00999.jpg,C:\Users\akhil\.gemini\antigravity\scratch\aeroloss_ai\data\processed\patches\surface_injure\patch_00999.jpg
patch_01002,637,craze,473,10,584,1006,111,996,10.5434,8.973,0.587,2,patches\craze\patch_01002.jpg,C:\Users\akhil\.gemini\antigravity\scratch\aeroloss_ai\data\processed\patches\craze\patch_01002.jpg
patch_01003,638,hide_craze,297,453,561,658,264,205,5.1613,0.777,0.623,4,patches\hide_craze\patch_01003.jpg,C:\Users\akhil\.gemini\antigravity\scratch\aeroloss_ai\data\processed\patches\hide_craze\patch_01003.jpg
patch_01004,639,hide_craze,348,363,889,411,541,48,2.4765,0.089,0.495,3,patches\hide_craze\patch_01004.jpg,C:\Users\akhil\.gemini\antigravity\scratch\aeroloss_ai\data\processed\patches\hide_craze\patch_01004.jpg
patch_01005,639,surface_injure,589,430,644,464,55,34,0.1783,0.618,0.54,1,patches\surface_injure\patch_01005.jpg,C:\Users\akhil\.gemini\antigravity\scratch\aeroloss_ai\data\processed\patches\surface_injure\patch_01005.jpg
patch_01006,64,corrosion,362,450,498,991,136,541,7.0168,3.978,0.749,3,patches\corrosion\patch_01006.jpg,C:\Users\akhil\.gemini\antigravity\scratch\aeroloss_ai\data\processed\patches\corrosion\patch_01006.jpg
patch_01007,640,surface_injure,372,335,564,763,192,428,7.8369,2.229,0.618,3,patches\surface_injure\patch_01007.jpg,C:\Users\akhil\.gemini\antigravity\scratch\aeroloss_ai\data\processed\patches\surface_injure\patch_01007.jpg
patch_01008,641,hide_craze,214,467,500,794,286,327,8.919,1.143,0.68,4,patches\hide_craze\patch_01008.jpg,C:\Users\akhil\.gemini\antigravity\scratch\aeroloss_ai\data\processed\patches\hide_craze\patch_01008.jpg
patch_01009,641,hide_craze,322,10,934,285,612,275,16.0503,0.449,0.312,4,patches\hide_craze\patch_01009.jpg,C:\Users\akhil\.gemini\antigravity\scratch\aeroloss_ai\data\processed\patches\hide_craze\patch_01009.jpg
patch_01010,641,craze,836,338,998,981,162,643,9.934,3.969,0.702,2,patches\craze\patch_01010.jpg,C:\Users\akhil\.gemini\antigravity\scratch\aeroloss_ai\data\processed\patches\craze\patch_01010.jpg
patch_01011,642,hide_craze,450,685,870,899,420,214,8.5716,0.51,0.803,4,patches\hide_craze\patch_01011.jpg,C:\Users\akhil\.gemini\antigravity\scratch\aeroloss_ai\data\processed\patches\hide_craze\patch_01011.jpg
patch_01012,642,surface_injure,781,1,839,136,58,135,0.7467,2.328,0.252,2,patches\surface_injure\patch_01012.jpg,C:\Users\akhil\.gemini\antigravity\scratch\aeroloss_ai\data\processed\patches\surface_injure\patch_01012.jpg
patch_01013,643,hide_craze,655,69,847,211,192,142,2.6001,0.74,0.307,3,patches\hide_craze\patch_01013.jpg,C:\Users\akhil\.gemini\antigravity\scratch\aeroloss_ai\data\processed\patches\hide_craze\patch_01013.jpg
patch_01014,644,hide_craze,547,588,581,856,34,268,0.869,7.882,0.75,3,patches\hide_craze\patch_01014.jpg,C:\Users\akhil\.gemini\antigravity\scratch\aeroloss_ai\data\processed\patches\hide_craze\patch_01014.jpg
patch_01015,645,surface_injure,727,224,844,397,117,173,1.9303,1.479,0.437,2,patches\surface_injure\patch_01015.jpg,C:\Users\akhil\.gemini\antigravity\scratch\aeroloss_ai\data\processed\patches\surface_injure\patch_01015.jpg
patch_01016,646,surface_injure,528,656,589,741,61,85,0.4945,1.393,0.732,1,patches\surface_injure\patch_01016.jpg,C:\Users\akhil\.gemini\antigravity\scratch\aeroloss_ai\data\processed\patches\surface_injure\patch_01016.jpg
patch_01017,647,surface_injure,219,794,453,878,234,84,1.8745,0.359,0.837,2,patches\surface_injure\patch_01017.jpg,C:\Users\akhil\.gemini\antigravity\scratch\aeroloss_ai\data\processed\patches\surface_injure\patch_01017.jpg
patch_01018,648,hide_craze,197,405,600,683,403,278,10.6844,0.69,0.614,4,patches\hide_craze\patch_01018.jpg,C:\Users\akhil\.gemini\antigravity\scratch\aeroloss_ai\data\processed\patches\hide_craze\patch_01018.jpg
patch_01019,648,hide_craze,570,692,633,1016,63,324,1.9466,5.143,0.851,3,patches\hide_craze\patch_01019.jpg,C:\Users\akhil\.gemini\antigravity\scratch\aeroloss_ai\data\processed\patches\hide_craze\patch_01019.jpg
patch_01023,651,surface_injure,397,510,511,617,114,107,1.1633,0.939,0.629,2,patches\surface_injure\patch_01023.jpg,C:\Users\akhil\.gemini\antigravity\scratch\aeroloss_ai\data\processed\patches\surface_injure\patch_01023.jpg
patch_01027,654,hide_craze,620,594,717,638,97,44,0.407,0.454,0.669,2,patches\hide_craze\patch_01027.jpg,C:\Users\akhil\.gemini\antigravity\scratch\aeroloss_ai\data\processed\patches\hide_craze\patch_01027.jpg
patch_01030,657,surface_injure,502,472,558,510,56,38,0.2029,0.679,0.574,1,patches\surface_injure\patch_01030.jpg,C:\Users\akhil\.gemini\antigravity\scratch\aeroloss_ai\data\processed\patches\surface_injure\patch_01030.jpg
patch_01031,658,corrosion,452,16,639,991,187,975,17.3879,5.214,0.584,3,patches\corrosion\patch_01031.jpg,C:\Users\akhil\.gemini\antigravity\scratch\aeroloss_ai\data\processed\patches\corrosion\patch_01031.jpg
patch_01032,659,thunderstrike,42,702,233,770,191,68,1.2386,0.356,0.761,5,patches\thunderstrike\patch_01032.jpg,C:\Users\akhil\.gemini\antigravity\scratch\aeroloss_ai\data\processed\patches\thunderstrike\patch_01032.jpg
patch_01040,663,hide_craze,787,570,945,724,158,154,2.3205,0.975,0.693,3,patches\hide_craze\patch_01040.jpg,C:\Users\akhil\.gemini\antigravity\scratch\aeroloss_ai\data\processed\patches\hide_craze\patch_01040.jpg
patch_01046,667,hide_craze,548,411,767,963,219,552,11.5288,2.521,0.723,4,patches\hide_craze\patch_01046.jpg,C:\Users\akhil\.gemini\antigravity\scratch\aeroloss_ai\data\processed\patches\hide_craze\patch_01046.jpg
patch_01047,668,craze,397,494,758,933,361,439,15.1137,1.216,0.743,2,patches\craze\patch_01047.jpg,C:\Users\akhil\.gemini\antigravity\scratch\aeroloss_ai\data\processed\patches\craze\patch_01047.jpg
patch_01048,669,surface_injure,386,5,555,250,169,245,3.9487,1.45,0.297,2,patches\surface_injure\patch_01048.jpg,C:\Users\akhil\.gemini\antigravity\scratch\aeroloss_ai\data\processed\patches\surface_injure\patch_01048.jpg
patch_01049,669,surface_injure,422,749,473,845,51,96,0.4669,1.882,0.807,1,patches\surface_injure\patch_01049.jpg,C:\Users\akhil\.gemini\antigravity\scratch\aeroloss_ai\data\processed\patches\surface_injure\patch_01049.jpg
patch_01051,670,hide_craze,494,369,748,619,254,250,6.0558,0.984,0.576,4,patches\hide_craze\patch_01051.jpg,C:\Users\akhil\.gemini\antigravity\scratch\aeroloss_ai\data\processed\patches\hide_craze\patch_01051.jpg
patch_01052,670,surface_injure,469,330,537,367,68,37,0.2399,0.544,0.465,1,patches\surface_injure\patch_01052.jpg,C:\Users\akhil\.gemini\antigravity\scratch\aeroloss_ai\data\processed\patches\surface_injure\patch_01052.jpg
patch_01053,671,hide_craze,228,467,780,935,552,468,24.6368,0.848,0.734,4,patches\hide_craze\patch_01053.jpg,C:\Users\akhil\.gemini\antigravity\scratch\aeroloss_ai\data\processed\patches\hide_craze\patch_01053.jpg
patch_01054,671,surface_injure,748,927,947,1020,199,93,1.765,0.467,0.942,2,patches\surface_injure\patch_01054.jpg,C:\Users\akhil\.gemini\antigravity\scratch\aeroloss_ai\data\processed\patches\surface_injure\patch_01054.jpg
patch_01055,672,surface_injure,375,320,494,372,119,52,0.5901,0.437,0.464,2,patches\surface_injure\patch_01055.jpg,C:\Users\akhil\.gemini\antigravity\scratch\aeroloss_ai\data\processed\patches\surface_injure\patch_01055.jpg
patch_01056,672,surface_injure,516,685,575,716,59,31,0.1744,0.525,0.734,1,patches\surface_injure\patch_01056.jpg,C:\Users\akhil\.gemini\antigravity\scratch\aeroloss_ai\data\processed\patches\surface_injure\patch_01056.jpg
patch_01057,672,corrosion,570,197,697,319,127,122,1.4776,0.961,0.397,2,patches\corrosion\patch_01057.jpg,C:\Users\akhil\.gemini\antigravity\scratch\aeroloss_ai\data\processed\patches\corrosion\patch_01057.jpg
patch_01058,673,surface_injure,231,274,516,592,285,318,8.6432,1.116,0.53,3,patches\surface_injure\patch_01058.jpg,C:\Users\akhil\.gemini\antigravity\scratch\aeroloss_ai\data\processed\patches\surface_injure\patch_01058.jpg
patch_01059,674,surface_injure,653,536,747,597,94,61,0.5468,0.649,0.632,2,patches\surface_injure\patch_01059.jpg,C:\Users\akhil\.gemini\antigravity\scratch\aeroloss_ai\data\processed\patches\surface_injure\patch_01059.jpg
patch_01060,675,hide_craze,358,447,697,844,339,397,12.8348,1.171,0.692,4,patches\hide_craze\patch_01060.jpg,C:\Users\akhil\.gemini\antigravity\scratch\aeroloss_ai\data\processed\patches\hide_craze\patch_01060.jpg
patch_01061,676,hide_craze,270,130,506,335,236,205,4.6139,0.869,0.377,3,patches\hide_craze\patch_01061.jpg,C:\Users\akhil\.gemini\antigravity\scratch\aeroloss_ai\data\processed\patches\hide_craze\patch_01061.jpg
patch_01062,676,hide_craze,298,675,612,877,314,202,6.049,0.643,0.791,4,patches\hide_craze\patch_01062.jpg,C:\Users\akhil\.gemini\antigravity\scratch\aeroloss_ai\data\processed\patches\hide_craze\patch_01062.jpg
patch_01063,677,hide_craze,461,330,917,613,456,283,12.307,0.621,0.559,4,patches\hide_craze\patch_01063.jpg,C:\Users\akhil\.gemini\antigravity\scratch\aeroloss_ai\data\processed\patches\hide_craze\patch_01063.jpg
patch_01066,68,hide_craze,522,497,550,933,28,436,1.1642,15.571,0.745,3,patches\hide_craze\patch_01066.jpg,C:\Users\akhil\.gemini\antigravity\scratch\aeroloss_ai\data\processed\patches\hide_craze\patch_01066.jpg
patch_01067,68,hide_craze,530,145,550,356,20,211,0.4025,10.55,0.391,2,patches\hide_craze\patch_01067.jpg,C:\Users\akhil\.gemini\antigravity\scratch\aeroloss_ai\data\processed\patches\hide_craze\patch_01067.jpg
patch_01068,680,corrosion,402,5,602,1010,200,1005,19.1689,5.025,0.587,3,patches\corrosion\patch_01068.jpg,C:\Users\akhil\.gemini\antigravity\scratch\aeroloss_ai\data\processed\patches\corrosion\patch_01068.jpg
patch_01069,681,surface_injure,612,185,784,320,172,135,2.2144,0.785,0.392,2,patches\surface_injure\patch_01069.jpg,C:\Users\akhil\.gemini\antigravity\scratch\aeroloss_ai\data\processed\patches\surface_injure\patch_01069.jpg
patch_01070,681,surface_injure,502,927,706,1022,204,95,1.8482,0.466,0.942,2,patches\surface_injure\patch_01070.jpg,C:\Users\akhil\.gemini\antigravity\scratch\aeroloss_ai\data\processed\patches\surface_injure\patch_01070.jpg
patch_01071,682,hide_craze,466,799,656,869,190,70,1.2684,0.368,0.835,3,patches\hide_craze\patch_01071.jpg,C:\Users\akhil\.gemini\antigravity\scratch\aeroloss_ai\data\processed\patches\hide_craze\patch_01071.jpg
patch_01072,682,hide_craze,644,747,673,941,29,194,0.5365,6.69,0.843,3,patches\hide_craze\patch_01072.jpg,C:\Users\akhil\.gemini\antigravity\scratch\aeroloss_ai\data\processed\patches\hide_craze\patch_01072.jpg
patch_01073,683,surface_injure,445,855,550,969,105,114,1.1415,1.086,0.895,2,patches\surface_injure\patch_01073.jpg,C:\Users\akhil\.gemini\antigravity\scratch\aeroloss_ai\data\processed\patches\surface_injure\patch_01073.jpg
patch_01074,683,surface_injure,547,66,698,203,151,137,1.9729,0.907,0.302,2,patches\surface_injure\patch_01074.jpg,C:\Users\akhil\.gemini\antigravity\scratch\aeroloss_ai\data\processed\patches\surface_injure\patch_01074.jpg
patch_01075,683,surface_injure,444,480,655,644,211,164,3.3001,0.777,0.628,2,patches\surface_injure\patch_01075.jpg,C:\Users\akhil\.gemini\antigravity\scratch\aeroloss_ai\data\processed\patches\surface_injure\patch_01075.jpg
patch_01076,684,surface_injure,180,291,806,477,626,186,11.1042,0.297,0.492,3,patches\surface_injure\patch_01076.jpg,C:\Users\akhil\.gemini\antigravity\scratch\aeroloss_ai\data\processed\patches\surface_injure\patch_01076.jpg
patch_01077,684,surface_injure,208,728,773,833,565,105,5.6577,0.186,0.795,3,patches\surface_injure\patch_01077.jpg,C:\Users\akhil\.gemini\antigravity\scratch\aeroloss_ai\data\processed\patches\surface_injure\patch_01077.jpg
patch_01078,685,craze,727,3,948,360,221,357,7.5242,1.615,0.338,2,patches\craze\patch_01078.jpg,C:\Users\akhil\.gemini\antigravity\scratch\aeroloss_ai\data\processed\patches\craze\patch_01078.jpg
patch_01079,685,craze,605,386,914,1024,309,638,18.8009,2.065,0.737,2,patches\craze\patch_01079.jpg,C:\Users\akhil\.gemini\antigravity\scratch\aeroloss_ai\data\processed\patches\craze\patch_01079.jpg
patch_01080,686,thunderstrike,389,177,777,880,388,703,26.0128,1.812,0.603,5,patches\thunderstrike\patch_01080.jpg,C:\Users\akhil\.gemini\antigravity\scratch\aeroloss_ai\data\processed\patches\thunderstrike\patch_01080.jpg
patch_01081,687,surface_injure,434,570,620,697,186,127,2.2528,0.683,0.683,2,patches\surface_injure\patch_01081.jpg,C:\Users\akhil\.gemini\antigravity\scratch\aeroloss_ai\data\processed\patches\surface_injure\patch_01081.jpg
patch_01087,69,crack,278,78,445,263,167,185,2.9464,1.108,0.33,4,patches\crack\patch_01087.jpg,C:\Users\akhil\.gemini\antigravity\scratch\aeroloss_ai\data\processed\patches\crack\patch_01087.jpg
patch_01088,69,crack,761,245,928,385,167,140,2.2297,0.838,0.44,4,patches\crack\patch_01088.jpg,C:\Users\akhil\.gemini\antigravity\scratch\aeroloss_ai\data\processed\patches\crack\patch_01088.jpg
patch_01089,690,thunderstrike,56,627,562,797,506,170,8.2035,0.336,0.742,5,patches\thunderstrike\patch_01089.jpg,C:\Users\akhil\.gemini\antigravity\scratch\aeroloss_ai\data\processed\patches\thunderstrike\patch_01089.jpg
patch_01090,691,craze,281,780,727,900,446,120,5.1041,0.269,0.84,2,patches\craze\patch_01090.jpg,C:\Users\akhil\.gemini\antigravity\scratch\aeroloss_ai\data\processed\patches\craze\patch_01090.jpg
patch_01091,692,craze,31,256,906,599,875,343,28.6222,0.392,0.526,2,patches\craze\patch_01091.jpg,C:\Users\akhil\.gemini\antigravity\scratch\aeroloss_ai\data\processed\patches\craze\patch_01091.jpg
patch_01092,693,hide_craze,244,158,792,633,548,475,24.8241,0.867,0.501,4,patches\hide_craze\patch_01092.jpg,C:\Users\akhil\.gemini\antigravity\scratch\aeroloss_ai\data\processed\patches\hide_craze\patch_01092.jpg
patch_01093,694,hide_craze,94,197,716,774,622,577,34.2268,0.928,0.57,4,patches\hide_craze\patch_01093.jpg,C:\Users\akhil\.gemini\antigravity\scratch\aeroloss_ai\data\processed\patches\hide_craze\patch_01093.jpg
patch_01096,696,hide_craze,148,367,567,597,419,230,9.1906,0.549,0.567,4,patches\hide_craze\patch_01096.jpg,C:\Users\akhil\.gemini\antigravity\scratch\aeroloss_ai\data\processed\patches\hide_craze\patch_01096.jpg
patch_01097,696,hide_craze,583,545,998,670,415,125,4.9472,0.301,0.663,3,patches\hide_craze\patch_01097.jpg,C:\Users\akhil\.gemini\antigravity\scratch\aeroloss_ai\data\processed\patches\hide_craze\patch_01097.jpg
patch_01100,698,hide_craze,56,158,681,806,625,648,38.6238,1.037,0.567,4,patches\hide_craze\patch_01100.jpg,C:\Users\akhil\.gemini\antigravity\scratch\aeroloss_ai\data\processed\patches\hide_craze\patch_01100.jpg
patch_01101,699,thunderstrike,150,578,320,869,170,291,4.7178,1.712,0.751,5,patches\thunderstrike\patch_01101.jpg,C:\Users\akhil\.gemini\antigravity\scratch\aeroloss_ai\data\processed\patches\thunderstrike\patch_01101.jpg
patch_01102,7,hide_craze,520,267,553,510,33,243,0.7648,7.364,0.496,3,patches\hide_craze\patch_01102.jpg,C:\Users\akhil\.gemini\antigravity\scratch\aeroloss_ai\data\processed\patches\hide_craze\patch_01102.jpg
patch_01105,700,surface_injure,305,102,1016,278,711,176,11.9339,0.248,0.345,3,patches\surface_injure\patch_01105.jpg,C:\Users\akhil\.gemini\antigravity\scratch\aeroloss_ai\data\processed\patches\surface_injure\patch_01105.jpg
patch_01106,701,craze,227,253,919,1000,692,747,49.2977,1.079,0.677,2,patches\craze\patch_01106.jpg,C:\Users\akhil\.gemini\antigravity\scratch\aeroloss_ai\data\processed\patches\craze\patch_01106.jpg
patch_01107,702,surface_injure,202,525,359,956,157,431,6.4532,2.745,0.764,3,patches\surface_injure\patch_01107.jpg,C:\Users\akhil\.gemini\antigravity\scratch\aeroloss_ai\data\processed\patches\surface_injure\patch_01107.jpg
patch_01108,702,surface_injure,295,91,411,516,116,425,4.7016,3.664,0.431,2,patches\surface_injure\patch_01108.jpg,C:\Users\akhil\.gemini\antigravity\scratch\aeroloss_ai\data\processed\patches\surface_injure\patch_01108.jpg
patch_01109,703,corrosion,5,397,1008,788,1003,391,37.4005,0.39,0.651,3,patches\corrosion\patch_01109.jpg,C:\Users\akhil\.gemini\antigravity\scratch\aeroloss_ai\data\processed\patches\corrosion\patch_01109.jpg
patch_01111,705,hide_craze,412,294,866,642,454,348,15.0673,0.767,0.556,4,patches\hide_craze\patch_01111.jpg,C:\Users\akhil\.gemini\antigravity\scratch\aeroloss_ai\data\processed\patches\hide_craze\patch_01111.jpg
patch_01112,706,hide_craze,142,303,683,625,541,322,16.6132,0.595,0.553,4,patches\hide_craze\patch_01112.jpg,C:\Users\akhil\.gemini\antigravity\scratch\aeroloss_ai\data\processed\patches\hide_craze\patch_01112.jpg
patch_01113,707,corrosion,387,20,617,947,230,927,20.3333,4.03,0.568,3,patches\corrosion\patch_01113.jpg,C:\Users\akhil\.gemini\antigravity\scratch\aeroloss_ai\data\processed\patches\corrosion\patch_01113.jpg
patch_01115,709,hide_craze,342,300,430,772,88,472,3.9612,5.364,0.608,3,patches\hide_craze\patch_01115.jpg,C:\Users\akhil\.gemini\antigravity\scratch\aeroloss_ai\data\processed\patches\hide_craze\patch_01115.jpg
patch_01117,710,craze,120,439,917,870,797,431,32.7594,0.541,0.699,2,patches\craze\patch_01117.jpg,C:\Users\akhil\.gemini\antigravity\scratch\aeroloss_ai\data\processed\patches\craze\patch_01117.jpg
patch_01121,714,craze,190,1,553,486,363,485,28.3528,1.336,0.441,2,patches\craze\patch_01121.jpg,C:\Users\akhil\.gemini\antigravity\scratch\aeroloss_ai\data\processed\patches\craze\patch_01121.jpg
patch_01123,716,craze,600,114,734,963,134,849,10.8496,6.336,0.61,2,patches\craze\patch_01123.jpg,C:\Users\akhil\.gemini\antigravity\scratch\aeroloss_ai\data\processed\patches\craze\patch_01123.jpg
patch_01124,716,craze,761,360,1024,917,263,557,13.9705,2.118,0.686,2,patches\craze\patch_01124.jpg,C:\Users\akhil\.gemini\antigravity\scratch\aeroloss_ai\data\processed\patches\craze\patch_01124.jpg
patch_01125,717,craze,620,114,859,492,239,378,8.6157,1.582,0.431,2,patches\craze\patch_01125.jpg,C:\Users\akhil\.gemini\antigravity\scratch\aeroloss_ai\data\processed\patches\craze\patch_01125.jpg
patch_01126,717,hide_craze,478,522,698,835,220,313,6.567,1.423,0.717,4,patches\hide_craze\patch_01126.jpg,C:\Users\akhil\.gemini\antigravity\scratch\aeroloss_ai\data\processed\patches\hide_craze\patch_01126.jpg
patch_01128,719,corrosion,558,20,711,547,153,527,7.6896,3.444,0.416,3,patches\corrosion\patch_01128.jpg,C:\Users\akhil\.gemini\antigravity\scratch\aeroloss_ai\data\processed\patches\corrosion\patch_01128.jpg
patch_01129,719,corrosion,639,570,764,986,125,416,4.9591,3.328,0.793,2,patches\corrosion\patch_01129.jpg,C:\Users\akhil\.gemini\antigravity\scratch\aeroloss_ai\data\processed\patches\corrosion\patch_01129.jpg
patch_01132,721,hide_craze,31,631,944,670,913,39,3.3957,0.043,0.695,3,patches\hide_craze\patch_01132.jpg,C:\Users\akhil\.gemini\antigravity\scratch\aeroloss_ai\data\processed\patches\hide_craze\patch_01132.jpg
patch_01133,722,corrosion,116,2,600,1024,484,1022,47.1733,2.112,0.591,3,patches\corrosion\patch_01133.jpg,C:\Users\akhil\.gemini\antigravity\scratch\aeroloss_ai\data\processed\patches\corrosion\patch_01133.jpg
patch_01134,723,hide_craze,128,164,445,272,317,108,3.265,0.341,0.366,3,patches\hide_craze\patch_01134.jpg,C:\Users\akhil\.gemini\antigravity\scratch\aeroloss_ai\data\processed\patches\hide_craze\patch_01134.jpg
patch_01135,724,corrosion,316,6,570,1002,254,996,24.1264,3.921,0.584,3,patches\corrosion\patch_01135.jpg,C:\Users\akhil\.gemini\antigravity\scratch\aeroloss_ai\data\processed\patches\corrosion\patch_01135.jpg
patch_01136,725,craze,448,547,984,999,536,452,23.1049,0.843,0.789,2,patches\craze\patch_01136.jpg,C:\Users\akhil\.gemini\antigravity\scratch\aeroloss_ai\data\processed\patches\craze\patch_01136.jpg
patch_01137,726,surface_injure,377,180,764,416,387,236,8.7101,0.61,0.427,3,patches\surface_injure\patch_01137.jpg,C:\Users\akhil\.gemini\antigravity\scratch\aeroloss_ai\data\processed\patches\surface_injure\patch_01137.jpg
patch_01138,727,corrosion,700,149,833,764,133,615,7.8006,4.624,0.548,3,patches\corrosion\patch_01138.jpg,C:\Users\akhil\.gemini\antigravity\scratch\aeroloss_ai\data\processed\patches\corrosion\patch_01138.jpg
patch_01139,728,craze,220,136,717,669,497,533,25.2629,1.072,0.507,2,patches\craze\patch_01139.jpg,C:\Users\akhil\.gemini\antigravity\scratch\aeroloss_ai\data\processed\patches\craze\patch_01139.jpg
patch_01140,728,hide_craze,3,217,217,283,214,66,1.347,0.308,0.39,3,patches\hide_craze\patch_01140.jpg,C:\Users\akhil\.gemini\antigravity\scratch\aeroloss_ai\data\processed\patches\hide_craze\patch_01140.jpg
patch_01141,729,corrosion,583,539,673,1000,90,461,3.9568,5.122,0.786,2,patches\corrosion\patch_01141.jpg,C:\Users\akhil\.gemini\antigravity\scratch\aeroloss_ai\data\processed\patches\corrosion\patch_01141.jpg
patch_01142,73,craze,286,270,766,700,480,430,19.6838,0.896,0.569,2,patches\craze\patch_01142.jpg,C:\Users\akhil\.gemini\antigravity\scratch\aeroloss_ai\data\processed\patches\craze\patch_01142.jpg
patch_01146,732,corrosion,483,16,594,995,111,979,10.3635,8.82,0.585,3,patches\corrosion\patch_01146.jpg,C:\Users\akhil\.gemini\antigravity\scratch\aeroloss_ai\data\processed\patches\corrosion\patch_01146.jpg
patch_01147,733,corrosion,2,395,489,503,487,108,5.0159,0.222,0.542,3,patches\corrosion\patch_01147.jpg,C:\Users\akhil\.gemini\antigravity\scratch\aeroloss_ai\data\processed\patches\corrosion\patch_01147.jpg
patch_01148,733,corrosion,514,422,1022,583,508,161,7.7999,0.317,0.583,3,patches\corrosion\patch_01148.jpg,C:\Users\akhil\.gemini\antigravity\scratch\aeroloss_ai\data\processed\patches\corrosion\patch_01148.jpg
patch_01149,734,crack,247,395,750,481,503,86,4.1254,0.171,0.534,4,patches\crack\patch_01149.jpg,C:\Users\akhil\.gemini\antigravity\scratch\aeroloss_ai\data\processed\patches\crack\patch_01149.jpg
patch_01150,735,crack,316,14,644,405,328,391,12.2307,1.192,0.36,5,patches\crack\patch_01150.jpg,C:\Users\akhil\.gemini\antigravity\scratch\aeroloss_ai\data\processed\patches\crack\patch_01150.jpg
patch_01151,736,craze,156,136,508,478,352,342,11.4807,0.972,0.434,2,patches\craze\patch_01151.jpg,C:\Users\akhil\.gemini\antigravity\scratch\aeroloss_ai\data\processed\patches\craze\patch_01151.jpg
patch_01152,737,hide_craze,77,105,167,535,90,430,3.6907,4.778,0.444,3,patches\hide_craze\patch_01152.jpg,C:\Users\akhil\.gemini\antigravity\scratch\aeroloss_ai\data\processed\patches\hide_craze\patch_01152.jpg
patch_01153,737,hide_craze,216,310,328,728,112,418,4.4647,3.732,0.595,3,patches\hide_craze\patch_01153.jpg,C:\Users\akhil\.gemini\antigravity\scratch\aeroloss_ai\data\processed\patches\hide_craze\patch_01153.jpg
patch_01154,738,crack,259,270,362,744,103,474,4.656,4.602,0.586,4,patches\crack\patch_01154.jpg,C:\Users\akhil\.gemini\antigravity\scratch\aeroloss_ai\data\processed\patches\crack\patch_01154.jpg
patch_01155,739,crack,103,211,284,367,181,156,2.6928,0.862,0.42,4,patches\crack\patch_01155.jpg,C:\Users\akhil\.gemini\antigravity\scratch\aeroloss_ai\data\processed\patches\crack\patch_01155.jpg
patch_01156,739,crack,584,63,753,228,169,165,2.6593,0.976,0.311,4,patches\crack\patch_01156.jpg,C:\Users\akhil\.gemini\antigravity\scratch\aeroloss_ai\data\processed\patches\crack\patch_01156.jpg
patch_01157,74,craze,425,688,850,836,425,148,5.9986,0.348,0.78,2,patches\craze\patch_01157.jpg,C:\Users\akhil\.gemini\antigravity\scratch\aeroloss_ai\data\processed\patches\craze\patch_01157.jpg
patch_01158,740,surface_injure,545,325,952,491,407,166,6.4432,0.408,0.511,3,patches\surface_injure\patch_01158.jpg,C:\Users\akhil\.gemini\antigravity\scratch\aeroloss_ai\data\processed\patches\surface_injure\patch_01158.jpg
patch_01160,742,craze,791,419,934,763,143,344,4.6913,2.406,0.65,1,patches\craze\patch_01160.jpg,C:\Users\akhil\.gemini\antigravity\scratch\aeroloss_ai\data\processed\patches\craze\patch_01160.jpg
patch_01161,743,thunderstrike,517,336,733,424,216,88,1.8127,0.407,0.489,5,patches\thunderstrike\patch_01161.jpg,C:\Users\akhil\.gemini\antigravity\scratch\aeroloss_ai\data\processed\patches\thunderstrike\patch_01161.jpg
patch_01162,743,surface_injure,383,931,470,975,87,44,0.3651,0.506,0.926,1,patches\surface_injure\patch_01162.jpg,C:\Users\akhil\.gemini\antigravity\scratch\aeroloss_ai\data\processed\patches\surface_injure\patch_01162.jpg
patch_01163,744,thunderstrike,494,142,842,961,348,819,27.1809,2.353,0.62,5,patches\thunderstrike\patch_01163.jpg,C:\Users\akhil\.gemini\antigravity\scratch\aeroloss_ai\data\processed\patches\thunderstrike\patch_01163.jpg
patch_01164,745,surface_injure,314,114,659,542,345,428,14.082,1.241,0.45,3,patches\surface_injure\patch_01164.jpg,C:\Users\akhil\.gemini\antigravity\scratch\aeroloss_ai\data\processed\patches\surface_injure\patch_01164.jpg
patch_01165,746,surface_injure,364,456,564,853,200,397,7.5722,1.985,0.699,3,patches\surface_injure\patch_01165.jpg,C:\Users\akhil\.gemini\antigravity\scratch\aeroloss_ai\data\processed\patches\surface_injure\patch_01165.jpg
patch_01166,747,surface_injure,337,805,372,860,35,55,0.1836,1.571,0.834,1,patches\surface_injure\patch_01166.jpg,C:\Users\akhil\.gemini\antigravity\scratch\aeroloss_ai\data\processed\patches\surface_injure\patch_01166.jpg
patch_01167,747,surface_injure,616,792,653,1002,37,210,0.741,5.676,0.883,2,patches\surface_injure\patch_01167.jpg,C:\Users\akhil\.gemini\antigravity\scratch\aeroloss_ai\data\processed\patches\surface_injure\patch_01167.jpg
patch_01168,747,surface_injure,619,627,753,705,134,78,0.9968,0.582,0.707,2,patches\surface_injure\patch_01168.jpg,C:\Users\akhil\.gemini\antigravity\scratch\aeroloss_ai\data\processed\patches\surface_injure\patch_01168.jpg
patch_01169,747,surface_injure,623,520,661,614,38,94,0.3407,2.474,0.632,1,patches\surface_injure\patch_01169.jpg,C:\Users\akhil\.gemini\antigravity\scratch\aeroloss_ai\data\processed\patches\surface_injure\patch_01169.jpg
patch_01170,747,surface_injure,631,80,698,316,67,236,1.5079,3.522,0.351,2,patches\surface_injure\patch_01170.jpg,C:\Users\akhil\.gemini\antigravity\scratch\aeroloss_ai\data\processed\patches\surface_injure\patch_01170.jpg
patch_01171,747,surface_injure,700,92,752,142,52,50,0.248,0.962,0.289,1,patches\surface_injure\patch_01171.jpg,C:\Users\akhil\.gemini\antigravity\scratch\aeroloss_ai\data\processed\patches\surface_injure\patch_01171.jpg
patch_01172,747,surface_injure,789,11,831,49,42,38,0.1522,0.905,0.223,1,patches\surface_injure\patch_01172.jpg,C:\Users\akhil\.gemini\antigravity\scratch\aeroloss_ai\data\processed\patches\surface_injure\patch_01172.jpg
patch_01173,748,thunderstrike,542,313,911,800,369,487,17.1378,1.32,0.624,5,patches\thunderstrike\patch_01173.jpg,C:\Users\akhil\.gemini\antigravity\scratch\aeroloss_ai\data\processed\patches\thunderstrike\patch_01173.jpg
patch_01174,748,surface_injure,928,2,1014,781,86,779,6.389,9.058,0.498,3,patches\surface_injure\patch_01174.jpg,C:\Users\akhil\.gemini\antigravity\scratch\aeroloss_ai\data\processed\patches\surface_injure\patch_01174.jpg
patch_01175,748,surface_injure,342,10,534,935,192,925,16.9373,4.818,0.56,3,patches\surface_injure\patch_01175.jpg,C:\Users\akhil\.gemini\antigravity\scratch\aeroloss_ai\data\processed\patches\surface_injure\patch_01175.jpg
patch_01177,75,surface_injure,103,586,177,1017,74,431,3.0416,5.824,0.811,2,patches\surface_injure\patch_01177.jpg,C:\Users\akhil\.gemini\antigravity\scratch\aeroloss_ai\data\processed\patches\surface_injure\patch_01177.jpg
patch_01178,75,surface_injure,727,6,1024,325,297,319,9.0354,1.074,0.326,3,patches\surface_injure\patch_01178.jpg,C:\Users\akhil\.gemini\antigravity\scratch\aeroloss_ai\data\processed\patches\surface_injure\patch_01178.jpg
patch_01180,751,crack,416,263,586,402,170,139,2.2535,0.818,0.453,4,patches\crack\patch_01180.jpg,C:\Users\akhil\.gemini\antigravity\scratch\aeroloss_ai\data\processed\patches\crack\patch_01180.jpg
patch_01181,752,corrosion,302,438,447,977,145,539,7.4534,3.717,0.739,3,patches\corrosion\patch_01181.jpg,C:\Users\akhil\.gemini\antigravity\scratch\aeroloss_ai\data\processed\patches\corrosion\patch_01181.jpg
patch_01182,752,corrosion,406,24,555,427,149,403,5.7265,2.705,0.372,3,patches\corrosion\patch_01182.jpg,C:\Users\akhil\.gemini\antigravity\scratch\aeroloss_ai\data\processed\patches\corrosion\patch_01182.jpg
patch_01183,753,surface_injure,491,670,536,714,45,44,0.1888,0.978,0.727,1,patches\surface_injure\patch_01183.jpg,C:\Users\akhil\.gemini\antigravity\scratch\aeroloss_ai\data\processed\patches\surface_injure\patch_01183.jpg
patch_01184,753,hide_craze,456,450,481,516,25,66,0.1574,2.64,0.568,2,patches\hide_craze\patch_01184.jpg,C:\Users\akhil\.gemini\antigravity\scratch\aeroloss_ai\data\processed\patches\hide_craze\patch_01184.jpg
patch_01185,753,hide_craze,437,86,486,439,49,353,1.6496,7.204,0.4,3,patches\hide_craze\patch_01185.jpg,C:\Users\akhil\.gemini\antigravity\scratch\aeroloss_ai\data\processed\patches\hide_craze\patch_01185.jpg
patch_01186,754,thunderstrike,557,456,633,653,76,197,1.4278,2.592,0.622,5,patches\thunderstrike\patch_01186.jpg,C:\Users\akhil\.gemini\antigravity\scratch\aeroloss_ai\data\processed\patches\thunderstrike\patch_01186.jpg
patch_01187,754,hide_craze,594,664,631,991,37,327,1.1539,8.838,0.83,3,patches\hide_craze\patch_01187.jpg,C:\Users\akhil\.gemini\antigravity\scratch\aeroloss_ai\data\processed\patches\hide_craze\patch_01187.jpg
patch_01188,754,hide_craze,566,255,606,444,40,189,0.721,4.725,0.466,3,patches\hide_craze\patch_01188.jpg,C:\Users\akhil\.gemini\antigravity\scratch\aeroloss_ai\data\processed\patches\hide_craze\patch_01188.jpg
patch_01189,755,corrosion,512,13,647,988,135,975,12.5527,7.222,0.581,3,patches\corrosion\patch_01189.jpg,C:\Users\akhil\.gemini\antigravity\scratch\aeroloss_ai\data\processed\patches\corrosion\patch_01189.jpg
patch_01190,756,hide_craze,723,27,892,231,169,204,3.2879,1.207,0.298,3,patches\hide_craze\patch_01190.jpg,C:\Users\akhil\.gemini\antigravity\scratch\aeroloss_ai\data\processed\patches\hide_craze\patch_01190.jpg
patch_01191,757,hide_craze,98,431,330,464,232,33,0.7301,0.142,0.541,3,patches\hide_craze\patch_01191.jpg,C:\Users\akhil\.gemini\antigravity\scratch\aeroloss_ai\data\processed\patches\hide_craze\patch_01191.jpg
patch_01192,757,hide_craze,762,281,991,306,229,25,0.546,0.109,0.424,3,patches\hide_craze\patch_01192.jpg,C:\Users\akhil\.gemini\antigravity\scratch\aeroloss_ai\data\processed\patches\hide_craze\patch_01192.jpg
patch_01193,758,craze,459,20,561,208,102,188,1.8288,1.843,0.287,1,patches\craze\patch_01193.jpg,C:\Users\akhil\.gemini\antigravity\scratch\aeroloss_ai\data\processed\patches\craze\patch_01193.jpg
patch_01194,758,craze,481,222,595,581,114,359,3.903,3.149,0.506,1,patches\craze\patch_01194.jpg,C:\Users\akhil\.gemini\antigravity\scratch\aeroloss_ai\data\processed\patches\craze\patch_01194.jpg
patch_01195,758,craze,492,606,620,944,128,338,4.126,2.641,0.79,1,patches\craze\patch_01195.jpg,C:\Users\akhil\.gemini\antigravity\scratch\aeroloss_ai\data\processed\patches\craze\patch_01195.jpg
patch_01196,759,craze,56,664,164,872,108,208,2.1423,1.926,0.785,1,patches\craze\patch_01196.jpg,C:\Users\akhil\.gemini\antigravity\scratch\aeroloss_ai\data\processed\patches\craze\patch_01196.jpg
patch_01197,759,craze,594,110,702,706,108,596,6.1386,5.519,0.511,2,patches\craze\patch_01197.jpg,C:\Users\akhil\.gemini\antigravity\scratch\aeroloss_ai\data\processed\patches\craze\patch_01197.jpg
patch_01198,759,craze,336,339,572,681,236,342,7.6973,1.449,0.588,2,patches\craze\patch_01198.jpg,C:\Users\akhil\.gemini\antigravity\scratch\aeroloss_ai\data\processed\patches\craze\patch_01198.jpg
patch_01199,759,surface_injure,694,3,1000,156,306,153,4.4649,0.5,0.261,2,patches\surface_injure\patch_01199.jpg,C:\Users\akhil\.gemini\antigravity\scratch\aeroloss_ai\data\processed\patches\surface_injure\patch_01199.jpg
patch_01205,762,crack,100,233,170,583,70,350,2.3365,5.0,0.511,4,patches\crack\patch_01205.jpg,C:\Users\akhil\.gemini\antigravity\scratch\aeroloss_ai\data\processed\patches\crack\patch_01205.jpg
patch_01206,762,crack,420,8,697,469,277,461,12.1781,1.664,0.382,5,patches\crack\patch_01206.jpg,C:\Users\akhil\.gemini\antigravity\scratch\aeroloss_ai\data\processed\patches\crack\patch_01206.jpg
patch_01207,763,crack,567,42,798,406,231,364,8.0189,1.576,0.371,5,patches\crack\patch_01207.jpg,C:\Users\akhil\.gemini\antigravity\scratch\aeroloss_ai\data\processed\patches\crack\patch_01207.jpg
patch_01208,764,hide_craze,170,910,272,972,102,62,0.6031,0.608,0.917,3,patches\hide_craze\patch_01208.jpg,C:\Users\akhil\.gemini\antigravity\scratch\aeroloss_ai\data\processed\patches\hide_craze\patch_01208.jpg
patch_01209,764,surface_injure,261,94,327,153,66,59,0.3714,0.894,0.294,1,patches\surface_injure\patch_01209.jpg,C:\Users\akhil\.gemini\antigravity\scratch\aeroloss_ai\data\processed\patches\surface_injure\patch_01209.jpg
patch_01210,765,craze,162,308,569,636,407,328,12.7312,0.806,0.56,2,patches\craze\patch_01210.jpg,C:\Users\akhil\.gemini\antigravity\scratch\aeroloss_ai\data\processed\patches\craze\patch_01210.jpg
patch_01211,766,hide_craze,83,281,125,478,42,197,0.7891,4.69,0.489,3,patches\hide_craze\patch_01211.jpg,C:\Users\akhil\.gemini\antigravity\scratch\aeroloss_ai\data\processed\patches\hide_craze\patch_01211.jpg
patch_01212,766,hide_craze,8,411,917,524,909,113,9.7959,0.124,0.556,4,patches\hide_craze\patch_01212.jpg,C:\Users\akhil\.gemini\antigravity\scratch\aeroloss_ai\data\processed\patches\hide_craze\patch_01212.jpg
patch_01213,766,hide_craze,198,472,230,764,32,292,0.8911,9.125,0.671,3,patches\hide_craze\patch_01213.jpg,C:\Users\akhil\.gemini\antigravity\scratch\aeroloss_ai\data\processed\patches\hide_craze\patch_01213.jpg
patch_01214,766,hide_craze,808,252,853,413,45,161,0.6909,3.578,0.453,3,patches\hide_craze\patch_01214.jpg,C:\Users\akhil\.gemini\antigravity\scratch\aeroloss_ai\data\processed\patches\hide_craze\patch_01214.jpg
patch_01216,768,hide_craze,306,266,512,750,206,484,9.5085,2.35,0.587,4,patches\hide_craze\patch_01216.jpg,C:\Users\akhil\.gemini\antigravity\scratch\aeroloss_ai\data\processed\patches\hide_craze\patch_01216.jpg
patch_01217,769,hide_craze,339,505,402,847,63,342,2.0548,5.429,0.715,3,patches\hide_craze\patch_01217.jpg,C:\Users\akhil\.gemini\antigravity\scratch\aeroloss_ai\data\processed\patches\hide_craze\patch_01217.jpg
patch_01219,770,surface_injure,95,700,381,758,286,58,1.582,0.203,0.755,2,patches\surface_injure\patch_01219.jpg,C:\Users\akhil\.gemini\antigravity\scratch\aeroloss_ai\data\processed\patches\surface_injure\patch_01219.jpg
patch_01220,771,craze,280,166,703,280,423,114,4.5988,0.27,0.37,1,patches\craze\patch_01220.jpg,C:\Users\akhil\.gemini\antigravity\scratch\aeroloss_ai\data\processed\patches\craze\patch_01220.jpg
patch_01221,772,surface_injure,608,500,737,633,129,133,1.6362,1.031,0.632,2,patches\surface_injure\patch_01221.jpg,C:\Users\akhil\.gemini\antigravity\scratch\aeroloss_ai\data\processed\patches\surface_injure\patch_01221.jpg
patch_01222,772,surface_injure,877,541,1019,647,142,106,1.4355,0.746,0.652,2,patches\surface_injure\patch_01222.jpg,C:\Users\akhil\.gemini\antigravity\scratch\aeroloss_ai\data\processed\patches\surface_injure\patch_01222.jpg
patch_01225,774,crack,436,278,505,749,69,471,3.0993,6.826,0.591,4,patches\crack\patch_01225.jpg,C:\Users\akhil\.gemini\antigravity\scratch\aeroloss_ai\data\processed\patches\crack\patch_01225.jpg
patch_01226,775,thunderstrike,870,339,1000,447,130,108,1.339,0.831,0.499,5,patches\thunderstrike\patch_01226.jpg,C:\Users\akhil\.gemini\antigravity\scratch\aeroloss_ai\data\processed\patches\thunderstrike\patch_01226.jpg
patch_01227,775,corrosion,259,327,356,449,97,122,1.1286,1.258,0.496,2,patches\corrosion\patch_01227.jpg,C:\Users\akhil\.gemini\antigravity\scratch\aeroloss_ai\data\processed\patches\corrosion\patch_01227.jpg
patch_01228,776,crack,528,149,603,435,75,286,2.0456,3.813,0.422,4,patches\crack\patch_01228.jpg,C:\Users\akhil\.gemini\antigravity\scratch\aeroloss_ai\data\processed\patches\crack\patch_01228.jpg
patch_01231,779,craze,295,305,584,406,289,101,2.7837,0.349,0.471,1,patches\craze\patch_01231.jpg,C:\Users\akhil\.gemini\antigravity\scratch\aeroloss_ai\data\processed\patches\craze\patch_01231.jpg
patch_01233,780,crack,391,414,694,685,303,271,7.8309,0.894,0.619,5,patches\crack\patch_01233.jpg,C:\Users\akhil\.gemini\antigravity\scratch\aeroloss_ai\data\processed\patches\crack\patch_01233.jpg
patch_01235,782,corrosion,1,1,442,422,441,421,17.706,0.955,0.361,3,patches\corrosion\patch_01235.jpg,C:\Users\akhil\.gemini\antigravity\scratch\aeroloss_ai\data\processed\patches\corrosion\patch_01235.jpg
patch_01236,782,corrosion,455,272,748,661,293,389,10.8697,1.328,0.555,3,patches\corrosion\patch_01236.jpg,C:\Users\akhil\.gemini\antigravity\scratch\aeroloss_ai\data\processed\patches\corrosion\patch_01236.jpg
patch_01237,782,corrosion,753,505,1023,863,270,358,9.2182,1.326,0.721,3,patches\corrosion\patch_01237.jpg,C:\Users\akhil\.gemini\antigravity\scratch\aeroloss_ai\data\processed\patches\corrosion\patch_01237.jpg
patch_01240,784,craze,94,635,1000,835,906,200,17.2806,0.221,0.76,2,patches\craze\patch_01240.jpg,C:\Users\akhil\.gemini\antigravity\scratch\aeroloss_ai\data\processed\patches\craze\patch_01240.jpg
patch_01244,786,craze,36,392,647,510,611,118,6.8758,0.193,0.544,2,patches\craze\patch_01244.jpg,C:\Users\akhil\.gemini\antigravity\scratch\aeroloss_ai\data\processed\patches\craze\patch_01244.jpg
patch_01245,787,craze,132,397,1014,734,882,337,28.3464,0.382,0.631,2,patches\craze\patch_01245.jpg,C:\Users\akhil\.gemini\antigravity\scratch\aeroloss_ai\data\processed\patches\craze\patch_01245.jpg
patch_01246,788,craze,287,444,550,928,263,484,12.1395,1.84,0.723,2,patches\craze\patch_01246.jpg,C:\Users\akhil\.gemini\antigravity\scratch\aeroloss_ai\data\processed\patches\craze\patch_01246.jpg
patch_01248,79,craze,289,275,767,710,478,435,19.8298,0.91,0.575,2,patches\craze\patch_01248.jpg,C:\Users\akhil\.gemini\antigravity\scratch\aeroloss_ai\data\processed\patches\craze\patch_01248.jpg
patch_01251,791,thunderstrike,94,345,870,844,776,499,36.9286,0.643,0.653,5,patches\thunderstrike\patch_01251.jpg,C:\Users\akhil\.gemini\antigravity\scratch\aeroloss_ai\data\processed\patches\thunderstrike\patch_01251.jpg
patch_01252,792,crack,119,186,305,311,186,125,2.2173,0.672,0.389,4,patches\crack\patch_01252.jpg,C:\Users\akhil\.gemini\antigravity\scratch\aeroloss_ai\data\processed\patches\crack\patch_01252.jpg
patch_01253,792,crack,595,53,761,200,166,147,2.3272,0.886,0.296,4,patches\crack\patch_01253.jpg,C:\Users\akhil\.gemini\antigravity\scratch\aeroloss_ai\data\processed\patches\crack\patch_01253.jpg
patch_01254,793,craze,286,249,709,552,423,303,12.2231,0.716,0.505,2,patches\craze\patch_01254.jpg,C:\Users\akhil\.gemini\antigravity\scratch\aeroloss_ai\data\processed\patches\craze\patch_01254.jpg
patch_01255,794,thunderstrike,505,145,842,903,337,758,24.3612,2.249,0.599,5,patches\thunderstrike\patch_01255.jpg,C:\Users\akhil\.gemini\antigravity\scratch\aeroloss_ai\data\processed\patches\thunderstrike\patch_01255.jpg
patch_01256,795,craze,227,319,584,410,357,91,3.0982,0.255,0.478,1,patches\craze\patch_01256.jpg,C:\Users\akhil\.gemini\antigravity\scratch\aeroloss_ai\data\processed\patches\craze\patch_01256.jpg
patch_01257,796,surface_injure,12,403,220,724,208,321,6.3675,1.543,0.629,3,patches\surface_injure\patch_01257.jpg,C:\Users\akhil\.gemini\antigravity\scratch\aeroloss_ai\data\processed\patches\surface_injure\patch_01257.jpg
patch_01258,796,surface_injure,242,338,608,538,366,200,6.9809,0.546,0.534,3,patches\surface_injure\patch_01258.jpg,C:\Users\akhil\.gemini\antigravity\scratch\aeroloss_ai\data\processed\patches\surface_injure\patch_01258.jpg
patch_01259,797,craze,180,313,577,631,397,318,12.0398,0.801,0.56,2,patches\craze\patch_01259.jpg,C:\Users\akhil\.gemini\antigravity\scratch\aeroloss_ai\data\processed\patches\craze\patch_01259.jpg
patch_01260,798,crack,523,286,625,974,102,688,6.6925,6.745,0.68,5,patches\crack\patch_01260.jpg,C:\Users\akhil\.gemini\antigravity\scratch\aeroloss_ai\data\processed\patches\crack\patch_01260.jpg
patch_01261,799,surface_injure,500,144,594,220,94,76,0.6813,0.809,0.339,2,patches\surface_injure\patch_01261.jpg,C:\Users\akhil\.gemini\antigravity\scratch\aeroloss_ai\data\processed\patches\surface_injure\patch_01261.jpg
patch_01262,8,crack,484,60,617,658,133,598,7.585,4.496,0.473,5,patches\crack\patch_01262.jpg,C:\Users\akhil\.gemini\antigravity\scratch\aeroloss_ai\data\processed\patches\crack\patch_01262.jpg
patch_01263,80,craze,703,731,933,999,230,268,5.8784,1.165,0.859,2,patches\craze\patch_01263.jpg,C:\Users\akhil\.gemini\antigravity\scratch\aeroloss_ai\data\processed\patches\craze\patch_01263.jpg
patch_01264,80,craze,483,489,692,722,209,233,4.6441,1.115,0.661,1,patches\craze\patch_01264.jpg,C:\Users\akhil\.gemini\antigravity\scratch\aeroloss_ai\data\processed\patches\craze\patch_01264.jpg
patch_01265,80,craze,317,322,469,469,152,147,2.1309,0.967,0.501,1,patches\craze\patch_01265.jpg,C:\Users\akhil\.gemini\antigravity\scratch\aeroloss_ai\data\processed\patches\craze\patch_01265.jpg
patch_01267,801,corrosion,3,217,391,314,388,97,3.5892,0.25,0.402,2,patches\corrosion\patch_01267.jpg,C:\Users\akhil\.gemini\antigravity\scratch\aeroloss_ai\data\processed\patches\corrosion\patch_01267.jpg
patch_01268,801,corrosion,405,269,900,428,495,159,7.5059,0.321,0.465,3,patches\corrosion\patch_01268.jpg,C:\Users\akhil\.gemini\antigravity\scratch\aeroloss_ai\data\processed\patches\corrosion\patch_01268.jpg
patch_01269,802,surface_injure,502,524,845,747,343,223,7.2946,0.65,0.684,3,patches\surface_injure\patch_01269.jpg,C:\Users\akhil\.gemini\antigravity\scratch\aeroloss_ai\data\processed\patches\surface_injure\patch_01269.jpg
patch_01271,804,surface_injure,605,506,736,633,131,127,1.5866,0.969,0.634,2,patches\surface_injure\patch_01271.jpg,C:\Users\akhil\.gemini\antigravity\scratch\aeroloss_ai\data\processed\patches\surface_injure\patch_01271.jpg
patch_01272,804,surface_injure,878,545,1009,645,131,100,1.2493,0.763,0.653,2,patches\surface_injure\patch_01272.jpg,C:\Users\akhil\.gemini\antigravity\scratch\aeroloss_ai\data\processed\patches\surface_injure\patch_01272.jpg
patch_01273,805,crack,462,170,697,245,235,75,1.6809,0.319,0.358,4,patches\crack\patch_01273.jpg,C:\Users\akhil\.gemini\antigravity\scratch\aeroloss_ai\data\processed\patches\crack\patch_01273.jpg
patch_01274,805,crack,527,431,833,663,306,232,6.7703,0.758,0.617,5,patches\crack\patch_01274.jpg,C:\Users\akhil\.gemini\antigravity\scratch\aeroloss_ai\data\processed\patches\crack\patch_01274.jpg
patch_01275,806,craze,11,661,686,1024,675,363,23.3674,0.538,0.842,2,patches\craze\patch_01275.jpg,C:\Users\akhil\.gemini\antigravity\scratch\aeroloss_ai\data\processed\patches\craze\patch_01275.jpg
patch_01276,807,craze,584,725,998,825,414,100,3.9482,0.242,0.79,1,patches\craze\patch_01276.jpg,C:\Users\akhil\.gemini\antigravity\scratch\aeroloss_ai\data\processed\patches\craze\patch_01276.jpg
patch_01277,808,corrosion,5,436,377,492,372,56,1.9867,0.151,0.553,2,patches\corrosion\patch_01277.jpg,C:\Users\akhil\.gemini\antigravity\scratch\aeroloss_ai\data\processed\patches\corrosion\patch_01277.jpg
patch_01278,808,corrosion,394,441,1022,560,628,119,7.127,0.189,0.581,3,patches\corrosion\patch_01278.jpg,C:\Users\akhil\.gemini\antigravity\scratch\aeroloss_ai\data\processed\patches\corrosion\patch_01278.jpg
patch_01280,81,craze,20,3,231,181,211,178,3.5818,0.844,0.27,1,patches\craze\patch_01280.jpg,C:\Users\akhil\.gemini\antigravity\scratch\aeroloss_ai\data\processed\patches\craze\patch_01280.jpg
patch_01281,81,craze,256,197,566,538,310,341,10.0813,1.1,0.48,2,patches\craze\patch_01281.jpg,C:\Users\akhil\.gemini\antigravity\scratch\aeroloss_ai\data\processed\patches\craze\patch_01281.jpg
patch_01282,81,craze,600,481,1016,870,416,389,15.4327,0.935,0.715,2,patches\craze\patch_01282.jpg,C:\Users\akhil\.gemini\antigravity\scratch\aeroloss_ai\data\processed\patches\craze\patch_01282.jpg
patch_01283,810,hide_craze,253,524,531,874,278,350,9.2793,1.259,0.732,4,patches\hide_craze\patch_01283.jpg,C:\Users\akhil\.gemini\antigravity\scratch\aeroloss_ai\data\processed\patches\hide_craze\patch_01283.jpg
patch_01284,810,hide_craze,545,116,711,527,166,411,6.5065,2.476,0.445,4,patches\hide_craze\patch_01284.jpg,C:\Users\akhil\.gemini\antigravity\scratch\aeroloss_ai\data\processed\patches\hide_craze\patch_01284.jpg
patch_01287,812,hide_craze,12,660,845,930,833,270,21.4491,0.324,0.806,4,patches\hide_craze\patch_01287.jpg,C:\Users\akhil\.gemini\antigravity\scratch\aeroloss_ai\data\processed\patches\hide_craze\patch_01287.jpg
patch_01288,813,crack,961,466,1024,564,63,98,0.5888,1.556,0.592,4,patches\crack\patch_01288.jpg,C:\Users\akhil\.gemini\antigravity\scratch\aeroloss_ai\data\processed\patches\crack\patch_01288.jpg
patch_01290,815,corrosion,234,470,342,1010,108,540,5.5618,5.0,0.764,3,patches\corrosion\patch_01290.jpg,C:\Users\akhil\.gemini\antigravity\scratch\aeroloss_ai\data\processed\patches\corrosion\patch_01290.jpg
patch_01291,815,corrosion,311,14,430,460,119,446,5.0615,3.748,0.381,3,patches\corrosion\patch_01291.jpg,C:\Users\akhil\.gemini\antigravity\scratch\aeroloss_ai\data\processed\patches\corrosion\patch_01291.jpg
patch_01292,816,crack,628,417,867,577,239,160,3.6469,0.669,0.579,4,patches\crack\patch_01292.jpg,C:\Users\akhil\.gemini\antigravity\scratch\aeroloss_ai\data\processed\patches\crack\patch_01292.jpg
patch_01294,818,surface_injure,336,420,542,639,206,219,4.3024,1.063,0.603,2,patches\surface_injure\patch_01294.jpg,C:\Users\akhil\.gemini\antigravity\scratch\aeroloss_ai\data\processed\patches\surface_injure\patch_01294.jpg
patch_01295,818,hide_craze,203,283,337,496,134,213,2.722,1.59,0.497,3,patches\hide_craze\patch_01295.jpg,C:\Users\akhil\.gemini\antigravity\scratch\aeroloss_ai\data\processed\patches\hide_craze\patch_01295.jpg
patch_01296,818,hide_craze,253,161,598,366,345,205,6.7449,0.594,0.401,4,patches\hide_craze\patch_01296.jpg,C:\Users\akhil\.gemini\antigravity\scratch\aeroloss_ai\data\processed\patches\hide_craze\patch_01296.jpg
patch_01297,818,hide_craze,503,645,677,833,174,188,3.1197,1.08,0.763,3,patches\hide_craze\patch_01297.jpg,C:\Users\akhil\.gemini\antigravity\scratch\aeroloss_ai\data\processed\patches\hide_craze\patch_01297.jpg
patch_01298,818,hide_craze,751,454,844,528,93,74,0.6563,0.796,0.574,3,patches\hide_craze\patch_01298.jpg,C:\Users\akhil\.gemini\antigravity\scratch\aeroloss_ai\data\processed\patches\hide_craze\patch_01298.jpg
patch_01301,820,surface_injure,216,491,252,533,36,42,0.1442,1.167,0.59,1,patches\surface_injure\patch_01301.jpg,C:\Users\akhil\.gemini\antigravity\scratch\aeroloss_ai\data\processed\patches\surface_injure\patch_01301.jpg
patch_01302,820,hide_craze,359,444,664,492,305,48,1.3962,0.157,0.556,3,patches\hide_craze\patch_01302.jpg,C:\Users\akhil\.gemini\antigravity\scratch\aeroloss_ai\data\processed\patches\hide_craze\patch_01302.jpg
patch_01303,821,crack,106,172,294,316,188,144,2.5818,0.766,0.386,4,patches\crack\patch_01303.jpg,C:\Users\akhil\.gemini\antigravity\scratch\aeroloss_ai\data\processed\patches\crack\patch_01303.jpg
patch_01304,821,crack,578,49,767,206,189,157,2.8298,0.831,0.297,4,patches\crack\patch_01304.jpg,C:\Users\akhil\.gemini\antigravity\scratch\aeroloss_ai\data\processed\patches\crack\patch_01304.jpg
patch_01307,823,hide_craze,614,813,797,852,183,39,0.6806,0.213,0.834,3,patches\hide_craze\patch_01307.jpg,C:\Users\akhil\.gemini\antigravity\scratch\aeroloss_ai\data\processed\patches\hide_craze\patch_01307.jpg
patch_01309,825,hide_craze,725,411,866,472,141,61,0.8203,0.433,0.536,3,patches\hide_craze\patch_01309.jpg,C:\Users\akhil\.gemini\antigravity\scratch\aeroloss_ai\data\processed\patches\hide_craze\patch_01309.jpg
patch_01310,826,craze,28,553,403,860,375,307,10.9792,0.819,0.738,2,patches\craze\patch_01310.jpg,C:\Users\akhil\.gemini\antigravity\scratch\aeroloss_ai\data\processed\patches\craze\patch_01310.jpg
patch_01311,826,craze,417,177,784,627,367,450,15.7499,1.226,0.506,2,patches\craze\patch_01311.jpg,C:\Users\akhil\.gemini\antigravity\scratch\aeroloss_ai\data\processed\patches\craze\patch_01311.jpg
patch_01312,826,craze,780,10,1023,161,243,151,3.4993,0.621,0.265,1,patches\craze\patch_01312.jpg,C:\Users\akhil\.gemini\antigravity\scratch\aeroloss_ai\data\processed\patches\craze\patch_01312.jpg
patch_01313,827,surface_injure,348,413,541,630,193,217,3.9941,1.124,0.597,2,patches\surface_injure\patch_01313.jpg,C:\Users\akhil\.gemini\antigravity\scratch\aeroloss_ai\data\processed\patches\surface_injure\patch_01313.jpg
patch_01314,827,hide_craze,511,650,683,813,172,163,2.6737,0.948,0.757,3,patches\hide_craze\patch_01314.jpg,C:\Users\akhil\.gemini\antigravity\scratch\aeroloss_ai\data\processed\patches\hide_craze\patch_01314.jpg
patch_01315,827,hide_craze,244,291,336,417,92,126,1.1055,1.37,0.47,3,patches\hide_craze\patch_01315.jpg,C:\Users\akhil\.gemini\antigravity\scratch\aeroloss_ai\data\processed\patches\hide_craze\patch_01315.jpg
patch_01316,827,hide_craze,270,116,536,303,266,187,4.7438,0.703,0.36,3,patches\hide_craze\patch_01316.jpg,C:\Users\akhil\.gemini\antigravity\scratch\aeroloss_ai\data\processed\patches\hide_craze\patch_01316.jpg
patch_01317,827,hide_craze,511,372,764,477,253,105,2.5334,0.415,0.523,3,patches\hide_craze\patch_01317.jpg,C:\Users\akhil\.gemini\antigravity\scratch\aeroloss_ai\data\processed\patches\hide_craze\patch_01317.jpg
patch_01318,827,hide_craze,545,533,636,669,91,136,1.1803,1.495,0.658,3,patches\hide_craze\patch_01318.jpg,C:\Users\akhil\.gemini\antigravity\scratch\aeroloss_ai\data\processed\patches\hide_craze\patch_01318.jpg
patch_01319,828,craze,223,281,800,602,577,321,17.6637,0.556,0.536,2,patches\craze\patch_01319.jpg,C:\Users\akhil\.gemini\antigravity\scratch\aeroloss_ai\data\processed\patches\craze\patch_01319.jpg
patch_01320,829,surface_injure,695,247,972,361,277,114,3.0115,0.412,0.432,2,patches\surface_injure\patch_01320.jpg,C:\Users\akhil\.gemini\antigravity\scratch\aeroloss_ai\data\processed\patches\surface_injure\patch_01320.jpg
patch_01323,830,hide_craze,308,16,350,1019,42,1003,4.0174,23.881,0.594,3,patches\hide_craze\patch_01323.jpg,C:\Users\akhil\.gemini\antigravity\scratch\aeroloss_ai\data\processed\patches\hide_craze\patch_01323.jpg
patch_01324,831,crack,112,200,295,305,183,105,1.8325,0.574,0.392,4,patches\crack\patch_01324.jpg,C:\Users\akhil\.gemini\antigravity\scratch\aeroloss_ai\data\processed\patches\crack\patch_01324.jpg
patch_01325,831,crack,597,60,744,199,147,139,1.9486,0.946,0.299,4,patches\crack\patch_01325.jpg,C:\Users\akhil\.gemini\antigravity\scratch\aeroloss_ai\data\processed\patches\crack\patch_01325.jpg
patch_01327,833,corrosion,23,424,737,511,714,87,5.924,0.122,0.556,3,patches\corrosion\patch_01327.jpg,C:\Users\akhil\.gemini\antigravity\scratch\aeroloss_ai\data\processed\patches\corrosion\patch_01327.jpg
patch_01328,833,corrosion,836,438,986,481,150,43,0.6151,0.287,0.55,2,patches\corrosion\patch_01328.jpg,C:\Users\akhil\.gemini\antigravity\scratch\aeroloss_ai\data\processed\patches\corrosion\patch_01328.jpg
patch_01329,834,thunderstrike,517,527,653,586,136,59,0.7652,0.434,0.624,5,patches\thunderstrike\patch_01329.jpg,C:\Users\akhil\.gemini\antigravity\scratch\aeroloss_ai\data\processed\patches\thunderstrike\patch_01329.jpg
patch_01331,836,corrosion,200,47,516,513,316,466,14.0434,1.475,0.413,3,patches\corrosion\patch_01331.jpg,C:\Users\akhil\.gemini\antigravity\scratch\aeroloss_ai\data\processed\patches\corrosion\patch_01331.jpg
patch_01332,836,corrosion,527,430,852,955,325,525,16.2721,1.615,0.727,3,patches\corrosion\patch_01332.jpg,C:\Users\akhil\.gemini\antigravity\scratch\aeroloss_ai\data\processed\patches\corrosion\patch_01332.jpg
patch_01333,837,hide_craze,523,599,559,985,36,386,1.3252,10.722,0.803,3,patches\hide_craze\patch_01333.jpg,C:\Users\akhil\.gemini\antigravity\scratch\aeroloss_ai\data\processed\patches\hide_craze\patch_01333.jpg
patch_01334,838,hide_craze,695,330,755,775,60,445,2.5463,7.417,0.621,3,patches\hide_craze\patch_01334.jpg,C:\Users\akhil\.gemini\antigravity\scratch\aeroloss_ai\data\processed\patches\hide_craze\patch_01334.jpg
patch_01335,839,surface_injure,677,2,1024,206,347,204,6.7509,0.588,0.279,3,patches\surface_injure\patch_01335.jpg,C:\Users\akhil\.gemini\antigravity\scratch\aeroloss_ai\data\processed\patches\surface_injure\patch_01335.jpg
patch_01336,839,surface_injure,998,664,1024,988,26,324,0.8034,12.462,0.829,2,patches\surface_injure\patch_01336.jpg,C:\Users\akhil\.gemini\antigravity\scratch\aeroloss_ai\data\processed\patches\surface_injure\patch_01336.jpg
patch_01338,840,hide_craze,8,410,787,605,779,195,14.4868,0.25,0.587,4,patches\hide_craze\patch_01338.jpg,C:\Users\akhil\.gemini\antigravity\scratch\aeroloss_ai\data\processed\patches\hide_craze\patch_01338.jpg
patch_01339,841,surface_injure,1,95,336,624,335,529,16.9005,1.579,0.474,3,patches\surface_injure\patch_01339.jpg,C:\Users\akhil\.gemini\antigravity\scratch\aeroloss_ai\data\processed\patches\surface_injure\patch_01339.jpg
patch_01341,843,thunderstrike,112,853,331,977,219,124,2.5898,0.566,0.897,5,patches\thunderstrike\patch_01341.jpg,C:\Users\akhil\.gemini\antigravity\scratch\aeroloss_ai\data\processed\patches\thunderstrike\patch_01341.jpg
patch_01342,844,crack,327,344,406,563,79,219,1.65,2.772,0.545,4,patches\crack\patch_01342.jpg,C:\Users\akhil\.gemini\antigravity\scratch\aeroloss_ai\data\processed\patches\crack\patch_01342.jpg
patch_01343,844,crack,592,200,794,477,202,277,5.3362,1.371,0.458,5,patches\crack\patch_01343.jpg,C:\Users\akhil\.gemini\antigravity\scratch\aeroloss_ai\data\processed\patches\crack\patch_01343.jpg
patch_01344,845,corrosion,461,533,644,1017,183,484,8.4469,2.645,0.79,3,patches\corrosion\patch_01344.jpg,C:\Users\akhil\.gemini\antigravity\scratch\aeroloss_ai\data\processed\patches\corrosion\patch_01344.jpg
patch_01345,845,corrosion,480,13,659,520,179,507,8.6549,2.832,0.403,3,patches\corrosion\patch_01345.jpg,C:\Users\akhil\.gemini\antigravity\scratch\aeroloss_ai\data\processed\patches\corrosion\patch_01345.jpg
patch_01347,847,craze,317,127,1023,881,706,754,50.7664,1.068,0.584,2,patches\craze\patch_01347.jpg,C:\Users\akhil\.gemini\antigravity\scratch\aeroloss_ai\data\processed\patches\craze\patch_01347.jpg
patch_01348,847,craze,64,242,289,519,225,277,5.9438,1.231,0.49,2,patches\craze\patch_01348.jpg,C:\Users\akhil\.gemini\antigravity\scratch\aeroloss_ai\data\processed\patches\craze\patch_01348.jpg
patch_01349,848,thunderstrike,434,438,655,880,221,442,9.3157,2.0,0.702,5,patches\thunderstrike\patch_01349.jpg,C:\Users\akhil\.gemini\antigravity\scratch\aeroloss_ai\data\processed\patches\thunderstrike\patch_01349.jpg
patch_01352,85,crack,484,166,542,220,58,54,0.2987,0.931,0.347,3,patches\crack\patch_01352.jpg,C:\Users\akhil\.gemini\antigravity\scratch\aeroloss_ai\data\processed\patches\crack\patch_01352.jpg
patch_01355,851,surface_injure,319,481,372,525,53,44,0.2224,0.83,0.583,1,patches\surface_injure\patch_01355.jpg,C:\Users\akhil\.gemini\antigravity\scratch\aeroloss_ai\data\processed\patches\surface_injure\patch_01355.jpg
patch_01356,851,surface_injure,316,606,342,638,26,32,0.0793,1.231,0.674,1,patches\surface_injure\patch_01356.jpg,C:\Users\akhil\.gemini\antigravity\scratch\aeroloss_ai\data\processed\patches\surface_injure\patch_01356.jpg
patch_01357,851,surface_injure,444,561,481,597,37,36,0.127,0.973,0.641,1,patches\surface_injure\patch_01357.jpg,C:\Users\akhil\.gemini\antigravity\scratch\aeroloss_ai\data\processed\patches\surface_injure\patch_01357.jpg
patch_01358,851,surface_injure,558,506,639,630,81,124,0.9579,1.531,0.633,2,patches\surface_injure\patch_01358.jpg,C:\Users\akhil\.gemini\antigravity\scratch\aeroloss_ai\data\processed\patches\surface_injure\patch_01358.jpg
patch_01359,851,surface_injure,712,574,830,691,118,117,1.3166,0.992,0.682,2,patches\surface_injure\patch_01359.jpg,C:\Users\akhil\.gemini\antigravity\scratch\aeroloss_ai\data\processed\patches\surface_injure\patch_01359.jpg
patch_01360,852,corrosion,159,324,528,428,369,104,3.6598,0.282,0.486,2,patches\corrosion\patch_01360.jpg,C:\Users\akhil\.gemini\antigravity\scratch\aeroloss_ai\data\processed\patches\corrosion\patch_01360.jpg
patch_01361,852,corrosion,542,270,908,374,366,104,3.6301,0.284,0.445,2,patches\corrosion\patch_01361.jpg,C:\Users\akhil\.gemini\antigravity\scratch\aeroloss_ai\data\processed\patches\corrosion\patch_01361.jpg
patch_01365,855,crack,684,261,773,764,89,503,4.2693,5.652,0.59,4,patches\crack\patch_01365.jpg,C:\Users\akhil\.gemini\antigravity\scratch\aeroloss_ai\data\processed\patches\crack\patch_01365.jpg
patch_01366,856,craze,12,6,255,192,243,186,4.3104,0.765,0.275,1,patches\craze\patch_01366.jpg,C:\Users\akhil\.gemini\antigravity\scratch\aeroloss_ai\data\processed\patches\craze\patch_01366.jpg
patch_01367,856,craze,267,175,569,553,302,378,10.8868,1.252,0.477,2,patches\craze\patch_01367.jpg,C:\Users\akhil\.gemini\antigravity\scratch\aeroloss_ai\data\processed\patches\craze\patch_01367.jpg
patch_01368,856,craze,598,481,992,872,394,391,14.6917,0.992,0.715,2,patches\craze\patch_01368.jpg,C:\Users\akhil\.gemini\antigravity\scratch\aeroloss_ai\data\processed\patches\craze\patch_01368.jpg
patch_01369,857,thunderstrike,58,558,527,849,469,291,13.0157,0.62,0.736,5,patches\thunderstrike\patch_01369.jpg,C:\Users\akhil\.gemini\antigravity\scratch\aeroloss_ai\data\processed\patches\thunderstrike\patch_01369.jpg
patch_01370,857,thunderstrike,739,692,987,975,248,283,6.6933,1.141,0.835,5,patches\thunderstrike\patch_01370.jpg,C:\Users\akhil\.gemini\antigravity\scratch\aeroloss_ai\data\processed\patches\thunderstrike\patch_01370.jpg
patch_01372,859,surface_injure,106,756,344,875,238,119,2.701,0.5,0.821,2,patches\surface_injure\patch_01372.jpg,C:\Users\akhil\.gemini\antigravity\scratch\aeroloss_ai\data\processed\patches\surface_injure\patch_01372.jpg
patch_01373,859,surface_injure,211,406,622,735,411,329,12.8955,0.8,0.635,3,patches\surface_injure\patch_01373.jpg,C:\Users\akhil\.gemini\antigravity\scratch\aeroloss_ai\data\processed\patches\surface_injure\patch_01373.jpg
patch_01374,859,surface_injure,502,27,828,395,326,368,11.441,1.129,0.361,3,patches\surface_injure\patch_01374.jpg,C:\Users\akhil\.gemini\antigravity\scratch\aeroloss_ai\data\processed\patches\surface_injure\patch_01374.jpg
patch_01376,860,surface_injure,169,447,212,491,43,44,0.1804,1.023,0.557,1,patches\surface_injure\patch_01376.jpg,C:\Users\akhil\.gemini\antigravity\scratch\aeroloss_ai\data\processed\patches\surface_injure\patch_01376.jpg
patch_01377,860,surface_injure,314,480,372,527,58,47,0.26,0.81,0.584,1,patches\surface_injure\patch_01377.jpg,C:\Users\akhil\.gemini\antigravity\scratch\aeroloss_ai\data\processed\patches\surface_injure\patch_01377.jpg
patch_01378,860,surface_injure,444,556,481,602,37,46,0.1623,1.243,0.641,1,patches\surface_injure\patch_01378.jpg,C:\Users\akhil\.gemini\antigravity\scratch\aeroloss_ai\data\processed\patches\surface_injure\patch_01378.jpg
patch_01379,860,surface_injure,559,506,633,625,74,119,0.8398,1.608,0.631,2,patches\surface_injure\patch_01379.jpg,C:\Users\akhil\.gemini\antigravity\scratch\aeroloss_ai\data\processed\patches\surface_injure\patch_01379.jpg
patch_01380,860,surface_injure,717,583,834,695,117,112,1.2497,0.957,0.687,2,patches\surface_injure\patch_01380.jpg,C:\Users\akhil\.gemini\antigravity\scratch\aeroloss_ai\data\processed\patches\surface_injure\patch_01380.jpg
patch_01381,861,craze,309,22,786,466,477,444,20.1977,0.931,0.386,2,patches\craze\patch_01381.jpg,C:\Users\akhil\.gemini\antigravity\scratch\aeroloss_ai\data\processed\patches\craze\patch_01381.jpg
patch_01382,862,surface_injure,306,86,1017,294,711,208,14.1037,0.293,0.345,3,patches\surface_injure\patch_01382.jpg,C:\Users\akhil\.gemini\antigravity\scratch\aeroloss_ai\data\processed\patches\surface_injure\patch_01382.jpg
patch_01383,863,thunderstrike,103,163,255,441,152,278,4.0298,1.829,0.43,5,patches\thunderstrike\patch_01383.jpg,C:\Users\akhil\.gemini\antigravity\scratch\aeroloss_ai\data\processed\patches\thunderstrike\patch_01383.jpg
patch_01384,864,surface_injure,303,20,587,310,284,290,7.8545,1.021,0.326,3,patches\surface_injure\patch_01384.jpg,C:\Users\akhil\.gemini\antigravity\scratch\aeroloss_ai\data\processed\patches\surface_injure\patch_01384.jpg
patch_01385,865,corrosion,17,488,917,580,900,92,7.8964,0.102,0.607,3,patches\corrosion\patch_01385.jpg,C:\Users\akhil\.gemini\antigravity\scratch\aeroloss_ai\data\processed\patches\corrosion\patch_01385.jpg
patch_01386,866,corrosion,2,217,412,317,410,100,3.9101,0.244,0.403,2,patches\corrosion\patch_01386.jpg,C:\Users\akhil\.gemini\antigravity\scratch\aeroloss_ai\data\processed\patches\corrosion\patch_01386.jpg
patch_01387,866,corrosion,428,281,881,428,453,147,6.3506,0.325,0.47,3,patches\corrosion\patch_01387.jpg,C:\Users\akhil\.gemini\antigravity\scratch\aeroloss_ai\data\processed\patches\corrosion\patch_01387.jpg
patch_01388,867,surface_injure,97,236,314,553,217,317,6.5602,1.461,0.5,3,patches\surface_injure\patch_01388.jpg,C:\Users\akhil\.gemini\antigravity\scratch\aeroloss_ai\data\processed\patches\surface_injure\patch_01388.jpg
patch_01390,869,crack,253,335,314,566,61,231,1.3438,3.787,0.543,4,patches\crack\patch_01390.jpg,C:\Users\akhil\.gemini\antigravity\scratch\aeroloss_ai\data\processed\patches\crack\patch_01390.jpg
patch_01391,869,crack,445,194,623,491,178,297,5.0417,1.669,0.461,5,patches\crack\patch_01391.jpg,C:\Users\akhil\.gemini\antigravity\scratch\aeroloss_ai\data\processed\patches\crack\patch_01391.jpg
patch_01392,87,craze,133,106,961,710,828,604,47.6944,0.729,0.511,2,patches\craze\patch_01392.jpg,C:\Users\akhil\.gemini\antigravity\scratch\aeroloss_ai\data\processed\patches\craze\patch_01392.jpg
patch_01393,870,corrosion,119,505,745,1014,626,509,30.3873,0.813,0.779,3,patches\corrosion\patch_01393.jpg,C:\Users\akhil\.gemini\antigravity\scratch\aeroloss_ai\data\processed\patches\corrosion\patch_01393.jpg
patch_01394,870,corrosion,44,5,472,492,428,487,19.878,1.138,0.389,3,patches\corrosion\patch_01394.jpg,C:\Users\akhil\.gemini\antigravity\scratch\aeroloss_ai\data\processed\patches\corrosion\patch_01394.jpg
patch_01395,871,hide_craze,230,713,609,827,379,114,4.1204,0.301,0.787,3,patches\hide_craze\patch_01395.jpg,C:\Users\akhil\.gemini\antigravity\scratch\aeroloss_ai\data\processed\patches\hide_craze\patch_01395.jpg
patch_01396,871,craze,642,466,973,925,331,459,14.4891,1.387,0.73,2,patches\craze\patch_01396.jpg,C:\Users\akhil\.gemini\antigravity\scratch\aeroloss_ai\data\processed\patches\craze\patch_01396.jpg
patch_01397,872,crack,359,153,569,814,210,661,13.238,3.148,0.568,5,patches\crack\patch_01397.jpg,C:\Users\akhil\.gemini\antigravity\scratch\aeroloss_ai\data\processed\patches\crack\patch_01397.jpg
patch_01398,873,surface_injure,502,514,844,749,342,235,7.6647,0.687,0.681,3,patches\surface_injure\patch_01398.jpg,C:\Users\akhil\.gemini\antigravity\scratch\aeroloss_ai\data\processed\patches\surface_injure\patch_01398.jpg
patch_01403,877,surface_injure,312,258,662,819,350,561,18.7254,1.603,0.61,3,patches\surface_injure\patch_01403.jpg,C:\Users\akhil\.gemini\antigravity\scratch\aeroloss_ai\data\processed\patches\surface_injure\patch_01403.jpg
patch_01404,878,corrosion,256,45,394,952,138,907,11.9368,6.572,0.58,3,patches\corrosion\patch_01404.jpg,C:\Users\akhil\.gemini\antigravity\scratch\aeroloss_ai\data\processed\patches\corrosion\patch_01404.jpg
patch_01405,879,surface_injure,752,3,1024,325,272,322,8.3527,1.184,0.325,3,patches\surface_injure\patch_01405.jpg,C:\Users\akhil\.gemini\antigravity\scratch\aeroloss_ai\data\processed\patches\surface_injure\patch_01405.jpg
patch_01412,883,hide_craze,464,460,825,525,361,65,2.2378,0.18,0.575,3,patches\hide_craze\patch_01412.jpg,C:\Users\akhil\.gemini\antigravity\scratch\aeroloss_ai\data\processed\patches\hide_craze\patch_01412.jpg
patch_01413,883,craze,861,374,1019,514,158,140,2.1095,0.886,0.538,1,patches\craze\patch_01413.jpg,C:\Users\akhil\.gemini\antigravity\scratch\aeroloss_ai\data\processed\patches\craze\patch_01413.jpg
patch_01414,884,hide_craze,2,336,420,727,418,391,15.5867,0.935,0.605,4,patches\hide_craze\patch_01414.jpg,C:\Users\akhil\.gemini\antigravity\scratch\aeroloss_ai\data\processed\patches\hide_craze\patch_01414.jpg
patch_01415,884,hide_craze,442,747,827,1024,385,277,10.1705,0.719,0.875,4,patches\hide_craze\patch_01415.jpg,C:\Users\akhil\.gemini\antigravity\scratch\aeroloss_ai\data\processed\patches\hide_craze\patch_01415.jpg
patch_01416,885,hide_craze,412,483,678,560,266,77,1.9533,0.289,0.597,3,patches\hide_craze\patch_01416.jpg,C:\Users\akhil\.gemini\antigravity\scratch\aeroloss_ai\data\processed\patches\hide_craze\patch_01416.jpg
patch_01417,885,craze,159,431,383,716,224,285,6.0883,1.272,0.637,2,patches\craze\patch_01417.jpg,C:\Users\akhil\.gemini\antigravity\scratch\aeroloss_ai\data\processed\patches\craze\patch_01417.jpg
patch_01418,886,craze,281,597,930,924,649,327,20.2392,0.504,0.779,2,patches\craze\patch_01418.jpg,C:\Users\akhil\.gemini\antigravity\scratch\aeroloss_ai\data\processed\patches\craze\patch_01418.jpg
patch_01420,888,craze,180,1,681,403,501,402,19.2072,0.802,0.354,2,patches\craze\patch_01420.jpg,C:\Users\akhil\.gemini\antigravity\scratch\aeroloss_ai\data\processed\patches\craze\patch_01420.jpg
patch_01421,889,hide_craze,625,878,852,925,227,47,1.0175,0.207,0.887,3,patches\hide_craze\patch_01421.jpg,C:\Users\akhil\.gemini\antigravity\scratch\aeroloss_ai\data\processed\patches\hide_craze\patch_01421.jpg
patch_01422,89,crack,106,333,191,644,85,311,2.521,3.659,0.572,4,patches\crack\patch_01422.jpg,C:\Users\akhil\.gemini\antigravity\scratch\aeroloss_ai\data\processed\patches\crack\patch_01422.jpg
patch_01423,89,crack,383,100,592,528,209,428,8.5308,2.048,0.439,5,patches\crack\patch_01423.jpg,C:\Users\akhil\.gemini\antigravity\scratch\aeroloss_ai\data\processed\patches\crack\patch_01423.jpg
patch_01424,890,crack,773,478,884,547,111,69,0.7304,0.622,0.59,4,patches\crack\patch_01424.jpg,C:\Users\akhil\.gemini\antigravity\scratch\aeroloss_ai\data\processed\patches\crack\patch_01424.jpg
patch_01425,891,corrosion,391,127,600,989,209,862,17.1812,4.124,0.625,3,patches\corrosion\patch_01425.jpg,C:\Users\akhil\.gemini\antigravity\scratch\aeroloss_ai\data\processed\patches\corrosion\patch_01425.jpg
patch_01426,892,crack,459,1,625,919,166,918,14.5329,5.53,0.55,5,patches\crack\patch_01426.jpg,C:\Users\akhil\.gemini\antigravity\scratch\aeroloss_ai\data\processed\patches\crack\patch_01426.jpg
patch_01429,895,hide_craze,497,358,545,550,48,192,0.8789,4.0,0.546,3,patches\hide_craze\patch_01429.jpg,C:\Users\akhil\.gemini\antigravity\scratch\aeroloss_ai\data\processed\patches\hide_craze\patch_01429.jpg
patch_01430,895,craze,536,636,723,864,187,228,4.0661,1.219,0.771,1,patches\craze\patch_01430.jpg,C:\Users\akhil\.gemini\antigravity\scratch\aeroloss_ai\data\processed\patches\craze\patch_01430.jpg
patch_01432,897,thunderstrike,364,347,677,688,313,341,10.1789,1.089,0.594,5,patches\thunderstrike\patch_01432.jpg,C:\Users\akhil\.gemini\antigravity\scratch\aeroloss_ai\data\processed\patches\thunderstrike\patch_01432.jpg
patch_01435,899,corrosion,511,13,830,1016,319,1003,30.5135,3.144,0.592,3,patches\corrosion\patch_01435.jpg,C:\Users\akhil\.gemini\antigravity\scratch\aeroloss_ai\data\processed\patches\corrosion\patch_01435.jpg
patch_01436,9,hide_craze,652,720,791,936,139,216,2.8633,1.554,0.831,3,patches\hide_craze\patch_01436.jpg,C:\Users\akhil\.gemini\antigravity\scratch\aeroloss_ai\data\processed\patches\hide_craze\patch_01436.jpg
patch_01437,90,surface_injure,69,578,139,1024,70,446,2.9774,6.371,0.81,2,patches\surface_injure\patch_01437.jpg,C:\Users\akhil\.gemini\antigravity\scratch\aeroloss_ai\data\processed\patches\surface_injure\patch_01437.jpg
patch_01438,90,surface_injure,1,1,533,233,532,232,11.7706,0.436,0.289,3,patches\surface_injure\patch_01438.jpg,C:\Users\akhil\.gemini\antigravity\scratch\aeroloss_ai\data\processed\patches\surface_injure\patch_01438.jpg
patch_01439,90,surface_injure,548,1,1002,556,454,555,24.0297,1.222,0.412,3,patches\surface_injure\patch_01439.jpg,C:\Users\akhil\.gemini\antigravity\scratch\aeroloss_ai\data\processed\patches\surface_injure\patch_01439.jpg
patch_01441,901,surface_injure,642,1,1024,464,382,463,16.8673,1.212,0.377,3,patches\surface_injure\patch_01441.jpg,C:\Users\akhil\.gemini\antigravity\scratch\aeroloss_ai\data\processed\patches\surface_injure\patch_01441.jpg
patch_01442,902,corrosion,28,439,423,486,395,47,1.7705,0.119,0.552,2,patches\corrosion\patch_01442.jpg,C:\Users\akhil\.gemini\antigravity\scratch\aeroloss_ai\data\processed\patches\corrosion\patch_01442.jpg
patch_01443,902,corrosion,441,445,991,553,550,108,5.6648,0.196,0.58,3,patches\corrosion\patch_01443.jpg,C:\Users\akhil\.gemini\antigravity\scratch\aeroloss_ai\data\processed\patches\corrosion\patch_01443.jpg
patch_01444,903,crack,775,483,883,542,108,59,0.6077,0.546,0.59,4,patches\crack\patch_01444.jpg,C:\Users\akhil\.gemini\antigravity\scratch\aeroloss_ai\data\processed\patches\crack\patch_01444.jpg
patch_01446,905,surface_injure,353,460,536,560,183,100,1.7452,0.546,0.588,2,patches\surface_injure\patch_01446.jpg,C:\Users\akhil\.gemini\antigravity\scratch\aeroloss_ai\data\processed\patches\surface_injure\patch_01446.jpg
patch_01447,905,surface_injure,655,380,742,469,87,89,0.7384,1.023,0.523,2,patches\surface_injure\patch_01447.jpg,C:\Users\akhil\.gemini\antigravity\scratch\aeroloss_ai\data\processed\patches\surface_injure\patch_01447.jpg
patch_01448,905,surface_injure,466,58,642,236,176,178,2.9877,1.011,0.312,2,patches\surface_injure\patch_01448.jpg,C:\Users\akhil\.gemini\antigravity\scratch\aeroloss_ai\data\processed\patches\surface_injure\patch_01448.jpg
patch_01449,906,crack,548,172,800,788,252,616,14.8041,2.444,0.566,5,patches\crack\patch_01449.jpg,C:\Users\akhil\.gemini\antigravity\scratch\aeroloss_ai\data\processed\patches\crack\patch_01449.jpg
patch_01450,907,surface_injure,278,502,497,836,219,334,6.9757,1.525,0.71,3,patches\surface_injure\patch_01450.jpg,C:\Users\akhil\.gemini\antigravity\scratch\aeroloss_ai\data\processed\patches\surface_injure\patch_01450.jpg
patch_01451,908,craze,627,745,1019,944,392,199,7.4394,0.508,0.843,2,patches\craze\patch_01451.jpg,C:\Users\akhil\.gemini\antigravity\scratch\aeroloss_ai\data\processed\patches\craze\patch_01451.jpg
patch_01454,91,hide_craze,420,461,625,911,205,450,8.7976,2.195,0.723,4,patches\hide_craze\patch_01454.jpg,C:\Users\akhil\.gemini\antigravity\scratch\aeroloss_ai\data\processed\patches\hide_craze\patch_01454.jpg
patch_01455,910,hide_craze,273,460,528,856,255,396,9.6302,1.553,0.701,4,patches\hide_craze\patch_01455.jpg,C:\Users\akhil\.gemini\antigravity\scratch\aeroloss_ai\data\processed\patches\hide_craze\patch_01455.jpg
patch_01457,912,craze,337,583,925,894,588,311,17.4397,0.529,0.763,2,patches\craze\patch_01457.jpg,C:\Users\akhil\.gemini\antigravity\scratch\aeroloss_ai\data\processed\patches\craze\patch_01457.jpg
patch_01462,915,corrosion,3,424,980,513,977,89,8.2925,0.091,0.557,3,patches\corrosion\patch_01462.jpg,C:\Users\akhil\.gemini\antigravity\scratch\aeroloss_ai\data\processed\patches\corrosion\patch_01462.jpg
patch_01463,916,hide_craze,250,349,431,811,181,462,7.9748,2.552,0.642,4,patches\hide_craze\patch_01463.jpg,C:\Users\akhil\.gemini\antigravity\scratch\aeroloss_ai\data\processed\patches\hide_craze\patch_01463.jpg
patch_01464,917,hide_craze,389,70,428,591,39,521,1.9378,13.359,0.452,3,patches\hide_craze\patch_01464.jpg,C:\Users\akhil\.gemini\antigravity\scratch\aeroloss_ai\data\processed\patches\hide_craze\patch_01464.jpg
patch_01465,917,hide_craze,392,714,419,1017,27,303,0.7802,11.222,0.859,3,patches\hide_craze\patch_01465.jpg,C:\Users\akhil\.gemini\antigravity\scratch\aeroloss_ai\data\processed\patches\hide_craze\patch_01465.jpg
patch_01466,918,hide_craze,430,194,483,350,53,156,0.7885,2.943,0.407,3,patches\hide_craze\patch_01466.jpg,C:\Users\akhil\.gemini\antigravity\scratch\aeroloss_ai\data\processed\patches\hide_craze\patch_01466.jpg
patch_01467,918,hide_craze,453,467,486,536,33,69,0.2172,2.091,0.582,2,patches\hide_craze\patch_01467.jpg,C:\Users\akhil\.gemini\antigravity\scratch\aeroloss_ai\data\processed\patches\hide_craze\patch_01467.jpg
patch_01468,918,hide_craze,466,641,525,756,59,115,0.6471,1.949,0.732,3,patches\hide_craze\patch_01468.jpg,C:\Users\akhil\.gemini\antigravity\scratch\aeroloss_ai\data\processed\patches\hide_craze\patch_01468.jpg
patch_01469,919,corrosion,444,505,509,1013,65,508,3.149,7.815,0.778,2,patches\corrosion\patch_01469.jpg,C:\Users\akhil\.gemini\antigravity\scratch\aeroloss_ai\data\processed\patches\corrosion\patch_01469.jpg
patch_01470,919,corrosion,464,6,570,500,106,494,4.9938,4.66,0.393,2,patches\corrosion\patch_01470.jpg,C:\Users\akhil\.gemini\antigravity\scratch\aeroloss_ai\data\processed\patches\corrosion\patch_01470.jpg
patch_01472,920,corrosion,2,602,283,677,281,75,2.0099,0.267,0.687,2,patches\corrosion\patch_01472.jpg,C:\Users\akhil\.gemini\antigravity\scratch\aeroloss_ai\data\processed\patches\corrosion\patch_01472.jpg
patch_01473,921,crack,419,8,684,641,265,633,15.9974,2.389,0.447,5,patches\crack\patch_01473.jpg,C:\Users\akhil\.gemini\antigravity\scratch\aeroloss_ai\data\processed\patches\crack\patch_01473.jpg
patch_01474,922,thunderstrike,583,113,727,156,144,43,0.5905,0.299,0.302,5,patches\thunderstrike\patch_01474.jpg,C:\Users\akhil\.gemini\antigravity\scratch\aeroloss_ai\data\processed\patches\thunderstrike\patch_01474.jpg
patch_01475,923,crack,484,638,881,760,397,122,4.619,0.307,0.732,4,patches\crack\patch_01475.jpg,C:\Users\akhil\.gemini\antigravity\scratch\aeroloss_ai\data\processed\patches\crack\patch_01475.jpg
patch_01478,926,hide_craze,169,110,431,158,262,48,1.1993,0.183,0.302,3,patches\hide_craze\patch_01478.jpg,C:\Users\akhil\.gemini\antigravity\scratch\aeroloss_ai\data\processed\patches\hide_craze\patch_01478.jpg
patch_01479,927,surface_injure,611,206,750,325,139,119,1.5775,0.856,0.402,2,patches\surface_injure\patch_01479.jpg,C:\Users\akhil\.gemini\antigravity\scratch\aeroloss_ai\data\processed\patches\surface_injure\patch_01479.jpg
patch_01480,927,thunderstrike,689,725,853,778,164,53,0.8289,0.323,0.772,5,patches\thunderstrike\patch_01480.jpg,C:\Users\akhil\.gemini\antigravity\scratch\aeroloss_ai\data\processed\patches\thunderstrike\patch_01480.jpg
patch_01481,928,craze,605,210,942,891,337,681,21.8865,2.021,0.619,2,patches\craze\patch_01481.jpg,C:\Users\akhil\.gemini\antigravity\scratch\aeroloss_ai\data\processed\patches\craze\patch_01481.jpg
patch_01482,929,corrosion,12,20,992,481,980,461,43.0851,0.47,0.391,3,patches\corrosion\patch_01482.jpg,C:\Users\akhil\.gemini\antigravity\scratch\aeroloss_ai\data\processed\patches\corrosion\patch_01482.jpg
patch_01483,93,craze,233,369,1023,681,790,312,23.5062,0.395,0.6,2,patches\craze\patch_01483.jpg,C:\Users\akhil\.gemini\antigravity\scratch\aeroloss_ai\data\processed\patches\craze\patch_01483.jpg
patch_01484,930,craze,375,269,806,364,431,95,3.9048,0.22,0.441,1,patches\craze\patch_01484.jpg,C:\Users\akhil\.gemini\antigravity\scratch\aeroloss_ai\data\processed\patches\craze\patch_01484.jpg
patch_01485,931,surface_injure,281,508,505,839,224,331,7.0709,1.478,0.713,3,patches\surface_injure\patch_01485.jpg,C:\Users\akhil\.gemini\antigravity\scratch\aeroloss_ai\data\processed\patches\surface_injure\patch_01485.jpg
patch_01486,932,corrosion,8,294,1017,678,1009,384,36.9507,0.381,0.57,3,patches\corrosion\patch_01486.jpg,C:\Users\akhil\.gemini\antigravity\scratch\aeroloss_ai\data\processed\patches\corrosion\patch_01486.jpg
patch_01489,935,corrosion,5,222,361,306,356,84,2.8519,0.236,0.401,2,patches\corrosion\patch_01489.jpg,C:\Users\akhil\.gemini\antigravity\scratch\aeroloss_ai\data\processed\patches\corrosion\patch_01489.jpg
patch_01490,935,corrosion,367,269,602,367,235,98,2.1963,0.417,0.442,2,patches\corrosion\patch_01490.jpg,C:\Users\akhil\.gemini\antigravity\scratch\aeroloss_ai\data\processed\patches\corrosion\patch_01490.jpg
patch_01491,935,corrosion,609,311,911,430,302,119,3.4273,0.394,0.482,2,patches\corrosion\patch_01491.jpg,C:\Users\akhil\.gemini\antigravity\scratch\aeroloss_ai\data\processed\patches\corrosion\patch_01491.jpg
patch_01492,936,surface_injure,289,252,502,588,213,336,6.8253,1.577,0.52,3,patches\surface_injure\patch_01492.jpg,C:\Users\akhil\.gemini\antigravity\scratch\aeroloss_ai\data\processed\patches\surface_injure\patch_01492.jpg
patch_01493,937,corrosion,6,200,1012,616,1006,416,39.9109,0.414,0.511,3,patches\corrosion\patch_01493.jpg,C:\Users\akhil\.gemini\antigravity\scratch\aeroloss_ai\data\processed\patches\corrosion\patch_01493.jpg
patch_01495,939,craze,309,244,480,670,171,426,6.9471,2.491,0.548,2,patches\craze\patch_01495.jpg,C:\Users\akhil\.gemini\antigravity\scratch\aeroloss_ai\data\processed\patches\craze\patch_01495.jpg
patch_01498,940,surface_injure,180,216,966,561,786,345,25.8608,0.439,0.496,3,patches\surface_injure\patch_01498.jpg,C:\Users\akhil\.gemini\antigravity\scratch\aeroloss_ai\data\processed\patches\surface_injure\patch_01498.jpg
patch_01499,941,corrosion,55,433,861,760,806,327,25.1352,0.406,0.654,3,patches\corrosion\patch_01499.jpg,C:\Users\akhil\.gemini\antigravity\scratch\aeroloss_ai\data\processed\patches\corrosion\patch_01499.jpg
patch_01500,942,corrosion,9,158,1020,633,1011,475,45.7978,0.47,0.501,3,patches\corrosion\patch_01500.jpg,C:\Users\akhil\.gemini\antigravity\scratch\aeroloss_ai\data\processed\patches\corrosion\patch_01500.jpg
patch_01501,943,thunderstrike,208,174,511,938,303,764,22.0768,2.521,0.624,5,patches\thunderstrike\patch_01501.jpg,C:\Users\akhil\.gemini\antigravity\scratch\aeroloss_ai\data\processed\patches\thunderstrike\patch_01501.jpg
patch_01502,944,surface_injure,27,36,208,530,181,494,8.5272,2.729,0.416,3,patches\surface_injure\patch_01502.jpg,C:\Users\akhil\.gemini\antigravity\scratch\aeroloss_ai\data\processed\patches\surface_injure\patch_01502.jpg
patch_01503,944,surface_injure,233,1,625,352,392,351,13.1218,0.895,0.334,3,patches\surface_injure\patch_01503.jpg,C:\Users\akhil\.gemini\antigravity\scratch\aeroloss_ai\data\processed\patches\surface_injure\patch_01503.jpg
patch_01504,945,thunderstrike,2,10,495,913,493,903,42.4556,1.832,0.552,5,patches\thunderstrike\patch_01504.jpg,C:\Users\akhil\.gemini\antigravity\scratch\aeroloss_ai\data\processed\patches\thunderstrike\patch_01504.jpg
patch_01505,946,hide_craze,484,439,878,488,394,49,1.8412,0.124,0.553,3,patches\hide_craze\patch_01505.jpg,C:\Users\akhil\.gemini\antigravity\scratch\aeroloss_ai\data\processed\patches\hide_craze\patch_01505.jpg
patch_01506,947,surface_injure,280,513,584,722,304,209,6.0593,0.688,0.67,3,patches\surface_injure\patch_01506.jpg,C:\Users\akhil\.gemini\antigravity\scratch\aeroloss_ai\data\processed\patches\surface_injure\patch_01506.jpg
patch_01507,948,crack,641,152,986,814,345,662,21.781,1.919,0.568,5,patches\crack\patch_01507.jpg,C:\Users\akhil\.gemini\antigravity\scratch\aeroloss_ai\data\processed\patches\crack\patch_01507.jpg
patch_01508,949,surface_injure,208,385,391,519,183,134,2.3386,0.732,0.544,2,patches\surface_injure\patch_01508.jpg,C:\Users\akhil\.gemini\antigravity\scratch\aeroloss_ai\data\processed\patches\surface_injure\patch_01508.jpg
patch_01509,95,corrosion,241,530,323,1011,82,481,3.7615,5.866,0.787,2,patches\corrosion\patch_01509.jpg,C:\Users\akhil\.gemini\antigravity\scratch\aeroloss_ai\data\processed\patches\corrosion\patch_01509.jpg
patch_01510,95,corrosion,295,13,423,516,128,503,6.1401,3.93,0.401,3,patches\corrosion\patch_01510.jpg,C:\Users\akhil\.gemini\antigravity\scratch\aeroloss_ai\data\processed\patches\corrosion\patch_01510.jpg
patch_01511,95,thunderstrike,600,10,691,69,91,59,0.512,0.648,0.23,5,patches\thunderstrike\patch_01511.jpg,C:\Users\akhil\.gemini\antigravity\scratch\aeroloss_ai\data\processed\patches\thunderstrike\patch_01511.jpg
patch_01512,950,surface_injure,555,164,786,524,231,360,7.9308,1.558,0.462,3,patches\surface_injure\patch_01512.jpg,C:\Users\akhil\.gemini\antigravity\scratch\aeroloss_ai\data\processed\patches\surface_injure\patch_01512.jpg
patch_01513,951,corrosion,191,13,383,731,192,718,13.147,3.74,0.483,3,patches\corrosion\patch_01513.jpg,C:\Users\akhil\.gemini\antigravity\scratch\aeroloss_ai\data\processed\patches\corrosion\patch_01513.jpg
patch_01516,954,surface_injure,377,330,558,760,181,430,7.4224,2.376,0.615,3,patches\surface_injure\patch_01516.jpg,C:\Users\akhil\.gemini\antigravity\scratch\aeroloss_ai\data\processed\patches\surface_injure\patch_01516.jpg
patch_01517,955,corrosion,455,5,730,1016,275,1011,26.5145,3.676,0.589,3,patches\corrosion\patch_01517.jpg,C:\Users\akhil\.gemini\antigravity\scratch\aeroloss_ai\data\processed\patches\corrosion\patch_01517.jpg
patch_01518,956,thunderstrike,364,283,672,711,308,428,12.5717,1.39,0.579,5,patches\thunderstrike\patch_01518.jpg,C:\Users\akhil\.gemini\antigravity\scratch\aeroloss_ai\data\processed\patches\thunderstrike\patch_01518.jpg
patch_01519,956,surface_injure,192,86,758,272,566,186,10.0399,0.329,0.336,3,patches\surface_injure\patch_01519.jpg,C:\Users\akhil\.gemini\antigravity\scratch\aeroloss_ai\data\processed\patches\surface_injure\patch_01519.jpg
patch_01520,956,surface_injure,195,285,355,778,160,493,7.5226,3.081,0.605,3,patches\surface_injure\patch_01520.jpg,C:\Users\akhil\.gemini\antigravity\scratch\aeroloss_ai\data\processed\patches\surface_injure\patch_01520.jpg
patch_01521,956,surface_injure,667,288,752,728,85,440,3.5667,5.176,0.587,2,patches\surface_injure\patch_01521.jpg,C:\Users\akhil\.gemini\antigravity\scratch\aeroloss_ai\data\processed\patches\surface_injure\patch_01521.jpg
patch_01522,957,craze,52,494,417,816,365,322,11.2085,0.882,0.699,2,patches\craze\patch_01522.jpg,C:\Users\akhil\.gemini\antigravity\scratch\aeroloss_ai\data\processed\patches\craze\patch_01522.jpg
patch_01523,958,hide_craze,291,99,706,175,415,76,3.0079,0.183,0.304,3,patches\hide_craze\patch_01523.jpg,C:\Users\akhil\.gemini\antigravity\scratch\aeroloss_ai\data\processed\patches\hide_craze\patch_01523.jpg
patch_01524,959,corrosion,197,8,361,614,164,606,9.478,3.695,0.437,3,patches\corrosion\patch_01524.jpg,C:\Users\akhil\.gemini\antigravity\scratch\aeroloss_ai\data\processed\patches\corrosion\patch_01524.jpg
patch_01527,960,crack,144,555,261,849,117,294,3.2804,2.513,0.735,4,patches\crack\patch_01527.jpg,C:\Users\akhil\.gemini\antigravity\scratch\aeroloss_ai\data\processed\patches\crack\patch_01527.jpg
patch_01528,960,crack,453,366,697,781,244,415,9.6569,1.701,0.637,5,patches\crack\patch_01528.jpg,C:\Users\akhil\.gemini\antigravity\scratch\aeroloss_ai\data\processed\patches\crack\patch_01528.jpg
patch_01532,964,crack,414,230,602,494,188,264,4.7333,1.404,0.476,4,patches\crack\patch_01532.jpg,C:\Users\akhil\.gemini\antigravity\scratch\aeroloss_ai\data\processed\patches\crack\patch_01532.jpg
patch_01533,965,surface_injure,312,295,789,566,477,271,12.3279,0.568,0.528,3,patches\surface_injure\patch_01533.jpg,C:\Users\akhil\.gemini\antigravity\scratch\aeroloss_ai\data\processed\patches\surface_injure\patch_01533.jpg
patch_01534,966,surface_injure,348,644,445,752,97,108,0.9991,1.113,0.732,2,patches\surface_injure\patch_01534.jpg,C:\Users\akhil\.gemini\antigravity\scratch\aeroloss_ai\data\processed\patches\surface_injure\patch_01534.jpg
patch_01535,966,surface_injure,484,602,633,785,149,183,2.6004,1.228,0.728,2,patches\surface_injure\patch_01535.jpg,C:\Users\akhil\.gemini\antigravity\scratch\aeroloss_ai\data\processed\patches\surface_injure\patch_01535.jpg
patch_01536,966,surface_injure,378,311,489,411,111,100,1.0586,0.901,0.475,2,patches\surface_injure\patch_01536.jpg,C:\Users\akhil\.gemini\antigravity\scratch\aeroloss_ai\data\processed\patches\surface_injure\patch_01536.jpg
patch_01537,967,crack,498,130,631,445,133,315,3.9954,2.368,0.419,4,patches\crack\patch_01537.jpg,C:\Users\akhil\.gemini\antigravity\scratch\aeroloss_ai\data\processed\patches\crack\patch_01537.jpg
patch_01538,968,corrosion,364,10,692,1019,328,1009,31.562,3.076,0.592,3,patches\corrosion\patch_01538.jpg,C:\Users\akhil\.gemini\antigravity\scratch\aeroloss_ai\data\processed\patches\corrosion\patch_01538.jpg
patch_01540,97,crack,358,422,616,686,258,264,6.4957,1.023,0.622,5,patches\crack\patch_01540.jpg,C:\Users\akhil\.gemini\antigravity\scratch\aeroloss_ai\data\processed\patches\crack\patch_01540.jpg
patch_01541,970,craze,194,608,673,930,479,322,14.7093,0.672,0.786,2,patches\craze\patch_01541.jpg,C:\Users\akhil\.gemini\antigravity\scratch\aeroloss_ai\data\processed\patches\craze\patch_01541.jpg
patch_01542,971,surface_injure,1,222,577,460,576,238,13.0737,0.413,0.46,3,patches\surface_injure\patch_01542.jpg,C:\Users\akhil\.gemini\antigravity\scratch\aeroloss_ai\data\processed\patches\surface_injure\patch_01542.jpg
patch_01543,972,corrosion,8,122,1019,417,1011,295,28.4429,0.292,0.405,3,patches\corrosion\patch_01543.jpg,C:\Users\akhil\.gemini\antigravity\scratch\aeroloss_ai\data\processed\patches\corrosion\patch_01543.jpg
patch_01545,974,thunderstrike,430,316,777,697,347,381,12.6082,1.098,0.586,5,patches\thunderstrike\patch_01545.jpg,C:\Users\akhil\.gemini\antigravity\scratch\aeroloss_ai\data\processed\patches\thunderstrike\patch_01545.jpg
patch_01546,974,surface_injure,256,86,817,252,561,166,8.8812,0.296,0.329,3,patches\surface_injure\patch_01546.jpg,C:\Users\akhil\.gemini\antigravity\scratch\aeroloss_ai\data\processed\patches\surface_injure\patch_01546.jpg
patch_01547,974,surface_injure,275,267,417,800,142,533,7.218,3.754,0.606,3,patches\surface_injure\patch_01547.jpg,C:\Users\akhil\.gemini\antigravity\scratch\aeroloss_ai\data\processed\patches\surface_injure\patch_01547.jpg
patch_01548,975,surface_injure,14,420,394,769,380,349,12.6476,0.918,0.653,3,patches\surface_injure\patch_01548.jpg,C:\Users\akhil\.gemini\antigravity\scratch\aeroloss_ai\data\processed\patches\surface_injure\patch_01548.jpg
patch_01549,975,hide_craze,333,338,886,511,553,173,9.1237,0.313,0.523,4,patches\hide_craze\patch_01549.jpg,C:\Users\akhil\.gemini\antigravity\scratch\aeroloss_ai\data\processed\patches\hide_craze\patch_01549.jpg
patch_01550,976,crack,466,185,578,960,112,775,8.2779,6.92,0.636,5,patches\crack\patch_01550.jpg,C:\Users\akhil\.gemini\antigravity\scratch\aeroloss_ai\data\processed\patches\crack\patch_01550.jpg
patch_01553,978,corrosion,1,275,853,710,852,435,35.3451,0.511,0.575,3,patches\corrosion\patch_01553.jpg,C:\Users\akhil\.gemini\antigravity\scratch\aeroloss_ai\data\processed\patches\corrosion\patch_01553.jpg
patch_01554,979,craze,456,613,714,706,258,93,2.2882,0.36,0.702,1,patches\craze\patch_01554.jpg,C:\Users\akhil\.gemini\antigravity\scratch\aeroloss_ai\data\processed\patches\craze\patch_01554.jpg
patch_01555,98,craze,453,614,714,710,261,96,2.3895,0.368,0.704,1,patches\craze\patch_01555.jpg,C:\Users\akhil\.gemini\antigravity\scratch\aeroloss_ai\data\processed\patches\craze\patch_01555.jpg
patch_01556,980,thunderstrike,334,514,783,875,449,361,15.458,0.804,0.729,5,patches\thunderstrike\patch_01556.jpg,C:\Users\akhil\.gemini\antigravity\scratch\aeroloss_ai\data\processed\patches\thunderstrike\patch_01556.jpg
patch_01557,980,surface_injure,797,370,933,897,136,527,6.8352,3.875,0.683,3,patches\surface_injure\patch_01557.jpg,C:\Users\akhil\.gemini\antigravity\scratch\aeroloss_ai\data\processed\patches\surface_injure\patch_01557.jpg
patch_01558,980,surface_injure,250,381,783,505,533,124,6.303,0.233,0.537,3,patches\surface_injure\patch_01558.jpg,C:\Users\akhil\.gemini\antigravity\scratch\aeroloss_ai\data\processed\patches\surface_injure\patch_01558.jpg
patch_01559,981,craze,208,330,609,456,401,126,4.8185,0.314,0.499,1,patches\craze\patch_01559.jpg,C:\Users\akhil\.gemini\antigravity\scratch\aeroloss_ai\data\processed\patches\craze\patch_01559.jpg
patch_01560,981,surface_injure,661,317,800,369,139,52,0.6893,0.374,0.461,2,patches\surface_injure\patch_01560.jpg,C:\Users\akhil\.gemini\antigravity\scratch\aeroloss_ai\data\processed\patches\surface_injure\patch_01560.jpg
patch_01561,982,hide_craze,56,180,809,817,753,637,45.744,0.846,0.58,4,patches\hide_craze\patch_01561.jpg,C:\Users\akhil\.gemini\antigravity\scratch\aeroloss_ai\data\processed\patches\hide_craze\patch_01561.jpg
patch_01565,986,hide_craze,155,520,642,706,487,186,8.6386,0.382,0.667,4,patches\hide_craze\patch_01565.jpg,C:\Users\akhil\.gemini\antigravity\scratch\aeroloss_ai\data\processed\patches\hide_craze\patch_01565.jpg
patch_01566,987,thunderstrike,19,450,512,555,493,105,4.9367,0.213,0.583,5,patches\thunderstrike\patch_01566.jpg,C:\Users\akhil\.gemini\antigravity\scratch\aeroloss_ai\data\processed\patches\thunderstrike\patch_01566.jpg
patch_01567,988,surface_injure,445,285,602,450,157,165,2.4705,1.051,0.48,2,patches\surface_injure\patch_01567.jpg,C:\Users\akhil\.gemini\antigravity\scratch\aeroloss_ai\data\processed\patches\surface_injure\patch_01567.jpg
patch_01568,989,hide_craze,186,381,778,986,592,605,34.1568,1.022,0.721,4,patches\hide_craze\patch_01568.jpg,C:\Users\akhil\.gemini\antigravity\scratch\aeroloss_ai\data\processed\patches\hide_craze\patch_01568.jpg
patch_01569,989,surface_injure,725,64,902,213,177,149,2.5151,0.842,0.305,2,patches\surface_injure\patch_01569.jpg,C:\Users\akhil\.gemini\antigravity\scratch\aeroloss_ai\data\processed\patches\surface_injure\patch_01569.jpg
patch_01570,989,surface_injure,770,238,914,375,144,137,1.8814,0.951,0.433,2,patches\surface_injure\patch_01570.jpg,C:\Users\akhil\.gemini\antigravity\scratch\aeroloss_ai\data\processed\patches\surface_injure\patch_01570.jpg
patch_01571,99,hide_craze,394,513,920,555,526,42,2.1069,0.08,0.607,3,patches\hide_craze\patch_01571.jpg,C:\Users\akhil\.gemini\antigravity\scratch\aeroloss_ai\data\processed\patches\hide_craze\patch_01571.jpg
patch_01578,995,surface_injure,494,589,802,899,308,310,9.1057,1.006,0.767,3,patches\surface_injure\patch_01578.jpg,C:\Users\akhil\.gemini\antigravity\scratch\aeroloss_ai\data\processed\patches\surface_injure\patch_01578.jpg
patch_01579,995,surface_injure,561,133,748,320,187,187,3.3349,1.0,0.373,2,patches\surface_injure\patch_01579.jpg,C:\Users\akhil\.gemini\antigravity\scratch\aeroloss_ai\data\processed\patches\surface_injure\patch_01579.jpg
patch_01581,997,hide_craze,441,363,889,403,448,40,1.709,0.089,0.492,3,patches\hide_craze\patch_01581.jpg,C:\Users\akhil\.gemini\antigravity\scratch\aeroloss_ai\data\processed\patches\hide_craze\patch_01581.jpg
patch_01582,998,corrosion,369,442,494,992,125,550,6.5565,4.4,0.746,3,patches\corrosion\patch_01582.jpg,C:\Users\akhil\.gemini\antigravity\scratch\aeroloss_ai\data\processed\patches\corrosion\patch_01582.jpg
patch_01583,999,surface_injure,372,335,564,763,192,428,7.8369,2.229,0.618,3,patches\surface_injure\patch_01583.jpg,C:\Users\akhil\.gemini\antigravity\scratch\aeroloss_ai\data\processed\patches\surface_injure\patch_01583.jpg
