defect_class,severity,r_R,area_pct,wind_speed,aep_loss_pct,daily_loss_inr,repair_cost_inr,payback_days,confidence,decision
corrosion,3,0.951,2.272,3.03,1.96,1900.81,45000.0,23.7,0.847,REPAIR
corrosion,3,0.2,1.242,3.0,0.1,137.33,45000.0,327.7,0.89,MONITOR
surface_injure,5,0.23,8.484,9.65,0.1,61.17,35000.0,572.2,0.751,MONITOR
corrosion,3,0.406,1.932,3.5,0.1,117.46,35000.0,298.0,0.86,MONITOR
corrosion,1,0.247,0.934,4.52,0.1,180.25,25000.0,138.7,0.811,MONITOR
craze,3,0.342,2.966,7.3,0.1,94.96,25000.0,263.3,0.886,MONITOR
corrosion,4,0.67,1.328,3.0,0.4,559.21,35000.0,62.6,0.833,MONITOR
crack,5,0.563,0.754,5.44,0.18,192.13,85000.0,442.4,0.926,ENGINEERING_ASSESSMENT
surface_injure,1,0.308,0.672,6.0,0.1,111.74,60000.0,537.0,0.702,MONITOR
craze,1,0.48,0.419,4.92,0.1,111.66,25000.0,223.9,0.895,MONITOR
craze,2,0.478,0.228,7.52,0.1,97.8,85000.0,869.1,0.866,MONITOR
craze,1,0.557,3.663,6.34,0.1,109.81,45000.0,409.8,0.895,MONITOR
craze,3,0.656,0.251,6.99,0.17,190.17,60000.0,315.5,0.759,MONITOR
thunderstrike,1,0.745,0.655,14.81,0.1,150.37,35000.0,232.8,0.896,ENGINEERING_ASSESSMENT
craze,2,0.803,5.216,9.93,0.66,448.15,60000.0,133.9,0.978,MONITOR
corrosion,1,0.717,1.062,10.06,0.11,153.03,25000.0,163.4,0.865,MONITOR
thunderstrike,4,0.529,1.969,9.03,0.1,85.4,25000.0,292.7,0.956,ENGINEERING_ASSESSMENT
craze,5,0.8,0.901,6.25,1.16,1785.72,60000.0,33.6,0.747,MONITOR
surface_injure,4,0.478,4.839,3.35,0.1,108.81,35000.0,321.7,0.855,MONITOR
hide_craze,4,0.816,4.526,12.09,1.39,1051.53,60000.0,57.1,0.949,REPAIR
corrosion,2,0.657,2.471,5.04,0.1,104.9,85000.0,810.3,0.776,MONITOR
corrosion,1,0.62,0.258,5.86,0.1,132.03,60000.0,454.4,0.752,MONITOR
thunderstrike,3,0.808,1.39,4.3,0.97,775.91,25000.0,32.2,0.8,ENGINEERING_ASSESSMENT
crack,2,0.33,0.426,3.24,0.1,122.48,35000.0,285.8,0.882,ENGINEERING_ASSESSMENT
hide_craze,3,0.748,0.307,5.53,0.2,258.02,25000.0,96.9,0.878,ENGINEERING_ASSESSMENT
corrosion,2,0.654,2.381,5.98,0.1,143.9,60000.0,417.0,0.719,MONITOR
thunderstrike,1,0.171,2.251,3.78,0.1,203.67,35000.0,171.8,0.711,ENGINEERING_ASSESSMENT
surface_injure,2,0.825,0.681,8.65,0.43,663.25,60000.0,90.5,0.94,MONITOR
surface_injure,3,0.754,0.717,5.46,0.34,278.74,25000.0,89.7,0.877,MONITOR
crack,3,0.267,2.208,4.01,0.1,198.83,25000.0,125.7,0.934,ENGINEERING_ASSESSMENT
surface_injure,1,0.319,2.465,3.0,0.1,123.76,35000.0,282.8,0.856,MONITOR
craze,2,0.442,1.477,4.54,0.1,100.91,35000.0,346.8,0.891,MONITOR
corrosion,2,0.952,0.914,10.54,1.11,2374.27,60000.0,25.3,0.771,MONITOR
craze,3,0.952,2.156,8.65,2.18,1906.36,45000.0,23.6,0.753,REPAIR
hide_craze,1,0.48,0.661,4.57,0.1,185.53,25000.0,134.7,0.963,ENGINEERING_ASSESSMENT
craze,3,0.79,1.272,12.08,0.48,504.29,85000.0,168.6,0.742,MONITOR
crack,2,0.792,3.517,7.66,0.33,269.05,45000.0,167.3,0.903,ENGINEERING_ASSESSMENT
hide_craze,1,0.871,1.517,3.0,0.28,308.4,60000.0,194.6,0.732,MONITOR
hide_craze,2,0.569,4.906,5.28,0.1,84.32,85000.0,1008.1,0.953,MONITOR
corrosion,3,0.951,1.683,7.66,2.32,3456.87,60000.0,17.4,0.847,REPAIR
surface_injure,1,0.94,5.686,6.76,0.55,630.66,85000.0,134.8,0.736,ENGINEERING_ASSESSMENT
craze,3,0.258,0.53,5.25,0.1,147.38,45000.0,305.3,0.747,MONITOR
corrosion,1,0.458,1.615,6.44,0.1,124.89,35000.0,280.2,0.843,MONITOR
craze,1,0.909,0.793,9.13,0.42,363.6,60000.0,165.0,0.803,MONITOR
hide_craze,1,0.77,0.866,8.1,0.14,180.8,85000.0,470.1,0.858,MONITOR
surface_injure,2,0.357,0.455,11.68,0.1,145.7,35000.0,240.2,0.864,MONITOR
surface_injure,2,0.641,1.039,11.15,0.1,88.8,45000.0,506.8,0.745,MONITOR
craze,4,0.26,0.329,10.15,0.1,124.71,85000.0,681.6,0.772,MONITOR
thunderstrike,5,0.702,1.608,7.14,0.69,1000.59,85000.0,84.9,0.871,ENGINEERING_ASSESSMENT
thunderstrike,1,0.557,1.875,7.46,0.1,76.43,35000.0,457.9,0.725,ENGINEERING_ASSESSMENT
crack,1,0.218,1.596,7.62,0.1,113.33,25000.0,220.6,0.806,ENGINEERING_ASSESSMENT
surface_injure,3,0.773,3.74,3.0,0.57,528.11,60000.0,113.6,0.846,ENGINEERING_ASSESSMENT
corrosion,3,0.447,3.0,6.1,0.1,131.16,25000.0,190.6,0.954,MONITOR
craze,2,0.616,1.216,8.63,0.1,83.12,85000.0,1022.6,0.911,MONITOR
crack,3,0.43,0.252,6.9,0.1,102.28,35000.0,342.2,0.764,ENGINEERING_ASSESSMENT
corrosion,1,0.768,1.739,6.7,0.18,158.86,85000.0,535.1,0.872,MONITOR
hide_craze,3,0.72,2.239,3.09,0.18,273.19,60000.0,219.6,0.87,MONITOR
thunderstrike,1,0.276,3.684,11.39,0.1,65.37,85000.0,1300.3,0.787,ENGINEERING_ASSESSMENT
craze,2,0.626,0.251,5.29,0.1,170.1,35000.0,205.8,0.907,MONITOR
surface_injure,1,0.66,4.937,4.46,0.1,82.01,85000.0,1036.5,0.704,MONITOR
crack,5,0.565,1.237,6.35,0.2,303.56,25000.0,82.4,0.831,ENGINEERING_ASSESSMENT
surface_injure,2,0.162,1.521,4.12,0.1,120.09,35000.0,291.4,0.729,MONITOR
crack,4,0.302,0.618,10.94,0.1,97.67,60000.0,614.3,0.795,ENGINEERING_ASSESSMENT
crack,3,0.317,0.648,3.25,0.1,153.1,60000.0,391.9,0.704,ENGINEERING_ASSESSMENT
surface_injure,1,0.344,0.676,6.85,0.1,163.58,25000.0,152.8,0.875,MONITOR
thunderstrike,2,0.754,4.129,4.35,0.39,460.09,25000.0,54.3,0.819,ENGINEERING_ASSESSMENT
craze,3,0.563,2.531,5.66,0.1,66.5,45000.0,676.7,0.848,MONITOR
hide_craze,2,0.671,2.169,8.42,0.1,114.49,85000.0,742.4,0.956,MONITOR
hide_craze,4,0.465,1.387,4.51,0.1,102.67,85000.0,827.9,0.783,MONITOR
craze,2,0.913,6.578,3.0,1.16,839.92,60000.0,71.4,0.743,MONITOR
surface_injure,1,0.773,0.353,8.5,0.16,149.29,35000.0,234.4,0.921,MONITOR
surface_injure,1,0.525,1.938,10.91,0.1,195.88,85000.0,433.9,0.762,MONITOR
hide_craze,3,0.172,0.281,7.32,0.1,68.28,85000.0,1244.9,0.818,MONITOR
crack,4,0.549,3.52,5.92,0.11,121.29,45000.0,371.0,0.823,ENGINEERING_ASSESSMENT
corrosion,4,0.599,1.869,8.18,0.24,446.35,85000.0,190.4,0.798,MONITOR
thunderstrike,1,0.271,1.459,6.84,0.1,185.36,35000.0,188.8,0.701,ENGINEERING_ASSESSMENT
crack,2,0.475,0.928,4.67,0.1,72.46,85000.0,1173.1,0.92,ENGINEERING_ASSESSMENT
craze,5,0.624,4.431,7.03,0.4,864.29,60000.0,69.4,0.933,MONITOR
thunderstrike,1,0.43,0.65,3.25,0.1,144.26,85000.0,589.2,0.763,ENGINEERING_ASSESSMENT
surface_injure,3,0.679,0.405,10.95,0.17,187.08,85000.0,454.4,0.724,MONITOR
corrosion,2,0.522,2.782,7.09,0.1,146.99,85000.0,578.3,0.905,MONITOR
craze,1,0.906,0.482,3.55,0.3,618.48,25000.0,40.4,0.83,MONITOR
hide_craze,2,0.293,2.923,3.64,0.1,152.09,85000.0,558.9,0.773,MONITOR
corrosion,4,0.155,0.544,3.93,0.1,98.94,35000.0,353.7,0.962,MONITOR
corrosion,1,0.324,2.427,3.0,0.1,101.17,35000.0,346.0,0.837,MONITOR
craze,1,0.445,0.552,6.58,0.1,141.99,85000.0,598.6,0.935,MONITOR
thunderstrike,1,0.336,5.098,13.78,0.1,165.71,85000.0,512.9,0.709,ENGINEERING_ASSESSMENT
surface_injure,2,0.75,1.764,5.77,0.45,551.96,25000.0,45.3,0.709,MONITOR
corrosion,1,0.907,1.386,3.0,0.56,486.47,60000.0,123.3,0.923,MONITOR
craze,1,0.967,1.586,8.26,0.61,624.33,45000.0,72.1,0.835,REPAIR
surface_injure,5,0.391,0.46,6.18,0.1,163.47,35000.0,214.1,0.756,MONITOR
hide_craze,1,0.862,0.571,3.0,0.2,199.03,45000.0,226.1,0.9,MONITOR
thunderstrike,3,0.791,1.52,7.8,0.71,1099.76,35000.0,31.8,0.882,ENGINEERING_ASSESSMENT
surface_injure,1,0.837,6.445,5.45,0.36,720.79,45000.0,62.4,0.723,MONITOR
craze,1,0.763,0.29,3.52,0.1,122.39,85000.0,694.5,0.711,MONITOR
surface_injure,3,0.569,0.278,5.93,0.1,176.76,35000.0,198.0,0.801,MONITOR
craze,3,0.697,2.742,3.0,0.24,429.48,35000.0,81.5,0.844,MONITOR
surface_injure,1,0.715,2.316,4.72,0.1,128.92,85000.0,659.3,0.766,MONITOR
craze,2,0.966,0.852,5.42,0.71,1236.64,25000.0,20.2,0.849,MONITOR
surface_injure,4,0.806,1.944,10.62,1.63,2465.86,60000.0,24.3,0.711,REPAIR
craze,5,0.622,0.935,6.47,0.11,134.63,85000.0,631.4,0.796,MONITOR
thunderstrike,1,0.323,1.004,8.03,0.1,115.18,35000.0,303.9,0.97,ENGINEERING_ASSESSMENT
hide_craze,5,0.755,1.3,3.26,0.64,696.16,25000.0,35.9,0.73,MONITOR
corrosion,3,0.284,0.935,10.4,0.1,98.1,25000.0,254.8,0.914,MONITOR
corrosion,4,0.725,2.694,8.99,0.52,766.09,25000.0,32.6,0.826,MONITOR
surface_injure,2,0.568,0.257,7.04,0.1,116.6,25000.0,214.4,0.707,MONITOR
hide_craze,1,0.291,2.066,4.05,0.1,156.11,35000.0,224.2,0.967,ENGINEERING_ASSESSMENT
corrosion,1,0.967,5.059,4.71,0.49,413.63,60000.0,145.1,0.851,MONITOR
hide_craze,3,0.68,0.703,5.4,0.2,168.55,60000.0,356.0,0.97,MONITOR
corrosion,4,0.279,1.097,6.78,0.1,90.89,85000.0,935.2,0.815,MONITOR
crack,4,0.922,2.022,4.49,2.35,3055.68,45000.0,14.7,0.743,ENGINEERING_ASSESSMENT
surface_injure,4,0.799,0.735,3.0,0.78,1445.92,60000.0,41.5,0.716,MONITOR
surface_injure,1,0.98,2.948,5.83,0.65,1245.36,25000.0,20.1,0.881,MONITOR
corrosion,2,0.34,0.734,4.51,0.1,143.25,60000.0,418.8,0.849,MONITOR
crack,1,0.56,0.282,4.94,0.1,103.48,60000.0,579.8,0.826,ENGINEERING_ASSESSMENT
corrosion,3,0.493,3.403,12.33,0.1,137.89,45000.0,326.3,0.875,MONITOR
hide_craze,4,0.777,1.854,6.16,1.15,1892.33,60000.0,31.7,0.786,REPAIR
corrosion,5,0.41,4.132,3.51,0.1,127.95,60000.0,468.9,0.929,MONITOR
craze,3,0.751,2.796,3.0,0.35,602.33,85000.0,141.1,0.739,ENGINEERING_ASSESSMENT
thunderstrike,2,0.939,6.349,10.12,0.58,924.42,85000.0,91.9,0.787,ENGINEERING_ASSESSMENT
thunderstrike,2,0.837,3.261,3.0,0.74,969.4,60000.0,61.9,0.911,ENGINEERING_ASSESSMENT
surface_injure,1,0.545,0.42,9.84,0.1,102.24,60000.0,586.9,0.762,MONITOR
crack,3,0.7,0.969,3.0,0.23,322.92,85000.0,263.2,0.77,ENGINEERING_ASSESSMENT
thunderstrike,1,0.573,0.706,8.99,0.1,85.84,85000.0,990.2,0.936,ENGINEERING_ASSESSMENT
crack,1,0.57,1.106,8.84,0.1,115.08,60000.0,521.4,0.721,ENGINEERING_ASSESSMENT
surface_injure,1,0.83,3.964,5.94,0.29,358.0,45000.0,125.7,0.947,MONITOR
crack,3,0.747,2.867,3.0,0.54,499.05,25000.0,50.1,0.752,ENGINEERING_ASSESSMENT
craze,3,0.475,3.829,3.1,0.1,76.73,60000.0,782.0,0.887,MONITOR
craze,3,0.267,3.039,7.31,0.1,101.43,35000.0,345.1,0.846,MONITOR
corrosion,1,0.32,0.322,7.67,0.1,76.56,45000.0,587.8,0.96,MONITOR
corrosion,5,0.311,2.441,4.01,0.1,71.64,35000.0,488.6,0.976,MONITOR
thunderstrike,3,0.629,0.407,7.77,0.11,193.11,45000.0,233.0,0.908,ENGINEERING_ASSESSMENT
craze,3,0.479,2.61,10.95,0.1,93.36,35000.0,374.9,0.946,MONITOR
hide_craze,3,0.371,3.4,8.49,0.1,135.29,85000.0,628.3,0.933,MONITOR
thunderstrike,5,0.418,1.064,4.98,0.1,145.28,45000.0,309.7,0.895,ENGINEERING_ASSESSMENT
crack,1,0.255,0.729,5.45,0.1,85.89,60000.0,698.6,0.897,ENGINEERING_ASSESSMENT
thunderstrike,3,0.574,1.932,3.28,0.1,123.01,45000.0,365.8,0.823,ENGINEERING_ASSESSMENT
corrosion,3,0.329,0.806,5.63,0.1,86.32,45000.0,521.3,0.879,MONITOR
corrosion,1,0.769,1.307,9.57,0.19,262.84,35000.0,133.2,0.864,MONITOR
thunderstrike,2,0.563,4.867,3.16,0.1,122.73,85000.0,692.6,0.898,ENGINEERING_ASSESSMENT
hide_craze,3,0.275,1.365,5.99,0.1,60.78,25000.0,411.3,0.719,MONITOR
corrosion,1,0.215,0.796,4.72,0.1,90.29,35000.0,387.6,0.713,MONITOR
hide_craze,1,0.909,1.827,4.99,0.4,463.01,45000.0,97.2,0.772,MONITOR
craze,1,0.747,0.951,5.38,0.13,229.07,25000.0,109.1,0.853,MONITOR
crack,2,0.333,1.752,9.24,0.1,83.96,35000.0,416.9,0.853,ENGINEERING_ASSESSMENT
thunderstrike,2,0.899,0.311,9.99,0.43,607.46,60000.0,98.8,0.946,ENGINEERING_ASSESSMENT
corrosion,5,0.39,1.689,8.58,0.1,61.65,25000.0,405.5,0.826,MONITOR
craze,4,0.444,7.174,4.31,0.1,80.68,60000.0,743.7,0.811,MONITOR
thunderstrike,1,0.604,2.456,9.06,0.1,114.25,45000.0,393.9,0.723,ENGINEERING_ASSESSMENT
surface_injure,3,0.842,7.359,5.36,0.89,1670.83,85000.0,50.9,0.949,ENGINEERING_ASSESSMENT
thunderstrike,5,0.485,0.782,4.55,0.1,81.58,60000.0,735.5,0.932,ENGINEERING_ASSESSMENT
corrosion,1,0.656,0.453,3.17,0.1,70.84,60000.0,847.0,0.822,MONITOR
thunderstrike,4,0.818,3.386,4.08,0.87,571.43,35000.0,61.2,0.88,ENGINEERING_ASSESSMENT
corrosion,1,0.894,1.189,3.27,0.31,228.46,60000.0,262.6,0.954,MONITOR
craze,1,0.246,1.134,5.19,0.1,138.52,45000.0,324.9,0.971,MONITOR
thunderstrike,2,0.869,5.57,8.72,0.68,654.87,85000.0,129.8,0.732,ENGINEERING_ASSESSMENT
thunderstrike,1,0.32,0.725,3.0,0.1,80.73,25000.0,309.7,0.793,ENGINEERING_ASSESSMENT
thunderstrike,2,0.901,0.368,4.57,0.35,252.79,60000.0,237.4,0.837,ENGINEERING_ASSESSMENT
crack,5,0.271,2.666,9.81,0.1,61.57,60000.0,974.5,0.965,ENGINEERING_ASSESSMENT
thunderstrike,3,0.631,0.935,6.42,0.17,221.84,60000.0,270.5,0.908,ENGINEERING_ASSESSMENT
surface_injure,2,0.403,4.811,3.0,0.1,169.88,35000.0,206.0,0.832,MONITOR
crack,3,0.516,1.639,10.69,0.1,69.94,45000.0,643.4,0.761,ENGINEERING_ASSESSMENT
hide_craze,5,0.433,0.897,3.0,0.1,95.83,85000.0,887.0,0.737,MONITOR
thunderstrike,2,0.367,2.413,11.33,0.1,191.8,60000.0,312.8,0.902,ENGINEERING_ASSESSMENT
surface_injure,1,0.734,0.852,3.0,0.1,162.23,35000.0,215.7,0.952,MONITOR
corrosion,2,0.272,5.816,7.98,0.1,88.41,45000.0,509.0,0.872,MONITOR
corrosion,3,0.333,2.829,6.6,0.1,125.32,35000.0,279.3,0.734,MONITOR
surface_injure,2,0.303,3.275,3.0,0.1,189.84,35000.0,184.4,0.865,MONITOR
corrosion,4,0.813,4.061,11.95,1.29,1656.87,35000.0,21.1,0.881,REPAIR
crack,2,0.811,0.499,3.0,0.72,999.17,45000.0,45.0,0.89,ENGINEERING_ASSESSMENT
crack,4,0.598,1.933,7.13,0.17,211.36,35000.0,165.6,0.709,ENGINEERING_ASSESSMENT
craze,1,0.325,2.514,5.44,0.1,124.2,85000.0,684.4,0.979,MONITOR
surface_injure,2,0.967,7.015,4.92,1.41,3039.59,60000.0,19.7,0.8,REPAIR
hide_craze,1,0.407,0.243,5.32,0.1,127.12,45000.0,354.0,0.824,MONITOR
hide_craze,2,0.566,8.793,10.86,0.1,94.72,45000.0,475.1,0.97,MONITOR
crack,2,0.647,1.313,3.35,0.11,133.97,85000.0,634.5,0.742,ENGINEERING_ASSESSMENT
craze,1,0.622,2.748,6.41,0.1,102.14,45000.0,440.6,0.942,MONITOR
thunderstrike,2,0.471,1.704,7.59,0.1,170.24,25000.0,146.9,0.772,ENGINEERING_ASSESSMENT
crack,3,0.571,5.682,3.0,0.1,129.79,45000.0,346.7,0.759,ENGINEERING_ASSESSMENT
surface_injure,5,0.771,0.6,16.79,1.53,2121.25,25000.0,11.8,0.884,REPAIR
surface_injure,2,0.832,0.371,5.52,0.99,1390.3,45000.0,32.4,0.768,REPAIR
thunderstrike,1,0.247,1.354,4.53,0.1,175.98,45000.0,255.7,0.763,ENGINEERING_ASSESSMENT
surface_injure,1,0.395,0.716,6.18,0.1,65.79,25000.0,380.0,0.847,MONITOR
hide_craze,4,0.75,2.993,6.72,0.73,874.73,35000.0,40.0,0.902,MONITOR
surface_injure,2,0.754,0.227,6.37,0.29,333.33,25000.0,75.0,0.788,MONITOR
corrosion,5,0.88,1.287,6.12,3.15,5079.99,25000.0,4.9,0.897,REPAIR
hide_craze,2,0.272,4.922,3.63,0.1,118.93,60000.0,504.5,0.801,MONITOR
corrosion,2,0.865,0.42,7.75,0.62,713.06,60000.0,84.1,0.902,MONITOR
surface_injure,2,0.687,4.22,4.38,0.18,346.1,85000.0,245.6,0.811,MONITOR
thunderstrike,4,0.384,0.78,5.28,0.1,96.05,35000.0,364.4,0.955,ENGINEERING_ASSESSMENT
hide_craze,1,0.214,1.228,6.33,0.1,99.62,60000.0,602.3,0.917,MONITOR
surface_injure,4,0.626,0.448,3.0,0.2,234.36,25000.0,106.7,0.907,MONITOR
corrosion,3,0.724,2.032,7.0,0.27,578.95,45000.0,77.7,0.764,ENGINEERING_ASSESSMENT
hide_craze,2,0.638,0.33,7.36,0.1,189.68,25000.0,131.8,0.857,MONITOR
thunderstrike,1,0.446,0.655,3.3,0.1,121.35,45000.0,370.8,0.773,ENGINEERING_ASSESSMENT
surface_injure,2,0.979,2.503,7.56,1.09,982.3,35000.0,35.6,0.848,MONITOR
crack,5,0.98,1.74,12.04,4.1,4315.17,85000.0,19.7,0.738,ENGINEERING_ASSESSMENT
craze,4,0.858,0.758,13.42,1.13,2071.96,45000.0,21.7,0.866,REPAIR
thunderstrike,5,0.686,0.664,9.4,0.46,528.09,25000.0,47.3,0.879,ENGINEERING_ASSESSMENT
surface_injure,3,0.283,3.388,6.29,0.1,96.57,60000.0,621.3,0.762,MONITOR
corrosion,3,0.461,2.888,5.14,0.1,92.61,45000.0,485.9,0.716,MONITOR
craze,3,0.404,9.008,5.7,0.1,159.55,60000.0,376.1,0.89,MONITOR
surface_injure,3,0.91,1.132,7.03,1.91,2134.62,45000.0,21.1,0.839,REPAIR
corrosion,2,0.392,0.619,7.31,0.1,158.3,45000.0,284.3,0.793,MONITOR
hide_craze,1,0.786,3.647,6.66,0.39,327.37,60000.0,183.3,0.801,ENGINEERING_ASSESSMENT
surface_injure,1,0.942,1.061,5.01,0.57,836.85,60000.0,71.7,0.785,MONITOR
thunderstrike,2,0.889,0.661,3.0,0.48,739.3,60000.0,81.2,0.747,ENGINEERING_ASSESSMENT
thunderstrike,5,0.663,0.293,3.92,0.34,614.08,25000.0,40.7,0.748,ENGINEERING_ASSESSMENT
surface_injure,4,0.951,2.72,8.8,2.8,3992.83,35000.0,8.8,0.794,REPAIR
corrosion,1,0.301,3.026,7.21,0.1,212.94,25000.0,117.4,0.954,MONITOR
surface_injure,4,0.222,0.301,8.47,0.1,99.23,60000.0,604.7,0.786,MONITOR
thunderstrike,5,0.357,2.551,12.57,0.1,147.7,25000.0,169.3,0.888,ENGINEERING_ASSESSMENT
crack,2,0.242,5.774,9.61,0.1,131.41,60000.0,456.6,0.874,ENGINEERING_ASSESSMENT
surface_injure,3,0.55,1.784,4.67,0.1,72.82,25000.0,343.3,0.975,MONITOR
corrosion,3,0.739,0.631,5.84,0.32,431.94,85000.0,196.8,0.974,MONITOR
surface_injure,3,0.774,1.286,4.48,0.52,596.03,45000.0,75.5,0.884,MONITOR
thunderstrike,2,0.371,0.671,11.45,0.1,131.96,60000.0,454.7,0.858,ENGINEERING_ASSESSMENT
surface_injure,3,0.78,1.013,4.53,0.41,450.75,60000.0,133.1,0.896,ENGINEERING_ASSESSMENT
surface_injure,3,0.265,1.048,12.88,0.1,79.93,25000.0,312.8,0.839,MONITOR
craze,2,0.563,3.555,11.47,0.1,175.82,60000.0,341.3,0.853,MONITOR
surface_injure,3,0.364,0.351,4.4,0.1,109.92,25000.0,227.4,0.723,MONITOR
hide_craze,2,0.88,1.744,4.2,0.74,960.9,25000.0,26.0,0.924,MONITOR
surface_injure,5,0.886,4.573,3.0,2.64,3176.17,85000.0,26.8,0.92,REPAIR
hide_craze,2,0.888,1.296,3.0,0.51,785.89,85000.0,108.2,0.9,MONITOR
thunderstrike,2,0.739,0.57,3.54,0.16,308.52,60000.0,194.5,0.787,ENGINEERING_ASSESSMENT
corrosion,3,0.58,0.742,9.02,0.1,120.34,25000.0,207.7,0.877,MONITOR
surface_injure,5,0.545,4.388,3.17,0.2,127.15,85000.0,668.5,0.91,MONITOR
surface_injure,2,0.24,1.597,5.98,0.1,126.7,85000.0,670.9,0.723,MONITOR
surface_injure,3,0.608,4.701,3.0,0.1,154.11,35000.0,227.1,0.873,MONITOR
crack,4,0.504,4.577,7.29,0.1,84.87,35000.0,412.4,0.965,ENGINEERING_ASSESSMENT
surface_injure,5,0.613,1.537,14.81,0.17,117.66,85000.0,722.4,0.814,MONITOR
crack,3,0.737,0.884,3.0,0.23,379.13,25000.0,65.9,0.78,ENGINEERING_ASSESSMENT
thunderstrike,3,0.589,1.377,6.44,0.14,135.54,25000.0,184.4,0.826,ENGINEERING_ASSESSMENT
crack,3,0.829,10.146,6.32,0.52,862.72,45000.0,52.2,0.803,ENGINEERING_ASSESSMENT
craze,3,0.716,0.202,4.47,0.28,211.95,60000.0,283.1,0.89,MONITOR
corrosion,3,0.232,1.856,8.64,0.1,124.01,60000.0,483.8,0.821,MONITOR
hide_craze,3,0.864,2.029,3.0,1.38,1356.33,45000.0,33.2,0.954,REPAIR
corrosion,3,0.754,1.938,3.23,0.56,807.64,35000.0,43.3,0.878,MONITOR
craze,2,0.643,0.889,4.05,0.14,124.58,45000.0,361.2,0.753,MONITOR
corrosion,3,0.822,0.505,4.09,0.63,954.63,85000.0,89.0,0.919,ENGINEERING_ASSESSMENT
surface_injure,4,0.926,1.057,12.31,2.17,4379.06,35000.0,8.0,0.969,REPAIR
craze,4,0.44,1.639,5.21,0.1,148.06,35000.0,236.4,0.701,MONITOR
craze,4,0.749,1.852,6.57,0.37,680.85,45000.0,66.1,0.96,MONITOR
corrosion,1,0.592,11.985,15.29,0.1,175.8,35000.0,199.1,0.801,MONITOR
thunderstrike,5,0.445,0.625,6.55,0.1,88.31,25000.0,283.1,0.897,ENGINEERING_ASSESSMENT
thunderstrike,2,0.616,6.766,3.2,0.1,117.67,45000.0,382.4,0.85,ENGINEERING_ASSESSMENT
hide_craze,1,0.453,2.154,4.12,0.1,114.96,45000.0,391.4,0.947,MONITOR
thunderstrike,3,0.66,7.908,8.45,0.21,289.94,25000.0,86.2,0.937,ENGINEERING_ASSESSMENT
thunderstrike,2,0.293,1.223,5.41,0.1,97.31,85000.0,873.5,0.747,ENGINEERING_ASSESSMENT
crack,5,0.559,0.482,3.0,0.22,286.75,45000.0,156.9,0.772,ENGINEERING_ASSESSMENT
surface_injure,2,0.495,8.384,3.0,0.1,120.27,35000.0,291.0,0.785,MONITOR
craze,1,0.215,3.913,5.32,0.1,120.01,35000.0,291.6,0.853,MONITOR
corrosion,4,0.717,1.181,7.02,1.03,2237.36,25000.0,11.2,0.733,REPAIR
hide_craze,3,0.365,1.316,6.0,0.1,207.75,25000.0,120.3,0.881,ENGINEERING_ASSESSMENT
corrosion,5,0.936,2.718,4.25,4.7,5723.96,45000.0,7.9,0.86,REPAIR
surface_injure,2,0.842,5.421,11.36,0.44,662.13,85000.0,128.4,0.761,MONITOR
hide_craze,3,0.561,2.768,7.67,0.11,125.47,60000.0,478.2,0.766,MONITOR
craze,2,0.173,0.792,4.01,0.1,128.95,85000.0,659.2,0.82,MONITOR
surface_injure,5,0.707,1.232,8.24,0.87,733.72,85000.0,115.8,0.875,MONITOR
thunderstrike,2,0.701,3.657,3.0,0.1,139.56,25000.0,179.1,0.753,ENGINEERING_ASSESSMENT
craze,2,0.345,2.845,5.53,0.1,127.56,25000.0,196.0,0.789,MONITOR
crack,3,0.852,3.221,4.15,0.97,1068.78,85000.0,79.5,0.871,ENGINEERING_ASSESSMENT
craze,2,0.341,2.299,8.06,0.1,166.31,35000.0,210.5,0.822,MONITOR
craze,1,0.426,0.392,5.81,0.1,64.32,25000.0,388.7,0.899,MONITOR
thunderstrike,5,0.566,0.733,3.0,0.11,132.29,60000.0,453.5,0.951,ENGINEERING_ASSESSMENT
corrosion,3,0.506,0.857,3.73,0.1,112.89,25000.0,221.5,0.733,MONITOR
crack,2,0.616,2.039,6.32,0.1,179.96,35000.0,194.5,0.93,ENGINEERING_ASSESSMENT
thunderstrike,3,0.578,1.24,6.96,0.1,111.56,45000.0,403.4,0.733,ENGINEERING_ASSESSMENT
crack,1,0.623,4.765,9.41,0.1,156.82,45000.0,287.0,0.929,ENGINEERING_ASSESSMENT
hide_craze,1,0.776,3.256,3.92,0.21,165.34,60000.0,362.9,0.861,MONITOR
surface_injure,2,0.613,3.389,9.81,0.1,113.45,25000.0,220.4,0.762,MONITOR
crack,4,0.62,3.316,4.61,0.26,239.47,85000.0,355.0,0.833,ENGINEERING_ASSESSMENT
corrosion,2,0.37,1.936,5.55,0.1,91.36,85000.0,930.4,0.799,ENGINEERING_ASSESSMENT
corrosion,5,0.734,0.294,5.04,0.7,1130.05,45000.0,39.8,0.851,MONITOR
crack,2,0.213,0.58,3.34,0.1,179.39,60000.0,334.5,0.905,ENGINEERING_ASSESSMENT
surface_injure,3,0.48,0.293,5.83,0.1,92.7,45000.0,485.4,0.905,MONITOR
craze,3,0.897,0.257,11.92,1.3,2155.26,60000.0,27.8,0.952,REPAIR
thunderstrike,1,0.439,0.763,3.0,0.1,90.58,60000.0,662.4,0.823,ENGINEERING_ASSESSMENT
surface_injure,4,0.557,0.925,15.96,0.1,155.37,60000.0,386.2,0.853,MONITOR
thunderstrike,1,0.765,1.626,6.4,0.18,226.35,25000.0,110.4,0.745,ENGINEERING_ASSESSMENT
hide_craze,2,0.255,4.078,11.98,0.1,70.48,35000.0,496.6,0.919,MONITOR
craze,1,0.485,1.734,5.87,0.1,78.94,45000.0,570.1,0.854,MONITOR
corrosion,4,0.537,3.266,3.55,0.1,172.4,85000.0,493.0,0.944,MONITOR
crack,2,0.511,1.292,6.93,0.1,104.73,85000.0,811.6,0.775,ENGINEERING_ASSESSMENT
corrosion,1,0.536,0.497,10.15,0.1,157.64,35000.0,222.0,0.764,MONITOR
craze,4,0.694,3.519,3.0,0.45,531.66,85000.0,159.9,0.776,MONITOR
hide_craze,2,0.26,1.648,3.0,0.1,118.47,45000.0,379.8,0.82,MONITOR
corrosion,4,0.655,2.671,3.12,0.32,351.7,45000.0,127.9,0.832,ENGINEERING_ASSESSMENT
craze,2,0.958,0.744,9.43,1.29,1392.82,60000.0,43.1,0.861,MONITOR
thunderstrike,1,0.554,0.272,6.59,0.1,88.2,85000.0,963.7,0.759,ENGINEERING_ASSESSMENT
surface_injure,1,0.848,2.157,4.59,0.3,318.96,60000.0,188.1,0.783,MONITOR
surface_injure,1,0.98,3.696,7.5,0.6,771.25,85000.0,110.2,0.74,MONITOR
corrosion,3,0.98,3.33,16.29,2.52,1858.14,85000.0,45.7,0.866,REPAIR
thunderstrike,2,0.744,2.17,7.0,0.28,508.49,60000.0,118.0,0.918,ENGINEERING_ASSESSMENT
craze,3,0.204,1.202,4.06,0.1,213.9,45000.0,210.4,0.763,MONITOR
surface_injure,1,0.487,0.451,15.18,0.1,125.19,35000.0,279.6,0.837,MONITOR
corrosion,2,0.771,0.548,7.82,0.19,252.33,60000.0,237.8,0.873,MONITOR
crack,4,0.738,0.966,5.71,0.51,1039.09,45000.0,43.3,0.783,ENGINEERING_ASSESSMENT
crack,1,0.661,0.336,3.0,0.1,145.72,45000.0,308.8,0.786,ENGINEERING_ASSESSMENT
hide_craze,5,0.299,1.901,3.0,0.1,149.54,60000.0,401.2,0.955,MONITOR
thunderstrike,5,0.821,7.065,9.13,1.19,1213.03,60000.0,49.5,0.734,ENGINEERING_ASSESSMENT
corrosion,2,0.611,2.695,5.82,0.1,82.34,45000.0,546.5,0.947,MONITOR
craze,3,0.206,2.246,6.99,0.1,78.92,25000.0,316.8,0.795,MONITOR
surface_injure,3,0.308,0.285,7.89,0.1,87.21,35000.0,401.3,0.851,MONITOR
craze,3,0.798,0.435,3.64,0.33,463.23,45000.0,97.1,0.834,ENGINEERING_ASSESSMENT
corrosion,2,0.966,1.106,3.04,0.86,1184.34,35000.0,29.6,0.818,MONITOR
thunderstrike,3,0.862,1.671,9.55,1.77,1998.46,85000.0,42.5,0.753,ENGINEERING_ASSESSMENT
hide_craze,1,0.501,1.077,3.43,0.1,99.42,45000.0,452.6,0.931,MONITOR
thunderstrike,2,0.602,0.283,4.74,0.1,141.13,45000.0,318.9,0.887,ENGINEERING_ASSESSMENT
crack,1,0.229,2.622,3.9,0.1,94.03,85000.0,904.0,0.707,ENGINEERING_ASSESSMENT
crack,1,0.961,0.81,3.0,0.63,540.42,25000.0,46.3,0.735,ENGINEERING_ASSESSMENT
thunderstrike,2,0.384,9.02,7.93,0.1,93.76,85000.0,906.6,0.716,ENGINEERING_ASSESSMENT
craze,2,0.816,2.333,7.09,0.36,441.43,35000.0,79.3,0.873,REPAIR
hide_craze,3,0.693,1.666,12.05,0.34,525.02,25000.0,47.6,0.969,MONITOR
crack,2,0.435,0.991,14.57,0.1,112.38,60000.0,533.9,0.894,ENGINEERING_ASSESSMENT
hide_craze,2,0.725,2.168,8.12,0.16,305.56,60000.0,196.4,0.966,MONITOR
crack,1,0.564,1.501,5.06,0.1,134.09,45000.0,335.6,0.756,ENGINEERING_ASSESSMENT
craze,1,0.663,2.547,3.49,0.1,101.14,60000.0,593.2,0.755,MONITOR
crack,1,0.516,0.803,5.94,0.1,90.46,35000.0,386.9,0.726,ENGINEERING_ASSESSMENT
hide_craze,2,0.762,0.409,4.23,0.24,162.74,85000.0,522.3,0.876,MONITOR
craze,2,0.659,0.912,5.7,0.11,81.94,60000.0,732.2,0.933,ENGINEERING_ASSESSMENT
craze,1,0.221,1.926,4.33,0.1,109.99,85000.0,772.8,0.706,MONITOR
craze,3,0.658,2.269,9.53,0.14,168.37,60000.0,356.4,0.941,MONITOR
crack,1,0.742,3.242,9.08,0.1,112.35,60000.0,534.0,0.914,ENGINEERING_ASSESSMENT
surface_injure,2,0.319,0.257,3.27,0.1,91.99,60000.0,652.2,0.765,MONITOR
craze,3,0.15,6.0,9.41,0.1,76.47,25000.0,326.9,0.88,MONITOR
thunderstrike,1,0.567,1.364,3.0,0.1,92.71,60000.0,647.2,0.939,ENGINEERING_ASSESSMENT
thunderstrike,3,0.49,2.377,6.6,0.1,110.55,60000.0,542.7,0.792,ENGINEERING_ASSESSMENT
thunderstrike,4,0.966,1.005,9.52,2.8,2885.41,85000.0,29.5,0.901,ENGINEERING_ASSESSMENT
craze,1,0.357,0.744,9.1,0.1,105.24,35000.0,332.6,0.922,MONITOR
craze,1,0.726,3.655,7.37,0.12,257.01,25000.0,97.3,0.798,ENGINEERING_ASSESSMENT
hide_craze,2,0.724,0.811,12.53,0.13,87.38,85000.0,972.8,0.796,MONITOR
hide_craze,2,0.324,0.264,3.4,0.1,66.46,45000.0,677.1,0.92,MONITOR
craze,4,0.958,1.848,3.12,2.24,1751.29,60000.0,34.3,0.822,REPAIR
corrosion,2,0.226,2.546,6.53,0.1,87.46,25000.0,285.8,0.945,MONITOR
surface_injure,4,0.361,0.87,4.26,0.1,115.01,25000.0,217.4,0.765,MONITOR
hide_craze,1,0.352,1.487,9.68,0.1,194.07,45000.0,231.9,0.911,MONITOR
thunderstrike,4,0.81,1.314,10.32,1.08,2067.3,25000.0,12.1,0.7,ENGINEERING_ASSESSMENT
surface_injure,1,0.911,1.324,3.67,0.52,379.08,45000.0,118.7,0.898,MONITOR
hide_craze,2,0.492,0.553,8.79,0.1,131.86,45000.0,341.3,0.823,MONITOR
thunderstrike,3,0.205,3.214,11.86,0.1,91.65,45000.0,491.0,0.852,ENGINEERING_ASSESSMENT
craze,1,0.711,1.604,9.8,0.11,95.42,85000.0,890.8,0.966,MONITOR
crack,5,0.931,1.103,3.0,4.1,8374.92,45000.0,5.4,0.876,ENGINEERING_ASSESSMENT
crack,5,0.32,4.415,10.58,0.1,125.5,25000.0,199.2,0.742,ENGINEERING_ASSESSMENT
hide_craze,3,0.763,0.763,6.04,0.36,383.25,35000.0,91.3,0.754,ENGINEERING_ASSESSMENT
craze,1,0.912,0.414,10.89,0.2,180.25,35000.0,194.2,0.808,MONITOR
crack,1,0.651,1.646,3.72,0.1,60.74,25000.0,411.6,0.9,ENGINEERING_ASSESSMENT
crack,4,0.615,1.761,6.93,0.2,226.51,60000.0,264.9,0.795,ENGINEERING_ASSESSMENT
hide_craze,3,0.618,1.737,3.0,0.1,150.34,60000.0,399.1,0.825,MONITOR
crack,5,0.376,2.063,4.56,0.1,171.97,45000.0,261.7,0.963,ENGINEERING_ASSESSMENT
thunderstrike,4,0.742,5.061,5.32,0.89,544.69,35000.0,64.3,0.732,ENGINEERING_ASSESSMENT
thunderstrike,3,0.51,1.502,4.1,0.1,150.16,35000.0,233.1,0.847,ENGINEERING_ASSESSMENT
crack,3,0.716,2.531,6.01,0.23,258.08,35000.0,135.6,0.905,ENGINEERING_ASSESSMENT
hide_craze,2,0.873,1.054,12.11,0.6,1253.92,35000.0,27.9,0.833,MONITOR
craze,4,0.483,0.346,10.09,0.1,134.81,45000.0,333.8,0.712,MONITOR
crack,3,0.872,5.525,8.39,1.07,1351.15,60000.0,44.4,0.922,ENGINEERING_ASSESSMENT
craze,1,0.541,0.599,8.53,0.1,183.01,60000.0,327.9,0.836,MONITOR
surface_injure,2,0.648,1.598,5.16,0.11,212.27,85000.0,400.4,0.884,MONITOR
thunderstrike,4,0.826,0.443,3.0,0.84,1520.98,25000.0,16.4,0.703,ENGINEERING_ASSESSMENT
surface_injure,1,0.667,0.944,7.31,0.1,174.01,85000.0,488.5,0.91,MONITOR
corrosion,1,0.819,0.649,6.39,0.25,351.95,35000.0,99.4,0.818,MONITOR
hide_craze,4,0.661,1.077,7.69,0.34,694.52,85000.0,122.4,0.942,MONITOR
crack,2,0.713,1.889,6.35,0.23,239.54,45000.0,187.9,0.77,ENGINEERING_ASSESSMENT
crack,3,0.371,0.472,8.94,0.1,76.47,60000.0,784.6,0.81,ENGINEERING_ASSESSMENT
hide_craze,1,0.658,2.132,8.92,0.1,175.77,45000.0,256.0,0.913,MONITOR
craze,1,0.408,2.991,6.06,0.1,135.81,85000.0,625.9,0.976,MONITOR
crack,1,0.348,3.047,6.08,0.1,155.86,60000.0,385.0,0.737,ENGINEERING_ASSESSMENT
thunderstrike,2,0.349,1.308,9.95,0.1,151.51,60000.0,396.0,0.979,ENGINEERING_ASSESSMENT
craze,3,0.787,0.264,5.67,0.73,760.33,60000.0,78.9,0.907,REPAIR
thunderstrike,1,0.324,2.718,5.77,0.1,66.24,35000.0,528.4,0.803,ENGINEERING_ASSESSMENT
hide_craze,5,0.266,5.051,6.98,0.1,107.88,60000.0,556.2,0.711,MONITOR
craze,4,0.601,1.192,4.12,0.15,140.49,45000.0,320.3,0.895,MONITOR
thunderstrike,5,0.892,1.238,3.0,2.44,4021.7,60000.0,14.9,0.781,ENGINEERING_ASSESSMENT
hide_craze,4,0.858,2.398,3.3,1.03,1354.04,60000.0,44.3,0.75,REPAIR
crack,3,0.555,1.116,8.32,0.1,135.79,60000.0,441.9,0.831,ENGINEERING_ASSESSMENT
crack,2,0.932,1.034,7.07,0.96,1877.28,25000.0,13.3,0.843,ENGINEERING_ASSESSMENT
surface_injure,2,0.84,2.262,11.74,0.79,1136.24,25000.0,22.0,0.862,REPAIR
surface_injure,3,0.494,1.075,3.44,0.1,133.45,85000.0,636.9,0.772,MONITOR
surface_injure,1,0.977,3.677,12.43,0.43,546.16,60000.0,109.9,0.766,MONITOR
corrosion,1,0.3,0.447,3.0,0.1,155.75,25000.0,160.5,0.887,ENGINEERING_ASSESSMENT
hide_craze,4,0.54,0.568,4.65,0.1,127.48,60000.0,470.7,0.763,MONITOR
surface_injure,1,0.415,0.681,4.06,0.1,121.22,45000.0,371.2,0.826,MONITOR
thunderstrike,2,0.741,0.465,4.29,0.16,157.16,45000.0,286.3,0.893,ENGINEERING_ASSESSMENT
corrosion,1,0.397,3.208,3.0,0.1,62.55,35000.0,559.6,0.815,MONITOR
hide_craze,3,0.605,2.343,5.56,0.11,97.92,60000.0,612.7,0.811,MONITOR
thunderstrike,2,0.827,0.877,11.91,0.47,384.27,85000.0,221.2,0.735,ENGINEERING_ASSESSMENT
surface_injure,4,0.404,3.102,3.0,0.1,160.28,60000.0,374.3,0.775,MONITOR
surface_injure,5,0.789,4.0,5.04,1.13,770.34,25000.0,32.5,0.749,REPAIR
craze,2,0.822,3.049,4.9,0.37,477.2,85000.0,178.1,0.859,MONITOR
crack,1,0.209,1.571,9.25,0.1,178.67,35000.0,195.9,0.787,ENGINEERING_ASSESSMENT
surface_injure,3,0.254,0.302,6.29,0.1,119.21,25000.0,209.7,0.876,MONITOR
corrosion,2,0.178,2.845,4.43,0.1,104.15,35000.0,336.1,0.853,MONITOR
hide_craze,5,0.454,0.869,3.12,0.1,122.38,35000.0,286.0,0.875,MONITOR
craze,3,0.419,0.709,6.14,0.1,139.13,85000.0,610.9,0.732,MONITOR
surface_injure,4,0.965,0.639,6.03,2.58,3664.82,85000.0,23.2,0.882,REPAIR
surface_injure,2,0.949,0.259,5.17,0.8,636.43,85000.0,133.6,0.96,MONITOR
hide_craze,2,0.463,4.836,5.49,0.1,102.86,85000.0,826.4,0.735,MONITOR
craze,1,0.313,0.515,8.25,0.1,167.75,45000.0,268.3,0.818,MONITOR
thunderstrike,2,0.924,1.577,8.24,0.99,1483.25,85000.0,57.3,0.863,ENGINEERING_ASSESSMENT
corrosion,1,0.276,0.311,7.09,0.1,128.6,60000.0,466.6,0.78,MONITOR
craze,1,0.377,3.074,7.19,0.1,164.49,85000.0,516.7,0.94,MONITOR
surface_injure,3,0.248,1.129,5.29,0.1,156.26,85000.0,544.0,0.909,MONITOR
corrosion,3,0.719,5.532,3.0,0.16,108.72,45000.0,413.9,0.84,MONITOR
craze,1,0.682,0.508,7.38,0.1,144.68,35000.0,241.9,0.782,MONITOR
surface_injure,3,0.43,0.833,12.45,0.1,99.18,85000.0,857.0,0.831,MONITOR
craze,1,0.454,0.441,3.22,0.1,103.32,85000.0,822.7,0.959,MONITOR
crack,1,0.327,1.038,4.07,0.1,161.93,85000.0,524.9,0.746,ENGINEERING_ASSESSMENT
corrosion,2,0.238,2.242,3.68,0.1,88.76,60000.0,676.0,0.826,MONITOR
crack,1,0.54,0.93,8.67,0.1,99.86,45000.0,450.6,0.701,ENGINEERING_ASSESSMENT
hide_craze,2,0.792,2.833,3.0,0.27,415.16,35000.0,84.3,0.813,MONITOR
thunderstrike,1,0.396,1.739,11.53,0.1,172.58,25000.0,144.9,0.977,ENGINEERING_ASSESSMENT
crack,1,0.948,0.83,3.0,0.54,914.42,35000.0,38.3,0.876,ENGINEERING_ASSESSMENT
surface_injure,5,0.797,0.549,3.0,0.87,686.74,25000.0,36.4,0.718,MONITOR
hide_craze,1,0.798,1.223,7.8,0.13,205.0,35000.0,170.7,0.949,MONITOR
corrosion,3,0.495,2.013,5.32,0.1,183.88,60000.0,326.3,0.969,MONITOR
corrosion,3,0.8,1.169,3.0,0.45,408.25,35000.0,85.7,0.909,MONITOR
surface_injure,3,0.519,0.722,10.46,0.1,85.21,85000.0,997.5,0.852,MONITOR
surface_injure,1,0.632,2.067,4.88,0.1,81.22,25000.0,307.8,0.7,MONITOR
hide_craze,2,0.735,0.669,5.64,0.1,149.73,35000.0,233.8,0.874,ENGINEERING_ASSESSMENT
surface_injure,2,0.346,0.292,6.07,0.1,100.51,45000.0,447.7,0.877,MONITOR
craze,5,0.31,0.662,8.1,0.1,109.48,60000.0,548.0,0.814,MONITOR
craze,5,0.625,3.39,10.33,0.25,310.75,25000.0,80.5,0.89,MONITOR
craze,5,0.527,2.524,8.75,0.1,65.73,35000.0,532.5,0.723,MONITOR
surface_injure,1,0.911,5.769,9.89,0.44,551.31,85000.0,154.2,0.97,MONITOR
thunderstrike,5,0.453,1.958,6.75,0.1,61.09,25000.0,409.2,0.914,ENGINEERING_ASSESSMENT
hide_craze,1,0.599,2.354,3.17,0.1,146.34,25000.0,170.8,0.775,MONITOR
surface_injure,3,0.863,8.442,6.05,1.4,925.73,35000.0,37.8,0.725,ENGINEERING_ASSESSMENT
corrosion,3,0.264,0.4,7.32,0.1,149.23,60000.0,402.1,0.925,MONITOR
hide_craze,3,0.876,0.417,6.01,1.13,1278.32,85000.0,66.5,0.937,REPAIR
crack,2,0.829,0.329,6.95,0.43,318.71,85000.0,266.7,0.848,ENGINEERING_ASSESSMENT
surface_injure,1,0.282,6.062,5.56,0.1,84.81,25000.0,294.8,0.97,MONITOR
corrosion,1,0.481,1.354,4.73,0.1,69.38,60000.0,864.8,0.902,MONITOR
crack,3,0.314,0.296,9.96,0.1,122.82,35000.0,285.0,0.735,ENGINEERING_ASSESSMENT
crack,2,0.623,1.078,3.0,0.17,206.53,25000.0,121.0,0.807,ENGINEERING_ASSESSMENT
craze,3,0.873,1.498,4.33,1.25,1927.39,45000.0,23.3,0.896,REPAIR
thunderstrike,4,0.7,1.358,5.38,0.4,552.86,45000.0,81.4,0.875,ENGINEERING_ASSESSMENT
craze,3,0.367,0.647,8.63,0.1,161.72,25000.0,154.6,0.77,MONITOR
crack,1,0.888,1.332,3.02,0.36,338.36,35000.0,103.4,0.745,ENGINEERING_ASSESSMENT
thunderstrike,3,0.6,0.558,3.93,0.1,116.5,85000.0,729.6,0.741,ENGINEERING_ASSESSMENT
crack,1,0.3,16.151,3.64,0.1,100.25,60000.0,598.5,0.725,ENGINEERING_ASSESSMENT
crack,2,0.864,0.829,9.65,0.91,1127.44,85000.0,75.4,0.805,ENGINEERING_ASSESSMENT
surface_injure,2,0.83,1.166,10.2,0.38,429.9,85000.0,197.7,0.855,MONITOR
hide_craze,1,0.98,1.114,5.92,0.57,830.41,35000.0,42.1,0.902,MONITOR
corrosion,4,0.684,0.869,5.31,0.21,200.74,45000.0,224.2,0.829,MONITOR
hide_craze,4,0.22,1.281,11.53,0.1,113.4,25000.0,220.5,0.852,MONITOR
crack,4,0.684,2.62,3.58,0.23,314.02,25000.0,79.6,0.901,ENGINEERING_ASSESSMENT
thunderstrike,5,0.84,1.115,3.07,1.83,1688.06,45000.0,26.7,0.926,ENGINEERING_ASSESSMENT
surface_injure,2,0.98,2.188,5.04,0.78,784.79,85000.0,108.3,0.898,MONITOR
crack,2,0.603,0.368,3.94,0.1,74.11,45000.0,607.2,0.747,ENGINEERING_ASSESSMENT
thunderstrike,2,0.668,0.753,7.6,0.1,142.93,60000.0,419.8,0.899,ENGINEERING_ASSESSMENT
craze,1,0.328,0.555,9.4,0.1,104.79,25000.0,238.6,0.876,MONITOR
hide_craze,2,0.64,0.593,6.34,0.1,180.06,85000.0,472.1,0.711,MONITOR
crack,5,0.681,0.321,3.03,0.33,578.82,25000.0,43.2,0.933,ENGINEERING_ASSESSMENT
thunderstrike,2,0.33,2.737,7.47,0.1,99.52,45000.0,452.2,0.947,ENGINEERING_ASSESSMENT
crack,5,0.65,2.24,6.46,0.37,563.56,60000.0,106.5,0.808,ENGINEERING_ASSESSMENT
surface_injure,4,0.81,0.751,11.38,0.78,882.02,25000.0,28.3,0.964,MONITOR
surface_injure,4,0.541,1.901,6.89,0.15,153.45,85000.0,553.9,0.836,MONITOR
craze,4,0.615,11.558,5.64,0.23,213.93,45000.0,210.3,0.966,MONITOR
hide_craze,3,0.629,3.904,5.97,0.1,152.06,35000.0,230.2,0.851,MONITOR
corrosion,3,0.322,1.746,7.5,0.1,153.6,35000.0,227.9,0.718,MONITOR
thunderstrike,3,0.363,1.473,11.09,0.1,66.75,35000.0,524.3,0.78,ENGINEERING_ASSESSMENT
corrosion,4,0.885,2.024,3.02,2.52,2446.6,45000.0,18.4,0.975,REPAIR
craze,3,0.811,1.404,13.61,0.52,1091.22,85000.0,77.9,0.721,REPAIR
craze,4,0.726,1.283,7.35,0.5,644.85,25000.0,38.8,0.74,MONITOR
corrosion,2,0.807,1.457,5.28,0.32,443.28,45000.0,101.5,0.753,MONITOR
thunderstrike,3,0.795,1.207,5.72,0.39,562.56,60000.0,106.7,0.805,ENGINEERING_ASSESSMENT
craze,5,0.865,2.876,3.22,2.85,2824.09,25000.0,8.9,0.808,REPAIR
surface_injure,2,0.764,0.486,4.25,0.3,622.26,25000.0,40.2,0.833,MONITOR
hide_craze,3,0.306,5.429,5.55,0.1,140.23,85000.0,606.1,0.756,MONITOR
thunderstrike,2,0.53,2.021,9.48,0.1,131.07,45000.0,343.3,0.854,ENGINEERING_ASSESSMENT
crack,3,0.571,1.113,12.11,0.1,137.44,60000.0,436.6,0.774,ENGINEERING_ASSESSMENT
corrosion,3,0.928,3.847,3.0,1.5,1492.01,25000.0,16.8,0.79,REPAIR
hide_craze,3,0.742,1.242,9.39,0.49,947.77,85000.0,89.7,0.926,MONITOR
crack,3,0.249,1.974,7.57,0.1,149.99,35000.0,233.3,0.705,ENGINEERING_ASSESSMENT
hide_craze,3,0.503,0.403,9.84,0.1,161.49,35000.0,216.7,0.909,MONITOR
corrosion,2,0.359,3.681,9.05,0.1,151.23,60000.0,396.7,0.761,MONITOR
hide_craze,2,0.935,0.32,5.74,0.59,1062.06,45000.0,42.4,0.926,MONITOR
corrosion,1,0.18,1.106,3.18,0.1,178.11,25000.0,140.4,0.879,MONITOR
crack,4,0.777,1.175,8.36,0.81,945.85,25000.0,26.4,0.75,ENGINEERING_ASSESSMENT
hide_craze,2,0.98,1.087,3.96,1.35,2067.6,25000.0,12.1,0.774,MONITOR
corrosion,4,0.251,2.29,3.96,0.1,109.33,35000.0,320.1,0.812,MONITOR
surface_injure,4,0.859,1.933,5.34,2.87,2640.69,25000.0,9.5,0.979,REPAIR
crack,3,0.324,0.306,3.0,0.1,95.32,85000.0,891.7,0.917,ENGINEERING_ASSESSMENT
thunderstrike,3,0.298,3.677,6.76,0.1,70.66,35000.0,495.3,0.973,ENGINEERING_ASSESSMENT
thunderstrike,1,0.784,0.289,6.38,0.14,258.19,35000.0,135.6,0.971,ENGINEERING_ASSESSMENT
crack,3,0.625,2.041,6.59,0.19,271.91,60000.0,220.7,0.808,ENGINEERING_ASSESSMENT
craze,1,0.825,0.953,7.33,0.18,181.76,35000.0,192.6,0.788,MONITOR
hide_craze,5,0.674,1.559,3.45,0.34,540.6,35000.0,64.7,0.915,MONITOR
corrosion,1,0.189,0.339,5.47,0.1,75.86,60000.0,790.9,0.807,MONITOR
hide_craze,1,0.604,0.375,9.87,0.1,98.38,85000.0,864.0,0.924,MONITOR
surface_injure,2,0.604,8.903,3.35,0.1,132.74,45000.0,339.0,0.748,MONITOR
corrosion,3,0.644,0.26,5.43,0.14,180.2,35000.0,194.2,0.965,MONITOR
crack,3,0.233,1.167,8.89,0.1,200.68,25000.0,124.6,0.899,ENGINEERING_ASSESSMENT
hide_craze,5,0.376,0.452,6.52,0.1,136.83,45000.0,328.9,0.812,MONITOR
craze,4,0.933,1.178,8.6,2.69,2613.09,60000.0,23.0,0.806,REPAIR
corrosion,2,0.816,0.711,6.68,0.17,161.75,35000.0,216.4,0.709,MONITOR
corrosion,2,0.889,2.447,3.09,0.46,704.29,25000.0,35.5,0.803,MONITOR
craze,2,0.497,1.881,3.0,0.1,161.4,85000.0,526.6,0.841,MONITOR
crack,5,0.257,0.334,10.86,0.1,84.27,25000.0,296.7,0.807,ENGINEERING_ASSESSMENT
corrosion,4,0.264,0.858,7.02,0.1,167.45,60000.0,358.3,0.961,MONITOR
surface_injure,4,0.726,2.608,3.0,0.61,897.46,85000.0,94.7,0.856,MONITOR
hide_craze,5,0.85,1.39,7.81,3.26,4526.41,45000.0,9.9,0.704,REPAIR
corrosion,1,0.924,2.507,3.27,0.61,515.74,25000.0,48.5,0.978,REPAIR
surface_injure,3,0.98,0.399,5.5,1.57,3178.37,35000.0,11.0,0.98,REPAIR
hide_craze,2,0.364,1.572,7.41,0.1,123.2,60000.0,487.0,0.925,MONITOR
surface_injure,2,0.195,0.413,8.15,0.1,169.83,45000.0,265.0,0.748,MONITOR
hide_craze,2,0.473,2.749,3.47,0.1,125.16,85000.0,679.1,0.902,MONITOR
thunderstrike,1,0.578,1.019,7.61,0.1,183.67,35000.0,190.6,0.788,ENGINEERING_ASSESSMENT
crack,1,0.742,4.36,6.05,0.15,202.88,45000.0,221.8,0.797,ENGINEERING_ASSESSMENT
crack,1,0.817,1.42,15.71,0.15,131.54,35000.0,266.1,0.832,ENGINEERING_ASSESSMENT
hide_craze,3,0.512,1.943,6.48,0.1,93.2,25000.0,268.2,0.965,MONITOR
hide_craze,1,0.887,5.905,4.39,0.36,538.8,45000.0,83.5,0.775,MONITOR
thunderstrike,3,0.313,1.964,8.66,0.1,109.73,25000.0,227.8,0.853,ENGINEERING_ASSESSMENT
surface_injure,2,0.941,0.21,5.05,0.98,1283.06,45000.0,35.1,0.885,MONITOR
hide_craze,5,0.936,0.37,6.46,1.78,2571.18,45000.0,17.5,0.96,REPAIR
craze,3,0.417,0.34,3.0,0.1,167.34,45000.0,268.9,0.909,MONITOR
crack,2,0.357,1.424,5.74,0.1,138.46,35000.0,252.8,0.714,ENGINEERING_ASSESSMENT
crack,3,0.296,0.635,6.5,0.1,100.56,25000.0,248.6,0.745,ENGINEERING_ASSESSMENT
hide_craze,3,0.868,0.874,13.38,1.38,912.76,60000.0,65.7,0.834,REPAIR
surface_injure,5,0.232,1.712,4.82,0.1,114.01,85000.0,745.5,0.943,MONITOR
corrosion,2,0.588,2.817,3.0,0.1,138.86,85000.0,612.1,0.845,MONITOR
thunderstrike,4,0.98,6.319,3.33,4.08,3407.56,60000.0,17.6,0.775,ENGINEERING_ASSESSMENT
surface_injure,3,0.701,2.954,7.01,0.23,143.44,85000.0,592.6,0.851,MONITOR
crack,3,0.343,0.606,10.99,0.1,102.97,45000.0,437.0,0.734,ENGINEERING_ASSESSMENT
craze,2,0.444,2.86,7.89,0.1,121.03,35000.0,289.2,0.927,MONITOR
thunderstrike,1,0.358,0.486,11.34,0.1,106.91,35000.0,327.4,0.864,ENGINEERING_ASSESSMENT
craze,5,0.748,0.548,8.43,0.66,651.82,85000.0,130.4,0.724,MONITOR
hide_craze,3,0.646,0.744,7.89,0.12,169.49,60000.0,354.0,0.78,MONITOR
craze,2,0.347,3.672,10.83,0.1,104.37,85000.0,814.4,0.936,MONITOR
surface_injure,3,0.389,0.368,7.37,0.1,80.29,45000.0,560.5,0.834,MONITOR
thunderstrike,1,0.622,5.462,6.91,0.1,96.53,45000.0,466.2,0.887,ENGINEERING_ASSESSMENT
hide_craze,1,0.663,0.48,3.0,0.1,79.46,85000.0,1069.7,0.868,MONITOR
corrosion,4,0.951,2.226,3.92,2.8,4924.76,85000.0,17.3,0.856,REPAIR
hide_craze,2,0.737,5.142,7.09,0.21,266.6,85000.0,318.8,0.92,MONITOR
craze,3,0.42,2.611,13.12,0.1,94.76,45000.0,474.9,0.934,MONITOR
thunderstrike,5,0.631,2.228,9.21,0.14,233.97,85000.0,363.3,0.91,ENGINEERING_ASSESSMENT
crack,4,0.297,0.691,10.86,0.1,97.54,35000.0,358.8,0.842,ENGINEERING_ASSESSMENT
thunderstrike,4,0.627,0.255,7.44,0.23,166.6,85000.0,510.2,0.909,ENGINEERING_ASSESSMENT
thunderstrike,5,0.408,1.758,7.54,0.1,89.5,85000.0,949.7,0.931,ENGINEERING_ASSESSMENT
surface_injure,1,0.324,4.301,8.09,0.1,129.47,25000.0,193.1,0.953,MONITOR
hide_craze,3,0.878,3.026,10.85,1.65,1147.54,45000.0,39.2,0.908,REPAIR
craze,4,0.585,1.644,3.13,0.1,113.22,35000.0,309.1,0.862,MONITOR
crack,2,0.669,8.002,7.67,0.12,134.55,45000.0,334.4,0.893,ENGINEERING_ASSESSMENT
thunderstrike,2,0.289,2.133,3.29,0.1,207.8,45000.0,216.6,0.887,ENGINEERING_ASSESSMENT
crack,4,0.319,2.802,10.48,0.1,172.41,25000.0,145.0,0.749,ENGINEERING_ASSESSMENT
thunderstrike,5,0.978,1.69,12.19,4.64,4741.91,85000.0,17.9,0.856,ENGINEERING_ASSESSMENT
craze,4,0.261,3.14,5.02,0.1,85.08,60000.0,705.2,0.893,MONITOR
corrosion,3,0.411,0.487,3.13,0.1,170.72,45000.0,263.6,0.709,MONITOR
thunderstrike,3,0.55,1.934,3.3,0.1,135.77,35000.0,257.8,0.96,ENGINEERING_ASSESSMENT
thunderstrike,2,0.278,6.103,6.85,0.1,183.46,25000.0,136.3,0.722,ENGINEERING_ASSESSMENT
corrosion,3,0.297,1.034,5.68,0.1,79.69,60000.0,752.9,0.819,MONITOR
surface_injure,3,0.657,7.94,7.0,0.16,138.61,85000.0,613.2,0.779,MONITOR
craze,3,0.318,1.492,8.42,0.1,73.38,85000.0,1158.4,0.946,MONITOR
corrosion,2,0.457,1.005,10.08,0.1,129.23,25000.0,193.5,0.962,MONITOR
surface_injure,5,0.226,0.59,3.98,0.1,62.11,85000.0,1368.5,0.771,MONITOR
surface_injure,1,0.677,2.493,13.02,0.1,97.84,35000.0,357.7,0.822,MONITOR
corrosion,1,0.27,1.455,3.2,0.1,141.38,25000.0,176.8,0.89,MONITOR
crack,4,0.662,1.746,3.27,0.34,397.17,35000.0,88.1,0.818,ENGINEERING_ASSESSMENT
crack,4,0.657,1.055,4.45,0.47,359.49,60000.0,166.9,0.868,ENGINEERING_ASSESSMENT
craze,2,0.739,1.952,10.16,0.32,596.31,60000.0,100.6,0.726,MONITOR
corrosion,2,0.69,2.838,5.2,0.1,92.7,25000.0,269.7,0.837,MONITOR
crack,3,0.789,0.662,4.89,1.27,2170.73,25000.0,11.5,0.816,ENGINEERING_ASSESSMENT
craze,2,0.509,2.151,9.29,0.1,82.15,45000.0,547.8,0.773,MONITOR
surface_injure,3,0.28,0.353,3.0,0.1,168.66,85000.0,504.0,0.949,MONITOR
hide_craze,1,0.7,0.533,11.17,0.1,183.71,35000.0,190.5,0.887,MONITOR
corrosion,1,0.98,3.411,7.81,0.7,1295.16,85000.0,65.6,0.724,MONITOR
crack,5,0.358,1.854,3.0,0.1,78.23,25000.0,319.6,0.823,ENGINEERING_ASSESSMENT
hide_craze,4,0.43,0.806,7.42,0.1,90.15,85000.0,942.9,0.759,MONITOR
corrosion,4,0.421,2.561,4.79,0.1,96.92,35000.0,361.1,0.878,MONITOR
craze,2,0.585,1.05,9.58,0.1,114.64,35000.0,305.3,0.764,MONITOR
thunderstrike,1,0.41,3.0,9.56,0.1,113.63,35000.0,308.0,0.715,ENGINEERING_ASSESSMENT
surface_injure,1,0.44,3.223,5.86,0.1,191.21,45000.0,235.3,0.898,MONITOR
corrosion,4,0.639,0.92,3.35,0.44,749.39,60000.0,80.1,0.9,MONITOR
hide_craze,4,0.755,0.762,7.56,0.55,526.5,85000.0,161.4,0.95,MONITOR
corrosion,5,0.789,2.348,3.01,0.67,852.81,85000.0,99.7,0.753,ENGINEERING_ASSESSMENT
thunderstrike,1,0.304,2.932,8.91,0.1,62.53,60000.0,959.5,0.735,ENGINEERING_ASSESSMENT
thunderstrike,3,0.958,1.232,4.36,2.16,1532.57,25000.0,16.3,0.846,ENGINEERING_ASSESSMENT
corrosion,5,0.657,1.142,8.32,0.43,665.29,85000.0,127.8,0.897,MONITOR
craze,3,0.255,2.299,3.03,0.1,150.41,25000.0,166.2,0.84,MONITOR
hide_craze,2,0.498,2.349,13.26,0.1,102.14,25000.0,244.8,0.892,MONITOR
craze,3,0.957,2.224,3.44,2.4,2641.22,60000.0,22.7,0.757,REPAIR
crack,2,0.565,3.55,5.07,0.1,137.92,35000.0,253.8,0.862,ENGINEERING_ASSESSMENT
craze,2,0.703,5.223,3.21,0.1,116.36,25000.0,214.9,0.803,MONITOR
hide_craze,2,0.616,0.974,7.87,0.1,119.03,35000.0,294.0,0.865,MONITOR
thunderstrike,2,0.247,1.873,5.63,0.1,190.77,85000.0,445.6,0.711,ENGINEERING_ASSESSMENT
craze,5,0.805,7.52,3.0,1.83,2340.72,35000.0,15.0,0.833,REPAIR
corrosion,4,0.181,0.263,8.09,0.1,146.18,25000.0,171.0,0.818,MONITOR
surface_injure,1,0.764,0.682,3.11,0.1,112.06,35000.0,312.3,0.951,MONITOR
crack,3,0.98,0.399,3.34,2.01,4078.16,35000.0,8.6,0.711,ENGINEERING_ASSESSMENT
corrosion,5,0.825,3.07,9.3,1.38,1773.28,35000.0,19.7,0.943,MONITOR
craze,1,0.329,0.429,4.23,0.1,79.54,85000.0,1068.6,0.821,MONITOR
hide_craze,2,0.502,0.615,5.12,0.1,198.24,45000.0,227.0,0.969,MONITOR
corrosion,3,0.855,0.658,4.7,1.05,1553.68,85000.0,54.7,0.825,REPAIR
corrosion,2,0.819,0.257,6.06,0.61,561.88,45000.0,80.1,0.745,MONITOR
craze,1,0.636,1.89,10.44,0.1,161.01,60000.0,372.6,0.9,MONITOR
surface_injure,3,0.223,1.109,4.5,0.1,172.29,35000.0,203.1,0.938,MONITOR
crack,3,0.35,1.136,6.54,0.1,155.33,45000.0,289.7,0.771,ENGINEERING_ASSESSMENT
hide_craze,1,0.223,0.635,3.0,0.1,127.16,25000.0,196.6,0.904,MONITOR
corrosion,2,0.545,0.808,8.08,0.1,71.71,60000.0,836.7,0.824,MONITOR
surface_injure,3,0.949,0.809,10.4,1.48,3180.62,25000.0,7.9,0.786,REPAIR
craze,1,0.194,0.888,6.42,0.1,209.38,45000.0,214.9,0.769,MONITOR
surface_injure,2,0.572,0.288,3.0,0.1,128.65,35000.0,272.1,0.963,MONITOR
craze,2,0.499,1.479,3.17,0.1,74.14,60000.0,809.3,0.733,MONITOR
corrosion,2,0.934,0.605,8.11,0.84,658.95,60000.0,91.1,0.819,MONITOR
crack,1,0.741,1.582,8.29,0.1,141.35,85000.0,601.3,0.791,ENGINEERING_ASSESSMENT
crack,5,0.411,2.266,8.29,0.1,161.27,45000.0,279.0,0.937,ENGINEERING_ASSESSMENT
crack,5,0.258,0.4,8.32,0.1,142.17,35000.0,246.2,0.951,ENGINEERING_ASSESSMENT
crack,4,0.75,0.757,3.0,0.55,977.0,45000.0,46.1,0.98,ENGINEERING_ASSESSMENT
thunderstrike,1,0.719,1.091,3.0,0.1,84.17,45000.0,534.6,0.844,ENGINEERING_ASSESSMENT
craze,1,0.777,0.917,11.65,0.28,254.16,45000.0,177.1,0.817,MONITOR
hide_craze,1,0.858,1.228,5.26,0.3,325.85,25000.0,76.7,0.81,MONITOR
thunderstrike,2,0.884,0.263,3.32,0.5,484.65,60000.0,123.8,0.797,ENGINEERING_ASSESSMENT
hide_craze,3,0.452,2.265,3.85,0.1,83.92,85000.0,1012.9,0.932,MONITOR
crack,3,0.575,1.615,6.63,0.1,211.14,25000.0,118.4,0.764,ENGINEERING_ASSESSMENT
thunderstrike,3,0.304,1.501,11.2,0.1,84.01,85000.0,1011.8,0.839,ENGINEERING_ASSESSMENT
hide_craze,1,0.228,1.89,6.87,0.1,83.54,85000.0,1017.5,0.787,MONITOR
hide_craze,1,0.588,3.26,3.0,0.1,149.2,25000.0,167.6,0.876,MONITOR
thunderstrike,2,0.413,1.955,8.83,0.1,137.61,35000.0,254.3,0.937,ENGINEERING_ASSESSMENT
surface_injure,2,0.259,4.644,9.61,0.1,190.59,60000.0,314.8,0.78,MONITOR
crack,4,0.374,1.428,14.28,0.1,102.91,60000.0,583.0,0.745,ENGINEERING_ASSESSMENT
thunderstrike,1,0.493,1.743,6.14,0.1,167.99,85000.0,506.0,0.765,ENGINEERING_ASSESSMENT
surface_injure,3,0.507,0.471,9.86,0.1,71.23,45000.0,631.8,0.748,MONITOR
crack,2,0.886,0.252,6.33,0.55,862.97,85000.0,98.5,0.884,ENGINEERING_ASSESSMENT
craze,1,0.539,0.45,3.79,0.1,134.02,85000.0,634.2,0.791,MONITOR
hide_craze,2,0.596,0.469,8.72,0.1,128.93,60000.0,465.4,0.743,MONITOR
crack,1,0.706,0.249,7.92,0.1,91.12,85000.0,932.8,0.876,ENGINEERING_ASSESSMENT
thunderstrike,1,0.248,4.062,4.27,0.1,115.7,85000.0,734.7,0.964,ENGINEERING_ASSESSMENT
crack,5,0.594,0.309,7.09,0.34,357.42,85000.0,237.8,0.713,ENGINEERING_ASSESSMENT
crack,2,0.606,0.453,12.08,0.1,132.87,60000.0,451.6,0.903,ENGINEERING_ASSESSMENT
crack,3,0.509,2.218,4.82,0.1,137.14,60000.0,437.5,0.864,ENGINEERING_ASSESSMENT
hide_craze,5,0.922,1.675,5.03,3.82,5438.51,60000.0,11.0,0.862,REPAIR
crack,2,0.936,5.309,9.57,1.11,1519.79,45000.0,29.6,0.82,ENGINEERING_ASSESSMENT
thunderstrike,1,0.809,3.895,3.18,0.23,463.56,25000.0,53.9,0.902,ENGINEERING_ASSESSMENT
hide_craze,1,0.668,0.454,14.47,0.1,141.57,35000.0,247.2,0.718,MONITOR
surface_injure,2,0.387,1.268,9.79,0.1,205.4,85000.0,413.8,0.938,MONITOR
hide_craze,4,0.493,0.676,7.9,0.1,91.47,25000.0,273.3,0.819,MONITOR
surface_injure,3,0.777,1.354,3.79,0.34,289.29,60000.0,207.4,0.828,MONITOR
corrosion,2,0.717,5.492,9.35,0.24,192.23,85000.0,442.2,0.844,MONITOR
crack,2,0.846,1.955,3.54,0.42,433.54,85000.0,196.1,0.733,ENGINEERING_ASSESSMENT
surface_injure,2,0.511,0.439,3.67,0.1,135.19,45000.0,332.9,0.923,MONITOR
corrosion,2,0.591,1.347,5.37,0.1,171.67,85000.0,495.1,0.897,MONITOR
corrosion,1,0.351,0.951,14.08,0.1,98.12,25000.0,254.8,0.845,MONITOR
hide_craze,1,0.422,4.489,16.36,0.1,75.94,45000.0,592.6,0.709,MONITOR
surface_injure,2,0.883,1.781,3.3,0.63,719.19,35000.0,48.7,0.795,MONITOR
crack,4,0.477,0.838,3.0,0.1,204.5,60000.0,293.4,0.844,ENGINEERING_ASSESSMENT
surface_injure,5,0.548,3.343,6.12,0.12,127.43,60000.0,470.8,0.821,MONITOR
surface_injure,5,0.845,1.583,7.57,0.97,905.43,45000.0,49.7,0.969,MONITOR
hide_craze,3,0.641,6.166,3.59,0.19,311.89,60000.0,192.4,0.922,MONITOR
craze,2,0.691,0.435,13.1,0.12,99.87,45000.0,450.6,0.879,MONITOR
corrosion,5,0.317,2.009,8.08,0.1,177.54,35000.0,197.1,0.778,MONITOR
craze,2,0.382,1.045,5.29,0.1,129.76,45000.0,346.8,0.713,MONITOR
surface_injure,1,0.558,2.667,9.05,0.1,105.42,25000.0,237.1,0.868,MONITOR
thunderstrike,1,0.977,1.64,7.5,0.47,535.32,85000.0,158.8,0.921,ENGINEERING_ASSESSMENT
corrosion,3,0.303,1.152,4.79,0.1,150.81,60000.0,397.9,0.728,MONITOR
corrosion,2,0.916,2.508,4.78,0.98,1139.99,60000.0,52.6,0.753,MONITOR
crack,2,0.357,0.262,8.12,0.1,125.67,45000.0,358.1,0.771,ENGINEERING_ASSESSMENT
crack,3,0.592,2.268,9.96,0.1,109.93,85000.0,773.2,0.721,ENGINEERING_ASSESSMENT
surface_injure,3,0.924,0.805,17.51,2.15,3737.93,85000.0,22.7,0.871,REPAIR
corrosion,2,0.562,3.379,13.41,0.1,106.58,25000.0,234.6,0.937,MONITOR
crack,4,0.343,1.809,10.5,0.1,108.13,85000.0,786.1,0.728,ENGINEERING_ASSESSMENT
surface_injure,2,0.912,0.837,7.87,1.02,1311.01,45000.0,34.3,0.824,MONITOR
crack,2,0.288,2.917,4.25,0.1,113.14,45000.0,397.7,0.716,ENGINEERING_ASSESSMENT
craze,4,0.693,0.922,5.91,0.3,297.22,35000.0,117.8,0.75,MONITOR
hide_craze,3,0.699,4.371,5.74,0.39,445.12,35000.0,78.6,0.919,MONITOR
hide_craze,4,0.226,0.387,3.42,0.1,133.09,45000.0,338.1,0.955,MONITOR
craze,2,0.76,0.356,7.73,0.16,151.28,25000.0,165.3,0.811,MONITOR
craze,2,0.402,0.936,3.28,0.1,83.58,85000.0,1017.0,0.72,MONITOR
craze,1,0.805,3.483,3.04,0.18,196.37,25000.0,127.3,0.799,MONITOR
surface_injure,2,0.414,0.922,9.09,0.1,108.92,35000.0,321.3,0.922,MONITOR
thunderstrike,1,0.385,3.512,4.77,0.1,96.13,45000.0,468.1,0.906,ENGINEERING_ASSESSMENT
corrosion,2,0.582,2.828,8.4,0.1,173.48,85000.0,490.0,0.782,MONITOR
hide_craze,4,0.228,0.394,3.0,0.1,116.6,60000.0,514.6,0.881,MONITOR
crack,1,0.677,0.357,6.11,0.1,135.64,60000.0,442.3,0.721,ENGINEERING_ASSESSMENT
surface_injure,1,0.669,1.641,7.89,0.1,69.87,60000.0,858.7,0.721,MONITOR
corrosion,5,0.598,0.55,4.56,0.12,98.12,60000.0,611.5,0.709,MONITOR
craze,1,0.182,0.951,9.33,0.1,77.98,85000.0,1090.0,0.905,MONITOR
thunderstrike,2,0.874,2.392,4.93,0.47,537.01,85000.0,158.3,0.839,ENGINEERING_ASSESSMENT
craze,5,0.477,0.602,4.13,0.1,138.41,35000.0,252.9,0.814,MONITOR
craze,1,0.275,5.979,9.34,0.1,117.07,85000.0,726.1,0.839,MONITOR
thunderstrike,2,0.295,5.643,6.38,0.1,147.69,85000.0,575.5,0.906,ENGINEERING_ASSESSMENT
surface_injure,2,0.535,1.495,13.63,0.1,122.05,35000.0,286.8,0.808,MONITOR
craze,2,0.823,0.759,16.38,0.43,625.48,35000.0,56.0,0.962,MONITOR
crack,4,0.709,3.606,4.63,0.32,260.01,35000.0,134.6,0.745,ENGINEERING_ASSESSMENT
thunderstrike,3,0.603,5.204,5.4,0.1,144.76,35000.0,241.8,0.801,ENGINEERING_ASSESSMENT
thunderstrike,1,0.33,1.465,6.39,0.1,179.43,85000.0,473.7,0.864,ENGINEERING_ASSESSMENT
corrosion,3,0.395,0.196,4.6,0.1,110.46,45000.0,407.4,0.934,MONITOR
surface_injure,3,0.293,1.163,9.32,0.1,105.41,60000.0,569.2,0.924,MONITOR
crack,5,0.614,5.19,11.32,0.2,275.74,25000.0,90.7,0.705,ENGINEERING_ASSESSMENT
craze,1,0.387,2.569,9.39,0.1,174.07,85000.0,488.3,0.828,MONITOR
craze,2,0.715,2.813,9.19,0.33,375.61,45000.0,119.8,0.786,MONITOR
crack,4,0.945,2.333,5.52,2.74,3213.99,60000.0,18.7,0.713,ENGINEERING_ASSESSMENT
crack,1,0.98,3.583,6.18,0.65,445.13,45000.0,101.1,0.815,ENGINEERING_ASSESSMENT
corrosion,1,0.471,2.58,12.41,0.1,116.28,25000.0,215.0,0.899,MONITOR
corrosion,3,0.864,0.982,11.99,1.66,1144.77,60000.0,52.4,0.772,REPAIR
crack,3,0.98,0.526,9.09,2.22,2433.83,85000.0,34.9,0.91,ENGINEERING_ASSESSMENT
thunderstrike,5,0.549,7.082,11.61,0.16,165.87,25000.0,150.7,0.979,ENGINEERING_ASSESSMENT
crack,1,0.258,3.695,5.39,0.1,141.73,60000.0,423.3,0.702,ENGINEERING_ASSESSMENT
corrosion,5,0.722,0.303,6.61,0.54,729.02,85000.0,116.6,0.886,MONITOR
hide_craze,1,0.746,1.027,3.36,0.1,155.9,45000.0,288.6,0.716,ENGINEERING_ASSESSMENT
hide_craze,3,0.783,2.075,9.99,0.7,1019.78,45000.0,44.1,0.783,REPAIR
crack,5,0.306,3.591,9.02,0.1,116.64,35000.0,300.1,0.815,ENGINEERING_ASSESSMENT
hide_craze,2,0.937,4.099,3.0,0.94,1293.76,25000.0,19.3,0.774,MONITOR
corrosion,1,0.388,1.709,4.41,0.1,128.87,25000.0,194.0,0.95,MONITOR
corrosion,5,0.612,4.178,13.17,0.34,342.63,85000.0,248.1,0.781,MONITOR
crack,5,0.281,1.381,7.51,0.1,104.23,35000.0,335.8,0.766,ENGINEERING_ASSESSMENT
crack,4,0.786,3.508,3.15,1.2,1829.3,85000.0,46.5,0.859,ENGINEERING_ASSESSMENT
craze,1,0.98,1.099,3.82,0.53,612.46,45000.0,73.5,0.791,MONITOR
thunderstrike,2,0.717,0.386,6.83,0.18,143.89,85000.0,590.7,0.892,ENGINEERING_ASSESSMENT
corrosion,5,0.367,3.262,12.35,0.1,101.06,45000.0,445.3,0.841,MONITOR
craze,3,0.545,1.37,13.89,0.1,85.16,60000.0,704.6,0.976,MONITOR
hide_craze,3,0.885,0.983,11.77,1.38,1289.46,85000.0,65.9,0.7,REPAIR
corrosion,4,0.713,3.058,7.83,0.45,773.08,60000.0,77.6,0.789,MONITOR
surface_injure,1,0.768,2.488,8.54,0.13,247.74,60000.0,242.2,0.777,MONITOR
corrosion,3,0.734,0.943,11.33,0.24,181.92,25000.0,137.4,0.745,ENGINEERING_ASSESSMENT
corrosion,5,0.586,6.968,6.16,0.17,127.99,60000.0,468.8,0.843,MONITOR
craze,2,0.659,1.649,4.61,0.14,183.47,35000.0,190.8,0.77,MONITOR
thunderstrike,2,0.782,3.066,6.1,0.13,116.43,35000.0,300.6,0.89,ENGINEERING_ASSESSMENT
hide_craze,5,0.423,4.211,5.75,0.1,169.48,60000.0,354.0,0.838,MONITOR
corrosion,1,0.507,0.932,11.64,0.1,80.15,85000.0,1060.5,0.796,MONITOR
thunderstrike,1,0.553,0.689,6.94,0.1,94.92,35000.0,368.7,0.815,ENGINEERING_ASSESSMENT
hide_craze,2,0.515,1.986,6.23,0.1,96.98,25000.0,257.8,0.914,MONITOR
craze,3,0.404,2.344,4.17,0.1,111.55,85000.0,762.0,0.938,MONITOR
hide_craze,5,0.859,2.3,6.6,2.98,4503.41,35000.0,7.8,0.832,REPAIR
surface_injure,1,0.805,0.854,6.47,0.19,345.41,45000.0,130.3,0.817,MONITOR
surface_injure,3,0.437,0.67,6.18,0.1,165.31,25000.0,151.2,0.724,MONITOR
corrosion,3,0.431,2.176,11.65,0.1,112.11,85000.0,758.2,0.821,MONITOR
crack,2,0.774,0.329,7.14,0.24,231.66,25000.0,107.9,0.978,ENGINEERING_ASSESSMENT
crack,5,0.331,2.714,3.0,0.1,111.24,60000.0,539.4,0.743,ENGINEERING_ASSESSMENT
thunderstrike,5,0.853,3.759,3.0,2.33,2085.75,25000.0,12.0,0.967,ENGINEERING_ASSESSMENT
surface_injure,5,0.524,1.059,7.01,0.1,191.03,85000.0,445.0,0.756,MONITOR
hide_craze,1,0.498,1.727,11.32,0.1,153.94,35000.0,227.4,0.932,MONITOR
surface_injure,2,0.518,5.011,6.7,0.1,104.29,25000.0,239.7,0.72,MONITOR
thunderstrike,4,0.693,0.614,9.42,0.43,653.43,25000.0,38.3,0.841,ENGINEERING_ASSESSMENT
corrosion,2,0.98,0.642,6.88,1.32,1565.91,35000.0,22.4,0.95,MONITOR
craze,1,0.866,1.175,7.88,0.24,412.96,85000.0,205.8,0.748,MONITOR
corrosion,2,0.678,1.978,5.62,0.12,105.83,45000.0,425.2,0.766,MONITOR
corrosion,1,0.425,1.428,5.06,0.1,152.34,45000.0,295.4,0.909,MONITOR
hide_craze,2,0.517,2.882,19.68,0.1,154.87,45000.0,290.6,0.913,MONITOR
thunderstrike,2,0.904,2.955,5.33,1.25,781.99,35000.0,44.8,0.741,ENGINEERING_ASSESSMENT
thunderstrike,3,0.243,1.395,5.85,0.1,61.21,45000.0,735.2,0.847,ENGINEERING_ASSESSMENT
hide_craze,4,0.707,2.495,4.16,0.37,553.15,60000.0,108.5,0.723,MONITOR
surface_injure,1,0.892,5.947,7.15,0.31,257.57,45000.0,174.7,0.865,MONITOR
craze,1,0.844,0.218,6.26,0.19,311.93,85000.0,272.5,0.792,MONITOR
surface_injure,2,0.842,1.21,7.05,0.38,475.8,60000.0,126.1,0.816,MONITOR
hide_craze,2,0.879,2.512,9.89,0.67,1207.61,35000.0,29.0,0.834,MONITOR
thunderstrike,1,0.816,0.546,5.05,0.24,229.98,85000.0,369.6,0.813,ENGINEERING_ASSESSMENT
thunderstrike,3,0.294,0.341,5.35,0.1,76.68,35000.0,456.4,0.96,ENGINEERING_ASSESSMENT
hide_craze,2,0.463,0.638,3.89,0.1,154.0,60000.0,389.6,0.832,MONITOR
surface_injure,2,0.684,0.667,5.08,0.18,261.84,60000.0,229.1,0.871,MONITOR
hide_craze,4,0.23,0.712,12.73,0.1,99.85,35000.0,350.5,0.85,MONITOR
craze,2,0.293,1.035,6.81,0.1,176.83,35000.0,197.9,0.883,MONITOR
thunderstrike,1,0.557,1.768,6.83,0.1,154.63,35000.0,226.3,0.91,ENGINEERING_ASSESSMENT
craze,4,0.56,1.173,12.61,0.24,315.04,25000.0,79.4,0.951,MONITOR
corrosion,5,0.505,1.491,7.1,0.1,115.05,35000.0,304.2,0.818,MONITOR
hide_craze,3,0.407,0.425,11.04,0.1,137.88,25000.0,181.3,0.967,MONITOR
thunderstrike,1,0.937,1.14,4.03,0.44,872.11,60000.0,68.8,0.947,ENGINEERING_ASSESSMENT
crack,1,0.249,2.721,3.0,0.1,123.18,35000.0,284.1,0.885,ENGINEERING_ASSESSMENT
craze,1,0.818,4.134,4.42,0.16,112.28,35000.0,311.7,0.894,MONITOR
hide_craze,3,0.35,1.97,14.15,0.1,61.56,35000.0,568.6,0.763,MONITOR
crack,3,0.487,0.278,9.06,0.1,186.57,60000.0,321.6,0.902,ENGINEERING_ASSESSMENT
hide_craze,3,0.679,0.472,7.7,0.13,200.36,45000.0,224.6,0.923,MONITOR
surface_injure,2,0.639,1.267,7.14,0.1,81.9,85000.0,1037.9,0.784,MONITOR
corrosion,1,0.804,6.774,6.03,0.22,247.8,45000.0,181.6,0.929,MONITOR
craze,1,0.769,2.109,4.93,0.1,168.22,25000.0,148.6,0.867,MONITOR
hide_craze,1,0.204,0.832,6.32,0.1,158.95,35000.0,220.2,0.887,MONITOR
corrosion,4,0.257,0.556,8.37,0.1,61.59,45000.0,730.6,0.882,MONITOR
corrosion,2,0.244,3.077,6.56,0.1,138.7,60000.0,432.6,0.826,MONITOR
crack,3,0.699,0.49,9.34,0.13,130.36,60000.0,460.3,0.711,ENGINEERING_ASSESSMENT
crack,4,0.694,1.577,9.35,0.42,438.43,35000.0,79.8,0.805,ENGINEERING_ASSESSMENT
crack,2,0.559,0.736,6.87,0.1,94.32,60000.0,636.1,0.893,ENGINEERING_ASSESSMENT
craze,3,0.502,0.6,3.58,0.1,82.5,25000.0,303.0,0.745,MONITOR
crack,2,0.863,0.228,8.69,0.25,251.8,35000.0,139.0,0.777,ENGINEERING_ASSESSMENT
hide_craze,2,0.643,0.272,9.16,0.1,65.09,35000.0,537.7,0.716,MONITOR
thunderstrike,1,0.296,0.227,7.93,0.1,73.92,35000.0,473.5,0.798,ENGINEERING_ASSESSMENT
thunderstrike,1,0.819,0.448,10.59,0.17,298.45,85000.0,284.8,0.799,ENGINEERING_ASSESSMENT
thunderstrike,1,0.525,5.809,3.34,0.1,123.98,25000.0,201.6,0.906,ENGINEERING_ASSESSMENT
corrosion,3,0.756,2.661,7.24,0.24,329.81,60000.0,181.9,0.834,MONITOR
surface_injure,4,0.83,3.137,7.76,1.59,1996.82,60000.0,30.0,0.739,REPAIR
craze,4,0.73,0.447,4.16,0.68,659.4,35000.0,53.1,0.712,MONITOR
corrosion,4,0.253,0.224,10.16,0.1,64.52,45000.0,697.5,0.924,MONITOR
corrosion,3,0.378,2.0,3.0,0.1,148.21,85000.0,573.5,0.737,MONITOR
surface_injure,1,0.816,1.808,5.83,0.32,322.94,85000.0,263.2,0.902,MONITOR
crack,1,0.7,0.403,4.63,0.1,104.35,85000.0,814.6,0.777,ENGINEERING_ASSESSMENT
thunderstrike,1,0.364,0.64,5.81,0.1,76.93,60000.0,779.9,0.893,ENGINEERING_ASSESSMENT
surface_injure,2,0.795,0.645,6.44,0.27,423.75,85000.0,200.6,0.921,MONITOR
craze,4,0.263,1.421,5.98,0.1,61.79,85000.0,1375.6,0.962,MONITOR
crack,3,0.57,0.699,4.82,0.1,111.55,45000.0,403.4,0.781,ENGINEERING_ASSESSMENT
craze,5,0.864,1.113,6.03,3.97,4924.84,35000.0,7.1,0.724,REPAIR
surface_injure,2,0.525,3.259,10.18,0.1,141.71,45000.0,317.5,0.886,MONITOR
surface_injure,3,0.287,4.808,3.0,0.1,93.37,25000.0,267.8,0.901,MONITOR
corrosion,5,0.759,1.559,6.51,0.82,1176.3,45000.0,38.3,0.85,MONITOR
hide_craze,3,0.462,2.143,3.0,0.1,157.18,25000.0,159.1,0.785,MONITOR
hide_craze,2,0.358,1.98,9.25,0.1,210.07,45000.0,214.2,0.715,MONITOR
hide_craze,2,0.517,0.271,4.81,0.1,102.25,60000.0,586.8,0.775,MONITOR
hide_craze,3,0.502,4.031,6.9,0.1,123.78,45000.0,363.5,0.887,MONITOR
crack,3,0.789,1.108,5.13,0.36,370.41,25000.0,67.5,0.812,ENGINEERING_ASSESSMENT
thunderstrike,2,0.452,1.738,5.88,0.1,178.43,45000.0,252.2,0.886,ENGINEERING_ASSESSMENT
craze,2,0.47,2.215,9.91,0.1,89.77,45000.0,501.3,0.715,MONITOR
corrosion,2,0.466,2.568,7.33,0.1,170.12,85000.0,499.6,0.755,MONITOR
hide_craze,3,0.735,0.929,4.94,0.47,310.35,85000.0,273.9,0.74,REPAIR
surface_injure,3,0.757,1.487,4.91,0.69,645.56,25000.0,38.7,0.708,REPAIR
craze,3,0.339,5.528,4.9,0.1,152.84,35000.0,229.0,0.748,MONITOR
thunderstrike,3,0.815,1.686,3.68,0.72,863.17,85000.0,98.5,0.958,ENGINEERING_ASSESSMENT
thunderstrike,2,0.192,0.19,3.8,0.1,106.54,25000.0,234.7,0.862,ENGINEERING_ASSESSMENT
hide_craze,3,0.812,5.793,5.56,0.47,566.06,60000.0,106.0,0.835,MONITOR
corrosion,2,0.613,9.369,5.34,0.12,168.09,85000.0,505.7,0.893,MONITOR
corrosion,4,0.563,8.141,6.13,0.1,78.68,60000.0,762.6,0.922,MONITOR
thunderstrike,1,0.256,1.12,4.33,0.1,76.71,35000.0,456.3,0.825,ENGINEERING_ASSESSMENT
thunderstrike,2,0.885,0.383,8.36,0.5,693.06,60000.0,86.6,0.952,ENGINEERING_ASSESSMENT
craze,2,0.302,6.163,8.17,0.1,148.78,25000.0,168.0,0.778,MONITOR
surface_injure,5,0.505,0.407,5.13,0.1,179.22,25000.0,139.5,0.737,MONITOR
hide_craze,4,0.406,0.286,4.1,0.1,201.66,60000.0,297.5,0.788,MONITOR
corrosion,2,0.306,0.66,3.03,0.1,140.16,60000.0,428.1,0.924,MONITOR
craze,3,0.631,0.316,4.69,0.12,181.68,45000.0,247.7,0.731,MONITOR
thunderstrike,2,0.284,0.971,3.48,0.1,125.88,45000.0,357.5,0.813,ENGINEERING_ASSESSMENT
crack,4,0.579,2.782,5.1,0.14,208.95,25000.0,119.6,0.799,ENGINEERING_ASSESSMENT
corrosion,3,0.497,2.323,10.16,0.1,116.78,35000.0,299.7,0.967,MONITOR
surface_injure,3,0.738,1.69,6.75,0.87,812.14,60000.0,73.9,0.926,REPAIR
crack,3,0.459,0.581,10.83,0.1,103.71,25000.0,241.1,0.89,ENGINEERING_ASSESSMENT
thunderstrike,3,0.601,0.273,4.98,0.1,185.04,60000.0,324.3,0.969,ENGINEERING_ASSESSMENT
thunderstrike,2,0.501,4.128,9.99,0.1,83.76,85000.0,1014.8,0.709,ENGINEERING_ASSESSMENT
crack,4,0.835,3.273,9.93,1.65,1724.9,35000.0,20.3,0.922,ENGINEERING_ASSESSMENT
hide_craze,1,0.276,2.983,6.43,0.1,143.84,35000.0,243.3,0.875,MONITOR
crack,1,0.824,3.536,6.12,0.28,411.13,35000.0,85.1,0.928,ENGINEERING_ASSESSMENT
hide_craze,3,0.524,5.913,9.28,0.1,182.24,25000.0,137.2,0.933,ENGINEERING_ASSESSMENT
craze,1,0.283,3.855,8.73,0.1,99.6,35000.0,351.4,0.802,MONITOR
crack,1,0.315,1.642,5.06,0.1,200.77,35000.0,174.3,0.942,ENGINEERING_ASSESSMENT
corrosion,2,0.39,1.446,11.58,0.1,153.59,85000.0,553.4,0.742,MONITOR
hide_craze,3,0.582,0.404,3.67,0.1,121.84,25000.0,205.2,0.845,MONITOR
crack,1,0.417,3.554,6.18,0.1,76.61,85000.0,1109.5,0.729,ENGINEERING_ASSESSMENT
hide_craze,2,0.585,2.84,11.6,0.1,136.64,35000.0,256.1,0.711,MONITOR
crack,1,0.254,0.804,3.6,0.1,111.7,60000.0,537.2,0.793,ENGINEERING_ASSESSMENT
thunderstrike,3,0.889,0.386,9.66,1.75,1869.66,25000.0,13.4,0.786,ENGINEERING_ASSESSMENT
crack,1,0.218,1.316,4.31,0.1,177.97,60000.0,337.1,0.907,ENGINEERING_ASSESSMENT
thunderstrike,4,0.675,0.236,16.45,0.38,466.07,60000.0,128.7,0.848,ENGINEERING_ASSESSMENT
craze,1,0.198,0.389,13.08,0.1,121.42,35000.0,288.3,0.726,MONITOR
corrosion,2,0.705,3.904,10.03,0.17,239.96,35000.0,145.9,0.773,MONITOR
hide_craze,4,0.676,2.369,14.97,0.29,437.92,45000.0,102.8,0.953,MONITOR
hide_craze,3,0.287,1.324,9.5,0.1,99.82,25000.0,250.5,0.903,MONITOR
crack,5,0.692,1.116,4.76,0.51,874.89,60000.0,68.6,0.702,ENGINEERING_ASSESSMENT
corrosion,3,0.258,0.385,3.29,0.1,143.21,35000.0,244.4,0.951,ENGINEERING_ASSESSMENT
corrosion,3,0.838,2.596,6.9,0.9,1490.95,45000.0,30.2,0.703,REPAIR
corrosion,3,0.871,4.185,7.77,1.2,1543.29,45000.0,29.2,0.75,REPAIR
thunderstrike,4,0.4,0.222,3.38,0.1,112.85,25000.0,221.5,0.916,ENGINEERING_ASSESSMENT
hide_craze,1,0.5,1.77,3.0,0.1,106.25,85000.0,800.0,0.706,MONITOR
thunderstrike,4,0.728,4.068,7.65,0.64,1050.33,35000.0,33.3,0.853,ENGINEERING_ASSESSMENT
corrosion,2,0.241,3.124,3.0,0.1,122.76,25000.0,203.6,0.777,MONITOR
crack,1,0.357,2.02,5.29,0.1,180.48,45000.0,249.3,0.744,ENGINEERING_ASSESSMENT
hide_craze,5,0.263,0.212,11.21,0.1,126.28,25000.0,198.0,0.736,MONITOR
hide_craze,2,0.912,7.163,12.99,0.75,909.33,25000.0,27.5,0.956,MONITOR
thunderstrike,3,0.51,3.924,13.67,0.1,123.78,60000.0,484.7,0.968,ENGINEERING_ASSESSMENT
crack,4,0.913,0.873,10.25,1.22,1049.77,85000.0,81.0,0.811,ENGINEERING_ASSESSMENT
craze,1,0.782,0.801,4.93,0.22,247.06,45000.0,182.1,0.735,MONITOR
craze,2,0.915,0.871,14.21,0.93,957.89,85000.0,88.7,0.945,MONITOR
thunderstrike,1,0.647,2.887,6.47,0.1,62.71,35000.0,558.1,0.916,ENGINEERING_ASSESSMENT
hide_craze,3,0.849,0.539,4.18,1.02,1270.9,35000.0,27.5,0.923,REPAIR
craze,2,0.757,4.139,5.56,0.22,186.39,60000.0,321.9,0.934,MONITOR
corrosion,2,0.43,2.557,13.78,0.1,125.45,45000.0,358.7,0.732,MONITOR
craze,1,0.809,0.345,9.32,0.25,299.04,85000.0,284.2,0.968,MONITOR
surface_injure,3,0.797,1.132,11.77,0.52,540.09,60000.0,111.1,0.853,ENGINEERING_ASSESSMENT
corrosion,2,0.857,1.103,3.5,0.79,1201.24,35000.0,29.1,0.927,REPAIR
corrosion,2,0.9,2.322,6.03,1.07,1465.56,85000.0,58.0,0.765,REPAIR
surface_injure,5,0.201,4.57,11.48,0.1,141.68,85000.0,599.9,0.704,ENGINEERING_ASSESSMENT
crack,4,0.939,3.185,8.96,2.85,3679.71,45000.0,12.2,0.89,ENGINEERING_ASSESSMENT
thunderstrike,1,0.46,0.317,3.97,0.1,115.29,60000.0,520.4,0.759,ENGINEERING_ASSESSMENT
crack,3,0.174,1.92,6.8,0.1,129.17,35000.0,271.0,0.723,ENGINEERING_ASSESSMENT
surface_injure,4,0.15,2.54,4.38,0.1,175.56,25000.0,142.4,0.815,MONITOR
hide_craze,3,0.627,1.532,3.76,0.1,95.22,35000.0,367.6,0.969,MONITOR
craze,4,0.247,2.986,7.86,0.1,104.72,45000.0,429.7,0.723,MONITOR
craze,2,0.865,2.151,11.83,0.76,681.99,35000.0,51.3,0.758,MONITOR
craze,1,0.723,1.951,11.29,0.1,124.51,25000.0,200.8,0.702,MONITOR
hide_craze,5,0.459,0.53,6.68,0.1,130.04,45000.0,346.0,0.968,MONITOR
craze,1,0.253,1.651,9.54,0.1,186.87,85000.0,454.9,0.81,MONITOR
thunderstrike,1,0.751,1.469,8.98,0.18,126.13,60000.0,475.7,0.8,ENGINEERING_ASSESSMENT
crack,5,0.805,4.856,12.76,1.41,1845.49,25000.0,13.5,0.837,ENGINEERING_ASSESSMENT
surface_injure,4,0.235,4.606,7.88,0.1,89.97,45000.0,500.2,0.864,MONITOR
surface_injure,2,0.232,1.815,6.75,0.1,73.61,35000.0,475.5,0.974,MONITOR
crack,3,0.896,0.929,7.04,1.72,1721.92,25000.0,14.5,0.718,ENGINEERING_ASSESSMENT
crack,2,0.652,7.258,6.18,0.1,92.01,85000.0,923.8,0.842,ENGINEERING_ASSESSMENT
corrosion,2,0.24,1.364,9.19,0.1,172.36,45000.0,261.1,0.781,MONITOR
craze,5,0.835,2.91,4.04,1.36,1190.64,45000.0,37.8,0.89,MONITOR
thunderstrike,1,0.464,1.025,4.68,0.1,96.55,35000.0,362.5,0.763,ENGINEERING_ASSESSMENT
crack,3,0.492,2.745,3.73,0.1,185.99,60000.0,322.6,0.887,ENGINEERING_ASSESSMENT
hide_craze,5,0.497,2.406,12.61,0.1,134.28,35000.0,260.6,0.831,MONITOR
hide_craze,3,0.882,4.491,4.54,1.32,1960.29,60000.0,30.6,0.715,REPAIR
thunderstrike,3,0.332,2.546,8.5,0.1,115.79,45000.0,388.6,0.728,ENGINEERING_ASSESSMENT
crack,2,0.473,0.199,9.24,0.1,119.3,45000.0,377.2,0.807,ENGINEERING_ASSESSMENT
crack,4,0.739,2.3,12.52,0.53,1110.62,25000.0,22.5,0.745,ENGINEERING_ASSESSMENT
craze,3,0.234,1.093,3.14,0.1,134.77,60000.0,445.2,0.837,MONITOR
crack,3,0.338,1.101,3.61,0.1,159.35,45000.0,282.4,0.826,ENGINEERING_ASSESSMENT
surface_injure,5,0.713,3.238,3.63,0.42,392.79,25000.0,63.6,0.858,MONITOR
craze,2,0.535,0.265,6.2,0.1,179.19,45000.0,251.1,0.746,ENGINEERING_ASSESSMENT
hide_craze,4,0.728,0.995,8.66,0.72,930.14,60000.0,64.5,0.81,MONITOR
surface_injure,1,0.22,4.723,10.32,0.1,166.07,85000.0,511.8,0.945,MONITOR
crack,2,0.728,0.882,9.25,0.16,107.48,25000.0,232.6,0.902,ENGINEERING_ASSESSMENT
thunderstrike,1,0.924,0.722,3.26,0.34,504.04,25000.0,49.6,0.82,ENGINEERING_ASSESSMENT
craze,5,0.376,1.592,8.6,0.1,156.67,85000.0,542.5,0.946,MONITOR
hide_craze,1,0.543,2.114,5.49,0.1,99.18,85000.0,857.0,0.857,MONITOR
surface_injure,1,0.311,0.229,6.24,0.1,200.63,35000.0,174.5,0.97,MONITOR
hide_craze,1,0.519,1.821,12.42,0.1,91.09,85000.0,933.1,0.727,MONITOR
thunderstrike,1,0.237,3.998,10.45,0.1,94.25,85000.0,901.9,0.904,ENGINEERING_ASSESSMENT
crack,3,0.57,3.199,6.64,0.1,128.97,25000.0,193.8,0.93,ENGINEERING_ASSESSMENT
thunderstrike,3,0.551,0.551,12.5,0.1,140.18,85000.0,606.4,0.894,ENGINEERING_ASSESSMENT
hide_craze,1,0.435,3.029,12.46,0.1,68.88,25000.0,363.0,0.821,MONITOR
surface_injure,1,0.687,3.909,9.25,0.11,173.23,45000.0,259.8,0.75,MONITOR
thunderstrike,2,0.976,1.47,3.05,1.14,831.89,60000.0,72.1,0.805,ENGINEERING_ASSESSMENT
corrosion,1,0.649,2.447,13.48,0.1,151.58,35000.0,230.9,0.851,MONITOR
thunderstrike,2,0.377,4.042,6.18,0.1,98.32,25000.0,254.3,0.812,ENGINEERING_ASSESSMENT
corrosion,3,0.468,1.76,9.97,0.1,136.9,25000.0,182.6,0.875,MONITOR
hide_craze,4,0.379,3.356,6.6,0.1,183.7,25000.0,136.1,0.919,MONITOR
craze,2,0.628,3.029,5.78,0.1,97.65,35000.0,358.4,0.741,MONITOR
surface_injure,3,0.83,1.736,9.08,1.18,1794.18,60000.0,33.4,0.935,REPAIR
craze,5,0.637,2.067,7.69,0.24,399.71,35000.0,87.6,0.858,MONITOR
thunderstrike,3,0.837,0.961,7.53,0.86,1127.97,60000.0,53.2,0.705,ENGINEERING_ASSESSMENT
thunderstrike,1,0.347,3.777,8.11,0.1,207.26,45000.0,217.1,0.734,ENGINEERING_ASSESSMENT
surface_injure,2,0.871,12.189,3.0,0.89,1291.77,35000.0,27.1,0.767,MONITOR
surface_injure,4,0.307,0.433,7.63,0.1,87.81,60000.0,683.3,0.796,MONITOR
thunderstrike,4,0.43,0.451,4.86,0.1,149.6,45000.0,300.8,0.921,ENGINEERING_ASSESSMENT
corrosion,1,0.556,2.823,14.3,0.1,130.74,25000.0,191.2,0.937,MONITOR
thunderstrike,5,0.543,1.923,10.62,0.1,127.01,60000.0,472.4,0.732,ENGINEERING_ASSESSMENT
hide_craze,2,0.475,0.818,4.75,0.1,93.0,85000.0,914.0,0.935,MONITOR
crack,1,0.954,3.404,3.04,0.44,920.76,45000.0,48.9,0.808,ENGINEERING_ASSESSMENT
craze,2,0.883,2.707,5.0,0.52,858.21,25000.0,29.1,0.813,MONITOR
surface_injure,5,0.961,0.374,4.19,2.61,2350.53,45000.0,19.1,0.764,REPAIR
craze,1,0.464,2.308,7.0,0.1,128.52,60000.0,466.9,0.9,MONITOR
hide_craze,1,0.818,3.166,12.59,0.28,193.26,85000.0,439.8,0.859,MONITOR
thunderstrike,5,0.544,0.663,7.9,0.25,277.65,25000.0,90.0,0.937,ENGINEERING_ASSESSMENT
hide_craze,1,0.642,0.753,8.69,0.1,181.77,85000.0,467.6,0.795,MONITOR
thunderstrike,3,0.7,1.488,3.35,0.4,398.14,45000.0,113.0,0.728,ENGINEERING_ASSESSMENT
crack,3,0.788,5.282,3.31,0.87,986.08,45000.0,45.6,0.808,ENGINEERING_ASSESSMENT
craze,2,0.52,1.568,3.0,0.1,65.3,35000.0,536.0,0.821,MONITOR
craze,1,0.459,1.988,6.64,0.1,74.15,35000.0,472.0,0.728,MONITOR
surface_injure,1,0.604,1.979,3.9,0.1,100.33,85000.0,847.2,0.963,MONITOR
surface_injure,1,0.714,0.481,10.02,0.1,79.43,45000.0,566.5,0.938,MONITOR
crack,4,0.525,0.243,8.22,0.1,72.23,60000.0,830.7,0.794,ENGINEERING_ASSESSMENT
surface_injure,3,0.385,0.949,15.73,0.1,109.74,60000.0,546.7,0.781,MONITOR
thunderstrike,1,0.939,2.516,12.78,0.56,884.85,25000.0,28.3,0.799,ENGINEERING_ASSESSMENT
surface_injure,1,0.695,1.752,13.76,0.1,163.71,45000.0,274.9,0.879,MONITOR
thunderstrike,1,0.5,8.279,8.49,0.1,80.61,25000.0,310.1,0.75,ENGINEERING_ASSESSMENT
crack,3,0.942,0.923,6.0,1.69,3120.14,35000.0,11.2,0.859,ENGINEERING_ASSESSMENT
surface_injure,3,0.445,4.64,5.01,0.1,78.33,45000.0,574.5,0.711,MONITOR
surface_injure,3,0.569,4.619,4.27,0.1,92.13,35000.0,379.9,0.851,MONITOR
surface_injure,3,0.522,5.242,4.02,0.1,146.07,25000.0,171.2,0.789,MONITOR
crack,3,0.659,0.206,7.5,0.27,469.48,35000.0,74.6,0.952,ENGINEERING_ASSESSMENT
hide_craze,5,0.77,0.954,6.16,1.77,1412.53,45000.0,31.9,0.718,REPAIR
thunderstrike,5,0.646,2.372,7.41,0.29,236.45,25000.0,105.7,0.797,ENGINEERING_ASSESSMENT
surface_injure,1,0.892,4.695,3.0,0.37,412.36,25000.0,60.6,0.905,MONITOR
craze,4,0.804,2.823,5.17,0.62,533.7,25000.0,46.8,0.818,MONITOR
thunderstrike,2,0.96,3.292,10.09,1.18,912.39,35000.0,38.4,0.861,ENGINEERING_ASSESSMENT
hide_craze,3,0.85,0.195,3.79,0.73,746.49,35000.0,46.9,0.863,REPAIR
hide_craze,1,0.494,0.749,6.07,0.1,129.34,60000.0,463.9,0.754,MONITOR
thunderstrike,1,0.742,2.026,3.0,0.11,109.35,45000.0,411.5,0.774,ENGINEERING_ASSESSMENT
crack,1,0.903,1.061,9.88,0.32,680.05,45000.0,66.2,0.839,ENGINEERING_ASSESSMENT
craze,1,0.36,0.76,6.87,0.1,120.98,45000.0,372.0,0.717,MONITOR
craze,5,0.254,1.384,4.9,0.1,128.74,85000.0,660.2,0.715,MONITOR
surface_injure,4,0.691,2.467,3.0,0.5,483.5,45000.0,93.1,0.951,MONITOR
craze,1,0.481,3.458,3.54,0.1,79.05,85000.0,1075.3,0.771,MONITOR
thunderstrike,1,0.861,0.239,12.64,0.27,357.58,60000.0,167.8,0.888,ENGINEERING_ASSESSMENT
crack,1,0.277,2.827,4.92,0.1,77.99,25000.0,320.6,0.815,ENGINEERING_ASSESSMENT
craze,2,0.668,0.338,7.8,0.11,72.93,25000.0,342.8,0.787,MONITOR
craze,4,0.628,0.878,3.0,0.21,313.42,25000.0,79.8,0.827,MONITOR
thunderstrike,1,0.582,5.951,18.88,0.1,65.68,85000.0,1294.2,0.762,ENGINEERING_ASSESSMENT
craze,2,0.6,1.694,6.91,0.1,85.6,35000.0,408.9,0.78,MONITOR
surface_injure,3,0.627,2.801,4.77,0.13,189.86,25000.0,131.7,0.72,ENGINEERING_ASSESSMENT
crack,1,0.902,0.244,3.0,0.29,272.63,35000.0,128.4,0.936,ENGINEERING_ASSESSMENT
hide_craze,2,0.418,1.249,3.0,0.1,122.21,25000.0,204.6,0.782,MONITOR
crack,5,0.246,2.809,8.33,0.1,128.39,35000.0,272.6,0.753,ENGINEERING_ASSESSMENT
thunderstrike,1,0.438,4.519,11.01,0.1,83.31,85000.0,1020.3,0.977,ENGINEERING_ASSESSMENT
thunderstrike,1,0.318,1.105,4.66,0.1,106.93,25000.0,233.8,0.727,ENGINEERING_ASSESSMENT
hide_craze,2,0.477,3.736,3.0,0.1,95.83,35000.0,365.2,0.792,MONITOR
surface_injure,3,0.224,3.264,9.17,0.1,132.08,25000.0,189.3,0.859,MONITOR
corrosion,2,0.937,0.81,4.71,0.75,1224.01,60000.0,49.0,0.799,REPAIR
hide_craze,2,0.809,3.211,9.07,0.38,523.03,45000.0,86.0,0.867,MONITOR
crack,5,0.181,1.317,9.1,0.1,123.65,85000.0,687.4,0.703,ENGINEERING_ASSESSMENT
craze,3,0.334,0.779,4.9,0.1,85.47,35000.0,409.5,0.721,MONITOR
thunderstrike,1,0.839,3.172,6.46,0.39,399.44,25000.0,62.6,0.762,ENGINEERING_ASSESSMENT
craze,3,0.286,1.044,3.0,0.1,137.85,85000.0,616.6,0.976,MONITOR
crack,1,0.672,0.72,4.79,0.1,103.91,45000.0,433.1,0.771,ENGINEERING_ASSESSMENT
crack,1,0.62,5.07,3.0,0.1,198.0,85000.0,429.3,0.888,ENGINEERING_ASSESSMENT
thunderstrike,2,0.517,1.509,7.91,0.1,191.56,60000.0,313.2,0.935,ENGINEERING_ASSESSMENT
craze,4,0.752,2.86,3.18,0.78,765.79,35000.0,45.7,0.806,MONITOR
hide_craze,3,0.644,0.3,8.02,0.1,99.74,60000.0,601.6,0.806,MONITOR
crack,2,0.56,0.34,4.48,0.1,109.41,85000.0,776.9,0.944,ENGINEERING_ASSESSMENT
craze,2,0.673,6.031,8.76,0.14,205.66,45000.0,218.8,0.969,MONITOR
hide_craze,4,0.586,14.141,8.96,0.2,235.14,85000.0,361.5,0.973,MONITOR
corrosion,3,0.72,7.024,11.56,0.71,963.1,35000.0,36.3,0.921,REPAIR
hide_craze,2,0.477,0.249,8.98,0.1,97.02,85000.0,876.1,0.885,MONITOR
crack,3,0.276,0.513,5.29,0.1,118.22,85000.0,719.0,0.841,ENGINEERING_ASSESSMENT
craze,2,0.74,3.758,11.42,0.17,287.77,45000.0,156.4,0.967,MONITOR
hide_craze,3,0.306,0.979,4.59,0.1,125.72,35000.0,278.4,0.837,MONITOR
crack,4,0.761,0.616,7.55,1.3,948.32,45000.0,47.5,0.962,ENGINEERING_ASSESSMENT
thunderstrike,5,0.356,0.199,7.99,0.1,156.99,25000.0,159.2,0.93,ENGINEERING_ASSESSMENT
surface_injure,4,0.351,0.478,11.2,0.1,121.42,85000.0,700.0,0.961,MONITOR
hide_craze,2,0.778,0.902,5.15,0.44,469.05,25000.0,53.3,0.779,MONITOR
surface_injure,1,0.353,3.536,7.11,0.1,146.48,45000.0,307.2,0.781,MONITOR
hide_craze,2,0.822,1.935,4.66,0.4,407.63,85000.0,208.5,0.779,MONITOR
craze,1,0.738,1.695,3.95,0.15,134.58,45000.0,334.4,0.884,MONITOR
corrosion,3,0.821,0.907,4.4,0.58,654.5,60000.0,91.7,0.843,ENGINEERING_ASSESSMENT
thunderstrike,3,0.688,0.988,3.3,0.25,249.29,45000.0,180.5,0.87,ENGINEERING_ASSESSMENT
hide_craze,2,0.696,2.564,5.34,0.33,310.16,25000.0,80.6,0.799,MONITOR
corrosion,3,0.218,3.469,12.07,0.1,174.26,85000.0,487.8,0.857,MONITOR
corrosion,5,0.536,1.05,7.53,0.12,117.62,35000.0,297.6,0.743,ENGINEERING_ASSESSMENT
thunderstrike,3,0.337,0.638,3.0,0.1,168.46,35000.0,207.8,0.968,ENGINEERING_ASSESSMENT
corrosion,4,0.363,1.207,3.45,0.1,100.86,25000.0,247.9,0.975,MONITOR
thunderstrike,3,0.672,1.956,3.0,0.1,92.82,45000.0,484.8,0.742,ENGINEERING_ASSESSMENT
craze,1,0.551,4.024,11.01,0.1,127.85,60000.0,469.3,0.783,MONITOR
corrosion,4,0.386,0.434,3.0,0.1,125.76,25000.0,198.8,0.748,MONITOR
surface_injure,1,0.372,0.63,5.85,0.1,106.32,60000.0,564.3,0.799,MONITOR
crack,1,0.813,2.551,3.41,0.19,162.61,45000.0,276.7,0.724,ENGINEERING_ASSESSMENT
hide_craze,3,0.597,0.531,4.09,0.1,123.41,60000.0,486.2,0.706,MONITOR
thunderstrike,1,0.34,5.376,3.0,0.1,200.46,85000.0,424.0,0.739,ENGINEERING_ASSESSMENT
crack,2,0.735,5.133,10.14,0.32,197.52,35000.0,177.2,0.818,ENGINEERING_ASSESSMENT
crack,1,0.502,1.154,4.24,0.1,94.33,25000.0,265.0,0.885,ENGINEERING_ASSESSMENT
corrosion,1,0.935,0.892,9.28,0.48,673.27,85000.0,126.2,0.931,MONITOR
hide_craze,2,0.822,1.503,3.74,0.4,511.97,85000.0,166.0,0.785,MONITOR
craze,3,0.846,0.185,9.43,0.78,1358.08,85000.0,62.6,0.758,REPAIR
craze,1,0.242,1.762,10.18,0.1,117.41,85000.0,724.0,0.755,MONITOR
surface_injure,2,0.331,1.569,7.39,0.1,127.82,85000.0,665.0,0.951,MONITOR
corrosion,3,0.515,0.272,3.3,0.1,119.37,35000.0,293.2,0.777,MONITOR
craze,2,0.914,1.755,13.21,0.78,529.54,45000.0,85.0,0.732,MONITOR
thunderstrike,5,0.246,1.24,3.29,0.1,217.11,85000.0,391.5,0.809,ENGINEERING_ASSESSMENT
hide_craze,4,0.3,0.47,5.63,0.1,134.32,35000.0,260.6,0.955,MONITOR
surface_injure,1,0.892,0.855,10.73,0.26,203.38,25000.0,122.9,0.793,MONITOR
crack,4,0.256,0.256,6.26,0.1,154.88,25000.0,161.4,0.748,ENGINEERING_ASSESSMENT
surface_injure,5,0.319,4.754,3.0,0.1,155.07,60000.0,386.9,0.827,MONITOR
corrosion,1,0.485,2.425,8.68,0.1,100.52,35000.0,348.2,0.883,MONITOR
thunderstrike,4,0.543,0.971,6.84,0.1,155.82,45000.0,288.8,0.84,ENGINEERING_ASSESSMENT
thunderstrike,2,0.529,4.608,8.54,0.1,120.29,35000.0,291.0,0.808,ENGINEERING_ASSESSMENT
corrosion,3,0.872,0.969,5.92,1.29,856.51,35000.0,40.9,0.713,REPAIR
thunderstrike,3,0.312,0.441,9.2,0.1,211.51,60000.0,283.7,0.816,ENGINEERING_ASSESSMENT
thunderstrike,2,0.296,4.591,3.14,0.1,93.65,35000.0,373.7,0.807,ENGINEERING_ASSESSMENT
thunderstrike,3,0.51,2.513,3.0,0.1,120.81,25000.0,206.9,0.887,ENGINEERING_ASSESSMENT
crack,3,0.5,0.783,10.8,0.1,106.61,25000.0,234.5,0.947,ENGINEERING_ASSESSMENT
hide_craze,2,0.748,1.047,12.81,0.14,109.01,60000.0,550.4,0.761,MONITOR
corrosion,4,0.845,1.049,6.59,1.55,1625.8,45000.0,27.7,0.947,ENGINEERING_ASSESSMENT
crack,4,0.357,1.151,10.85,0.1,77.87,35000.0,449.5,0.797,ENGINEERING_ASSESSMENT
corrosion,4,0.701,6.22,3.0,0.58,931.12,85000.0,91.3,0.703,MONITOR
thunderstrike,2,0.471,2.765,5.66,0.1,145.52,35000.0,240.5,0.977,ENGINEERING_ASSESSMENT
crack,4,0.975,0.503,5.41,2.59,3521.07,35000.0,9.9,0.85,ENGINEERING_ASSESSMENT
hide_craze,1,0.919,0.54,7.69,0.54,720.17,35000.0,48.6,0.959,MONITOR
corrosion,2,0.275,1.546,6.78,0.1,117.28,25000.0,213.2,0.839,MONITOR
crack,4,0.64,0.245,5.55,0.22,478.9,45000.0,94.0,0.941,ENGINEERING_ASSESSMENT
thunderstrike,2,0.977,2.457,14.47,1.06,763.43,25000.0,32.7,0.907,ENGINEERING_ASSESSMENT
hide_craze,3,0.643,0.768,6.08,0.1,158.92,45000.0,283.2,0.955,MONITOR
surface_injure,3,0.335,2.888,6.72,0.1,130.45,85000.0,651.6,0.979,ENGINEERING_ASSESSMENT
crack,2,0.556,1.005,3.0,0.1,147.59,25000.0,169.4,0.894,ENGINEERING_ASSESSMENT
surface_injure,2,0.831,1.71,10.07,0.45,735.45,45000.0,61.2,0.769,MONITOR
crack,4,0.828,1.239,15.96,1.19,1537.79,45000.0,29.3,0.841,ENGINEERING_ASSESSMENT
crack,3,0.606,1.799,9.84,0.1,116.03,85000.0,732.6,0.754,ENGINEERING_ASSESSMENT
crack,1,0.456,4.234,3.93,0.1,129.07,35000.0,271.2,0.818,ENGINEERING_ASSESSMENT
hide_craze,1,0.575,6.029,11.61,0.1,84.87,60000.0,707.0,0.957,MONITOR
corrosion,2,0.271,0.338,3.77,0.1,91.36,25000.0,273.6,0.781,MONITOR
hide_craze,2,0.703,0.545,8.99,0.11,175.74,85000.0,483.7,0.705,MONITOR
hide_craze,1,0.561,1.368,3.24,0.1,99.75,35000.0,350.9,0.893,MONITOR
corrosion,2,0.469,6.437,12.51,0.1,186.47,25000.0,134.1,0.793,MONITOR
crack,2,0.821,0.348,10.05,0.65,902.2,60000.0,66.5,0.744,ENGINEERING_ASSESSMENT
thunderstrike,2,0.519,1.193,7.35,0.1,98.86,25000.0,252.9,0.895,ENGINEERING_ASSESSMENT
thunderstrike,2,0.382,10.243,5.58,0.1,96.84,25000.0,258.2,0.963,ENGINEERING_ASSESSMENT
corrosion,2,0.346,3.34,8.46,0.1,93.6,35000.0,373.9,0.752,ENGINEERING_ASSESSMENT
thunderstrike,2,0.627,2.666,13.37,0.1,63.4,45000.0,709.8,0.895,ENGINEERING_ASSESSMENT
crack,5,0.261,0.408,6.95,0.1,73.62,60000.0,815.0,0.953,ENGINEERING_ASSESSMENT
thunderstrike,2,0.505,4.478,5.24,0.1,91.94,45000.0,489.4,0.74,ENGINEERING_ASSESSMENT
surface_injure,4,0.775,1.377,7.75,0.48,553.12,45000.0,81.4,0.705,MONITOR
craze,3,0.454,0.604,9.59,0.1,190.15,25000.0,131.5,0.712,ENGINEERING_ASSESSMENT
hide_craze,2,0.269,2.001,6.06,0.1,118.11,60000.0,508.0,0.802,MONITOR
thunderstrike,2,0.52,2.092,6.14,0.1,152.32,45000.0,295.4,0.736,ENGINEERING_ASSESSMENT
corrosion,3,0.653,0.384,6.81,0.1,109.51,85000.0,776.2,0.799,MONITOR
surface_injure,5,0.769,0.589,8.06,0.54,556.99,35000.0,62.8,0.975,MONITOR
surface_injure,1,0.896,2.47,4.66,0.45,758.75,35000.0,46.1,0.837,MONITOR
thunderstrike,4,0.432,0.716,4.75,0.1,156.98,85000.0,541.5,0.808,ENGINEERING_ASSESSMENT
craze,1,0.339,2.311,4.91,0.1,114.17,45000.0,394.1,0.889,MONITOR
crack,3,0.778,0.304,3.84,0.6,791.95,85000.0,107.3,0.87,ENGINEERING_ASSESSMENT
thunderstrike,2,0.614,0.529,6.55,0.1,182.84,85000.0,464.9,0.759,ENGINEERING_ASSESSMENT
hide_craze,1,0.263,1.183,10.22,0.1,103.37,35000.0,338.6,0.752,MONITOR
crack,4,0.497,8.55,13.11,0.1,179.42,85000.0,473.7,0.924,ENGINEERING_ASSESSMENT
corrosion,3,0.284,0.592,9.19,0.1,214.73,35000.0,163.0,0.887,MONITOR
thunderstrike,4,0.705,5.659,5.33,0.49,335.83,45000.0,134.0,0.814,ENGINEERING_ASSESSMENT
corrosion,5,0.453,6.846,10.38,0.1,116.26,25000.0,215.0,0.901,MONITOR
surface_injure,3,0.454,1.223,11.13,0.1,93.2,60000.0,643.8,0.877,MONITOR
surface_injure,2,0.509,0.322,7.52,0.1,99.05,35000.0,353.4,0.907,MONITOR
surface_injure,4,0.373,2.046,10.11,0.1,137.59,60000.0,436.1,0.837,MONITOR
hide_craze,1,0.725,5.054,5.97,0.1,120.68,45000.0,372.9,0.794,MONITOR
craze,1,0.384,2.714,9.7,0.1,87.9,35000.0,398.2,0.849,MONITOR
corrosion,1,0.937,0.951,11.46,0.91,1092.49,25000.0,22.9,0.833,MONITOR
thunderstrike,1,0.588,2.288,9.7,0.1,211.03,60000.0,284.3,0.951,ENGINEERING_ASSESSMENT
surface_injure,2,0.632,0.52,7.42,0.1,142.09,35000.0,246.3,0.743,MONITOR
craze,4,0.789,0.699,5.87,0.73,624.59,45000.0,72.0,0.742,REPAIR
corrosion,1,0.491,1.09,9.1,0.1,69.81,85000.0,1217.6,0.886,ENGINEERING_ASSESSMENT
hide_craze,3,0.446,5.896,8.01,0.1,97.96,25000.0,255.2,0.932,MONITOR
surface_injure,5,0.444,8.206,3.0,0.1,127.41,35000.0,274.7,0.765,MONITOR
surface_injure,5,0.405,2.713,9.66,0.1,131.69,85000.0,645.5,0.917,MONITOR
thunderstrike,3,0.735,0.636,10.43,0.28,383.59,85000.0,221.6,0.902,ENGINEERING_ASSESSMENT
hide_craze,1,0.214,0.84,6.04,0.1,125.73,85000.0,676.1,0.707,MONITOR
crack,4,0.482,0.86,3.0,0.1,151.54,35000.0,231.0,0.92,ENGINEERING_ASSESSMENT
thunderstrike,5,0.422,4.378,9.5,0.1,135.47,60000.0,442.9,0.717,ENGINEERING_ASSESSMENT
thunderstrike,1,0.591,3.305,8.99,0.1,154.51,60000.0,388.3,0.742,ENGINEERING_ASSESSMENT
crack,3,0.74,2.22,6.12,0.3,534.82,60000.0,112.2,0.926,ENGINEERING_ASSESSMENT
thunderstrike,4,0.556,6.505,5.4,0.1,171.42,85000.0,495.9,0.785,ENGINEERING_ASSESSMENT
hide_craze,1,0.854,0.911,4.83,0.2,247.74,45000.0,181.6,0.835,MONITOR
corrosion,4,0.796,5.668,5.26,1.29,2384.51,85000.0,35.6,0.731,REPAIR
corrosion,3,0.685,2.87,7.97,0.31,302.38,45000.0,148.8,0.774,ENGINEERING_ASSESSMENT
hide_craze,3,0.732,1.325,7.71,0.37,266.57,25000.0,93.8,0.849,ENGINEERING_ASSESSMENT
corrosion,4,0.851,2.508,6.23,1.66,2728.52,35000.0,12.8,0.707,REPAIR
corrosion,1,0.693,1.181,10.75,0.1,142.22,25000.0,175.8,0.869,MONITOR
thunderstrike,1,0.334,0.287,3.33,0.1,137.97,45000.0,326.2,0.825,ENGINEERING_ASSESSMENT
corrosion,3,0.832,0.234,7.72,0.82,1246.72,60000.0,48.1,0.928,REPAIR
craze,2,0.463,4.589,3.0,0.1,128.98,45000.0,348.9,0.891,MONITOR
corrosion,3,0.695,2.422,7.34,0.16,185.83,25000.0,134.5,0.759,MONITOR
craze,5,0.299,0.5,5.84,0.1,148.13,85000.0,573.8,0.961,MONITOR
craze,1,0.514,2.847,3.61,0.1,94.02,60000.0,638.2,0.92,MONITOR
craze,3,0.635,1.974,3.39,0.1,98.72,35000.0,354.5,0.819,MONITOR
surface_injure,4,0.611,0.882,6.2,0.1,96.63,25000.0,258.7,0.798,MONITOR
hide_craze,1,0.574,0.512,3.22,0.1,133.29,85000.0,637.7,0.974,MONITOR
surface_injure,1,0.271,1.712,11.96,0.1,135.99,35000.0,257.4,0.77,MONITOR
hide_craze,4,0.38,1.529,4.51,0.1,119.39,85000.0,712.0,0.826,MONITOR
hide_craze,3,0.184,6.769,3.23,0.1,128.49,85000.0,661.5,0.89,MONITOR
hide_craze,5,0.47,0.864,3.4,0.1,97.98,60000.0,612.4,0.72,MONITOR
crack,2,0.836,0.743,7.32,0.62,793.24,45000.0,56.7,0.761,ENGINEERING_ASSESSMENT
crack,2,0.54,0.341,6.14,0.1,140.84,25000.0,177.5,0.739,ENGINEERING_ASSESSMENT
hide_craze,2,0.858,0.203,6.56,0.56,542.79,60000.0,110.5,0.924,ENGINEERING_ASSESSMENT
crack,2,0.853,0.778,3.0,0.68,820.61,35000.0,42.7,0.923,ENGINEERING_ASSESSMENT
corrosion,2,0.472,1.206,6.33,0.1,94.46,25000.0,264.7,0.811,MONITOR
hide_craze,3,0.291,1.487,3.0,0.1,88.17,60000.0,680.5,0.829,MONITOR
crack,1,0.84,4.496,6.18,0.21,348.39,85000.0,244.0,0.819,ENGINEERING_ASSESSMENT
crack,1,0.912,3.99,4.88,0.36,340.76,45000.0,132.1,0.858,ENGINEERING_ASSESSMENT
hide_craze,2,0.872,0.682,7.3,0.68,620.05,35000.0,56.4,0.916,MONITOR
crack,2,0.298,1.02,3.0,0.1,80.15,35000.0,436.7,0.915,ENGINEERING_ASSESSMENT
surface_injure,2,0.569,2.985,10.88,0.1,138.95,85000.0,611.7,0.718,MONITOR
thunderstrike,3,0.332,5.14,10.52,0.1,92.67,85000.0,917.2,0.963,ENGINEERING_ASSESSMENT
craze,5,0.698,2.929,12.93,0.24,220.41,35000.0,158.8,0.94,MONITOR
craze,1,0.447,9.516,4.37,0.1,103.13,25000.0,242.4,0.897,MONITOR
thunderstrike,1,0.26,0.625,12.9,0.1,167.19,25000.0,149.5,0.71,ENGINEERING_ASSESSMENT
thunderstrike,1,0.799,0.774,8.08,0.13,170.93,60000.0,351.0,0.822,ENGINEERING_ASSESSMENT
surface_injure,1,0.777,0.671,3.0,0.1,108.07,45000.0,416.4,0.855,MONITOR
thunderstrike,5,0.521,0.948,3.33,0.1,106.5,25000.0,234.7,0.943,ENGINEERING_ASSESSMENT
thunderstrike,5,0.56,8.385,6.71,0.1,100.59,45000.0,447.4,0.747,ENGINEERING_ASSESSMENT
crack,2,0.45,3.612,3.0,0.1,116.51,45000.0,386.2,0.766,ENGINEERING_ASSESSMENT
corrosion,3,0.568,3.868,5.73,0.1,145.81,35000.0,240.0,0.731,MONITOR
craze,3,0.503,5.953,3.28,0.1,164.34,85000.0,517.2,0.973,MONITOR
craze,5,0.38,2.402,3.0,0.1,110.3,85000.0,770.6,0.87,MONITOR
hide_craze,4,0.491,1.33,15.63,0.1,118.88,85000.0,715.0,0.941,MONITOR
corrosion,1,0.622,4.284,11.21,0.1,170.41,60000.0,352.1,0.888,MONITOR
hide_craze,1,0.628,5.651,8.08,0.1,178.89,25000.0,139.8,0.763,MONITOR
thunderstrike,1,0.659,2.36,5.23,0.1,135.39,25000.0,184.7,0.731,ENGINEERING_ASSESSMENT
hide_craze,1,0.71,2.058,14.21,0.1,205.04,25000.0,121.9,0.73,MONITOR
hide_craze,4,0.733,5.845,10.27,0.45,327.87,85000.0,259.2,0.867,MONITOR
craze,1,0.492,0.836,3.57,0.1,74.5,45000.0,604.0,0.816,MONITOR
craze,3,0.98,2.449,5.09,2.04,2348.65,25000.0,10.6,0.847,ENGINEERING_ASSESSMENT
craze,3,0.379,0.945,9.12,0.1,190.15,35000.0,184.1,0.916,MONITOR
corrosion,1,0.416,0.663,12.12,0.1,134.38,45000.0,334.9,0.865,MONITOR
thunderstrike,3,0.263,1.263,8.37,0.1,174.63,45000.0,257.7,0.866,ENGINEERING_ASSESSMENT
corrosion,1,0.825,1.018,15.11,0.2,296.54,45000.0,151.8,0.972,MONITOR
hide_craze,3,0.53,1.136,3.71,0.1,87.31,60000.0,687.2,0.822,MONITOR
thunderstrike,1,0.936,2.256,4.79,0.62,801.89,60000.0,74.8,0.944,ENGINEERING_ASSESSMENT
thunderstrike,1,0.33,0.993,5.42,0.1,78.63,35000.0,445.1,0.734,ENGINEERING_ASSESSMENT
corrosion,3,0.616,3.897,3.34,0.11,144.53,45000.0,311.4,0.816,MONITOR
thunderstrike,2,0.98,4.91,5.51,1.25,1372.06,60000.0,43.7,0.952,ENGINEERING_ASSESSMENT
crack,3,0.442,1.017,6.94,0.1,101.79,60000.0,589.4,0.769,ENGINEERING_ASSESSMENT
hide_craze,4,0.309,0.724,3.0,0.1,167.29,60000.0,358.7,0.963,MONITOR
thunderstrike,3,0.792,1.114,5.59,0.41,606.88,35000.0,57.7,0.94,ENGINEERING_ASSESSMENT
corrosion,4,0.441,1.283,7.27,0.1,164.72,45000.0,273.2,0.895,MONITOR
thunderstrike,4,0.871,2.213,6.42,1.75,2453.35,35000.0,14.3,0.792,ENGINEERING_ASSESSMENT
craze,5,0.628,0.982,8.58,0.15,215.97,35000.0,162.1,0.873,ENGINEERING_ASSESSMENT
hide_craze,2,0.466,0.388,6.07,0.1,134.34,35000.0,260.5,0.82,MONITOR
crack,3,0.857,5.606,6.04,1.62,1323.38,25000.0,18.9,0.863,ENGINEERING_ASSESSMENT
thunderstrike,1,0.486,0.277,5.06,0.1,151.24,60000.0,396.7,0.958,ENGINEERING_ASSESSMENT
hide_craze,3,0.784,1.013,3.0,0.56,475.29,60000.0,126.2,0.792,ENGINEERING_ASSESSMENT
corrosion,3,0.653,10.29,3.0,0.32,505.7,25000.0,49.4,0.721,MONITOR
surface_injure,4,0.16,0.617,10.77,0.1,166.92,45000.0,269.6,0.791,MONITOR
thunderstrike,1,0.95,0.708,3.0,0.5,692.19,25000.0,36.1,0.702,ENGINEERING_ASSESSMENT
crack,2,0.854,4.043,4.3,0.52,505.75,25000.0,49.4,0.897,ENGINEERING_ASSESSMENT
crack,2,0.821,3.483,8.57,0.38,451.58,35000.0,77.5,0.847,ENGINEERING_ASSESSMENT
thunderstrike,2,0.627,2.073,3.8,0.1,93.74,85000.0,906.8,0.742,ENGINEERING_ASSESSMENT
craze,3,0.606,1.612,8.26,0.1,131.64,60000.0,455.8,0.811,ENGINEERING_ASSESSMENT
corrosion,1,0.814,4.064,10.66,0.21,273.52,60000.0,219.4,0.739,MONITOR
surface_injure,1,0.224,1.137,13.23,0.1,108.88,35000.0,321.5,0.914,MONITOR
hide_craze,3,0.846,0.834,3.0,1.16,1350.01,35000.0,25.9,0.872,REPAIR
thunderstrike,4,0.974,0.545,10.07,2.96,4661.81,60000.0,12.9,0.935,ENGINEERING_ASSESSMENT
craze,2,0.648,3.098,4.72,0.1,88.28,45000.0,509.7,0.938,ENGINEERING_ASSESSMENT
corrosion,3,0.64,0.673,8.43,0.1,125.32,60000.0,478.8,0.924,MONITOR
hide_craze,5,0.879,4.469,4.85,3.63,3992.4,45000.0,11.3,0.709,REPAIR
surface_injure,3,0.845,0.936,8.18,0.77,995.13,45000.0,45.2,0.756,REPAIR
hide_craze,5,0.541,0.62,3.2,0.1,83.13,35000.0,421.0,0.833,MONITOR
crack,2,0.677,5.598,6.6,0.15,121.32,85000.0,700.6,0.767,ENGINEERING_ASSESSMENT
surface_injure,2,0.644,0.588,8.38,0.1,91.82,35000.0,381.2,0.75,MONITOR
hide_craze,3,0.601,1.031,7.45,0.1,146.29,60000.0,410.1,0.794,MONITOR
crack,2,0.436,0.383,4.99,0.1,107.17,25000.0,233.3,0.891,ENGINEERING_ASSESSMENT
crack,4,0.846,1.928,7.79,1.5,1685.74,60000.0,35.6,0.757,ENGINEERING_ASSESSMENT
thunderstrike,2,0.932,0.384,3.08,1.01,817.77,60000.0,73.4,0.867,ENGINEERING_ASSESSMENT
corrosion,1,0.735,4.424,11.99,0.1,179.07,35000.0,195.5,0.885,MONITOR
thunderstrike,5,0.598,0.7,5.54,0.22,216.27,25000.0,115.6,0.877,ENGINEERING_ASSESSMENT
craze,1,0.728,1.985,3.04,0.12,134.98,45000.0,333.4,0.809,MONITOR
surface_injure,3,0.431,2.997,9.25,0.1,139.75,85000.0,608.2,0.797,MONITOR
corrosion,1,0.695,1.076,11.8,0.1,122.07,85000.0,696.3,0.971,MONITOR
crack,1,0.885,3.389,7.13,0.36,571.22,45000.0,78.8,0.923,ENGINEERING_ASSESSMENT
hide_craze,2,0.782,4.737,3.2,0.29,311.28,45000.0,144.6,0.834,MONITOR
corrosion,1,0.51,1.373,7.68,0.1,193.18,60000.0,310.6,0.868,MONITOR
crack,5,0.454,0.371,8.18,0.1,184.91,25000.0,135.2,0.839,ENGINEERING_ASSESSMENT
corrosion,3,0.825,2.128,9.19,0.65,1061.24,60000.0,56.5,0.962,MONITOR
craze,4,0.223,1.48,4.9,0.1,133.24,35000.0,262.7,0.927,MONITOR
hide_craze,2,0.446,5.152,13.59,0.1,80.84,35000.0,433.0,0.851,MONITOR
thunderstrike,2,0.905,5.2,10.36,0.81,777.29,25000.0,32.2,0.974,ENGINEERING_ASSESSMENT
thunderstrike,2,0.931,0.424,8.09,1.12,1552.17,25000.0,16.1,0.871,ENGINEERING_ASSESSMENT
hide_craze,4,0.615,1.117,10.16,0.19,324.15,35000.0,108.0,0.806,MONITOR
thunderstrike,3,0.4,0.317,6.85,0.1,64.41,25000.0,388.1,0.706,ENGINEERING_ASSESSMENT
hide_craze,1,0.864,0.73,8.55,0.12,73.34,35000.0,477.2,0.909,MONITOR
corrosion,1,0.238,0.275,9.11,0.1,127.67,60000.0,470.0,0.965,ENGINEERING_ASSESSMENT
hide_craze,3,0.919,2.577,9.21,1.55,1292.31,85000.0,65.8,0.833,REPAIR
surface_injure,3,0.404,0.227,9.78,0.1,184.42,45000.0,244.0,0.909,MONITOR
craze,2,0.583,1.442,8.67,0.1,134.59,35000.0,260.0,0.748,MONITOR
surface_injure,4,0.35,2.225,4.88,0.1,117.29,85000.0,724.7,0.902,MONITOR
craze,1,0.928,1.072,12.43,0.4,638.3,85000.0,133.2,0.803,MONITOR
crack,3,0.876,2.641,4.39,0.99,976.28,35000.0,35.9,0.701,ENGINEERING_ASSESSMENT
thunderstrike,3,0.539,3.771,7.14,0.1,140.08,35000.0,249.9,0.961,ENGINEERING_ASSESSMENT
craze,5,0.478,0.198,3.34,0.1,131.79,60000.0,455.3,0.921,ENGINEERING_ASSESSMENT
hide_craze,1,0.356,1.756,8.0,0.1,82.71,85000.0,1027.7,0.738,MONITOR
craze,1,0.361,4.003,5.77,0.1,113.71,60000.0,527.7,0.966,ENGINEERING_ASSESSMENT
hide_craze,3,0.283,2.2,9.3,0.1,93.78,45000.0,479.8,0.743,MONITOR
thunderstrike,3,0.324,2.531,3.3,0.1,171.61,25000.0,145.7,0.971,ENGINEERING_ASSESSMENT
craze,4,0.72,1.106,8.55,0.88,1172.72,85000.0,72.5,0.819,MONITOR
craze,3,0.892,1.246,3.0,1.01,1037.6,85000.0,81.9,0.836,REPAIR
thunderstrike,1,0.681,2.892,6.68,0.1,108.82,35000.0,321.6,0.945,ENGINEERING_ASSESSMENT
hide_craze,4,0.662,1.32,6.53,0.3,242.66,35000.0,144.2,0.901,MONITOR
thunderstrike,2,0.849,1.47,8.76,0.68,585.08,45000.0,76.9,0.708,ENGINEERING_ASSESSMENT
thunderstrike,2,0.787,0.866,9.02,0.78,801.23,60000.0,74.9,0.894,ENGINEERING_ASSESSMENT
surface_injure,3,0.714,1.207,6.21,0.36,479.51,35000.0,73.0,0.775,MONITOR
thunderstrike,1,0.438,3.234,7.4,0.1,87.8,85000.0,968.1,0.891,ENGINEERING_ASSESSMENT
thunderstrike,2,0.677,0.393,3.11,0.14,122.1,60000.0,491.4,0.923,ENGINEERING_ASSESSMENT
surface_injure,5,0.436,3.547,11.25,0.1,120.41,25000.0,207.6,0.84,MONITOR
surface_injure,3,0.456,0.409,5.9,0.1,149.92,45000.0,300.2,0.825,MONITOR
crack,2,0.476,0.376,3.17,0.1,184.72,25000.0,135.3,0.979,ENGINEERING_ASSESSMENT
hide_craze,1,0.2,1.525,5.87,0.1,139.14,45000.0,323.4,0.741,MONITOR
hide_craze,3,0.777,1.416,5.81,0.69,884.3,60000.0,67.9,0.718,REPAIR
thunderstrike,3,0.632,1.08,3.17,0.26,430.38,45000.0,104.6,0.729,ENGINEERING_ASSESSMENT
thunderstrike,3,0.932,0.444,4.12,1.26,1561.15,60000.0,38.4,0.979,ENGINEERING_ASSESSMENT
hide_craze,3,0.564,2.67,12.99,0.1,115.51,60000.0,519.4,0.962,MONITOR
surface_injure,5,0.383,0.358,6.83,0.1,102.9,60000.0,583.1,0.814,MONITOR
craze,5,0.648,1.433,7.09,0.25,197.4,60000.0,304.0,0.953,MONITOR
crack,4,0.918,1.969,4.19,2.42,2406.93,60000.0,24.9,0.9,ENGINEERING_ASSESSMENT
surface_injure,1,0.306,1.058,5.32,0.1,104.17,35000.0,336.0,0.743,MONITOR
thunderstrike,3,0.955,2.18,6.87,2.07,2851.51,60000.0,21.0,0.921,ENGINEERING_ASSESSMENT
thunderstrike,3,0.282,7.53,7.28,0.1,95.52,25000.0,261.7,0.746,ENGINEERING_ASSESSMENT
craze,4,0.908,0.831,10.18,2.84,2390.87,25000.0,10.5,0.842,REPAIR
hide_craze,3,0.43,1.647,14.89,0.1,119.52,45000.0,376.5,0.87,MONITOR
crack,3,0.561,5.432,3.02,0.1,182.17,35000.0,192.1,0.829,ENGINEERING_ASSESSMENT
crack,3,0.564,1.641,6.0,0.1,115.91,35000.0,302.0,0.797,ENGINEERING_ASSESSMENT
crack,1,0.446,0.266,11.3,0.1,113.24,45000.0,397.4,0.717,ENGINEERING_ASSESSMENT
thunderstrike,1,0.521,0.646,11.05,0.1,103.26,25000.0,242.1,0.859,ENGINEERING_ASSESSMENT
surface_injure,4,0.631,2.091,10.83,0.19,299.63,45000.0,150.2,0.733,MONITOR
hide_craze,5,0.881,2.691,7.0,4.29,5082.61,25000.0,4.9,0.883,REPAIR
corrosion,1,0.617,1.121,12.58,0.1,153.73,85000.0,552.9,0.796,MONITOR
surface_injure,2,0.926,0.409,3.1,0.68,835.71,85000.0,101.7,0.852,MONITOR
crack,2,0.306,0.438,8.45,0.1,88.91,60000.0,674.8,0.887,ENGINEERING_ASSESSMENT
thunderstrike,5,0.204,5.383,9.02,0.1,65.95,60000.0,909.8,0.733,ENGINEERING_ASSESSMENT
surface_injure,2,0.527,2.254,3.58,0.1,158.67,85000.0,535.7,0.753,MONITOR
thunderstrike,3,0.849,2.919,4.89,0.92,1699.29,25000.0,14.7,0.798,ENGINEERING_ASSESSMENT
craze,1,0.255,0.866,3.0,0.1,106.43,85000.0,798.6,0.957,MONITOR
craze,5,0.797,6.422,3.97,1.52,1935.91,35000.0,18.1,0.946,REPAIR
surface_injure,2,0.23,2.265,3.84,0.1,79.92,60000.0,750.8,0.923,MONITOR
craze,1,0.376,0.755,7.41,0.1,120.29,85000.0,706.6,0.82,MONITOR
crack,2,0.55,1.806,17.89,0.1,154.9,45000.0,290.5,0.872,ENGINEERING_ASSESSMENT
hide_craze,1,0.905,1.786,3.51,0.44,345.04,60000.0,173.9,0.751,MONITOR
craze,1,0.215,0.903,6.43,0.1,188.23,25000.0,132.8,0.782,MONITOR
thunderstrike,3,0.528,0.721,6.27,0.1,169.14,25000.0,147.8,0.742,ENGINEERING_ASSESSMENT
hide_craze,2,0.943,2.301,11.06,0.94,886.7,60000.0,67.7,0.968,MONITOR
surface_injure,1,0.538,0.218,8.08,0.1,136.66,60000.0,439.0,0.732,MONITOR
surface_injure,4,0.88,0.871,5.94,1.64,1108.27,25000.0,22.6,0.92,REPAIR
surface_injure,3,0.82,2.952,3.0,0.66,505.41,85000.0,168.2,0.926,MONITOR
crack,1,0.545,3.235,6.84,0.1,110.71,60000.0,542.0,0.776,ENGINEERING_ASSESSMENT
corrosion,1,0.532,1.512,9.4,0.1,71.79,60000.0,835.8,0.896,MONITOR
craze,1,0.637,1.6,3.79,0.1,68.3,35000.0,512.4,0.938,MONITOR
corrosion,2,0.243,2.113,5.31,0.1,126.05,60000.0,476.0,0.871,MONITOR
corrosion,2,0.671,1.411,8.43,0.15,109.49,85000.0,776.3,0.85,MONITOR
corrosion,2,0.31,8.65,4.46,0.1,94.74,45000.0,475.0,0.889,MONITOR
corrosion,4,0.611,3.139,8.41,0.1,160.65,25000.0,155.6,0.855,MONITOR
surface_injure,2,0.801,6.847,16.65,0.46,519.43,60000.0,115.5,0.887,MONITOR
thunderstrike,3,0.398,2.777,3.0,0.1,178.2,45000.0,252.5,0.896,ENGINEERING_ASSESSMENT
corrosion,4,0.919,0.338,10.08,1.76,1763.07,35000.0,19.9,0.891,REPAIR
thunderstrike,2,0.319,5.313,4.94,0.1,114.85,85000.0,740.1,0.71,ENGINEERING_ASSESSMENT
crack,2,0.406,1.832,3.15,0.1,83.04,85000.0,1023.6,0.817,ENGINEERING_ASSESSMENT
hide_craze,4,0.253,0.487,11.4,0.1,100.48,45000.0,447.9,0.914,MONITOR
hide_craze,2,0.98,1.929,3.83,1.26,2134.9,35000.0,16.4,0.822,MONITOR
surface_injure,4,0.881,0.826,11.5,1.86,1745.0,60000.0,34.4,0.738,REPAIR
thunderstrike,4,0.85,1.442,3.82,0.79,1309.18,25000.0,19.1,0.919,ENGINEERING_ASSESSMENT
hide_craze,5,0.692,7.357,5.93,0.62,675.01,25000.0,37.0,0.73,MONITOR
surface_injure,3,0.93,1.927,3.04,2.37,2886.32,85000.0,29.4,0.861,REPAIR
thunderstrike,2,0.765,0.467,13.4,0.13,161.83,60000.0,370.8,0.754,ENGINEERING_ASSESSMENT
surface_injure,2,0.795,0.539,3.0,0.38,259.72,25000.0,96.3,0.726,MONITOR
crack,2,0.304,3.237,9.3,0.1,126.59,60000.0,474.0,0.741,ENGINEERING_ASSESSMENT
corrosion,2,0.956,0.626,8.86,1.3,1188.34,35000.0,29.5,0.748,MONITOR
corrosion,4,0.78,1.024,8.12,0.72,1220.35,25000.0,20.5,0.766,MONITOR
corrosion,4,0.944,0.611,3.92,2.85,5608.21,45000.0,8.0,0.712,REPAIR
hide_craze,2,0.954,0.441,5.74,1.02,860.48,85000.0,98.8,0.953,MONITOR
hide_craze,5,0.252,0.442,8.54,0.1,85.73,45000.0,524.9,0.949,MONITOR
crack,2,0.544,1.168,10.78,0.1,136.93,60000.0,438.2,0.772,ENGINEERING_ASSESSMENT
craze,1,0.855,0.452,4.91,0.34,318.15,60000.0,188.6,0.783,MONITOR
hide_craze,3,0.533,1.936,5.83,0.1,93.64,45000.0,480.6,0.795,MONITOR
hide_craze,3,0.315,0.509,7.25,0.1,66.01,85000.0,1287.7,0.711,MONITOR
crack,2,0.932,0.877,10.31,1.0,907.27,35000.0,38.6,0.845,ENGINEERING_ASSESSMENT
corrosion,1,0.596,2.142,7.18,0.1,116.75,60000.0,513.9,0.828,MONITOR
corrosion,1,0.241,0.944,7.92,0.1,76.12,60000.0,788.2,0.804,MONITOR
craze,2,0.686,6.967,12.86,0.14,195.43,25000.0,127.9,0.97,MONITOR
surface_injure,3,0.76,4.266,4.61,0.45,587.96,35000.0,59.5,0.842,MONITOR
surface_injure,2,0.652,3.114,5.97,0.12,121.38,60000.0,494.3,0.789,MONITOR
corrosion,1,0.546,1.92,8.23,0.1,143.81,45000.0,312.9,0.774,MONITOR
craze,5,0.933,1.046,3.55,3.33,2758.13,45000.0,16.3,0.973,REPAIR
craze,3,0.413,2.292,4.96,0.1,155.17,35000.0,225.6,0.827,MONITOR
crack,3,0.972,0.97,3.35,2.41,2976.28,35000.0,11.8,0.756,ENGINEERING_ASSESSMENT
crack,2,0.732,2.37,9.7,0.29,435.03,85000.0,195.4,0.819,ENGINEERING_ASSESSMENT
hide_craze,2,0.76,0.827,5.15,0.24,237.44,60000.0,252.7,0.928,MONITOR
surface_injure,3,0.571,0.251,3.84,0.1,151.23,60000.0,396.7,0.776,MONITOR
crack,2,0.572,3.946,3.0,0.1,145.93,45000.0,308.4,0.774,ENGINEERING_ASSESSMENT
surface_injure,5,0.746,3.382,7.24,0.79,1083.04,25000.0,23.1,0.943,MONITOR
thunderstrike,3,0.248,0.523,8.01,0.1,85.85,85000.0,990.1,0.732,ENGINEERING_ASSESSMENT
crack,2,0.224,0.764,5.84,0.1,167.02,85000.0,508.9,0.716,ENGINEERING_ASSESSMENT
corrosion,2,0.791,0.509,3.95,0.37,301.08,60000.0,199.3,0.811,REPAIR
surface_injure,5,0.598,0.686,7.36,0.22,198.97,85000.0,427.2,0.713,MONITOR
craze,5,0.602,2.619,3.0,0.16,204.13,25000.0,122.5,0.909,MONITOR
corrosion,4,0.614,3.597,9.66,0.12,73.92,45000.0,608.8,0.894,MONITOR
thunderstrike,3,0.752,0.511,5.69,0.42,605.81,85000.0,140.3,0.847,ENGINEERING_ASSESSMENT
hide_craze,1,0.609,1.809,7.39,0.1,67.55,35000.0,518.1,0.842,MONITOR
crack,1,0.803,4.211,8.81,0.37,335.28,45000.0,134.2,0.844,ENGINEERING_ASSESSMENT
thunderstrike,2,0.865,0.19,6.92,0.33,458.24,25000.0,54.6,0.774,ENGINEERING_ASSESSMENT
crack,2,0.98,3.777,8.13,1.24,1411.8,85000.0,60.2,0.77,ENGINEERING_ASSESSMENT
crack,4,0.94,7.554,9.72,2.91,4218.55,85000.0,20.1,0.793,ENGINEERING_ASSESSMENT
thunderstrike,1,0.58,5.482,5.15,0.1,116.37,60000.0,515.6,0.872,ENGINEERING_ASSESSMENT
corrosion,1,0.788,0.577,4.74,0.17,252.43,85000.0,336.7,0.795,MONITOR
surface_injure,3,0.846,2.958,9.13,1.08,1949.33,85000.0,43.6,0.93,REPAIR
crack,1,0.33,2.765,11.37,0.1,100.06,25000.0,249.9,0.725,ENGINEERING_ASSESSMENT
corrosion,3,0.644,4.764,10.66,0.18,183.51,35000.0,190.7,0.804,MONITOR
craze,3,0.795,6.412,4.32,0.96,1696.34,25000.0,14.7,0.841,REPAIR
corrosion,3,0.896,2.331,8.48,1.46,1311.68,35000.0,26.7,0.946,REPAIR
corrosion,2,0.79,3.083,3.14,0.19,166.61,45000.0,270.1,0.892,MONITOR
craze,1,0.743,1.845,8.73,0.1,192.12,60000.0,312.3,0.716,MONITOR
thunderstrike,2,0.694,2.178,7.51,0.28,271.52,45000.0,165.7,0.745,ENGINEERING_ASSESSMENT
hide_craze,2,0.95,0.347,3.21,1.26,1973.47,35000.0,17.7,0.775,MONITOR
thunderstrike,2,0.492,1.503,6.97,0.1,76.52,60000.0,784.1,0.838,ENGINEERING_ASSESSMENT
surface_injure,2,0.246,3.21,9.44,0.1,88.92,35000.0,393.6,0.852,MONITOR
craze,4,0.493,1.862,16.88,0.1,79.27,45000.0,567.7,0.929,MONITOR
crack,5,0.476,1.739,8.41,0.1,140.7,35000.0,248.8,0.88,ENGINEERING_ASSESSMENT
thunderstrike,5,0.592,0.414,11.58,0.17,218.49,60000.0,274.6,0.788,ENGINEERING_ASSESSMENT
crack,1,0.203,1.976,6.64,0.1,140.06,60000.0,428.4,0.88,ENGINEERING_ASSESSMENT
craze,3,0.651,0.758,6.56,0.1,95.8,60000.0,626.3,0.958,MONITOR
crack,4,0.704,3.494,7.68,0.63,736.78,25000.0,33.9,0.891,ENGINEERING_ASSESSMENT
craze,3,0.773,1.484,3.0,0.58,1256.83,35000.0,27.8,0.73,MONITOR
hide_craze,1,0.952,1.605,6.79,0.63,378.7,35000.0,92.4,0.832,MONITOR
corrosion,3,0.752,4.526,3.0,0.46,537.07,45000.0,83.8,0.814,MONITOR
thunderstrike,3,0.207,0.785,8.44,0.1,77.73,25000.0,321.6,0.876,ENGINEERING_ASSESSMENT
crack,1,0.48,0.568,3.0,0.1,90.33,60000.0,664.2,0.73,ENGINEERING_ASSESSMENT
crack,3,0.723,0.507,16.03,0.45,433.93,85000.0,195.9,0.91,ENGINEERING_ASSESSMENT
crack,4,0.265,0.657,4.35,0.1,151.06,60000.0,397.2,0.959,ENGINEERING_ASSESSMENT
corrosion,2,0.499,0.763,3.01,0.1,122.67,60000.0,489.1,0.801,MONITOR
hide_craze,3,0.812,1.678,3.22,0.55,658.63,35000.0,53.1,0.83,MONITOR
craze,3,0.398,1.233,8.29,0.1,124.21,60000.0,483.1,0.781,MONITOR
crack,5,0.303,1.469,8.35,0.1,89.53,35000.0,390.9,0.828,ENGINEERING_ASSESSMENT
surface_injure,2,0.362,0.516,4.58,0.1,138.67,25000.0,180.3,0.901,MONITOR
crack,1,0.618,3.131,7.0,0.1,148.72,25000.0,168.1,0.852,ENGINEERING_ASSESSMENT
crack,4,0.669,1.349,3.23,0.27,476.1,60000.0,126.0,0.82,ENGINEERING_ASSESSMENT
thunderstrike,3,0.264,0.303,6.02,0.1,93.02,85000.0,913.8,0.827,ENGINEERING_ASSESSMENT
crack,5,0.376,1.69,14.2,0.1,126.03,35000.0,277.7,0.801,ENGINEERING_ASSESSMENT
hide_craze,5,0.859,0.287,14.11,2.45,2927.04,45000.0,15.4,0.885,REPAIR
corrosion,2,0.768,2.067,8.13,0.27,182.23,85000.0,466.4,0.742,REPAIR
thunderstrike,2,0.776,2.708,6.7,0.37,418.27,25000.0,59.8,0.817,ENGINEERING_ASSESSMENT
thunderstrike,3,0.919,0.351,6.08,1.53,2264.33,45000.0,19.9,0.878,ENGINEERING_ASSESSMENT
craze,1,0.824,7.354,5.03,0.22,336.25,85000.0,252.8,0.816,MONITOR
hide_craze,3,0.425,2.062,4.91,0.1,126.09,25000.0,198.3,0.795,MONITOR
hide_craze,1,0.643,3.266,3.58,0.1,121.52,35000.0,288.0,0.8,MONITOR
crack,2,0.225,2.173,8.59,0.1,102.43,85000.0,829.8,0.702,ENGINEERING_ASSESSMENT
thunderstrike,2,0.936,0.507,6.83,1.03,1384.09,85000.0,61.4,0.79,ENGINEERING_ASSESSMENT
hide_craze,5,0.257,2.576,8.71,0.1,98.01,45000.0,459.1,0.83,MONITOR
craze,3,0.755,3.284,6.65,0.45,298.99,60000.0,200.7,0.95,MONITOR
hide_craze,3,0.798,0.211,3.15,0.83,628.06,45000.0,71.6,0.829,REPAIR
craze,1,0.524,0.797,6.66,0.1,153.04,85000.0,555.4,0.777,MONITOR
corrosion,5,0.737,0.359,4.87,0.65,698.97,25000.0,35.8,0.844,MONITOR
surface_injure,4,0.515,1.164,3.84,0.1,149.42,45000.0,301.2,0.768,MONITOR
surface_injure,4,0.98,0.341,8.9,3.27,3678.26,60000.0,16.3,0.797,REPAIR
crack,5,0.302,0.474,4.68,0.1,83.98,25000.0,297.7,0.765,ENGINEERING_ASSESSMENT
hide_craze,3,0.309,0.44,7.18,0.1,128.6,25000.0,194.4,0.956,MONITOR
crack,5,0.675,2.615,5.82,0.46,638.68,35000.0,54.8,0.787,ENGINEERING_ASSESSMENT
surface_injure,3,0.947,2.685,7.66,2.58,4041.19,25000.0,6.2,0.816,REPAIR
corrosion,1,0.335,2.288,6.88,0.1,150.67,45000.0,298.7,0.72,ENGINEERING_ASSESSMENT
craze,1,0.521,1.457,6.44,0.1,103.23,35000.0,339.0,0.911,MONITOR
hide_craze,3,0.275,4.656,7.46,0.1,166.99,45000.0,269.5,0.792,MONITOR
hide_craze,2,0.296,2.443,14.2,0.1,170.73,85000.0,497.9,0.776,MONITOR
hide_craze,1,0.27,4.483,3.24,0.1,139.39,25000.0,179.4,0.907,MONITOR
hide_craze,1,0.291,0.416,4.63,0.1,202.78,25000.0,123.3,0.716,MONITOR
crack,3,0.735,0.625,7.97,0.3,348.15,60000.0,172.3,0.957,ENGINEERING_ASSESSMENT
crack,4,0.831,2.853,6.37,1.26,1557.75,60000.0,38.5,0.883,ENGINEERING_ASSESSMENT
thunderstrike,5,0.269,1.42,5.28,0.1,114.15,35000.0,306.6,0.835,ENGINEERING_ASSESSMENT
craze,5,0.619,1.046,9.33,0.32,270.62,45000.0,166.3,0.832,MONITOR
corrosion,2,0.482,3.199,6.76,0.1,85.97,25000.0,290.8,0.82,MONITOR
thunderstrike,3,0.28,0.778,3.0,0.1,96.58,25000.0,258.9,0.934,ENGINEERING_ASSESSMENT
craze,5,0.922,0.631,14.03,4.6,4070.22,85000.0,20.9,0.851,REPAIR
corrosion,2,0.497,1.3,3.0,0.1,156.84,45000.0,286.9,0.821,MONITOR
crack,5,0.829,0.733,6.64,1.86,2923.62,45000.0,15.4,0.749,ENGINEERING_ASSESSMENT
surface_injure,2,0.485,1.344,5.92,0.1,155.05,25000.0,161.2,0.827,MONITOR
corrosion,1,0.265,3.838,3.67,0.1,214.43,25000.0,116.6,0.803,MONITOR
thunderstrike,3,0.505,6.981,11.75,0.1,113.45,35000.0,308.5,0.707,ENGINEERING_ASSESSMENT
crack,4,0.297,0.953,6.64,0.1,111.76,35000.0,313.2,0.856,ENGINEERING_ASSESSMENT
corrosion,2,0.912,3.658,3.56,0.83,1227.29,35000.0,28.5,0.941,MONITOR
thunderstrike,1,0.367,2.959,6.37,0.1,84.51,35000.0,414.2,0.951,ENGINEERING_ASSESSMENT
crack,2,0.708,3.308,12.39,0.1,172.23,60000.0,348.4,0.962,ENGINEERING_ASSESSMENT
thunderstrike,3,0.895,3.491,3.42,1.83,3134.99,45000.0,14.4,0.977,ENGINEERING_ASSESSMENT
hide_craze,4,0.578,0.819,3.61,0.1,100.93,45000.0,445.9,0.724,MONITOR
craze,4,0.36,0.26,10.49,0.1,164.53,60000.0,364.7,0.935,ENGINEERING_ASSESSMENT
hide_craze,1,0.785,1.063,6.55,0.11,76.32,35000.0,458.6,0.729,MONITOR
hide_craze,1,0.809,2.112,6.4,0.14,100.38,35000.0,348.7,0.776,MONITOR
crack,2,0.603,1.658,6.08,0.1,99.17,25000.0,252.1,0.79,ENGINEERING_ASSESSMENT
craze,2,0.228,0.369,4.59,0.1,157.7,85000.0,539.0,0.958,MONITOR
crack,5,0.624,0.773,11.28,0.37,567.39,25000.0,44.1,0.892,ENGINEERING_ASSESSMENT
thunderstrike,1,0.47,0.352,6.64,0.1,112.47,45000.0,400.1,0.823,ENGINEERING_ASSESSMENT
craze,3,0.697,0.478,16.28,0.19,281.03,85000.0,302.5,0.893,MONITOR
thunderstrike,5,0.447,1.713,3.91,0.1,210.5,45000.0,213.8,0.952,ENGINEERING_ASSESSMENT
crack,2,0.283,4.519,6.47,0.1,167.78,85000.0,506.6,0.966,ENGINEERING_ASSESSMENT
surface_injure,1,0.831,4.147,3.28,0.23,229.92,45000.0,195.7,0.844,MONITOR
surface_injure,3,0.715,2.619,3.47,0.27,207.87,45000.0,216.5,0.972,MONITOR
hide_craze,5,0.221,2.2,13.41,0.1,89.55,45000.0,502.5,0.858,MONITOR
surface_injure,4,0.217,2.211,4.07,0.1,124.54,85000.0,682.5,0.949,MONITOR
craze,1,0.932,2.767,6.94,0.43,608.63,85000.0,139.7,0.795,MONITOR
crack,3,0.506,1.093,3.22,0.1,109.88,45000.0,409.5,0.816,ENGINEERING_ASSESSMENT
thunderstrike,5,0.644,5.154,5.35,0.43,370.29,85000.0,229.5,0.877,ENGINEERING_ASSESSMENT
craze,3,0.559,7.919,3.6,0.1,117.84,35000.0,297.0,0.915,MONITOR
corrosion,2,0.648,6.215,9.67,0.17,239.15,60000.0,250.9,0.967,MONITOR
corrosion,4,0.301,1.114,6.49,0.1,130.64,60000.0,459.3,0.846,MONITOR
corrosion,4,0.376,1.132,9.89,0.1,97.19,35000.0,360.1,0.948,MONITOR
surface_injure,2,0.396,8.731,10.14,0.1,123.64,45000.0,364.0,0.948,MONITOR
craze,2,0.719,1.429,6.7,0.15,300.89,45000.0,149.6,0.865,MONITOR
craze,1,0.282,4.917,6.97,0.1,141.15,60000.0,425.1,0.762,MONITOR
surface_injure,3,0.858,1.82,3.03,0.93,1489.93,45000.0,30.2,0.878,REPAIR
craze,1,0.817,4.054,5.95,0.16,169.49,60000.0,354.0,0.779,MONITOR
hide_craze,4,0.492,7.307,4.13,0.1,210.27,60000.0,285.3,0.792,MONITOR
hide_craze,2,0.773,0.254,3.0,0.33,706.43,60000.0,84.9,0.87,MONITOR
crack,3,0.453,0.404,3.15,0.1,96.5,60000.0,621.8,0.843,ENGINEERING_ASSESSMENT
crack,4,0.631,3.781,6.61,0.15,160.1,25000.0,156.2,0.885,ENGINEERING_ASSESSMENT
crack,4,0.98,0.914,4.05,3.75,4986.09,45000.0,9.0,0.772,ENGINEERING_ASSESSMENT
thunderstrike,4,0.848,2.632,7.03,1.84,2299.07,25000.0,10.9,0.723,ENGINEERING_ASSESSMENT
crack,4,0.953,5.291,7.15,3.95,3940.64,25000.0,6.3,0.701,ENGINEERING_ASSESSMENT
thunderstrike,2,0.754,1.084,7.6,0.32,259.84,35000.0,134.7,0.913,ENGINEERING_ASSESSMENT
thunderstrike,2,0.441,5.211,8.13,0.1,94.93,45000.0,474.0,0.741,ENGINEERING_ASSESSMENT
hide_craze,1,0.511,6.557,6.04,0.1,120.38,85000.0,706.1,0.829,MONITOR
craze,2,0.665,0.641,5.64,0.1,162.72,45000.0,276.5,0.776,MONITOR
hide_craze,2,0.529,1.885,7.63,0.1,113.65,35000.0,308.0,0.801,MONITOR
surface_injure,1,0.372,2.253,10.72,0.1,93.73,45000.0,480.1,0.798,MONITOR
surface_injure,4,0.933,0.731,6.39,2.91,2644.4,45000.0,17.0,0.801,REPAIR
craze,4,0.402,7.75,11.13,0.1,166.31,35000.0,210.5,0.719,MONITOR
corrosion,1,0.902,1.662,4.78,0.32,417.47,35000.0,83.8,0.842,MONITOR
craze,2,0.438,2.425,4.43,0.1,71.78,60000.0,835.9,0.741,MONITOR
corrosion,4,0.491,2.418,4.89,0.1,95.01,85000.0,894.6,0.869,MONITOR
crack,2,0.368,0.523,3.49,0.1,142.92,25000.0,174.9,0.94,ENGINEERING_ASSESSMENT
corrosion,1,0.343,0.467,9.52,0.1,126.7,60000.0,473.6,0.827,MONITOR
thunderstrike,2,0.388,1.635,3.0,0.1,153.81,35000.0,227.6,0.978,ENGINEERING_ASSESSMENT
hide_craze,3,0.854,4.585,3.03,1.32,1352.44,45000.0,33.3,0.929,REPAIR
craze,5,0.689,1.835,4.45,0.67,1038.13,35000.0,33.7,0.898,MONITOR
crack,1,0.67,6.988,3.32,0.1,119.65,45000.0,376.1,0.857,ENGINEERING_ASSESSMENT
crack,1,0.402,2.41,5.34,0.1,82.78,35000.0,422.8,0.865,ENGINEERING_ASSESSMENT
corrosion,1,0.628,2.233,7.09,0.1,212.51,25000.0,117.6,0.931,MONITOR
crack,2,0.737,1.482,8.72,0.21,238.4,25000.0,104.9,0.924,ENGINEERING_ASSESSMENT
crack,5,0.755,1.115,4.67,0.76,561.56,35000.0,62.3,0.741,ENGINEERING_ASSESSMENT
thunderstrike,2,0.691,1.461,11.41,0.15,189.55,60000.0,316.5,0.948,ENGINEERING_ASSESSMENT
surface_injure,4,0.373,6.489,3.0,0.1,182.64,45000.0,246.4,0.841,MONITOR
hide_craze,1,0.263,6.13,5.28,0.1,206.49,85000.0,411.6,0.904,MONITOR
thunderstrike,3,0.67,1.132,3.35,0.22,178.58,85000.0,476.0,0.906,ENGINEERING_ASSESSMENT
corrosion,1,0.272,0.594,7.26,0.1,80.35,85000.0,1057.9,0.742,MONITOR
hide_craze,2,0.35,0.603,4.27,0.1,101.03,60000.0,593.9,0.789,MONITOR
surface_injure,2,0.357,2.887,8.43,0.1,185.25,45000.0,242.9,0.724,MONITOR
thunderstrike,5,0.774,2.559,6.07,1.31,1221.85,45000.0,36.8,0.727,ENGINEERING_ASSESSMENT
thunderstrike,2,0.247,4.36,7.09,0.1,158.03,45000.0,284.8,0.856,ENGINEERING_ASSESSMENT
corrosion,2,0.628,1.066,6.55,0.1,83.05,35000.0,421.4,0.968,MONITOR
surface_injure,3,0.841,2.662,3.02,1.5,1210.17,25000.0,20.7,0.955,REPAIR
corrosion,2,0.477,4.3,5.62,0.1,116.21,45000.0,387.2,0.791,MONITOR
hide_craze,1,0.623,4.233,16.21,0.1,60.85,85000.0,1396.9,0.923,MONITOR
surface_injure,4,0.621,0.565,11.08,0.13,193.5,85000.0,439.3,0.961,MONITOR
surface_injure,3,0.911,1.549,4.43,1.56,2136.29,85000.0,39.8,0.757,ENGINEERING_ASSESSMENT
thunderstrike,3,0.194,0.428,8.57,0.1,80.16,85000.0,1060.4,0.843,ENGINEERING_ASSESSMENT
hide_craze,5,0.445,0.864,6.8,0.1,98.28,35000.0,356.1,0.796,MONITOR
thunderstrike,3,0.64,0.667,11.02,0.11,201.71,85000.0,421.4,0.871,ENGINEERING_ASSESSMENT
craze,5,0.917,1.291,5.68,4.44,3510.23,60000.0,17.1,0.725,REPAIR
surface_injure,4,0.333,2.229,4.48,0.1,79.35,85000.0,1071.2,0.819,MONITOR
thunderstrike,3,0.835,4.291,3.0,0.66,844.41,45000.0,53.3,0.768,ENGINEERING_ASSESSMENT
corrosion,4,0.758,4.111,7.59,0.64,1128.24,25000.0,22.2,0.978,MONITOR
crack,2,0.177,2.303,8.41,0.1,166.68,60000.0,360.0,0.711,ENGINEERING_ASSESSMENT
thunderstrike,3,0.413,1.99,7.62,0.1,120.19,45000.0,374.4,0.809,ENGINEERING_ASSESSMENT
hide_craze,1,0.98,0.782,4.75,0.62,594.91,60000.0,100.9,0.789,MONITOR
corrosion,1,0.421,7.168,5.83,0.1,100.5,35000.0,348.3,0.727,MONITOR
craze,2,0.801,5.32,4.32,0.23,274.9,45000.0,163.7,0.702,MONITOR
thunderstrike,4,0.257,1.775,7.77,0.1,86.52,35000.0,404.5,0.788,ENGINEERING_ASSESSMENT
crack,2,0.851,2.362,10.03,0.64,733.77,85000.0,115.8,0.899,ENGINEERING_ASSESSMENT
surface_injure,2,0.581,0.95,9.99,0.1,91.44,60000.0,656.2,0.929,MONITOR
craze,4,0.501,0.513,4.87,0.1,203.59,85000.0,417.5,0.835,MONITOR
surface_injure,5,0.608,18.715,10.5,0.41,340.3,25000.0,73.5,0.831,MONITOR
hide_craze,3,0.816,1.3,14.65,1.2,1871.51,25000.0,13.4,0.799,REPAIR
craze,1,0.619,0.854,3.0,0.1,169.15,85000.0,502.5,0.923,MONITOR
craze,2,0.676,3.494,3.45,0.12,114.86,85000.0,740.0,0.759,MONITOR
hide_craze,3,0.684,0.335,5.33,0.24,265.35,60000.0,226.1,0.85,MONITOR
thunderstrike,3,0.19,0.39,3.0,0.1,143.44,60000.0,418.3,0.923,ENGINEERING_ASSESSMENT
craze,2,0.641,1.033,3.94,0.1,166.26,85000.0,511.2,0.813,MONITOR
corrosion,1,0.224,3.456,3.0,0.1,127.97,35000.0,273.5,0.877,MONITOR
corrosion,1,0.733,1.606,7.1,0.1,103.54,25000.0,241.5,0.828,MONITOR
hide_craze,4,0.477,3.135,3.92,0.1,82.29,60000.0,729.1,0.897,MONITOR
corrosion,1,0.841,0.805,5.07,0.26,323.87,45000.0,138.9,0.869,MONITOR
craze,4,0.385,3.132,8.01,0.1,133.75,85000.0,635.5,0.902,MONITOR
corrosion,1,0.896,1.427,3.76,0.33,667.02,35000.0,52.5,0.828,MONITOR
hide_craze,4,0.398,3.941,8.19,0.1,90.3,25000.0,276.9,0.907,ENGINEERING_ASSESSMENT
corrosion,1,0.738,2.729,3.27,0.13,185.37,85000.0,458.5,0.959,MONITOR
crack,1,0.948,0.795,3.56,0.47,509.51,85000.0,166.8,0.961,ENGINEERING_ASSESSMENT
craze,4,0.903,1.208,8.47,2.66,4452.57,45000.0,10.1,0.877,REPAIR
crack,1,0.498,1.621,11.22,0.1,86.81,45000.0,518.4,0.787,ENGINEERING_ASSESSMENT
craze,2,0.485,0.629,8.58,0.1,117.57,45000.0,382.8,0.924,MONITOR
craze,1,0.367,3.663,3.38,0.1,201.35,35000.0,173.8,0.84,MONITOR
thunderstrike,2,0.328,1.092,13.9,0.1,159.99,85000.0,531.3,0.765,ENGINEERING_ASSESSMENT
hide_craze,3,0.745,2.94,7.48,0.32,230.33,45000.0,195.4,0.979,MONITOR
corrosion,4,0.667,0.846,4.26,0.22,328.14,60000.0,182.8,0.758,MONITOR
hide_craze,2,0.688,1.076,4.09,0.1,123.53,35000.0,283.3,0.719,MONITOR
surface_injure,5,0.457,1.732,8.59,0.1,176.45,60000.0,340.0,0.701,MONITOR
crack,1,0.521,1.479,3.41,0.1,96.69,25000.0,258.6,0.966,ENGINEERING_ASSESSMENT
crack,5,0.421,4.302,8.07,0.1,158.48,45000.0,283.9,0.903,ENGINEERING_ASSESSMENT
crack,5,0.198,0.439,6.87,0.1,171.02,45000.0,263.1,0.867,ENGINEERING_ASSESSMENT
craze,4,0.66,0.865,5.04,0.19,159.69,85000.0,532.3,0.725,MONITOR
thunderstrike,4,0.544,3.21,3.34,0.1,65.87,60000.0,910.9,0.861,ENGINEERING_ASSESSMENT
crack,1,0.426,4.163,3.94,0.1,142.06,85000.0,598.3,0.803,ENGINEERING_ASSESSMENT
crack,2,0.516,0.263,4.58,0.1,69.03,85000.0,1231.3,0.893,ENGINEERING_ASSESSMENT
craze,5,0.712,2.613,8.07,1.06,1574.04,35000.0,22.2,0.933,REPAIR
hide_craze,1,0.542,3.3,5.3,0.1,132.4,35000.0,264.4,0.741,MONITOR
hide_craze,1,0.668,1.772,10.18,0.1,130.71,35000.0,267.8,0.731,MONITOR
crack,3,0.521,2.04,15.62,0.1,137.78,45000.0,326.6,0.842,ENGINEERING_ASSESSMENT
surface_injure,2,0.42,3.326,9.42,0.1,90.76,60000.0,661.1,0.774,MONITOR
craze,1,0.319,1.067,7.79,0.1,205.34,85000.0,413.9,0.907,MONITOR
crack,1,0.644,6.228,7.48,0.1,101.53,60000.0,591.0,0.752,ENGINEERING_ASSESSMENT
craze,1,0.708,1.472,7.28,0.1,178.47,25000.0,140.1,0.857,MONITOR
thunderstrike,4,0.62,0.877,5.91,0.12,239.48,25000.0,104.4,0.704,ENGINEERING_ASSESSMENT
craze,1,0.613,3.099,8.28,0.1,158.11,25000.0,158.1,0.906,MONITOR
craze,1,0.413,0.216,3.35,0.1,123.47,35000.0,283.5,0.872,MONITOR
crack,1,0.799,2.229,7.86,0.13,98.29,35000.0,356.1,0.779,ENGINEERING_ASSESSMENT
hide_craze,5,0.84,2.94,4.25,2.2,1838.19,60000.0,32.6,0.949,REPAIR
corrosion,2,0.263,1.518,9.49,0.1,146.14,25000.0,171.1,0.78,MONITOR
corrosion,2,0.567,2.984,4.98,0.1,94.31,85000.0,901.3,0.714,MONITOR
corrosion,5,0.825,0.897,5.82,1.19,2292.62,35000.0,15.3,0.846,MONITOR
craze,2,0.73,2.279,7.64,0.27,462.21,85000.0,183.9,0.915,MONITOR
craze,5,0.541,1.45,5.32,0.14,249.36,60000.0,240.6,0.823,MONITOR
craze,2,0.445,9.24,6.86,0.1,144.77,35000.0,241.8,0.787,MONITOR
craze,3,0.46,1.261,6.72,0.1,129.47,60000.0,463.4,0.796,MONITOR
surface_injure,1,0.625,0.214,5.47,0.1,165.25,45000.0,272.3,0.944,MONITOR
hide_craze,3,0.589,0.53,4.01,0.1,80.78,60000.0,742.8,0.794,MONITOR
surface_injure,1,0.253,1.107,3.0,0.1,76.21,60000.0,787.3,0.844,MONITOR
hide_craze,5,0.628,5.135,3.84,0.43,848.65,85000.0,100.2,0.79,MONITOR
craze,2,0.251,2.175,7.51,0.1,162.74,60000.0,368.7,0.922,MONITOR
thunderstrike,4,0.377,4.485,5.88,0.1,113.42,60000.0,529.0,0.844,ENGINEERING_ASSESSMENT
crack,1,0.227,1.762,10.7,0.1,103.1,60000.0,582.0,0.912,ENGINEERING_ASSESSMENT
corrosion,2,0.306,0.402,8.11,0.1,78.83,60000.0,761.1,0.787,MONITOR
surface_injure,4,0.73,0.689,12.61,0.6,777.23,25000.0,32.2,0.968,MONITOR
surface_injure,3,0.838,1.319,4.39,1.02,1389.64,35000.0,25.2,0.823,REPAIR
surface_injure,3,0.546,5.339,8.92,0.1,203.64,85000.0,417.4,0.76,MONITOR
surface_injure,1,0.976,2.498,8.45,0.37,626.17,45000.0,71.9,0.888,MONITOR
corrosion,1,0.222,1.155,12.28,0.1,97.49,25000.0,256.4,0.891,MONITOR
crack,1,0.98,1.546,3.83,0.62,1321.64,60000.0,45.4,0.727,ENGINEERING_ASSESSMENT
thunderstrike,1,0.369,5.387,3.0,0.1,128.85,85000.0,659.7,0.807,ENGINEERING_ASSESSMENT
corrosion,4,0.439,0.592,7.16,0.1,197.68,45000.0,227.6,0.859,MONITOR
corrosion,3,0.98,1.838,3.55,2.3,2073.85,35000.0,16.9,0.908,REPAIR
surface_injure,4,0.583,0.837,3.05,0.11,94.39,60000.0,635.7,0.808,MONITOR
hide_craze,5,0.658,7.356,3.0,0.37,448.3,60000.0,133.8,0.759,MONITOR
surface_injure,3,0.607,0.52,11.35,0.1,138.27,60000.0,433.9,0.862,MONITOR
hide_craze,4,0.18,1.021,5.99,0.1,131.0,35000.0,267.2,0.768,MONITOR
craze,4,0.437,0.448,6.26,0.1,89.13,25000.0,280.5,0.766,MONITOR
thunderstrike,1,0.845,3.469,3.12,0.23,226.84,45000.0,198.4,0.96,ENGINEERING_ASSESSMENT
corrosion,5,0.841,7.882,11.55,1.88,1555.61,25000.0,16.1,0.969,REPAIR
corrosion,2,0.57,0.425,12.35,0.1,113.45,35000.0,308.5,0.957,MONITOR
craze,2,0.761,0.425,5.58,0.24,178.46,25000.0,140.1,0.815,MONITOR
corrosion,2,0.927,2.758,6.6,1.43,1618.46,35000.0,21.6,0.962,MONITOR
crack,5,0.517,2.155,5.73,0.13,171.33,35000.0,204.3,0.804,ENGINEERING_ASSESSMENT
crack,3,0.91,0.833,3.1,1.59,2576.05,35000.0,13.6,0.875,ENGINEERING_ASSESSMENT
thunderstrike,3,0.825,0.22,6.85,1.12,1247.94,85000.0,68.1,0.739,ENGINEERING_ASSESSMENT
craze,1,0.626,5.969,3.0,0.1,113.71,85000.0,747.5,0.929,MONITOR
crack,2,0.887,1.49,3.0,0.65,608.2,85000.0,139.8,0.958,ENGINEERING_ASSESSMENT
thunderstrike,5,0.479,3.214,6.61,0.1,130.63,25000.0,191.4,0.92,ENGINEERING_ASSESSMENT
crack,2,0.472,1.761,14.55,0.1,121.39,45000.0,370.7,0.792,ENGINEERING_ASSESSMENT
crack,3,0.597,6.528,11.33,0.13,99.96,25000.0,250.1,0.835,ENGINEERING_ASSESSMENT
crack,4,0.867,2.697,10.84,1.63,2648.7,60000.0,22.7,0.881,ENGINEERING_ASSESSMENT
surface_injure,2,0.891,3.637,6.04,0.61,850.92,45000.0,52.9,0.881,MONITOR
surface_injure,1,0.669,1.83,14.85,0.1,165.01,85000.0,515.1,0.878,MONITOR
corrosion,3,0.633,1.533,3.0,0.15,134.11,25000.0,186.4,0.966,MONITOR
corrosion,3,0.497,0.312,4.74,0.1,162.81,35000.0,215.0,0.957,MONITOR
surface_injure,3,0.892,0.472,5.14,1.44,1437.55,35000.0,24.3,0.912,REPAIR
surface_injure,1,0.722,1.334,6.02,0.12,208.66,25000.0,119.8,0.908,MONITOR
craze,4,0.868,1.389,6.17,1.94,1976.36,45000.0,22.8,0.908,REPAIR
thunderstrike,3,0.192,1.459,3.69,0.1,117.4,85000.0,724.0,0.736,ENGINEERING_ASSESSMENT
crack,3,0.687,0.37,6.97,0.27,170.56,35000.0,205.2,0.933,ENGINEERING_ASSESSMENT
corrosion,2,0.289,0.638,5.77,0.1,179.1,85000.0,474.6,0.845,MONITOR
surface_injure,2,0.546,3.104,6.42,0.1,103.51,60000.0,579.7,0.787,MONITOR
surface_injure,1,0.918,0.568,8.12,0.38,438.05,60000.0,137.0,0.725,MONITOR
surface_injure,1,0.672,0.976,7.21,0.1,183.8,35000.0,190.4,0.943,MONITOR
surface_injure,4,0.958,1.389,8.14,3.4,4581.36,25000.0,5.5,0.876,REPAIR
corrosion,4,0.732,5.29,8.17,0.74,1531.64,35000.0,22.9,0.81,MONITOR
thunderstrike,2,0.507,0.49,3.93,0.1,194.34,85000.0,437.4,0.802,ENGINEERING_ASSESSMENT
crack,3,0.37,1.051,5.22,0.1,118.03,60000.0,508.3,0.813,ENGINEERING_ASSESSMENT
craze,1,0.386,0.632,3.61,0.1,154.99,45000.0,290.3,0.896,MONITOR
crack,3,0.584,1.873,8.26,0.1,73.86,85000.0,1150.8,0.821,ENGINEERING_ASSESSMENT
surface_injure,4,0.637,2.871,3.4,0.14,242.97,60000.0,246.9,0.911,MONITOR
corrosion,3,0.584,0.769,8.65,0.1,154.5,45000.0,291.3,0.965,MONITOR
craze,3,0.561,3.578,3.0,0.1,171.03,25000.0,146.2,0.979,ENGINEERING_ASSESSMENT
hide_craze,2,0.325,3.529,8.89,0.1,153.52,35000.0,228.0,0.918,MONITOR
surface_injure,2,0.473,1.699,3.0,0.1,128.89,60000.0,465.5,0.743,MONITOR
corrosion,1,0.738,0.294,3.0,0.2,256.77,85000.0,331.0,0.882,MONITOR
corrosion,3,0.552,2.289,3.0,0.1,214.8,60000.0,279.3,0.771,MONITOR
corrosion,1,0.838,0.727,4.24,0.13,188.05,85000.0,452.0,0.76,MONITOR
hide_craze,5,0.309,2.178,3.0,0.1,138.5,85000.0,613.7,0.945,MONITOR
craze,2,0.811,1.566,11.27,0.5,717.5,35000.0,48.8,0.946,MONITOR
crack,1,0.933,6.115,5.89,0.41,271.13,25000.0,92.2,0.77,ENGINEERING_ASSESSMENT
thunderstrike,2,0.519,1.902,3.0,0.1,71.07,60000.0,844.2,0.852,ENGINEERING_ASSESSMENT
crack,1,0.492,3.384,5.49,0.1,73.28,45000.0,614.1,0.923,ENGINEERING_ASSESSMENT
crack,1,0.757,2.218,6.83,0.1,164.78,25000.0,151.7,0.957,ENGINEERING_ASSESSMENT
crack,1,0.915,1.218,8.38,0.39,399.48,60000.0,150.2,0.842,ENGINEERING_ASSESSMENT
hide_craze,5,0.662,3.79,3.37,0.52,596.4,35000.0,58.7,0.898,MONITOR
crack,2,0.919,1.285,4.88,0.88,788.24,60000.0,76.1,0.954,ENGINEERING_ASSESSMENT
surface_injure,2,0.74,0.413,3.44,0.12,204.18,25000.0,122.4,0.746,MONITOR
craze,4,0.433,1.552,3.18,0.1,121.37,85000.0,700.3,0.705,MONITOR
crack,3,0.666,0.579,12.78,0.18,113.56,25000.0,220.1,0.884,ENGINEERING_ASSESSMENT
thunderstrike,1,0.786,1.45,3.19,0.24,235.76,45000.0,190.9,0.863,ENGINEERING_ASSESSMENT
thunderstrike,1,0.762,0.757,7.65,0.12,165.01,35000.0,212.1,0.826,ENGINEERING_ASSESSMENT
thunderstrike,2,0.339,0.241,8.43,0.1,168.22,45000.0,267.5,0.882,ENGINEERING_ASSESSMENT
surface_injure,4,0.777,10.922,8.76,0.44,393.67,60000.0,152.4,0.947,MONITOR
thunderstrike,3,0.268,0.933,9.24,0.1,135.04,35000.0,259.2,0.927,ENGINEERING_ASSESSMENT
corrosion,2,0.636,2.987,10.55,0.1,157.62,60000.0,380.7,0.763,MONITOR
crack,3,0.472,3.778,11.11,0.1,91.91,60000.0,652.8,0.943,ENGINEERING_ASSESSMENT
crack,3,0.948,4.917,3.0,1.93,3892.82,35000.0,9.0,0.803,ENGINEERING_ASSESSMENT
surface_injure,4,0.368,0.983,4.83,0.1,96.47,25000.0,259.1,0.916,MONITOR
surface_injure,4,0.68,0.326,3.0,0.26,477.0,60000.0,125.8,0.867,ENGINEERING_ASSESSMENT
thunderstrike,2,0.403,4.236,5.79,0.1,174.16,85000.0,488.1,0.888,ENGINEERING_ASSESSMENT
crack,4,0.765,0.903,3.36,0.87,1707.29,25000.0,14.6,0.966,ENGINEERING_ASSESSMENT
thunderstrike,2,0.21,5.574,5.57,0.1,174.21,25000.0,143.5,0.821,ENGINEERING_ASSESSMENT
craze,3,0.723,0.511,4.83,0.27,309.28,35000.0,113.2,0.74,ENGINEERING_ASSESSMENT
corrosion,4,0.723,2.939,3.26,0.69,1159.35,60000.0,51.8,0.791,MONITOR
crack,4,0.52,3.314,11.32,0.1,85.65,35000.0,408.6,0.859,ENGINEERING_ASSESSMENT
corrosion,1,0.686,1.353,10.99,0.1,133.25,85000.0,637.9,0.936,MONITOR
surface_injure,3,0.687,3.562,12.3,0.21,280.2,25000.0,89.2,0.92,MONITOR
crack,2,0.15,4.817,4.09,0.1,116.12,35000.0,301.4,0.768,ENGINEERING_ASSESSMENT
thunderstrike,4,0.7,3.514,8.41,0.48,797.89,25000.0,31.3,0.721,ENGINEERING_ASSESSMENT
corrosion,1,0.88,1.716,6.48,0.43,586.52,85000.0,144.9,0.754,MONITOR
craze,2,0.415,2.666,8.45,0.1,208.6,35000.0,167.8,0.883,MONITOR
crack,2,0.434,7.073,7.37,0.1,143.83,85000.0,591.0,0.75,ENGINEERING_ASSESSMENT
thunderstrike,3,0.548,0.399,12.31,0.1,149.59,85000.0,568.2,0.918,ENGINEERING_ASSESSMENT
crack,3,0.98,4.003,5.96,2.69,2705.92,60000.0,22.2,0.887,ENGINEERING_ASSESSMENT
craze,2,0.25,2.151,3.45,0.1,88.13,25000.0,283.7,0.802,MONITOR
crack,2,0.907,2.922,8.48,1.01,1081.42,85000.0,78.6,0.737,ENGINEERING_ASSESSMENT
crack,2,0.519,0.372,3.89,0.1,178.31,85000.0,476.7,0.865,ENGINEERING_ASSESSMENT
hide_craze,4,0.599,1.087,12.55,0.28,403.24,45000.0,111.6,0.974,MONITOR
crack,1,0.9,0.706,6.99,0.4,611.72,85000.0,139.0,0.829,ENGINEERING_ASSESSMENT
hide_craze,4,0.536,0.904,7.48,0.1,151.81,45000.0,296.4,0.753,ENGINEERING_ASSESSMENT
surface_injure,3,0.32,0.699,7.25,0.1,101.79,45000.0,442.1,0.942,MONITOR
corrosion,4,0.681,4.251,6.55,0.26,195.4,35000.0,179.1,0.945,MONITOR
corrosion,2,0.283,2.375,3.66,0.1,164.09,25000.0,152.4,0.719,MONITOR
corrosion,2,0.912,1.988,4.01,0.76,905.17,25000.0,27.6,0.907,MONITOR
hide_craze,5,0.98,1.561,9.15,4.45,4597.25,45000.0,9.8,0.882,REPAIR
surface_injure,1,0.472,0.947,7.08,0.1,105.88,35000.0,330.6,0.741,MONITOR
corrosion,1,0.72,0.719,13.83,0.13,192.9,25000.0,129.6,0.835,MONITOR
craze,3,0.361,0.309,9.33,0.1,96.83,60000.0,619.6,0.815,MONITOR
hide_craze,2,0.808,1.221,5.15,0.39,330.87,35000.0,105.8,0.701,MONITOR
corrosion,4,0.731,0.923,8.23,0.47,605.17,35000.0,57.8,0.832,MONITOR
surface_injure,2,0.203,0.603,10.08,0.1,70.69,35000.0,495.1,0.912,MONITOR
hide_craze,2,0.47,1.666,10.04,0.1,88.62,25000.0,282.1,0.828,MONITOR
craze,4,0.248,3.083,4.93,0.1,88.85,35000.0,393.9,0.718,MONITOR
surface_injure,5,0.416,0.823,5.82,0.1,144.84,60000.0,414.3,0.943,MONITOR
hide_craze,3,0.684,6.343,4.21,0.19,307.35,85000.0,276.6,0.93,MONITOR
surface_injure,5,0.588,0.676,8.52,0.1,73.43,85000.0,1157.6,0.757,ENGINEERING_ASSESSMENT
hide_craze,3,0.75,1.137,3.11,0.38,375.13,85000.0,226.6,0.973,MONITOR
craze,2,0.98,3.759,11.3,0.85,755.11,60000.0,79.5,0.971,REPAIR
surface_injure,1,0.901,0.931,7.9,0.45,846.8,25000.0,29.5,0.966,MONITOR
corrosion,2,0.859,1.809,13.91,0.78,1094.78,35000.0,32.0,0.813,MONITOR
hide_craze,4,0.93,1.057,10.96,3.61,5135.17,35000.0,6.8,0.963,REPAIR
craze,2,0.98,5.957,11.12,1.36,1202.64,25000.0,20.8,0.98,MONITOR
crack,2,0.605,0.483,4.22,0.1,148.15,60000.0,405.0,0.777,ENGINEERING_ASSESSMENT
corrosion,2,0.796,1.174,8.87,0.34,566.46,45000.0,79.4,0.765,MONITOR
thunderstrike,4,0.826,3.857,5.72,1.37,1859.92,45000.0,24.2,0.714,ENGINEERING_ASSESSMENT
crack,3,0.292,1.647,12.79,0.1,128.53,85000.0,661.3,0.735,ENGINEERING_ASSESSMENT
corrosion,1,0.904,3.377,4.86,0.54,652.65,45000.0,68.9,0.922,MONITOR
surface_injure,4,0.311,1.37,11.66,0.1,157.08,85000.0,541.1,0.805,MONITOR
hide_craze,3,0.428,3.236,7.81,0.1,176.72,60000.0,339.5,0.913,MONITOR
surface_injure,2,0.277,0.333,8.52,0.1,124.35,85000.0,683.6,0.956,MONITOR
crack,2,0.902,5.535,13.45,1.1,874.31,85000.0,97.2,0.894,ENGINEERING_ASSESSMENT
craze,1,0.782,0.887,3.0,0.18,263.87,45000.0,170.5,0.942,ENGINEERING_ASSESSMENT
corrosion,4,0.485,3.491,9.37,0.1,196.5,85000.0,432.6,0.785,MONITOR
thunderstrike,1,0.276,0.378,11.06,0.1,85.83,60000.0,699.1,0.835,ENGINEERING_ASSESSMENT
corrosion,1,0.979,3.371,5.34,0.44,535.92,35000.0,65.3,0.717,MONITOR
crack,1,0.687,2.857,5.27,0.1,136.4,45000.0,329.9,0.886,ENGINEERING_ASSESSMENT
crack,3,0.842,1.485,3.11,0.72,754.4,85000.0,112.7,0.916,ENGINEERING_ASSESSMENT
craze,4,0.965,0.381,5.48,3.65,4922.52,25000.0,5.1,0.906,REPAIR
thunderstrike,1,0.782,5.707,5.51,0.17,227.71,60000.0,263.5,0.915,ENGINEERING_ASSESSMENT
craze,3,0.695,2.046,3.7,0.2,300.88,60000.0,199.4,0.763,MONITOR
craze,2,0.861,5.168,3.0,0.54,780.28,60000.0,76.9,0.865,MONITOR
hide_craze,1,0.667,1.333,19.14,0.1,103.82,85000.0,818.7,0.804,MONITOR
thunderstrike,2,0.777,0.474,6.28,0.39,472.99,60000.0,126.9,0.795,ENGINEERING_ASSESSMENT
thunderstrike,3,0.308,1.262,3.0,0.1,138.75,85000.0,612.6,0.835,ENGINEERING_ASSESSMENT
surface_injure,2,0.895,10.469,11.79,0.31,265.55,35000.0,131.8,0.787,ENGINEERING_ASSESSMENT
thunderstrike,3,0.598,1.728,8.53,0.11,183.77,45000.0,244.9,0.764,ENGINEERING_ASSESSMENT
craze,1,0.575,0.836,10.33,0.1,99.07,35000.0,353.3,0.719,MONITOR
crack,3,0.266,0.258,4.71,0.1,164.17,85000.0,517.8,0.884,ENGINEERING_ASSESSMENT
thunderstrike,3,0.816,4.468,10.17,0.76,974.5,35000.0,35.9,0.906,ENGINEERING_ASSESSMENT
surface_injure,3,0.559,0.726,5.09,0.1,95.82,60000.0,626.2,0.93,MONITOR
thunderstrike,2,0.556,0.636,11.49,0.1,135.93,25000.0,183.9,0.952,ENGINEERING_ASSESSMENT
corrosion,2,0.294,0.549,13.65,0.1,97.9,25000.0,255.4,0.716,MONITOR
crack,5,0.6,4.46,5.6,0.34,534.94,25000.0,46.7,0.893,ENGINEERING_ASSESSMENT
craze,1,0.403,3.054,3.7,0.1,124.69,25000.0,200.5,0.732,MONITOR
corrosion,1,0.569,0.433,4.65,0.1,165.22,35000.0,211.8,0.765,MONITOR
hide_craze,2,0.535,10.466,6.0,0.1,96.18,25000.0,259.9,0.842,MONITOR
crack,1,0.397,1.007,10.38,0.1,135.63,45000.0,331.8,0.838,ENGINEERING_ASSESSMENT
thunderstrike,5,0.471,1.487,14.01,0.1,97.2,85000.0,874.5,0.737,ENGINEERING_ASSESSMENT
corrosion,3,0.856,4.583,3.0,1.37,1622.86,85000.0,52.4,0.915,REPAIR
surface_injure,3,0.943,1.589,11.31,1.69,2214.65,45000.0,20.3,0.952,REPAIR
thunderstrike,2,0.648,0.818,5.69,0.1,141.75,35000.0,246.9,0.72,ENGINEERING_ASSESSMENT
hide_craze,3,0.282,10.897,5.31,0.1,118.26,45000.0,380.5,0.827,MONITOR
craze,2,0.256,12.844,5.79,0.1,99.08,35000.0,353.2,0.764,MONITOR
surface_injure,3,0.475,0.391,12.02,0.1,106.1,85000.0,801.1,0.934,MONITOR
surface_injure,3,0.586,5.904,7.05,0.1,140.76,45000.0,319.7,0.934,ENGINEERING_ASSESSMENT
craze,5,0.741,2.434,7.16,0.63,457.63,35000.0,76.5,0.936,MONITOR
craze,3,0.98,1.493,7.09,2.28,4165.27,45000.0,10.8,0.903,REPAIR
hide_craze,3,0.92,1.96,3.0,1.37,1178.24,60000.0,50.9,0.78,REPAIR
hide_craze,2,0.354,0.516,4.1,0.1,115.23,85000.0,737.7,0.828,MONITOR
crack,2,0.814,5.058,5.81,0.29,394.53,35000.0,88.7,0.93,ENGINEERING_ASSESSMENT
craze,3,0.596,5.889,7.3,0.1,84.81,60000.0,707.5,0.977,MONITOR
surface_injure,1,0.329,2.932,3.0,0.1,66.88,45000.0,672.8,0.701,MONITOR
corrosion,1,0.723,1.085,4.92,0.1,78.47,85000.0,1083.2,0.873,MONITOR
thunderstrike,3,0.382,1.93,6.02,0.1,157.29,85000.0,540.4,0.944,ENGINEERING_ASSESSMENT
corrosion,4,0.43,2.255,15.61,0.1,175.38,35000.0,199.6,0.949,MONITOR
hide_craze,1,0.98,0.346,4.27,0.53,652.31,60000.0,92.0,0.878,MONITOR
thunderstrike,1,0.952,0.323,10.67,0.43,728.93,45000.0,61.7,0.718,ENGINEERING_ASSESSMENT
craze,2,0.372,0.816,7.2,0.1,71.3,35000.0,490.9,0.709,MONITOR
thunderstrike,3,0.227,0.255,7.24,0.1,179.82,25000.0,139.0,0.704,ENGINEERING_ASSESSMENT
craze,2,0.301,3.351,6.17,0.1,61.67,25000.0,405.4,0.776,MONITOR
crack,3,0.572,1.377,10.96,0.1,117.18,45000.0,384.0,0.738,ENGINEERING_ASSESSMENT
craze,2,0.504,3.1,4.59,0.1,103.37,45000.0,435.3,0.913,MONITOR
thunderstrike,1,0.542,0.618,3.35,0.1,87.05,60000.0,689.3,0.89,ENGINEERING_ASSESSMENT
surface_injure,3,0.297,0.759,6.41,0.1,179.1,85000.0,474.6,0.802,MONITOR
surface_injure,3,0.555,1.877,11.68,0.1,116.32,35000.0,300.9,0.927,MONITOR
surface_injure,2,0.345,1.855,6.77,0.1,121.12,85000.0,701.8,0.979,MONITOR
hide_craze,5,0.941,0.704,10.8,2.31,1979.72,35000.0,17.7,0.721,REPAIR
thunderstrike,5,0.462,2.164,8.34,0.1,112.71,35000.0,310.5,0.974,ENGINEERING_ASSESSMENT
hide_craze,2,0.374,0.668,6.27,0.1,116.28,60000.0,516.0,0.766,MONITOR
thunderstrike,1,0.719,0.228,3.0,0.1,144.78,35000.0,241.7,0.929,ENGINEERING_ASSESSMENT
corrosion,4,0.782,1.179,6.92,0.75,1156.38,60000.0,51.9,0.822,MONITOR
corrosion,1,0.219,1.422,10.35,0.1,146.14,35000.0,239.5,0.974,MONITOR
hide_craze,1,0.389,0.71,5.67,0.1,170.45,85000.0,498.7,0.781,MONITOR
corrosion,1,0.888,3.019,5.0,0.39,763.63,35000.0,45.8,0.905,MONITOR
corrosion,1,0.79,0.357,6.82,0.29,459.31,25000.0,54.4,0.845,MONITOR
thunderstrike,2,0.405,1.503,4.42,0.1,132.18,45000.0,340.4,0.841,ENGINEERING_ASSESSMENT
thunderstrike,4,0.528,2.022,8.34,0.1,126.22,45000.0,356.5,0.785,ENGINEERING_ASSESSMENT
surface_injure,2,0.367,3.104,11.13,0.1,148.55,85000.0,572.2,0.875,MONITOR
hide_craze,2,0.293,2.377,10.72,0.1,85.11,25000.0,293.7,0.882,MONITOR
hide_craze,5,0.679,1.317,5.8,0.32,541.8,35000.0,64.6,0.777,MONITOR
crack,5,0.552,2.464,14.87,0.14,121.68,45000.0,369.8,0.824,ENGINEERING_ASSESSMENT
hide_craze,3,0.688,0.322,12.66,0.19,264.0,25000.0,94.7,0.98,ENGINEERING_ASSESSMENT
thunderstrike,3,0.805,1.136,8.59,0.57,599.16,25000.0,41.7,0.808,ENGINEERING_ASSESSMENT
surface_injure,1,0.768,3.971,3.34,0.29,348.96,85000.0,243.6,0.849,MONITOR
hide_craze,3,0.241,3.113,13.77,0.1,149.37,85000.0,569.1,0.919,MONITOR
corrosion,3,0.68,0.309,8.58,0.36,452.19,60000.0,132.7,0.756,ENGINEERING_ASSESSMENT
craze,1,0.864,1.03,6.37,0.31,517.29,25000.0,48.3,0.76,MONITOR
surface_injure,2,0.331,3.057,8.35,0.1,85.06,85000.0,999.3,0.917,MONITOR
craze,4,0.384,0.762,9.64,0.1,145.42,35000.0,240.7,0.878,MONITOR
craze,5,0.643,3.245,16.1,0.2,397.6,45000.0,113.2,0.857,MONITOR
craze,4,0.866,2.012,4.2,2.09,2843.75,25000.0,8.8,0.799,REPAIR
craze,4,0.591,2.875,8.4,0.19,155.41,25000.0,160.9,0.794,MONITOR
thunderstrike,1,0.15,0.887,11.41,0.1,174.08,35000.0,201.1,0.703,ENGINEERING_ASSESSMENT
hide_craze,3,0.639,0.723,4.64,0.16,200.6,85000.0,423.7,0.702,MONITOR
craze,1,0.475,0.525,3.51,0.1,97.63,25000.0,256.1,0.863,ENGINEERING_ASSESSMENT
crack,3,0.335,0.531,5.63,0.1,117.91,25000.0,212.0,0.837,ENGINEERING_ASSESSMENT
craze,3,0.262,6.859,6.93,0.1,99.4,60000.0,603.6,0.976,MONITOR
hide_craze,4,0.365,4.376,7.31,0.1,110.75,25000.0,225.7,0.775,MONITOR
thunderstrike,3,0.822,1.418,4.96,0.7,570.72,85000.0,148.9,0.751,ENGINEERING_ASSESSMENT
crack,1,0.894,6.111,3.3,0.48,1006.46,85000.0,84.5,0.935,ENGINEERING_ASSESSMENT
craze,4,0.677,1.6,3.45,0.26,301.1,35000.0,116.2,0.83,MONITOR
surface_injure,3,0.674,1.458,6.77,0.14,128.01,35000.0,273.4,0.85,MONITOR
surface_injure,1,0.967,0.305,4.64,0.4,533.56,45000.0,84.3,0.714,MONITOR
crack,3,0.539,0.992,3.0,0.1,103.44,25000.0,241.7,0.921,ENGINEERING_ASSESSMENT
crack,2,0.793,0.855,5.46,0.16,209.33,60000.0,286.6,0.877,ENGINEERING_ASSESSMENT
corrosion,2,0.901,0.271,3.0,0.55,475.99,60000.0,126.1,0.963,MONITOR
corrosion,3,0.607,1.447,4.61,0.11,243.59,45000.0,184.7,0.72,MONITOR
corrosion,2,0.773,1.78,4.83,0.3,412.52,25000.0,60.6,0.849,REPAIR
corrosion,2,0.954,1.116,8.28,1.27,1194.68,60000.0,50.2,0.836,MONITOR
craze,1,0.66,2.942,4.52,0.1,86.84,85000.0,978.8,0.952,MONITOR
hide_craze,3,0.966,2.108,11.06,1.95,1990.21,45000.0,22.6,0.732,MONITOR
corrosion,3,0.442,1.294,4.08,0.1,178.48,85000.0,476.2,0.965,MONITOR
corrosion,3,0.204,2.206,4.49,0.1,101.57,85000.0,836.9,0.747,MONITOR
craze,4,0.656,6.473,3.02,0.19,348.33,85000.0,244.0,0.774,MONITOR
craze,3,0.574,0.875,3.31,0.1,65.41,85000.0,1299.5,0.707,MONITOR
surface_injure,3,0.849,5.291,7.01,0.63,642.89,45000.0,70.0,0.808,MONITOR
corrosion,2,0.98,0.426,6.2,1.12,1680.37,25000.0,14.9,0.707,MONITOR
corrosion,3,0.352,3.898,8.04,0.1,152.66,85000.0,556.8,0.807,MONITOR
hide_craze,2,0.228,1.51,7.15,0.1,110.54,25000.0,226.2,0.786,MONITOR
corrosion,2,0.387,1.081,4.21,0.1,168.57,35000.0,207.6,0.874,MONITOR
hide_craze,1,0.764,3.312,9.13,0.14,175.58,85000.0,484.1,0.765,MONITOR
corrosion,3,0.425,4.581,4.07,0.1,100.57,60000.0,596.6,0.923,MONITOR
surface_injure,1,0.63,0.544,7.35,0.1,119.29,60000.0,503.0,0.788,MONITOR
hide_craze,3,0.383,1.751,4.99,0.1,152.35,85000.0,557.9,0.703,MONITOR
corrosion,3,0.877,0.758,3.77,0.66,1293.41,35000.0,27.1,0.952,REPAIR
surface_injure,1,0.287,0.923,3.73,0.1,120.39,60000.0,498.4,0.736,MONITOR
surface_injure,4,0.939,4.124,3.0,2.94,2167.86,85000.0,39.2,0.952,REPAIR
craze,3,0.865,2.302,12.06,0.71,1012.39,45000.0,44.4,0.796,REPAIR
surface_injure,4,0.699,2.211,10.27,0.56,568.75,45000.0,79.1,0.779,MONITOR
surface_injure,3,0.76,9.59,4.9,0.59,569.04,45000.0,79.1,0.963,MONITOR
corrosion,1,0.762,0.2,11.2,0.1,147.82,85000.0,575.0,0.895,MONITOR
hide_craze,4,0.366,3.701,8.03,0.1,178.94,45000.0,251.5,0.814,MONITOR
hide_craze,5,0.379,1.247,8.29,0.1,83.09,35000.0,421.2,0.817,MONITOR
thunderstrike,4,0.963,0.636,15.53,2.5,3272.59,25000.0,7.6,0.912,ENGINEERING_ASSESSMENT
crack,5,0.935,1.026,10.66,3.92,3958.09,35000.0,8.8,0.929,ENGINEERING_ASSESSMENT
craze,4,0.98,2.74,5.44,3.88,3958.73,85000.0,21.5,0.935,REPAIR
hide_craze,3,0.518,1.998,4.33,0.1,174.69,85000.0,486.6,0.756,MONITOR
corrosion,1,0.341,0.839,3.72,0.1,133.62,60000.0,449.0,0.946,MONITOR
thunderstrike,1,0.505,0.41,6.81,0.1,142.58,45000.0,315.6,0.862,ENGINEERING_ASSESSMENT
surface_injure,3,0.188,1.364,8.09,0.1,113.5,45000.0,396.5,0.811,MONITOR
thunderstrike,1,0.297,3.78,3.58,0.1,116.37,45000.0,386.7,0.891,ENGINEERING_ASSESSMENT
craze,1,0.402,1.918,5.36,0.1,162.52,35000.0,215.4,0.792,MONITOR
surface_injure,3,0.51,1.39,8.22,0.1,130.53,45000.0,344.7,0.937,MONITOR
thunderstrike,2,0.364,1.338,8.84,0.1,133.08,60000.0,450.9,0.807,ENGINEERING_ASSESSMENT
craze,2,0.325,4.971,9.68,0.1,94.14,45000.0,478.0,0.778,MONITOR
surface_injure,1,0.222,6.749,11.77,0.1,91.89,45000.0,489.7,0.834,MONITOR
crack,2,0.46,0.355,4.05,0.1,124.15,85000.0,684.7,0.741,ENGINEERING_ASSESSMENT
surface_injure,3,0.829,0.633,6.39,0.71,1114.82,35000.0,31.4,0.84,REPAIR
corrosion,2,0.207,1.8,5.19,0.1,144.1,35000.0,242.9,0.808,MONITOR
surface_injure,1,0.574,0.601,3.83,0.1,183.36,35000.0,190.9,0.709,MONITOR
hide_craze,1,0.776,3.134,4.18,0.25,234.9,85000.0,361.9,0.905,MONITOR
hide_craze,3,0.546,0.841,3.0,0.1,121.8,25000.0,205.3,0.845,MONITOR
thunderstrike,3,0.839,0.252,9.7,0.55,987.35,35000.0,35.4,0.798,ENGINEERING_ASSESSMENT
hide_craze,4,0.88,1.354,3.0,2.5,2600.84,60000.0,23.1,0.839,REPAIR
craze,3,0.44,0.895,4.86,0.1,109.49,45000.0,411.0,0.722,MONITOR
hide_craze,1,0.734,0.376,9.02,0.12,217.2,60000.0,276.2,0.968,MONITOR
thunderstrike,4,0.341,1.997,5.49,0.1,162.68,45000.0,276.6,0.951,ENGINEERING_ASSESSMENT
hide_craze,4,0.809,2.704,3.0,0.73,748.54,60000.0,80.2,0.758,MONITOR
surface_injure,2,0.602,2.724,4.45,0.1,191.13,60000.0,313.9,0.803,MONITOR
corrosion,1,0.976,1.963,11.0,0.66,979.83,25000.0,25.5,0.852,MONITOR
craze,5,0.922,4.552,3.77,4.22,5679.83,25000.0,4.4,0.952,REPAIR
hide_craze,2,0.77,4.581,6.28,0.25,460.61,60000.0,130.3,0.915,MONITOR
surface_injure,1,0.805,1.508,5.94,0.23,277.52,45000.0,162.2,0.773,MONITOR
thunderstrike,5,0.672,0.668,6.43,0.33,318.53,35000.0,109.9,0.903,ENGINEERING_ASSESSMENT
thunderstrike,1,0.506,3.389,5.58,0.1,65.86,25000.0,379.6,0.854,ENGINEERING_ASSESSMENT
surface_injure,1,0.199,1.02,5.26,0.1,165.7,45000.0,271.6,0.878,MONITOR
corrosion,3,0.515,4.215,13.35,0.1,91.26,25000.0,273.9,0.878,ENGINEERING_ASSESSMENT
hide_craze,4,0.268,0.869,5.06,0.1,120.71,60000.0,497.1,0.851,MONITOR
thunderstrike,4,0.934,4.536,5.66,2.59,2387.67,85000.0,35.6,0.869,ENGINEERING_ASSESSMENT
crack,3,0.352,1.039,3.58,0.1,139.07,45000.0,323.6,0.957,ENGINEERING_ASSESSMENT
crack,5,0.461,1.402,9.79,0.1,115.42,25000.0,216.6,0.822,ENGINEERING_ASSESSMENT
thunderstrike,1,0.649,3.615,12.29,0.1,193.58,25000.0,129.1,0.967,ENGINEERING_ASSESSMENT
hide_craze,5,0.779,0.379,3.58,0.86,1156.11,25000.0,21.6,0.717,MONITOR
hide_craze,3,0.496,0.779,6.21,0.1,70.4,35000.0,497.2,0.796,MONITOR
craze,2,0.608,5.273,7.25,0.1,124.87,85000.0,680.7,0.771,MONITOR
thunderstrike,2,0.524,0.62,3.56,0.1,124.41,45000.0,361.7,0.821,ENGINEERING_ASSESSMENT
crack,2,0.353,0.701,3.0,0.1,73.94,85000.0,1149.6,0.907,ENGINEERING_ASSESSMENT
corrosion,2,0.941,7.119,3.0,1.49,1499.22,35000.0,23.3,0.816,REPAIR
craze,5,0.299,3.112,3.01,0.1,126.72,35000.0,276.2,0.843,MONITOR
surface_injure,3,0.484,0.455,8.05,0.1,112.22,45000.0,401.0,0.815,MONITOR
corrosion,1,0.525,2.358,13.1,0.1,87.01,85000.0,976.9,0.747,MONITOR
crack,3,0.901,5.137,8.95,1.74,2353.96,60000.0,25.5,0.844,ENGINEERING_ASSESSMENT
craze,2,0.238,0.675,8.63,0.1,114.85,85000.0,740.1,0.811,MONITOR
hide_craze,1,0.486,0.614,3.14,0.1,145.04,60000.0,413.7,0.742,MONITOR
crack,2,0.421,0.948,3.24,0.1,85.83,45000.0,524.3,0.877,ENGINEERING_ASSESSMENT
thunderstrike,5,0.586,3.84,15.38,0.15,196.15,85000.0,433.3,0.819,ENGINEERING_ASSESSMENT
crack,2,0.35,4.61,8.43,0.1,171.92,45000.0,261.7,0.871,ENGINEERING_ASSESSMENT
hide_craze,1,0.238,6.363,7.78,0.1,111.67,60000.0,537.3,0.916,MONITOR
craze,3,0.292,2.682,7.17,0.1,148.69,45000.0,302.6,0.911,MONITOR
craze,5,0.944,4.437,3.0,4.93,6120.17,25000.0,4.1,0.815,REPAIR
craze,2,0.356,0.287,4.53,0.1,89.58,45000.0,502.3,0.81,MONITOR
corrosion,3,0.81,0.819,8.03,0.98,1464.66,25000.0,17.1,0.881,MONITOR
hide_craze,2,0.557,2.109,12.45,0.1,141.4,60000.0,424.3,0.718,MONITOR
hide_craze,3,0.445,0.629,9.18,0.1,136.33,25000.0,183.4,0.903,MONITOR
crack,1,0.178,2.72,3.92,0.1,93.01,35000.0,376.3,0.769,ENGINEERING_ASSESSMENT
corrosion,2,0.892,1.384,3.22,0.91,1214.96,60000.0,49.4,0.923,MONITOR
crack,1,0.701,0.644,6.47,0.1,196.99,35000.0,177.7,0.745,ENGINEERING_ASSESSMENT
corrosion,2,0.85,5.237,11.42,0.67,1360.06,25000.0,18.4,0.877,MONITOR
craze,3,0.274,2.61,7.42,0.1,114.61,45000.0,392.6,0.938,MONITOR
surface_injure,3,0.259,0.513,6.78,0.1,123.39,35000.0,283.7,0.906,MONITOR
craze,2,0.705,0.64,4.94,0.1,102.2,25000.0,244.6,0.76,MONITOR
craze,3,0.651,6.426,5.7,0.16,265.48,45000.0,169.5,0.708,MONITOR
corrosion,2,0.281,0.383,3.0,0.1,84.69,35000.0,413.3,0.726,MONITOR
craze,2,0.393,3.723,5.97,0.1,66.87,45000.0,672.9,0.954,MONITOR
surface_injure,3,0.968,1.048,3.54,1.64,2160.03,25000.0,11.6,0.904,REPAIR
crack,2,0.267,0.53,7.0,0.1,81.59,85000.0,1041.8,0.783,ENGINEERING_ASSESSMENT
crack,2,0.386,0.924,4.02,0.1,116.09,25000.0,215.4,0.963,ENGINEERING_ASSESSMENT
corrosion,1,0.702,0.552,7.33,0.1,121.59,85000.0,699.1,0.867,ENGINEERING_ASSESSMENT
thunderstrike,4,0.727,1.44,4.35,0.28,291.94,85000.0,291.2,0.723,ENGINEERING_ASSESSMENT
corrosion,3,0.701,6.645,8.92,0.2,215.88,85000.0,393.7,0.736,MONITOR
thunderstrike,3,0.19,2.143,3.72,0.1,85.74,45000.0,524.8,0.783,ENGINEERING_ASSESSMENT
hide_craze,4,0.828,1.702,3.39,0.91,825.91,25000.0,30.3,0.854,MONITOR
crack,4,0.947,4.739,3.0,2.78,2755.47,60000.0,21.8,0.955,ENGINEERING_ASSESSMENT
craze,3,0.335,2.52,11.49,0.1,93.18,45000.0,482.9,0.951,MONITOR
thunderstrike,3,0.26,1.65,4.99,0.1,168.58,60000.0,355.9,0.783,ENGINEERING_ASSESSMENT
corrosion,3,0.715,1.949,5.06,0.32,425.12,25000.0,58.8,0.829,MONITOR
thunderstrike,2,0.801,2.125,8.11,0.39,541.22,60000.0,110.9,0.779,ENGINEERING_ASSESSMENT
thunderstrike,3,0.224,2.983,3.0,0.1,182.34,60000.0,329.1,0.73,ENGINEERING_ASSESSMENT
crack,1,0.349,2.182,7.92,0.1,127.01,25000.0,196.8,0.882,ENGINEERING_ASSESSMENT
hide_craze,2,0.274,4.702,9.98,0.1,126.86,35000.0,275.9,0.897,MONITOR
thunderstrike,4,0.431,2.188,6.76,0.1,159.95,85000.0,531.4,0.755,ENGINEERING_ASSESSMENT
crack,4,0.354,0.486,6.44,0.1,76.94,60000.0,779.8,0.978,ENGINEERING_ASSESSMENT
thunderstrike,2,0.808,1.116,3.66,0.4,316.54,25000.0,79.0,0.909,ENGINEERING_ASSESSMENT
hide_craze,1,0.334,0.859,12.22,0.1,98.19,60000.0,611.1,0.832,MONITOR
crack,1,0.844,1.322,5.54,0.16,230.63,85000.0,368.6,0.832,ENGINEERING_ASSESSMENT
corrosion,5,0.648,0.283,3.88,0.29,276.51,45000.0,162.7,0.704,MONITOR
craze,3,0.596,1.942,7.16,0.1,128.7,25000.0,194.3,0.847,MONITOR
surface_injure,2,0.762,2.158,9.11,0.19,346.78,60000.0,173.0,0.803,MONITOR
craze,1,0.972,6.493,4.96,1.19,1051.71,85000.0,80.8,0.818,MONITOR
craze,4,0.596,0.251,7.34,0.1,111.99,60000.0,535.8,0.741,MONITOR
thunderstrike,2,0.424,0.645,6.12,0.1,94.23,35000.0,371.4,0.913,ENGINEERING_ASSESSMENT
hide_craze,1,0.632,3.491,3.34,0.1,190.15,60000.0,315.5,0.956,MONITOR
craze,1,0.346,1.256,11.53,0.1,204.33,25000.0,122.4,0.745,MONITOR
surface_injure,5,0.941,0.494,11.32,4.13,3861.18,45000.0,11.7,0.886,REPAIR
thunderstrike,3,0.812,1.518,5.31,0.89,1670.02,45000.0,26.9,0.719,ENGINEERING_ASSESSMENT
crack,1,0.786,2.036,9.89,0.11,116.06,85000.0,732.4,0.882,ENGINEERING_ASSESSMENT
crack,1,0.416,1.394,3.0,0.1,84.43,60000.0,710.6,0.83,ENGINEERING_ASSESSMENT
hide_craze,5,0.749,1.146,10.72,0.69,1411.95,35000.0,24.8,0.864,MONITOR
hide_craze,4,0.425,0.42,3.53,0.1,146.76,25000.0,170.3,0.791,MONITOR
surface_injure,4,0.792,3.644,3.15,1.37,1246.59,45000.0,36.1,0.939,REPAIR
craze,3,0.476,1.113,14.16,0.1,172.14,25000.0,145.2,0.885,ENGINEERING_ASSESSMENT
craze,3,0.854,3.515,6.35,1.06,1343.25,35000.0,26.1,0.709,REPAIR
craze,5,0.353,2.13,3.74,0.1,120.17,35000.0,291.3,0.865,MONITOR
corrosion,3,0.428,2.672,7.17,0.1,115.42,85000.0,736.4,0.972,MONITOR
surface_injure,3,0.91,0.264,8.78,0.98,1124.58,45000.0,40.0,0.874,REPAIR
crack,2,0.838,0.414,10.67,0.63,1311.55,85000.0,64.8,0.752,ENGINEERING_ASSESSMENT
corrosion,3,0.805,2.398,8.41,0.61,1170.78,25000.0,21.4,0.897,MONITOR
craze,4,0.98,1.092,6.23,3.18,3551.82,45000.0,12.7,0.784,REPAIR
crack,4,0.359,2.898,7.57,0.1,93.06,85000.0,913.4,0.715,ENGINEERING_ASSESSMENT
crack,3,0.245,0.324,3.0,0.1,112.43,25000.0,222.4,0.966,ENGINEERING_ASSESSMENT
hide_craze,3,0.59,1.598,9.86,0.1,150.64,25000.0,166.0,0.708,MONITOR
corrosion,4,0.18,0.256,5.42,0.1,148.29,85000.0,573.2,0.778,MONITOR
thunderstrike,5,0.328,2.076,8.54,0.1,173.7,25000.0,143.9,0.881,ENGINEERING_ASSESSMENT
hide_craze,1,0.395,1.553,9.86,0.1,151.52,45000.0,297.0,0.977,MONITOR
surface_injure,1,0.709,1.386,6.56,0.1,152.81,35000.0,229.0,0.774,MONITOR
crack,2,0.324,1.677,5.04,0.1,152.05,85000.0,559.0,0.947,ENGINEERING_ASSESSMENT
corrosion,1,0.711,0.538,6.64,0.1,94.99,45000.0,473.7,0.918,MONITOR
thunderstrike,3,0.712,2.731,8.13,0.37,640.15,35000.0,54.7,0.805,ENGINEERING_ASSESSMENT
corrosion,5,0.834,1.737,3.0,1.98,2652.64,45000.0,17.0,0.784,ENGINEERING_ASSESSMENT
hide_craze,3,0.885,0.827,3.97,1.5,1751.07,45000.0,25.7,0.785,MONITOR
surface_injure,3,0.276,2.91,3.0,0.1,164.44,45000.0,273.7,0.844,MONITOR
corrosion,3,0.956,0.49,8.57,1.28,997.15,60000.0,60.2,0.825,MONITOR
hide_craze,1,0.865,3.963,8.14,0.37,459.69,25000.0,54.4,0.893,REPAIR
corrosion,1,0.79,3.763,5.19,0.23,243.98,45000.0,184.4,0.889,MONITOR
hide_craze,3,0.354,10.053,3.12,0.1,174.96,45000.0,257.2,0.967,MONITOR
surface_injure,3,0.821,0.216,12.66,0.79,974.9,25000.0,25.6,0.93,REPAIR
craze,1,0.242,2.31,13.22,0.1,214.16,60000.0,280.2,0.837,MONITOR
craze,2,0.892,2.361,4.35,0.76,884.05,45000.0,50.9,0.836,REPAIR
thunderstrike,1,0.358,0.984,4.4,0.1,155.91,45000.0,288.6,0.809,ENGINEERING_ASSESSMENT
corrosion,4,0.361,2.523,3.0,0.1,88.4,25000.0,282.8,0.882,MONITOR
thunderstrike,3,0.669,0.845,6.91,0.22,363.46,60000.0,165.1,0.933,ENGINEERING_ASSESSMENT
thunderstrike,3,0.912,4.128,7.36,2.04,3862.92,85000.0,22.0,0.878,ENGINEERING_ASSESSMENT
corrosion,2,0.915,1.235,10.97,1.01,990.47,60000.0,60.6,0.771,MONITOR
corrosion,1,0.651,2.46,6.73,0.1,136.48,35000.0,256.4,0.79,MONITOR
craze,1,0.627,2.644,7.09,0.1,160.75,45000.0,279.9,0.717,MONITOR
crack,1,0.265,3.49,4.3,0.1,113.9,85000.0,746.3,0.969,ENGINEERING_ASSESSMENT
crack,1,0.336,0.971,10.51,0.1,135.57,25000.0,184.4,0.942,ENGINEERING_ASSESSMENT
thunderstrike,3,0.779,3.033,9.98,1.2,782.16,35000.0,44.7,0.709,ENGINEERING_ASSESSMENT
surface_injure,4,0.739,0.383,3.0,0.85,1288.73,25000.0,19.4,0.847,MONITOR
thunderstrike,2,0.372,0.457,9.69,0.1,138.49,35000.0,252.7,0.964,ENGINEERING_ASSESSMENT
surface_injure,1,0.593,1.396,9.66,0.1,181.33,45000.0,248.2,0.815,ENGINEERING_ASSESSMENT
surface_injure,2,0.6,1.868,9.17,0.15,265.87,35000.0,131.6,0.893,ENGINEERING_ASSESSMENT
crack,3,0.75,0.485,4.17,0.44,360.22,25000.0,69.4,0.862,ENGINEERING_ASSESSMENT
thunderstrike,3,0.754,0.874,9.68,0.42,258.82,25000.0,96.6,0.804,ENGINEERING_ASSESSMENT
crack,5,0.368,4.755,4.25,0.1,122.94,85000.0,691.4,0.789,ENGINEERING_ASSESSMENT
surface_injure,1,0.659,0.546,13.85,0.1,100.8,25000.0,248.0,0.886,MONITOR
surface_injure,3,0.489,2.808,6.88,0.1,122.05,45000.0,368.7,0.766,MONITOR
surface_injure,2,0.808,1.014,3.65,0.3,362.16,60000.0,165.7,0.752,MONITOR
craze,2,0.74,1.222,8.02,0.24,223.47,45000.0,201.4,0.703,MONITOR
corrosion,1,0.548,1.841,11.54,0.1,149.83,35000.0,233.6,0.762,MONITOR
surface_injure,1,0.45,0.72,5.42,0.1,121.74,60000.0,492.9,0.716,MONITOR
hide_craze,1,0.816,0.896,15.63,0.52,570.86,35000.0,61.3,0.769,MONITOR
craze,4,0.688,2.617,7.26,0.58,633.49,85000.0,134.2,0.758,MONITOR
surface_injure,4,0.44,0.856,7.96,0.1,90.99,25000.0,274.8,0.778,MONITOR
surface_injure,3,0.686,0.502,8.88,0.21,241.96,85000.0,351.3,0.843,MONITOR
craze,3,0.839,3.926,5.25,0.93,755.14,85000.0,112.6,0.865,ENGINEERING_ASSESSMENT
hide_craze,2,0.335,1.892,4.78,0.1,119.93,35000.0,291.8,0.708,MONITOR
surface_injure,5,0.308,1.828,10.91,0.1,134.9,35000.0,259.5,0.928,MONITOR
surface_injure,1,0.395,1.151,3.16,0.1,81.71,25000.0,306.0,0.972,MONITOR
thunderstrike,3,0.211,1.572,5.94,0.1,89.65,85000.0,948.1,0.819,ENGINEERING_ASSESSMENT
craze,4,0.961,2.813,3.0,1.67,2798.92,25000.0,8.9,0.893,ENGINEERING_ASSESSMENT
craze,4,0.638,1.795,11.34,0.27,219.8,85000.0,386.7,0.782,MONITOR
crack,4,0.288,0.819,11.24,0.1,164.8,85000.0,515.8,0.746,ENGINEERING_ASSESSMENT
crack,1,0.673,3.877,7.91,0.1,100.46,25000.0,248.9,0.707,ENGINEERING_ASSESSMENT
thunderstrike,3,0.95,1.221,3.0,2.05,2332.54,25000.0,10.7,0.834,ENGINEERING_ASSESSMENT
crack,1,0.654,1.432,3.92,0.1,113.12,85000.0,751.4,0.744,ENGINEERING_ASSESSMENT
hide_craze,3,0.291,1.011,16.41,0.1,166.43,35000.0,210.3,0.75,MONITOR
craze,1,0.455,1.447,8.86,0.1,78.81,45000.0,571.0,0.886,MONITOR
thunderstrike,1,0.767,4.806,3.0,0.16,174.33,60000.0,344.2,0.818,ENGINEERING_ASSESSMENT
hide_craze,1,0.624,0.481,7.15,0.1,97.22,35000.0,360.0,0.856,MONITOR
corrosion,2,0.903,3.222,11.36,0.66,951.63,25000.0,26.3,0.811,MONITOR
hide_craze,3,0.878,5.222,7.18,2.22,1368.08,85000.0,62.1,0.961,REPAIR
hide_craze,4,0.771,12.742,6.01,0.82,836.77,60000.0,71.7,0.903,MONITOR
thunderstrike,5,0.792,0.721,10.44,1.18,1142.17,45000.0,39.4,0.852,ENGINEERING_ASSESSMENT
corrosion,4,0.365,0.779,7.47,0.1,106.67,35000.0,328.1,0.937,MONITOR
craze,1,0.267,1.982,4.22,0.1,142.61,85000.0,596.0,0.738,MONITOR
thunderstrike,4,0.947,0.81,5.21,2.51,4286.69,60000.0,14.0,0.835,ENGINEERING_ASSESSMENT
craze,1,0.816,0.984,4.77,0.21,175.66,60000.0,341.6,0.835,MONITOR
hide_craze,4,0.937,0.328,13.73,1.83,1116.17,45000.0,40.3,0.928,REPAIR
crack,4,0.349,2.723,4.94,0.1,172.98,45000.0,260.1,0.712,ENGINEERING_ASSESSMENT
thunderstrike,2,0.607,0.722,9.67,0.1,147.0,60000.0,408.2,0.791,ENGINEERING_ASSESSMENT
hide_craze,3,0.745,1.946,6.44,0.44,648.69,60000.0,92.5,0.734,ENGINEERING_ASSESSMENT
hide_craze,2,0.631,0.425,6.64,0.1,83.19,85000.0,1021.8,0.859,MONITOR
crack,1,0.52,0.281,9.67,0.1,83.37,35000.0,419.8,0.886,ENGINEERING_ASSESSMENT
thunderstrike,2,0.309,1.276,4.54,0.1,138.16,45000.0,325.7,0.814,ENGINEERING_ASSESSMENT
crack,3,0.98,0.977,4.51,2.14,1972.01,25000.0,12.7,0.905,ENGINEERING_ASSESSMENT
surface_injure,2,0.798,0.566,3.0,0.26,331.02,25000.0,75.5,0.933,MONITOR
surface_injure,1,0.259,4.152,4.58,0.1,92.88,60000.0,646.0,0.939,MONITOR
hide_craze,4,0.527,5.028,3.0,0.1,117.16,85000.0,725.5,0.911,MONITOR
craze,2,0.618,1.243,7.35,0.1,76.34,60000.0,786.0,0.743,MONITOR
surface_injure,3,0.735,4.379,9.32,0.47,814.01,85000.0,104.4,0.775,ENGINEERING_ASSESSMENT
hide_craze,2,0.494,0.679,7.41,0.1,84.35,35000.0,414.9,0.92,MONITOR
thunderstrike,3,0.513,1.024,3.0,0.1,146.79,45000.0,306.6,0.959,ENGINEERING_ASSESSMENT
thunderstrike,3,0.681,0.51,3.42,0.23,227.39,60000.0,263.9,0.747,ENGINEERING_ASSESSMENT
crack,4,0.194,0.722,8.53,0.1,144.57,25000.0,172.9,0.768,ENGINEERING_ASSESSMENT
corrosion,2,0.329,2.68,4.54,0.1,173.59,60000.0,345.6,0.968,ENGINEERING_ASSESSMENT
thunderstrike,1,0.509,3.116,15.39,0.1,157.69,85000.0,539.0,0.741,ENGINEERING_ASSESSMENT
hide_craze,3,0.71,3.796,6.06,0.35,700.16,60000.0,85.7,0.763,MONITOR
crack,3,0.481,1.204,8.35,0.1,149.56,35000.0,234.0,0.851,ENGINEERING_ASSESSMENT
hide_craze,2,0.232,0.506,10.63,0.1,172.5,35000.0,202.9,0.731,MONITOR
hide_craze,2,0.683,5.349,7.89,0.13,129.23,85000.0,657.7,0.933,MONITOR
hide_craze,5,0.273,1.855,4.46,0.1,110.27,60000.0,544.1,0.762,MONITOR
surface_injure,1,0.91,0.605,9.2,0.47,597.14,60000.0,100.5,0.901,MONITOR
thunderstrike,3,0.348,0.759,5.48,0.1,101.92,60000.0,588.7,0.956,ENGINEERING_ASSESSMENT
hide_craze,1,0.882,6.766,8.05,0.29,457.87,85000.0,185.6,0.931,MONITOR
crack,2,0.638,3.116,3.49,0.1,62.45,60000.0,960.8,0.861,ENGINEERING_ASSESSMENT
thunderstrike,2,0.256,1.127,7.61,0.1,203.36,35000.0,172.1,0.797,ENGINEERING_ASSESSMENT
surface_injure,3,0.621,1.13,3.0,0.1,142.63,60000.0,420.7,0.724,MONITOR
crack,1,0.937,1.456,14.36,0.38,428.7,25000.0,58.3,0.749,ENGINEERING_ASSESSMENT
thunderstrike,3,0.662,0.299,3.0,0.26,291.49,25000.0,85.8,0.854,ENGINEERING_ASSESSMENT
corrosion,2,0.334,2.921,3.58,0.1,170.11,85000.0,499.7,0.957,MONITOR
craze,2,0.331,5.974,9.83,0.1,142.42,45000.0,316.0,0.84,MONITOR
surface_injure,1,0.527,4.294,17.24,0.1,69.36,35000.0,504.6,0.714,MONITOR
corrosion,5,0.447,2.129,3.23,0.1,112.87,45000.0,398.7,0.878,ENGINEERING_ASSESSMENT
corrosion,4,0.207,1.997,6.36,0.1,212.0,35000.0,165.1,0.709,MONITOR
thunderstrike,2,0.716,3.643,9.33,0.19,298.08,60000.0,201.3,0.776,ENGINEERING_ASSESSMENT
craze,3,0.861,1.366,3.51,0.88,1773.55,35000.0,19.7,0.941,REPAIR
thunderstrike,3,0.862,0.944,10.1,0.98,1464.79,45000.0,30.7,0.726,ENGINEERING_ASSESSMENT
thunderstrike,2,0.284,0.455,7.31,0.1,129.9,60000.0,461.9,0.721,ENGINEERING_ASSESSMENT
craze,2,0.819,1.129,10.98,0.27,337.92,45000.0,133.2,0.807,MONITOR
crack,3,0.933,1.982,4.58,1.73,1666.46,85000.0,51.0,0.864,ENGINEERING_ASSESSMENT
craze,3,0.873,3.184,3.0,1.06,1600.5,45000.0,28.1,0.874,REPAIR
surface_injure,2,0.634,1.235,6.41,0.1,132.87,25000.0,188.2,0.716,MONITOR
crack,2,0.801,7.357,5.81,0.39,726.37,60000.0,82.6,0.743,ENGINEERING_ASSESSMENT
corrosion,2,0.754,0.51,4.8,0.39,638.39,45000.0,70.5,0.97,MONITOR
corrosion,1,0.876,2.196,7.36,0.34,508.28,45000.0,88.5,0.856,ENGINEERING_ASSESSMENT
hide_craze,5,0.73,0.32,3.0,0.83,633.9,85000.0,134.1,0.901,MONITOR
crack,2,0.551,0.201,10.71,0.1,153.92,45000.0,292.4,0.852,ENGINEERING_ASSESSMENT
crack,4,0.673,0.526,3.0,0.34,471.77,35000.0,74.2,0.838,ENGINEERING_ASSESSMENT
thunderstrike,4,0.576,0.539,11.37,0.1,117.66,45000.0,382.5,0.907,ENGINEERING_ASSESSMENT
corrosion,4,0.351,2.898,8.69,0.1,164.15,35000.0,213.2,0.866,MONITOR
surface_injure,3,0.502,1.853,8.57,0.1,147.12,60000.0,407.8,0.858,MONITOR
crack,4,0.585,10.989,14.04,0.26,432.83,60000.0,138.6,0.789,ENGINEERING_ASSESSMENT
hide_craze,1,0.785,2.142,11.59,0.13,203.59,35000.0,171.9,0.713,MONITOR
thunderstrike,1,0.518,2.729,10.92,0.1,185.0,60000.0,324.3,0.785,ENGINEERING_ASSESSMENT
hide_craze,3,0.913,2.392,6.77,1.94,2563.73,25000.0,9.8,0.775,ENGINEERING_ASSESSMENT
crack,5,0.353,1.691,10.89,0.1,120.28,85000.0,706.7,0.826,ENGINEERING_ASSESSMENT
hide_craze,2,0.691,2.679,6.07,0.2,223.78,25000.0,111.7,0.901,ENGINEERING_ASSESSMENT
corrosion,2,0.372,2.354,7.83,0.1,84.14,45000.0,534.8,0.894,MONITOR
crack,4,0.941,3.215,9.67,3.69,4894.69,35000.0,7.2,0.711,ENGINEERING_ASSESSMENT
corrosion,2,0.544,0.94,3.88,0.1,74.92,85000.0,1134.5,0.916,MONITOR
craze,5,0.479,0.388,3.62,0.1,96.03,85000.0,885.1,0.75,MONITOR
craze,3,0.692,1.114,3.0,0.15,194.44,35000.0,180.0,0.949,MONITOR
crack,1,0.876,0.377,9.3,0.28,517.04,60000.0,116.0,0.877,ENGINEERING_ASSESSMENT
thunderstrike,3,0.302,0.313,3.55,0.1,137.83,85000.0,616.7,0.917,ENGINEERING_ASSESSMENT
thunderstrike,2,0.98,0.274,4.35,1.29,981.59,45000.0,45.8,0.756,ENGINEERING_ASSESSMENT
thunderstrike,1,0.674,6.891,3.0,0.1,81.69,60000.0,734.5,0.944,ENGINEERING_ASSESSMENT
craze,3,0.55,0.572,6.68,0.1,86.85,25000.0,287.9,0.866,MONITOR
surface_injure,2,0.308,2.251,7.16,0.1,176.57,60000.0,339.8,0.712,MONITOR
surface_injure,1,0.936,0.769,4.37,0.56,1032.67,60000.0,58.1,0.769,MONITOR
craze,2,0.847,0.387,5.78,0.43,677.86,35000.0,51.6,0.936,MONITOR
corrosion,4,0.394,4.815,4.49,0.1,121.33,60000.0,494.5,0.759,MONITOR
corrosion,4,0.521,3.457,9.93,0.1,151.48,35000.0,231.1,0.778,MONITOR
hide_craze,4,0.819,1.856,11.11,1.47,1431.65,60000.0,41.9,0.782,REPAIR
crack,3,0.545,0.97,4.08,0.1,121.12,35000.0,289.0,0.777,ENGINEERING_ASSESSMENT
crack,3,0.681,0.618,3.0,0.18,182.89,45000.0,246.0,0.945,ENGINEERING_ASSESSMENT
corrosion,1,0.98,7.401,4.35,0.7,703.08,35000.0,49.8,0.737,MONITOR
hide_craze,2,0.241,1.064,11.71,0.1,100.66,25000.0,248.4,0.791,MONITOR
thunderstrike,3,0.375,4.269,11.09,0.1,69.6,25000.0,359.2,0.734,ENGINEERING_ASSESSMENT
craze,1,0.274,0.326,5.9,0.1,173.21,25000.0,144.3,0.759,MONITOR
craze,3,0.497,1.042,10.41,0.1,116.01,45000.0,387.9,0.978,MONITOR
corrosion,2,0.808,0.815,6.19,0.29,214.28,25000.0,116.7,0.713,MONITOR
surface_injure,3,0.509,1.364,6.39,0.1,62.33,60000.0,962.6,0.742,MONITOR
thunderstrike,3,0.818,1.287,8.08,1.4,1297.62,25000.0,19.3,0.708,ENGINEERING_ASSESSMENT
thunderstrike,4,0.98,1.865,3.24,3.28,2322.62,60000.0,25.8,0.936,ENGINEERING_ASSESSMENT
corrosion,2,0.626,0.26,6.41,0.1,155.36,35000.0,225.3,0.704,MONITOR
thunderstrike,2,0.571,5.943,3.11,0.1,113.87,25000.0,219.5,0.776,ENGINEERING_ASSESSMENT
craze,1,0.275,4.343,6.5,0.1,159.78,35000.0,219.1,0.968,MONITOR
craze,3,0.721,1.185,6.88,0.27,378.27,85000.0,224.7,0.874,MONITOR
surface_injure,2,0.629,0.626,7.44,0.11,151.31,35000.0,231.3,0.803,MONITOR
crack,5,0.897,4.558,15.57,4.05,3172.89,60000.0,18.9,0.723,ENGINEERING_ASSESSMENT
hide_craze,5,0.781,0.729,7.72,0.56,381.73,85000.0,222.7,0.747,MONITOR
crack,1,0.474,3.035,11.52,0.1,206.78,45000.0,217.6,0.953,ENGINEERING_ASSESSMENT
crack,5,0.789,6.743,7.37,1.0,1581.5,35000.0,22.1,0.92,ENGINEERING_ASSESSMENT
crack,4,0.828,1.956,12.73,0.95,805.93,60000.0,74.4,0.777,ENGINEERING_ASSESSMENT
thunderstrike,3,0.671,2.098,9.64,0.14,114.62,85000.0,741.6,0.748,ENGINEERING_ASSESSMENT
hide_craze,3,0.637,4.051,3.19,0.13,109.31,60000.0,548.9,0.848,MONITOR
crack,1,0.652,1.5,5.4,0.1,79.46,35000.0,440.5,0.916,ENGINEERING_ASSESSMENT
corrosion,4,0.71,1.011,5.52,0.4,546.22,35000.0,64.1,0.747,MONITOR
hide_craze,2,0.726,0.523,9.75,0.25,302.46,35000.0,115.7,0.931,MONITOR
thunderstrike,3,0.466,0.767,3.2,0.1,131.83,25000.0,189.6,0.775,ENGINEERING_ASSESSMENT
thunderstrike,1,0.42,1.499,4.41,0.1,124.13,35000.0,282.0,0.737,ENGINEERING_ASSESSMENT
corrosion,2,0.282,1.011,8.28,0.1,147.77,25000.0,169.2,0.838,MONITOR
crack,3,0.653,4.255,8.18,0.17,327.92,85000.0,259.2,0.821,ENGINEERING_ASSESSMENT
crack,2,0.84,2.997,6.15,0.35,575.48,25000.0,43.4,0.951,ENGINEERING_ASSESSMENT
craze,4,0.623,0.916,3.0,0.14,250.63,45000.0,179.5,0.952,MONITOR
craze,2,0.331,2.818,3.12,0.1,155.01,25000.0,161.3,0.964,MONITOR
thunderstrike,5,0.632,0.968,7.29,0.16,224.68,85000.0,378.3,0.871,ENGINEERING_ASSESSMENT
corrosion,5,0.889,1.002,3.0,2.22,1644.69,35000.0,21.3,0.721,REPAIR
thunderstrike,3,0.637,1.469,10.84,0.1,125.67,35000.0,278.5,0.889,ENGINEERING_ASSESSMENT
crack,4,0.325,5.148,7.84,0.1,153.6,85000.0,553.4,0.921,ENGINEERING_ASSESSMENT
surface_injure,3,0.836,1.499,13.45,0.67,649.24,35000.0,53.9,0.908,REPAIR
crack,2,0.395,6.389,5.22,0.1,165.82,60000.0,361.8,0.892,ENGINEERING_ASSESSMENT
hide_craze,2,0.417,1.544,13.22,0.1,150.51,25000.0,166.1,0.853,MONITOR
surface_injure,1,0.667,0.782,7.3,0.1,79.76,45000.0,564.2,0.88,MONITOR
thunderstrike,2,0.785,0.497,6.84,0.17,207.84,35000.0,168.4,0.843,ENGINEERING_ASSESSMENT
thunderstrike,1,0.967,3.175,3.58,0.69,627.23,25000.0,39.9,0.75,ENGINEERING_ASSESSMENT
surface_injure,1,0.36,1.658,3.16,0.1,95.35,45000.0,471.9,0.823,MONITOR
hide_craze,5,0.538,1.564,3.51,0.16,240.29,60000.0,249.7,0.824,MONITOR
thunderstrike,1,0.82,6.392,3.0,0.26,231.99,45000.0,194.0,0.945,ENGINEERING_ASSESSMENT
thunderstrike,3,0.663,3.846,3.56,0.15,198.4,35000.0,176.4,0.913,ENGINEERING_ASSESSMENT
thunderstrike,3,0.593,2.267,4.17,0.1,168.58,85000.0,504.2,0.785,ENGINEERING_ASSESSMENT
craze,5,0.436,0.868,7.15,0.1,87.17,25000.0,286.8,0.953,MONITOR
craze,1,0.841,6.033,3.19,0.3,434.68,35000.0,80.5,0.788,MONITOR
surface_injure,2,0.372,0.351,7.33,0.1,130.44,85000.0,651.6,0.96,MONITOR
corrosion,1,0.327,0.927,10.48,0.1,134.85,60000.0,444.9,0.725,MONITOR
corrosion,3,0.309,3.466,14.49,0.1,89.73,45000.0,501.5,0.736,MONITOR
thunderstrike,1,0.283,0.705,14.79,0.1,110.04,25000.0,227.2,0.855,ENGINEERING_ASSESSMENT
craze,5,0.468,4.222,10.42,0.1,90.03,85000.0,944.1,0.923,MONITOR
thunderstrike,2,0.551,3.273,3.0,0.1,121.58,25000.0,205.6,0.725,ENGINEERING_ASSESSMENT
craze,1,0.289,1.729,6.4,0.1,172.39,25000.0,145.0,0.86,MONITOR
thunderstrike,4,0.438,4.403,8.79,0.1,72.35,25000.0,345.5,0.809,ENGINEERING_ASSESSMENT
craze,3,0.894,0.612,5.81,2.3,2387.25,25000.0,10.5,0.779,REPAIR
craze,3,0.775,0.238,11.37,0.48,495.35,85000.0,171.6,0.728,MONITOR
thunderstrike,4,0.536,0.833,17.99,0.1,138.09,25000.0,181.0,0.829,ENGINEERING_ASSESSMENT
craze,1,0.769,2.384,7.59,0.14,198.98,35000.0,175.9,0.805,ENGINEERING_ASSESSMENT
craze,2,0.237,0.812,7.15,0.1,102.15,85000.0,832.1,0.718,ENGINEERING_ASSESSMENT
corrosion,2,0.392,5.273,12.78,0.1,95.82,35000.0,365.3,0.915,MONITOR
craze,4,0.503,0.349,4.42,0.1,96.58,85000.0,880.1,0.709,MONITOR
corrosion,4,0.964,3.37,5.92,3.23,5956.5,45000.0,7.6,0.829,REPAIR
surface_injure,3,0.264,3.402,3.0,0.1,142.69,85000.0,595.7,0.787,MONITOR
craze,5,0.625,0.431,3.0,0.5,531.76,25000.0,47.0,0.925,MONITOR
thunderstrike,4,0.755,8.454,10.43,0.67,1116.96,85000.0,76.1,0.959,ENGINEERING_ASSESSMENT
hide_craze,1,0.747,3.037,8.09,0.13,181.38,45000.0,248.1,0.741,MONITOR
surface_injure,2,0.377,1.687,8.1,0.1,209.58,45000.0,214.7,0.887,MONITOR
corrosion,1,0.297,6.371,4.4,0.1,78.28,35000.0,447.1,0.911,MONITOR
hide_craze,4,0.799,6.125,7.3,1.79,3151.16,85000.0,27.0,0.764,REPAIR
crack,3,0.197,5.441,3.6,0.1,122.07,25000.0,204.8,0.806,ENGINEERING_ASSESSMENT
corrosion,1,0.406,1.995,6.52,0.1,116.3,85000.0,730.9,0.825,ENGINEERING_ASSESSMENT
surface_injure,4,0.556,1.778,4.83,0.1,136.27,25000.0,183.5,0.937,MONITOR
surface_injure,3,0.255,1.31,3.34,0.1,122.39,45000.0,367.7,0.845,MONITOR
thunderstrike,4,0.359,0.224,5.73,0.1,194.35,25000.0,128.6,0.902,ENGINEERING_ASSESSMENT
hide_craze,1,0.649,2.374,4.55,0.1,102.07,60000.0,587.8,0.964,MONITOR
corrosion,4,0.666,0.323,7.4,0.16,190.79,25000.0,131.0,0.777,MONITOR
craze,1,0.471,4.438,5.13,0.1,92.77,60000.0,646.8,0.789,MONITOR
surface_injure,3,0.361,0.545,3.0,0.1,129.57,25000.0,192.9,0.762,MONITOR
corrosion,5,0.404,0.96,3.25,0.1,96.33,60000.0,622.9,0.739,MONITOR
thunderstrike,4,0.466,7.11,3.0,0.1,164.1,85000.0,518.0,0.771,ENGINEERING_ASSESSMENT
thunderstrike,1,0.414,2.712,6.41,0.1,142.28,25000.0,175.7,0.782,ENGINEERING_ASSESSMENT
thunderstrike,3,0.536,0.695,7.97,0.1,94.12,85000.0,903.1,0.834,ENGINEERING_ASSESSMENT
crack,1,0.374,0.598,5.62,0.1,178.29,85000.0,476.8,0.818,ENGINEERING_ASSESSMENT
crack,1,0.442,3.832,6.94,0.1,94.59,25000.0,264.3,0.782,ENGINEERING_ASSESSMENT
thunderstrike,4,0.919,8.099,8.98,2.4,2980.29,85000.0,28.5,0.865,ENGINEERING_ASSESSMENT
corrosion,4,0.672,3.132,9.56,0.27,205.55,45000.0,218.9,0.914,MONITOR
surface_injure,1,0.247,2.485,9.8,0.1,90.14,45000.0,499.2,0.889,MONITOR
craze,5,0.908,3.237,16.55,3.13,4653.96,35000.0,7.5,0.722,REPAIR
corrosion,3,0.72,0.306,7.35,0.17,140.21,35000.0,249.6,0.845,MONITOR
hide_craze,3,0.816,6.38,5.55,0.88,1695.73,35000.0,20.6,0.791,REPAIR
thunderstrike,3,0.277,2.09,3.0,0.1,67.7,60000.0,886.3,0.747,ENGINEERING_ASSESSMENT
thunderstrike,2,0.517,11.522,11.68,0.1,176.51,60000.0,339.9,0.706,ENGINEERING_ASSESSMENT
crack,2,0.436,0.76,8.8,0.1,131.17,60000.0,457.4,0.889,ENGINEERING_ASSESSMENT
craze,1,0.861,0.202,3.0,0.47,591.96,60000.0,101.4,0.916,MONITOR
craze,2,0.858,0.332,3.26,0.8,826.47,60000.0,72.6,0.809,MONITOR
hide_craze,2,0.49,5.891,3.64,0.1,127.62,60000.0,470.1,0.71,MONITOR
surface_injure,2,0.514,0.495,6.12,0.1,91.81,35000.0,381.2,0.903,MONITOR
craze,2,0.932,4.582,3.36,0.91,1307.53,60000.0,45.9,0.927,MONITOR
corrosion,4,0.79,0.257,6.92,0.69,1376.85,60000.0,43.6,0.821,MONITOR
corrosion,4,0.877,1.087,3.0,2.39,2306.66,45000.0,19.5,0.975,REPAIR
craze,2,0.251,1.681,14.22,0.1,83.77,25000.0,298.4,0.787,MONITOR
corrosion,2,0.938,2.983,7.36,0.71,935.86,85000.0,90.8,0.721,ENGINEERING_ASSESSMENT
surface_injure,3,0.249,1.171,3.4,0.1,104.15,85000.0,816.1,0.752,MONITOR
craze,3,0.822,4.41,3.0,1.05,815.95,85000.0,104.2,0.87,ENGINEERING_ASSESSMENT
corrosion,5,0.443,1.766,14.25,0.1,97.56,85000.0,871.3,0.88,MONITOR
craze,3,0.817,3.544,6.08,1.33,1658.55,60000.0,36.2,0.957,REPAIR
hide_craze,1,0.803,3.577,6.48,0.18,111.77,85000.0,760.5,0.968,MONITOR
surface_injure,3,0.922,2.06,3.66,3.03,3149.91,25000.0,7.9,0.77,REPAIR
craze,5,0.598,2.494,7.9,0.13,141.96,45000.0,317.0,0.965,MONITOR
corrosion,2,0.744,0.517,5.79,0.19,121.86,60000.0,492.4,0.724,MONITOR
thunderstrike,1,0.933,2.752,3.17,0.47,713.89,45000.0,63.0,0.892,ENGINEERING_ASSESSMENT
thunderstrike,4,0.581,0.194,9.53,0.21,282.02,25000.0,88.6,0.807,ENGINEERING_ASSESSMENT
crack,2,0.98,5.581,3.21,1.36,2491.34,60000.0,24.1,0.92,ENGINEERING_ASSESSMENT
surface_injure,3,0.83,0.209,4.13,0.55,522.88,60000.0,114.7,0.773,ENGINEERING_ASSESSMENT
corrosion,4,0.953,1.579,5.19,2.73,1831.51,45000.0,24.6,0.808,REPAIR
thunderstrike,1,0.854,0.996,3.76,0.21,236.78,60000.0,253.4,0.836,ENGINEERING_ASSESSMENT
hide_craze,4,0.257,0.469,11.73,0.1,116.89,25000.0,213.9,0.807,MONITOR
thunderstrike,4,0.178,1.246,6.33,0.1,108.4,85000.0,784.1,0.714,ENGINEERING_ASSESSMENT
craze,2,0.439,0.432,6.78,0.1,146.8,85000.0,579.0,0.867,MONITOR
corrosion,1,0.513,1.524,10.3,0.1,82.43,25000.0,303.3,0.945,MONITOR
hide_craze,3,0.858,1.109,10.2,0.68,774.14,45000.0,58.1,0.756,REPAIR
hide_craze,1,0.867,2.8,8.04,0.38,517.9,45000.0,86.9,0.911,MONITOR
corrosion,4,0.701,1.675,6.58,0.33,261.82,85000.0,324.7,0.712,MONITOR
crack,1,0.235,0.551,5.01,0.1,124.38,35000.0,281.4,0.977,ENGINEERING_ASSESSMENT
corrosion,3,0.816,5.768,7.6,0.93,831.19,85000.0,102.3,0.71,ENGINEERING_ASSESSMENT
corrosion,2,0.388,0.497,3.78,0.1,154.21,60000.0,389.1,0.828,MONITOR
surface_injure,2,0.287,0.473,3.48,0.1,97.96,35000.0,357.3,0.921,MONITOR
corrosion,4,0.244,1.043,3.15,0.1,158.65,45000.0,283.6,0.725,MONITOR
hide_craze,2,0.375,2.136,3.0,0.1,133.64,35000.0,261.9,0.943,MONITOR
craze,2,0.436,1.844,4.89,0.1,73.94,35000.0,473.4,0.784,MONITOR
corrosion,4,0.659,0.664,14.0,0.24,241.88,45000.0,186.0,0.846,MONITOR
crack,1,0.41,0.727,8.1,0.1,110.31,85000.0,770.6,0.912,ENGINEERING_ASSESSMENT
thunderstrike,1,0.93,3.922,5.94,0.67,549.06,45000.0,82.0,0.902,ENGINEERING_ASSESSMENT
thunderstrike,3,0.913,1.547,11.34,2.17,2602.27,35000.0,13.4,0.922,ENGINEERING_ASSESSMENT
surface_injure,4,0.181,0.598,14.23,0.1,193.99,25000.0,128.9,0.953,MONITOR
craze,2,0.898,0.692,6.28,0.55,666.57,60000.0,90.0,0.951,MONITOR
hide_craze,4,0.943,8.53,5.55,3.4,3495.54,35000.0,10.0,0.979,REPAIR
surface_injure,2,0.743,4.977,5.27,0.23,210.38,35000.0,166.4,0.854,MONITOR
craze,2,0.481,2.243,3.0,0.1,80.65,45000.0,558.0,0.96,MONITOR
craze,3,0.85,0.401,5.3,0.89,794.43,85000.0,107.0,0.899,ENGINEERING_ASSESSMENT
craze,3,0.833,0.608,7.81,0.61,436.13,25000.0,57.3,0.87,MONITOR
hide_craze,2,0.354,0.456,7.41,0.1,135.63,60000.0,442.4,0.966,MONITOR
thunderstrike,4,0.726,0.593,5.51,0.38,289.89,85000.0,293.2,0.808,ENGINEERING_ASSESSMENT
corrosion,3,0.753,0.805,4.88,0.58,581.68,25000.0,43.0,0.896,MONITOR
crack,2,0.214,1.077,3.0,0.1,95.88,85000.0,886.5,0.731,ENGINEERING_ASSESSMENT
crack,3,0.219,2.382,8.75,0.1,125.57,85000.0,676.9,0.894,ENGINEERING_ASSESSMENT
crack,1,0.412,2.171,3.05,0.1,126.89,60000.0,472.9,0.98,ENGINEERING_ASSESSMENT
hide_craze,3,0.661,3.819,10.88,0.25,317.86,85000.0,267.4,0.722,MONITOR
hide_craze,5,0.879,2.407,3.0,2.56,2445.26,85000.0,34.8,0.872,REPAIR
corrosion,2,0.452,1.042,5.92,0.1,171.74,35000.0,203.8,0.757,MONITOR
crack,1,0.302,1.196,3.2,0.1,102.12,45000.0,440.7,0.908,ENGINEERING_ASSESSMENT
surface_injure,2,0.855,3.637,3.26,0.75,527.4,25000.0,47.4,0.886,MONITOR
hide_craze,1,0.454,1.14,4.92,0.1,101.35,60000.0,592.0,0.784,MONITOR
thunderstrike,4,0.579,3.704,3.47,0.14,131.95,60000.0,454.7,0.721,ENGINEERING_ASSESSMENT
corrosion,1,0.892,0.655,7.83,0.34,484.58,45000.0,92.9,0.869,MONITOR
hide_craze,3,0.93,0.573,7.97,1.02,622.28,25000.0,40.2,0.932,MONITOR
corrosion,1,0.641,2.379,17.83,0.1,131.81,60000.0,455.2,0.924,ENGINEERING_ASSESSMENT
crack,1,0.522,0.401,3.99,0.1,122.91,85000.0,691.6,0.802,ENGINEERING_ASSESSMENT
craze,1,0.617,0.225,4.19,0.1,110.95,85000.0,766.1,0.81,MONITOR
thunderstrike,5,0.788,0.432,10.49,1.49,1869.48,35000.0,18.7,0.9,ENGINEERING_ASSESSMENT
crack,4,0.534,1.235,4.57,0.1,95.71,85000.0,888.1,0.84,ENGINEERING_ASSESSMENT
corrosion,2,0.321,2.934,4.17,0.1,110.43,25000.0,226.4,0.773,MONITOR
surface_injure,3,0.338,1.401,3.0,0.1,216.38,25000.0,115.5,0.763,ENGINEERING_ASSESSMENT
hide_craze,1,0.47,8.043,9.97,0.1,154.22,25000.0,162.1,0.833,MONITOR
surface_injure,2,0.564,0.322,3.16,0.1,163.7,60000.0,366.5,0.949,MONITOR
thunderstrike,3,0.46,4.093,8.54,0.1,124.11,85000.0,684.9,0.705,ENGINEERING_ASSESSMENT
craze,3,0.375,10.055,5.32,0.1,134.34,45000.0,335.0,0.727,MONITOR
craze,2,0.708,2.169,8.47,0.16,248.86,60000.0,241.1,0.974,MONITOR
corrosion,3,0.358,0.486,10.74,0.1,183.22,35000.0,191.0,0.802,MONITOR
hide_craze,2,0.935,0.804,7.16,0.91,976.03,45000.0,46.1,0.878,MONITOR
craze,1,0.836,0.796,7.59,0.22,314.37,85000.0,270.4,0.9,MONITOR
hide_craze,2,0.692,0.246,6.06,0.17,101.87,85000.0,834.4,0.924,MONITOR
hide_craze,1,0.657,4.859,3.03,0.1,199.54,25000.0,125.3,0.89,MONITOR
corrosion,2,0.482,6.032,3.31,0.1,84.3,60000.0,711.7,0.903,MONITOR
crack,1,0.226,0.482,4.79,0.1,136.84,25000.0,182.7,0.843,ENGINEERING_ASSESSMENT
craze,1,0.372,0.697,3.17,0.1,147.51,85000.0,576.2,0.918,MONITOR
thunderstrike,1,0.758,0.473,3.0,0.15,193.22,45000.0,232.9,0.728,ENGINEERING_ASSESSMENT
thunderstrike,2,0.608,2.062,5.3,0.1,142.23,35000.0,246.1,0.794,ENGINEERING_ASSESSMENT
corrosion,1,0.918,3.522,4.0,0.39,510.53,25000.0,49.0,0.781,MONITOR
crack,4,0.449,6.222,3.86,0.1,197.2,45000.0,228.2,0.979,ENGINEERING_ASSESSMENT
hide_craze,1,0.496,1.328,11.71,0.1,117.13,25000.0,213.4,0.846,MONITOR
hide_craze,1,0.222,3.498,5.23,0.1,115.31,60000.0,520.3,0.886,MONITOR
thunderstrike,3,0.727,3.749,3.0,0.45,644.09,35000.0,54.3,0.977,ENGINEERING_ASSESSMENT
corrosion,2,0.811,2.572,3.0,0.3,451.81,60000.0,132.8,0.904,MONITOR
surface_injure,4,0.389,3.263,5.54,0.1,123.34,45000.0,364.8,0.869,MONITOR
thunderstrike,2,0.697,1.197,6.45,0.13,184.7,35000.0,189.5,0.852,ENGINEERING_ASSESSMENT
hide_craze,3,0.494,3.128,6.19,0.1,129.0,85000.0,658.9,0.834,MONITOR
crack,4,0.642,1.33,10.48,0.12,183.56,25000.0,136.2,0.722,ENGINEERING_ASSESSMENT
crack,4,0.904,0.67,8.14,2.95,3988.33,25000.0,6.3,0.791,ENGINEERING_ASSESSMENT
surface_injure,3,0.441,0.659,3.02,0.1,171.23,25000.0,146.0,0.75,ENGINEERING_ASSESSMENT
crack,3,0.207,0.393,13.3,0.1,144.34,60000.0,415.7,0.747,ENGINEERING_ASSESSMENT
craze,5,0.583,6.434,6.65,0.11,102.68,85000.0,827.8,0.808,MONITOR
thunderstrike,3,0.298,1.987,3.71,0.1,176.84,60000.0,339.3,0.968,ENGINEERING_ASSESSMENT
surface_injure,1,0.42,2.908,3.0,0.1,173.23,60000.0,346.4,0.946,MONITOR
thunderstrike,4,0.846,4.061,7.32,1.48,1123.1,45000.0,40.1,0.919,ENGINEERING_ASSESSMENT
craze,1,0.816,3.602,3.52,0.22,308.09,60000.0,194.7,0.917,REPAIR
thunderstrike,4,0.64,1.515,8.74,0.1,127.96,85000.0,664.3,0.825,ENGINEERING_ASSESSMENT
corrosion,3,0.923,3.15,7.88,2.57,4431.72,25000.0,5.6,0.78,REPAIR
hide_craze,3,0.631,1.968,4.83,0.12,204.43,25000.0,122.3,0.873,MONITOR
craze,1,0.781,0.522,6.32,0.1,137.25,45000.0,327.9,0.774,MONITOR
thunderstrike,5,0.61,2.391,5.15,0.1,118.11,85000.0,719.7,0.719,ENGINEERING_ASSESSMENT
crack,4,0.743,0.419,14.15,0.3,273.24,25000.0,91.5,0.759,ENGINEERING_ASSESSMENT
thunderstrike,3,0.625,2.979,11.18,0.19,190.16,25000.0,131.5,0.798,ENGINEERING_ASSESSMENT
corrosion,1,0.431,1.047,3.0,0.1,72.89,25000.0,343.0,0.753,MONITOR
thunderstrike,2,0.485,1.276,7.07,0.1,87.09,25000.0,287.1,0.897,ENGINEERING_ASSESSMENT
corrosion,1,0.412,3.083,3.3,0.1,121.25,25000.0,206.2,0.941,MONITOR
surface_injure,2,0.411,0.304,7.0,0.1,97.35,60000.0,616.3,0.929,MONITOR
corrosion,3,0.169,4.271,8.32,0.1,125.81,45000.0,357.7,0.773,MONITOR
corrosion,1,0.611,7.425,4.97,0.1,95.49,45000.0,471.3,0.702,MONITOR
surface_injure,1,0.806,2.722,10.44,0.19,143.18,85000.0,593.7,0.859,MONITOR
surface_injure,1,0.221,3.383,7.86,0.1,75.06,60000.0,799.4,0.848,MONITOR
thunderstrike,3,0.616,0.85,3.45,0.13,190.65,45000.0,236.0,0.828,ENGINEERING_ASSESSMENT
corrosion,1,0.447,1.306,6.73,0.1,116.04,45000.0,387.8,0.729,MONITOR
craze,1,0.924,0.634,9.04,0.35,706.41,25000.0,35.4,0.725,MONITOR
craze,3,0.98,4.365,10.97,2.66,2032.73,35000.0,17.2,0.889,REPAIR
hide_craze,2,0.54,0.299,8.16,0.1,183.99,25000.0,135.9,0.715,MONITOR
corrosion,3,0.31,2.711,5.05,0.1,146.8,85000.0,579.0,0.895,MONITOR
thunderstrike,2,0.752,2.339,7.92,0.16,197.73,60000.0,303.4,0.905,ENGINEERING_ASSESSMENT
thunderstrike,4,0.237,1.809,3.0,0.1,132.13,35000.0,264.9,0.703,ENGINEERING_ASSESSMENT
craze,3,0.785,1.282,6.64,0.47,806.59,25000.0,31.0,0.873,MONITOR
corrosion,3,0.969,1.945,6.43,1.64,3543.44,45000.0,12.7,0.749,REPAIR
corrosion,1,0.357,1.469,6.49,0.1,146.49,60000.0,409.6,0.737,MONITOR
hide_craze,4,0.675,4.18,7.32,0.32,565.21,85000.0,150.4,0.902,MONITOR
craze,1,0.371,0.333,5.47,0.1,119.85,45000.0,375.5,0.798,MONITOR
thunderstrike,4,0.523,5.431,5.67,0.1,91.07,60000.0,658.8,0.734,ENGINEERING_ASSESSMENT
surface_injure,5,0.703,1.015,3.4,0.34,306.18,45000.0,147.0,0.956,MONITOR
surface_injure,2,0.727,7.329,5.72,0.23,239.89,45000.0,187.6,0.924,MONITOR
hide_craze,1,0.83,0.245,4.54,0.23,216.5,35000.0,161.7,0.973,MONITOR
crack,3,0.939,6.435,3.28,1.68,1438.72,35000.0,24.3,0.732,ENGINEERING_ASSESSMENT
surface_injure,3,0.98,3.606,10.35,2.58,1879.65,35000.0,18.6,0.78,REPAIR
corrosion,3,0.494,0.345,7.71,0.1,139.86,35000.0,250.3,0.813,MONITOR
craze,2,0.942,1.306,3.88,1.05,1477.45,45000.0,30.5,0.858,MONITOR
crack,2,0.358,0.458,5.04,0.1,78.92,60000.0,760.3,0.899,ENGINEERING_ASSESSMENT
thunderstrike,5,0.224,0.466,12.52,0.1,76.85,45000.0,585.6,0.717,ENGINEERING_ASSESSMENT
corrosion,1,0.425,2.286,6.33,0.1,105.57,35000.0,331.5,0.725,MONITOR
crack,5,0.276,1.269,8.96,0.1,62.96,45000.0,714.7,0.928,ENGINEERING_ASSESSMENT
thunderstrike,4,0.908,1.604,3.0,1.16,2142.55,60000.0,28.0,0.968,ENGINEERING_ASSESSMENT
crack,4,0.768,2.401,5.41,0.87,1236.31,85000.0,68.8,0.795,ENGINEERING_ASSESSMENT
corrosion,5,0.969,5.2,5.98,4.62,4193.68,35000.0,8.3,0.758,REPAIR
hide_craze,2,0.397,0.405,13.94,0.1,185.86,35000.0,188.3,0.916,MONITOR
corrosion,4,0.194,4.911,5.17,0.1,116.87,25000.0,213.9,0.835,MONITOR
craze,1,0.415,4.561,13.26,0.1,201.6,60000.0,297.6,0.848,MONITOR
craze,3,0.296,0.51,6.97,0.1,67.93,45000.0,662.4,0.955,MONITOR
craze,1,0.582,0.894,8.14,0.1,130.94,60000.0,458.2,0.715,ENGINEERING_ASSESSMENT
surface_injure,3,0.236,1.611,8.18,0.1,116.73,45000.0,385.5,0.846,MONITOR
hide_craze,1,0.539,2.221,3.92,0.1,107.7,60000.0,557.1,0.888,ENGINEERING_ASSESSMENT
corrosion,2,0.661,1.763,7.99,0.1,185.55,85000.0,458.1,0.748,MONITOR
thunderstrike,2,0.363,3.856,3.36,0.1,181.37,85000.0,468.7,0.948,ENGINEERING_ASSESSMENT
crack,4,0.275,0.994,6.62,0.1,217.43,60000.0,276.0,0.876,ENGINEERING_ASSESSMENT
corrosion,2,0.72,2.53,5.16,0.21,435.76,25000.0,57.4,0.722,MONITOR
hide_craze,4,0.429,1.052,11.1,0.1,63.4,35000.0,552.1,0.965,MONITOR
corrosion,3,0.718,2.991,8.78,0.36,407.91,60000.0,147.1,0.899,ENGINEERING_ASSESSMENT
craze,5,0.832,1.47,4.78,2.66,4573.14,45000.0,9.8,0.833,REPAIR
corrosion,2,0.432,1.503,9.78,0.1,90.54,45000.0,497.0,0.705,MONITOR
surface_injure,5,0.719,1.639,6.38,1.2,1732.85,85000.0,49.1,0.947,MONITOR
crack,5,0.706,0.229,3.59,0.53,561.43,35000.0,62.3,0.831,ENGINEERING_ASSESSMENT
surface_injure,2,0.672,2.58,6.15,0.12,147.07,85000.0,578.0,0.824,MONITOR
crack,2,0.837,0.428,3.5,0.47,402.35,45000.0,111.8,0.83,ENGINEERING_ASSESSMENT
corrosion,4,0.916,2.462,3.33,2.93,5960.92,85000.0,14.3,0.728,REPAIR
craze,1,0.287,2.345,7.61,0.1,174.16,45000.0,258.4,0.933,MONITOR
craze,2,0.958,0.619,6.93,1.34,1302.87,60000.0,46.1,0.798,MONITOR
thunderstrike,3,0.636,0.499,3.06,0.11,191.64,35000.0,182.6,0.89,ENGINEERING_ASSESSMENT
hide_craze,4,0.695,2.343,3.08,0.51,493.47,25000.0,50.7,0.789,MONITOR
craze,4,0.494,0.693,5.76,0.1,146.12,45000.0,308.0,0.897,MONITOR
crack,2,0.768,1.437,7.21,0.58,656.59,45000.0,68.5,0.769,ENGINEERING_ASSESSMENT
thunderstrike,2,0.706,0.783,8.6,0.1,184.82,45000.0,243.5,0.938,ENGINEERING_ASSESSMENT
crack,3,0.596,2.254,9.67,0.1,101.79,35000.0,343.8,0.824,ENGINEERING_ASSESSMENT
hide_craze,2,0.772,5.807,14.11,0.22,200.6,25000.0,124.6,0.874,MONITOR
craze,5,0.92,3.349,6.87,3.9,4031.59,45000.0,11.2,0.855,REPAIR
crack,4,0.199,0.975,7.78,0.1,68.94,25000.0,362.6,0.757,ENGINEERING_ASSESSMENT
crack,3,0.829,0.271,5.14,1.26,1833.4,85000.0,46.4,0.969,ENGINEERING_ASSESSMENT
surface_injure,2,0.712,0.481,7.77,0.14,114.3,60000.0,524.9,0.967,MONITOR
corrosion,3,0.49,0.73,4.22,0.1,166.37,25000.0,150.3,0.844,MONITOR
surface_injure,4,0.59,2.817,6.56,0.14,87.32,45000.0,515.3,0.747,MONITOR
thunderstrike,1,0.974,0.877,3.11,0.58,1149.45,35000.0,30.4,0.742,ENGINEERING_ASSESSMENT
thunderstrike,3,0.528,1.477,13.1,0.1,157.63,35000.0,222.0,0.729,ENGINEERING_ASSESSMENT
hide_craze,2,0.563,0.484,3.0,0.1,71.61,60000.0,837.9,0.923,MONITOR
craze,2,0.348,1.073,14.48,0.1,181.42,85000.0,468.5,0.748,MONITOR
corrosion,5,0.243,1.626,3.26,0.1,155.19,25000.0,161.1,0.914,ENGINEERING_ASSESSMENT
crack,2,0.719,0.856,5.64,0.12,212.39,85000.0,400.2,0.811,ENGINEERING_ASSESSMENT
corrosion,2,0.961,2.603,8.21,1.02,1054.82,60000.0,56.9,0.7,MONITOR
corrosion,2,0.551,4.443,4.51,0.1,66.47,45000.0,677.0,0.714,MONITOR
surface_injure,2,0.504,1.912,8.7,0.1,70.81,25000.0,353.1,0.829,MONITOR
thunderstrike,1,0.877,0.909,4.19,0.2,249.96,35000.0,140.0,0.793,ENGINEERING_ASSESSMENT
thunderstrike,3,0.691,0.933,4.64,0.37,511.39,35000.0,68.4,0.882,ENGINEERING_ASSESSMENT
hide_craze,4,0.821,2.617,16.57,1.39,1886.41,85000.0,45.1,0.762,REPAIR
hide_craze,3,0.557,0.956,9.47,0.1,161.03,35000.0,217.4,0.798,MONITOR
hide_craze,3,0.272,1.612,9.1,0.1,143.6,35000.0,243.7,0.766,MONITOR
thunderstrike,2,0.348,2.252,4.62,0.1,84.7,60000.0,708.4,0.957,ENGINEERING_ASSESSMENT
craze,4,0.95,1.128,11.41,2.48,2502.23,45000.0,18.0,0.731,REPAIR
crack,2,0.918,1.418,16.73,0.47,387.64,45000.0,116.1,0.87,ENGINEERING_ASSESSMENT
craze,2,0.305,2.947,6.12,0.1,129.27,35000.0,270.8,0.903,MONITOR
corrosion,4,0.591,0.959,14.13,0.14,88.78,45000.0,506.9,0.715,MONITOR
thunderstrike,1,0.644,0.378,7.25,0.1,152.32,60000.0,393.9,0.707,ENGINEERING_ASSESSMENT
thunderstrike,3,0.333,0.883,4.04,0.1,106.85,25000.0,234.0,0.852,ENGINEERING_ASSESSMENT
thunderstrike,5,0.457,1.178,5.09,0.1,114.31,45000.0,393.7,0.954,ENGINEERING_ASSESSMENT
craze,1,0.236,2.491,7.2,0.1,182.73,60000.0,328.4,0.948,MONITOR
corrosion,1,0.866,0.603,4.07,0.23,423.39,45000.0,106.3,0.747,MONITOR
surface_injure,3,0.931,0.213,10.75,0.74,700.85,35000.0,49.9,0.784,MONITOR
hide_craze,2,0.98,1.66,8.13,1.36,2664.55,45000.0,16.9,0.743,MONITOR
crack,1,0.682,0.279,12.15,0.1,76.67,35000.0,456.5,0.734,ENGINEERING_ASSESSMENT
craze,2,0.716,0.306,7.54,0.18,261.36,45000.0,172.2,0.739,MONITOR
corrosion,4,0.642,1.244,6.38,0.24,446.15,25000.0,56.0,0.937,MONITOR
craze,1,0.302,3.571,3.38,0.1,133.57,35000.0,262.0,0.788,MONITOR
surface_injure,3,0.225,0.292,5.19,0.1,91.13,60000.0,658.4,0.706,MONITOR
crack,1,0.829,6.62,4.03,0.22,275.46,85000.0,308.6,0.755,ENGINEERING_ASSESSMENT
hide_craze,4,0.692,0.999,3.58,0.37,477.84,35000.0,73.2,0.873,MONITOR
corrosion,2,0.561,0.526,8.17,0.1,209.11,35000.0,167.4,0.92,MONITOR
crack,1,0.326,0.907,6.72,0.1,90.95,35000.0,384.8,0.756,ENGINEERING_ASSESSMENT
surface_injure,2,0.446,0.751,6.94,0.1,205.67,25000.0,121.6,0.909,MONITOR
thunderstrike,4,0.254,0.459,8.04,0.1,151.42,60000.0,396.2,0.907,ENGINEERING_ASSESSMENT
thunderstrike,2,0.817,0.777,6.33,0.7,581.23,25000.0,43.0,0.915,ENGINEERING_ASSESSMENT
hide_craze,2,0.878,0.344,4.89,0.72,625.68,35000.0,55.9,0.801,MONITOR
corrosion,2,0.708,1.155,3.65,0.15,314.0,45000.0,143.3,0.86,MONITOR
surface_injure,2,0.947,0.96,3.59,1.28,1770.11,60000.0,33.9,0.857,MONITOR
hide_craze,5,0.627,0.354,9.28,0.18,247.56,45000.0,181.8,0.879,MONITOR
surface_injure,1,0.568,1.703,9.04,0.1,167.92,35000.0,208.4,0.82,MONITOR
hide_craze,2,0.574,1.347,4.85,0.1,125.97,60000.0,476.3,0.844,MONITOR
hide_craze,3,0.356,1.746,8.92,0.1,197.07,25000.0,126.9,0.876,ENGINEERING_ASSESSMENT
crack,5,0.509,0.568,3.05,0.1,140.16,85000.0,606.4,0.965,ENGINEERING_ASSESSMENT
hide_craze,1,0.597,5.055,10.3,0.1,150.44,45000.0,299.1,0.712,MONITOR
corrosion,2,0.692,2.094,7.2,0.15,129.26,45000.0,348.1,0.797,MONITOR
hide_craze,4,0.223,0.409,21.21,0.1,113.33,85000.0,750.0,0.785,MONITOR
hide_craze,1,0.531,4.48,4.62,0.1,134.3,35000.0,260.6,0.887,MONITOR
thunderstrike,2,0.165,1.063,5.14,0.1,162.05,45000.0,277.7,0.748,ENGINEERING_ASSESSMENT
corrosion,3,0.622,4.643,15.87,0.15,226.06,85000.0,376.0,0.915,MONITOR
surface_injure,1,0.572,1.926,3.92,0.1,81.56,60000.0,735.7,0.837,MONITOR
hide_craze,2,0.694,1.598,6.75,0.13,80.46,35000.0,435.0,0.826,MONITOR
crack,3,0.582,2.127,7.98,0.12,79.24,60000.0,757.2,0.72,ENGINEERING_ASSESSMENT
surface_injure,4,0.641,0.735,5.43,0.13,251.05,25000.0,99.6,0.745,ENGINEERING_ASSESSMENT
thunderstrike,3,0.295,1.736,7.54,0.1,216.36,35000.0,161.8,0.771,ENGINEERING_ASSESSMENT
hide_craze,3,0.418,0.963,9.03,0.1,155.59,25000.0,160.7,0.777,MONITOR
crack,1,0.864,1.106,6.57,0.36,566.75,85000.0,150.0,0.734,ENGINEERING_ASSESSMENT
surface_injure,3,0.355,3.463,10.61,0.1,115.44,35000.0,303.2,0.85,MONITOR
craze,2,0.521,1.899,7.33,0.1,93.29,85000.0,911.1,0.901,MONITOR
hide_craze,5,0.752,3.414,13.79,0.81,838.23,35000.0,41.8,0.752,MONITOR
surface_injure,1,0.901,0.598,9.49,0.5,400.25,25000.0,62.5,0.811,MONITOR
craze,3,0.455,9.077,5.68,0.1,145.05,25000.0,172.4,0.715,MONITOR
crack,1,0.881,0.257,5.08,0.37,575.94,45000.0,78.1,0.891,ENGINEERING_ASSESSMENT
crack,1,0.714,1.425,6.09,0.1,163.96,60000.0,365.9,0.849,ENGINEERING_ASSESSMENT
thunderstrike,1,0.898,0.263,3.0,0.26,273.23,85000.0,311.1,0.886,ENGINEERING_ASSESSMENT
corrosion,3,0.826,3.697,10.52,0.99,1111.33,85000.0,76.5,0.946,REPAIR
crack,1,0.853,1.105,4.41,0.33,498.95,45000.0,90.2,0.713,ENGINEERING_ASSESSMENT
thunderstrike,2,0.845,0.652,3.43,0.42,584.59,85000.0,145.4,0.967,ENGINEERING_ASSESSMENT
hide_craze,4,0.778,2.322,11.78,0.95,885.33,25000.0,28.2,0.904,REPAIR
craze,2,0.589,1.946,11.98,0.1,147.35,85000.0,576.9,0.948,MONITOR
hide_craze,4,0.898,0.303,8.41,2.02,2485.01,60000.0,24.1,0.742,REPAIR
hide_craze,5,0.942,3.165,5.07,2.96,5351.36,45000.0,8.4,0.929,REPAIR
surface_injure,3,0.646,7.294,3.0,0.1,131.91,85000.0,644.4,0.915,MONITOR
hide_craze,2,0.638,9.157,3.0,0.14,109.27,60000.0,549.1,0.728,MONITOR
craze,1,0.865,2.873,6.77,0.39,370.11,35000.0,94.6,0.838,MONITOR
corrosion,1,0.835,0.993,6.86,0.23,348.28,25000.0,71.8,0.781,MONITOR
hide_craze,2,0.414,2.598,6.25,0.1,109.34,45000.0,411.6,0.764,MONITOR
surface_injure,1,0.638,2.156,9.3,0.1,68.96,85000.0,1232.6,0.778,ENGINEERING_ASSESSMENT
corrosion,2,0.535,6.377,3.0,0.1,138.48,45000.0,325.0,0.791,MONITOR
surface_injure,1,0.415,1.036,3.0,0.1,213.52,45000.0,210.8,0.74,MONITOR
corrosion,1,0.579,0.782,8.62,0.1,99.94,25000.0,250.2,0.782,MONITOR
hide_craze,1,0.327,0.262,8.18,0.1,129.52,25000.0,193.0,0.788,MONITOR
surface_injure,5,0.859,2.399,4.78,1.89,2816.2,25000.0,8.9,0.964,REPAIR
hide_craze,1,0.834,0.238,6.34,0.32,378.68,85000.0,224.5,0.911,ENGINEERING_ASSESSMENT
hide_craze,2,0.92,2.17,3.38,0.58,1018.45,45000.0,44.2,0.798,MONITOR
thunderstrike,1,0.816,2.993,7.86,0.48,531.63,85000.0,159.9,0.901,ENGINEERING_ASSESSMENT
hide_craze,3,0.186,2.526,5.8,0.1,116.73,35000.0,299.8,0.897,MONITOR
surface_injure,5,0.469,4.493,4.04,0.1,137.77,45000.0,326.6,0.835,MONITOR
surface_injure,1,0.349,2.931,6.24,0.1,179.9,35000.0,194.6,0.93,MONITOR
thunderstrike,1,0.472,0.713,3.0,0.1,95.34,25000.0,262.2,0.749,ENGINEERING_ASSESSMENT
craze,1,0.314,2.178,3.0,0.1,62.95,25000.0,397.1,0.781,MONITOR
crack,4,0.233,2.822,7.65,0.1,146.42,45000.0,307.3,0.827,ENGINEERING_ASSESSMENT
corrosion,2,0.228,0.295,3.0,0.1,169.31,45000.0,265.8,0.724,MONITOR
corrosion,3,0.694,0.587,10.17,0.23,177.72,25000.0,140.7,0.871,ENGINEERING_ASSESSMENT
craze,1,0.454,1.931,9.81,0.1,186.38,85000.0,456.1,0.883,MONITOR
thunderstrike,5,0.273,0.715,7.78,0.1,174.23,45000.0,258.3,0.75,ENGINEERING_ASSESSMENT
crack,1,0.275,2.48,8.56,0.1,81.23,60000.0,738.6,0.95,ENGINEERING_ASSESSMENT
craze,3,0.886,0.909,10.82,0.4,621.82,35000.0,56.3,0.786,MONITOR
hide_craze,4,0.333,2.425,5.89,0.1,94.04,60000.0,638.0,0.73,MONITOR
hide_craze,3,0.188,0.45,3.0,0.1,186.51,60000.0,321.7,0.728,MONITOR
hide_craze,4,0.893,0.852,3.89,2.09,1967.38,35000.0,17.8,0.76,REPAIR
thunderstrike,3,0.82,1.35,11.24,1.04,2117.46,35000.0,16.5,0.834,ENGINEERING_ASSESSMENT
hide_craze,2,0.42,3.985,8.77,0.1,95.22,25000.0,262.5,0.96,MONITOR
crack,1,0.572,0.568,13.14,0.1,134.86,60000.0,444.9,0.753,ENGINEERING_ASSESSMENT
thunderstrike,4,0.45,8.776,3.13,0.1,134.74,45000.0,334.0,0.874,ENGINEERING_ASSESSMENT
craze,5,0.623,0.314,6.99,0.27,180.32,35000.0,194.1,0.871,MONITOR
craze,2,0.249,0.521,6.96,0.1,96.59,60000.0,621.2,0.738,MONITOR
hide_craze,3,0.457,0.712,8.87,0.1,111.86,25000.0,223.5,0.927,MONITOR
surface_injure,3,0.563,1.872,7.1,0.1,171.81,60000.0,349.2,0.923,MONITOR
crack,5,0.761,4.691,7.3,0.85,800.34,85000.0,106.2,0.782,ENGINEERING_ASSESSMENT
thunderstrike,2,0.578,0.777,13.04,0.1,143.08,25000.0,174.7,0.742,ENGINEERING_ASSESSMENT
crack,3,0.478,2.384,10.72,0.1,113.34,60000.0,529.4,0.704,ENGINEERING_ASSESSMENT
corrosion,4,0.774,1.051,12.53,0.84,829.81,35000.0,42.2,0.787,MONITOR
crack,1,0.961,5.567,6.25,0.51,869.01,85000.0,97.8,0.825,ENGINEERING_ASSESSMENT
corrosion,2,0.54,1.252,7.09,0.1,174.32,25000.0,143.4,0.736,MONITOR
thunderstrike,3,0.594,0.583,8.27,0.11,112.74,45000.0,399.1,0.762,ENGINEERING_ASSESSMENT
corrosion,1,0.383,3.939,3.0,0.1,99.37,85000.0,855.4,0.85,MONITOR
corrosion,2,0.686,1.043,11.7,0.1,178.57,45000.0,252.0,0.772,MONITOR
thunderstrike,3,0.827,3.527,3.3,0.78,762.37,35000.0,45.9,0.978,ENGINEERING_ASSESSMENT
corrosion,1,0.416,1.189,3.0,0.1,149.1,45000.0,301.8,0.733,MONITOR
corrosion,1,0.819,0.26,3.19,0.1,75.77,25000.0,329.9,0.776,MONITOR
corrosion,3,0.417,10.923,15.0,0.1,149.34,35000.0,234.4,0.944,MONITOR
surface_injure,3,0.77,1.778,6.43,0.32,212.42,85000.0,400.2,0.828,MONITOR
corrosion,1,0.651,1.147,5.78,0.1,85.72,35000.0,408.3,0.875,MONITOR
craze,2,0.834,2.578,3.43,0.53,761.47,85000.0,111.6,0.756,MONITOR
crack,5,0.588,5.257,4.89,0.21,452.37,85000.0,187.9,0.748,ENGINEERING_ASSESSMENT
thunderstrike,4,0.543,0.387,5.2,0.1,81.36,60000.0,737.5,0.904,ENGINEERING_ASSESSMENT
thunderstrike,3,0.759,1.658,4.45,0.43,287.55,85000.0,295.6,0.777,ENGINEERING_ASSESSMENT
corrosion,2,0.808,7.399,8.73,0.26,293.75,85000.0,289.4,0.943,MONITOR
thunderstrike,2,0.542,1.092,11.01,0.1,202.95,45000.0,221.7,0.757,ENGINEERING_ASSESSMENT
hide_craze,1,0.822,1.624,7.96,0.21,351.6,60000.0,170.6,0.818,MONITOR
surface_injure,3,0.386,2.945,5.22,0.1,141.06,85000.0,602.6,0.724,MONITOR
corrosion,2,0.15,0.536,4.06,0.1,81.91,60000.0,732.5,0.747,MONITOR
hide_craze,5,0.878,5.263,9.32,4.82,7844.68,25000.0,3.2,0.828,REPAIR
corrosion,4,0.419,2.343,7.22,0.1,102.36,35000.0,341.9,0.888,MONITOR
crack,4,0.421,0.682,4.85,0.1,124.16,25000.0,201.4,0.899,ENGINEERING_ASSESSMENT
thunderstrike,5,0.857,1.261,6.34,2.08,2574.79,45000.0,17.5,0.761,ENGINEERING_ASSESSMENT
thunderstrike,1,0.298,1.748,3.22,0.1,81.84,60000.0,733.1,0.757,ENGINEERING_ASSESSMENT
crack,3,0.228,1.042,9.61,0.1,177.53,60000.0,338.0,0.897,ENGINEERING_ASSESSMENT
corrosion,4,0.742,2.745,4.31,0.76,716.75,25000.0,34.9,0.749,MONITOR
craze,3,0.738,0.823,9.1,0.33,400.33,35000.0,87.4,0.798,MONITOR
corrosion,2,0.547,2.255,7.77,0.1,152.88,25000.0,163.5,0.916,MONITOR
hide_craze,2,0.164,1.119,7.78,0.1,86.66,85000.0,980.8,0.774,MONITOR
crack,1,0.304,1.587,4.48,0.1,146.8,25000.0,170.3,0.703,ENGINEERING_ASSESSMENT
surface_injure,1,0.729,1.891,3.42,0.1,152.73,85000.0,556.5,0.721,ENGINEERING_ASSESSMENT
surface_injure,1,0.708,3.632,9.19,0.1,95.45,45000.0,471.5,0.952,MONITOR
thunderstrike,1,0.788,1.882,11.67,0.37,428.35,60000.0,140.1,0.843,ENGINEERING_ASSESSMENT
thunderstrike,4,0.721,0.752,8.23,0.37,543.43,25000.0,46.0,0.834,ENGINEERING_ASSESSMENT
thunderstrike,3,0.383,4.208,7.16,0.1,96.55,25000.0,258.9,0.861,ENGINEERING_ASSESSMENT
surface_injure,2,0.417,1.302,5.23,0.1,104.48,35000.0,335.0,0.928,MONITOR
surface_injure,3,0.438,0.366,3.0,0.1,171.16,25000.0,146.1,0.936,ENGINEERING_ASSESSMENT
surface_injure,2,0.71,4.492,6.07,0.15,311.92,35000.0,112.2,0.968,ENGINEERING_ASSESSMENT
thunderstrike,2,0.93,4.628,7.91,1.23,1068.9,85000.0,79.5,0.724,ENGINEERING_ASSESSMENT
surface_injure,3,0.596,4.169,3.74,0.1,141.67,25000.0,176.5,0.773,MONITOR
crack,1,0.58,16.475,8.61,0.1,196.68,35000.0,178.0,0.819,ENGINEERING_ASSESSMENT
corrosion,5,0.847,0.217,3.0,3.19,6500.17,45000.0,6.9,0.813,REPAIR
corrosion,5,0.212,1.748,11.22,0.1,152.74,60000.0,392.8,0.758,MONITOR
thunderstrike,2,0.592,0.614,3.0,0.1,68.25,60000.0,879.1,0.704,ENGINEERING_ASSESSMENT
corrosion,3,0.768,3.381,8.1,0.35,330.05,25000.0,75.7,0.827,MONITOR
corrosion,4,0.306,0.578,8.09,0.1,101.05,25000.0,247.4,0.705,MONITOR
thunderstrike,3,0.685,0.623,3.0,0.26,530.85,45000.0,84.8,0.901,ENGINEERING_ASSESSMENT
thunderstrike,2,0.964,4.204,5.77,0.97,860.04,60000.0,69.8,0.844,ENGINEERING_ASSESSMENT
hide_craze,4,0.98,2.972,3.8,2.58,3289.76,85000.0,25.8,0.916,REPAIR
thunderstrike,5,0.954,5.45,3.32,4.24,2734.9,35000.0,12.8,0.922,ENGINEERING_ASSESSMENT
crack,1,0.752,0.878,3.0,0.12,106.83,60000.0,561.6,0.915,ENGINEERING_ASSESSMENT
corrosion,1,0.528,3.186,11.5,0.1,102.48,85000.0,829.4,0.932,MONITOR
thunderstrike,2,0.775,2.675,3.41,0.29,367.61,25000.0,68.0,0.96,ENGINEERING_ASSESSMENT
hide_craze,4,0.393,5.338,11.05,0.1,84.1,85000.0,1010.7,0.837,MONITOR
surface_injure,3,0.277,2.08,5.28,0.1,103.96,35000.0,336.7,0.927,MONITOR
craze,3,0.932,0.378,3.53,1.62,1764.23,85000.0,48.2,0.834,REPAIR
thunderstrike,5,0.623,1.36,5.61,0.21,125.83,45000.0,357.6,0.73,ENGINEERING_ASSESSMENT
craze,1,0.718,0.864,7.71,0.13,150.4,35000.0,232.7,0.813,MONITOR
crack,3,0.653,2.892,7.51,0.15,172.52,45000.0,260.8,0.765,ENGINEERING_ASSESSMENT
hide_craze,5,0.777,1.67,6.05,1.06,1589.6,60000.0,37.7,0.955,MONITOR
surface_injure,3,0.536,1.642,7.45,0.1,79.25,35000.0,441.6,0.901,MONITOR
crack,2,0.894,5.929,8.01,1.09,1398.09,85000.0,60.8,0.808,ENGINEERING_ASSESSMENT
craze,1,0.334,6.622,10.06,0.1,198.61,25000.0,125.9,0.711,MONITOR
crack,2,0.326,0.987,7.32,0.1,83.61,85000.0,1016.6,0.82,ENGINEERING_ASSESSMENT
hide_craze,2,0.331,1.497,9.99,0.1,76.68,25000.0,326.0,0.786,MONITOR
crack,2,0.634,0.809,4.57,0.1,164.71,85000.0,516.1,0.774,ENGINEERING_ASSESSMENT
thunderstrike,1,0.873,0.231,4.97,0.21,210.57,60000.0,284.9,0.874,ENGINEERING_ASSESSMENT
thunderstrike,3,0.534,1.106,8.35,0.1,116.05,25000.0,215.4,0.722,ENGINEERING_ASSESSMENT
surface_injure,3,0.98,1.602,11.66,2.06,2050.89,35000.0,17.1,0.798,REPAIR
craze,1,0.182,4.049,6.5,0.1,82.9,35000.0,422.2,0.821,MONITOR
surface_injure,5,0.816,1.498,8.19,1.58,2489.42,45000.0,18.1,0.71,REPAIR
crack,3,0.524,1.155,10.84,0.1,82.37,85000.0,1031.9,0.958,ENGINEERING_ASSESSMENT
surface_injure,4,0.437,0.49,4.31,0.1,157.93,25000.0,158.3,0.761,MONITOR
corrosion,1,0.558,3.953,6.65,0.1,66.35,35000.0,527.5,0.783,MONITOR
surface_injure,3,0.559,3.589,4.5,0.1,89.66,45000.0,501.9,0.72,ENGINEERING_ASSESSMENT
craze,1,0.539,0.308,4.22,0.1,93.48,45000.0,481.4,0.917,MONITOR
craze,4,0.152,0.522,9.2,0.1,139.91,35000.0,250.2,0.812,MONITOR
hide_craze,2,0.827,1.855,10.27,0.18,116.74,45000.0,385.5,0.908,ENGINEERING_ASSESSMENT
craze,1,0.691,0.417,7.1,0.1,82.92,60000.0,723.6,0.939,MONITOR
surface_injure,2,0.305,2.313,3.0,0.1,136.06,25000.0,183.7,0.934,MONITOR
surface_injure,5,0.493,0.436,8.51,0.1,82.98,85000.0,1024.3,0.779,MONITOR
corrosion,2,0.98,0.793,5.38,1.3,2759.07,45000.0,16.3,0.862,MONITOR
surface_injure,3,0.319,0.448,10.25,0.1,205.13,85000.0,414.4,0.709,MONITOR
craze,3,0.941,5.318,4.1,2.65,4587.18,25000.0,5.4,0.815,REPAIR
crack,1,0.271,2.065,4.03,0.1,124.04,35000.0,282.2,0.702,ENGINEERING_ASSESSMENT
corrosion,3,0.951,1.507,10.38,2.51,2194.38,45000.0,20.5,0.757,REPAIR
surface_injure,1,0.555,1.48,11.56,0.1,157.91,35000.0,221.6,0.893,MONITOR
hide_craze,4,0.352,2.98,4.02,0.1,109.39,85000.0,777.0,0.903,MONITOR
thunderstrike,1,0.356,0.29,8.42,0.1,120.66,60000.0,497.3,0.805,ENGINEERING_ASSESSMENT
corrosion,4,0.802,2.152,11.48,0.51,435.03,25000.0,57.5,0.734,MONITOR
thunderstrike,3,0.567,3.082,5.06,0.11,144.41,25000.0,173.1,0.954,ENGINEERING_ASSESSMENT
surface_injure,1,0.544,3.997,3.0,0.1,127.0,45000.0,354.3,0.884,MONITOR
crack,3,0.412,0.975,4.17,0.1,155.58,85000.0,546.3,0.946,ENGINEERING_ASSESSMENT
crack,2,0.389,1.028,3.88,0.1,117.85,45000.0,381.8,0.772,ENGINEERING_ASSESSMENT
craze,3,0.39,1.584,5.29,0.1,164.12,35000.0,213.3,0.802,MONITOR
crack,1,0.36,1.656,9.42,0.1,128.65,45000.0,349.8,0.976,ENGINEERING_ASSESSMENT
craze,5,0.57,0.942,4.68,0.21,264.55,85000.0,321.3,0.817,MONITOR
corrosion,2,0.534,1.234,3.44,0.1,84.38,45000.0,533.3,0.966,MONITOR
thunderstrike,1,0.883,0.256,3.0,0.28,207.86,35000.0,168.4,0.85,ENGINEERING_ASSESSMENT
craze,5,0.727,2.581,9.6,0.57,578.94,60000.0,103.6,0.749,MONITOR
thunderstrike,5,0.478,0.866,3.0,0.1,137.22,35000.0,255.1,0.722,ENGINEERING_ASSESSMENT
craze,1,0.833,1.386,12.45,0.36,345.07,35000.0,101.4,0.92,MONITOR
corrosion,1,0.366,7.065,3.37,0.1,103.46,60000.0,579.9,0.711,MONITOR
surface_injure,1,0.459,1.233,15.23,0.1,62.88,85000.0,1351.8,0.827,MONITOR
hide_craze,4,0.535,9.941,10.36,0.1,95.9,45000.0,469.2,0.963,MONITOR
surface_injure,4,0.326,0.271,3.72,0.1,167.22,35000.0,209.3,0.919,MONITOR
crack,2,0.534,0.551,9.94,0.1,85.18,60000.0,704.4,0.948,ENGINEERING_ASSESSMENT
crack,5,0.198,2.205,5.46,0.1,205.96,85000.0,412.7,0.737,ENGINEERING_ASSESSMENT
hide_craze,3,0.79,1.132,14.59,1.07,2031.03,35000.0,17.2,0.855,REPAIR
crack,5,0.666,4.352,11.28,0.37,573.25,25000.0,43.6,0.894,ENGINEERING_ASSESSMENT
hide_craze,4,0.81,0.725,6.74,0.87,1674.46,60000.0,35.8,0.817,MONITOR
craze,4,0.673,0.993,3.0,0.21,292.7,85000.0,290.4,0.795,MONITOR
craze,3,0.435,1.873,3.0,0.1,89.42,60000.0,671.0,0.919,MONITOR
corrosion,1,0.333,1.937,8.62,0.1,125.69,25000.0,198.9,0.967,MONITOR
craze,5,0.806,3.986,9.32,1.72,1523.14,85000.0,55.8,0.813,REPAIR
hide_craze,3,0.249,0.917,3.8,0.1,178.23,60000.0,336.6,0.706,MONITOR
crack,1,0.683,0.82,7.42,0.1,138.65,60000.0,432.7,0.897,ENGINEERING_ASSESSMENT
surface_injure,3,0.488,0.813,4.95,0.1,95.99,85000.0,885.5,0.941,MONITOR
surface_injure,2,0.243,2.322,5.31,0.1,78.51,60000.0,764.2,0.702,MONITOR
thunderstrike,5,0.878,2.267,4.73,2.62,2781.3,35000.0,12.6,0.723,ENGINEERING_ASSESSMENT
corrosion,1,0.31,0.315,13.07,0.1,77.51,35000.0,451.6,0.817,MONITOR
craze,1,0.489,4.758,3.0,0.1,100.17,60000.0,599.0,0.909,MONITOR
corrosion,5,0.732,3.947,4.04,0.69,653.82,35000.0,53.5,0.73,ENGINEERING_ASSESSMENT
craze,1,0.742,3.663,4.16,0.1,122.41,25000.0,204.2,0.851,MONITOR
hide_craze,1,0.302,3.826,8.01,0.1,150.92,45000.0,298.2,0.785,MONITOR
corrosion,3,0.482,0.787,7.31,0.1,99.47,35000.0,351.9,0.717,MONITOR
crack,1,0.779,0.613,5.86,0.25,220.13,35000.0,159.0,0.884,ENGINEERING_ASSESSMENT
surface_injure,3,0.268,8.499,4.25,0.1,88.93,60000.0,674.7,0.736,MONITOR
crack,5,0.436,0.965,12.26,0.1,172.81,45000.0,260.4,0.72,ENGINEERING_ASSESSMENT
thunderstrike,2,0.531,0.701,3.0,0.1,181.71,25000.0,137.6,0.885,ENGINEERING_ASSESSMENT
thunderstrike,1,0.319,2.961,10.6,0.1,152.29,45000.0,295.5,0.788,ENGINEERING_ASSESSMENT
thunderstrike,3,0.191,0.885,4.2,0.1,193.05,60000.0,310.8,0.95,ENGINEERING_ASSESSMENT
corrosion,3,0.678,2.033,4.81,0.21,320.97,35000.0,109.0,0.848,ENGINEERING_ASSESSMENT
hide_craze,4,0.229,2.032,3.51,0.1,113.42,45000.0,396.8,0.786,MONITOR
surface_injure,4,0.493,0.768,6.96,0.1,118.16,35000.0,296.2,0.721,MONITOR
surface_injure,5,0.545,1.512,3.13,0.1,118.87,60000.0,504.8,0.947,MONITOR
thunderstrike,3,0.916,2.885,5.62,1.38,1582.85,45000.0,28.4,0.789,ENGINEERING_ASSESSMENT
corrosion,4,0.479,1.218,11.36,0.1,201.07,45000.0,223.8,0.808,MONITOR
surface_injure,1,0.546,1.928,5.46,0.1,152.16,85000.0,558.6,0.926,MONITOR
thunderstrike,5,0.268,4.314,3.03,0.1,159.37,25000.0,156.9,0.701,ENGINEERING_ASSESSMENT
thunderstrike,3,0.335,1.273,4.08,0.1,128.34,25000.0,194.8,0.75,ENGINEERING_ASSESSMENT
surface_injure,1,0.4,0.234,9.84,0.1,139.22,85000.0,610.5,0.83,ENGINEERING_ASSESSMENT
surface_injure,1,0.301,8.381,4.99,0.1,134.75,85000.0,630.8,0.858,MONITOR
thunderstrike,2,0.749,2.402,4.29,0.22,293.02,25000.0,85.3,0.883,ENGINEERING_ASSESSMENT
hide_craze,2,0.778,0.331,5.35,0.42,264.1,85000.0,321.8,0.978,MONITOR
hide_craze,3,0.894,8.846,3.25,1.3,1764.49,45000.0,25.5,0.701,REPAIR
corrosion,4,0.274,0.28,3.0,0.1,93.26,45000.0,482.5,0.918,MONITOR
crack,2,0.472,1.49,9.87,0.1,156.5,60000.0,383.4,0.943,ENGINEERING_ASSESSMENT
hide_craze,2,0.88,1.636,3.77,0.72,700.27,45000.0,64.3,0.852,MONITOR
hide_craze,2,0.599,0.213,6.69,0.1,167.69,35000.0,208.7,0.886,MONITOR
crack,3,0.962,1.334,3.0,2.14,4126.2,85000.0,20.6,0.97,ENGINEERING_ASSESSMENT
surface_injure,3,0.923,5.492,3.0,1.84,2824.7,60000.0,21.2,0.937,REPAIR
surface_injure,3,0.34,1.931,6.35,0.1,129.34,45000.0,347.9,0.862,MONITOR
hide_craze,1,0.511,2.101,11.88,0.1,125.3,35000.0,279.3,0.95,MONITOR
surface_injure,3,0.552,4.944,10.34,0.1,100.7,85000.0,844.1,0.88,MONITOR
hide_craze,3,0.689,2.845,7.03,0.26,296.7,35000.0,118.0,0.939,ENGINEERING_ASSESSMENT
craze,3,0.719,5.902,7.26,0.37,510.08,60000.0,117.6,0.845,ENGINEERING_ASSESSMENT
corrosion,2,0.878,2.916,7.1,0.38,435.18,35000.0,80.4,0.836,MONITOR
surface_injure,3,0.513,0.957,5.29,0.1,65.29,85000.0,1301.9,0.854,ENGINEERING_ASSESSMENT
surface_injure,2,0.911,0.663,6.38,1.14,1533.7,60000.0,39.1,0.722,MONITOR
crack,3,0.859,2.351,8.06,1.34,1414.34,25000.0,17.7,0.807,ENGINEERING_ASSESSMENT
crack,2,0.218,5.778,4.32,0.1,115.41,85000.0,736.5,0.748,ENGINEERING_ASSESSMENT
hide_craze,1,0.73,4.249,3.98,0.1,106.84,35000.0,327.6,0.883,MONITOR
surface_injure,2,0.923,2.099,5.05,0.88,774.05,35000.0,45.2,0.812,MONITOR
hide_craze,2,0.752,2.329,8.61,0.32,452.19,25000.0,55.3,0.889,MONITOR
hide_craze,3,0.451,0.377,9.34,0.1,101.0,85000.0,841.6,0.723,MONITOR
thunderstrike,4,0.8,1.775,10.94,0.99,1527.69,25000.0,16.4,0.931,ENGINEERING_ASSESSMENT
craze,3,0.359,5.601,3.0,0.1,171.16,35000.0,204.5,0.722,MONITOR
craze,2,0.947,1.649,3.09,1.36,1288.5,35000.0,27.2,0.817,MONITOR
thunderstrike,1,0.838,1.355,4.11,0.3,397.99,35000.0,87.9,0.958,ENGINEERING_ASSESSMENT
hide_craze,1,0.98,0.551,10.88,0.55,1015.19,45000.0,44.3,0.718,MONITOR
thunderstrike,4,0.558,2.941,11.48,0.1,179.61,85000.0,473.2,0.911,ENGINEERING_ASSESSMENT
crack,2,0.717,3.717,6.97,0.13,227.03,35000.0,154.2,0.863,ENGINEERING_ASSESSMENT
corrosion,4,0.492,2.937,9.14,0.1,135.59,60000.0,442.5,0.728,MONITOR
crack,1,0.825,0.579,3.12,0.2,366.86,85000.0,231.7,0.861,ENGINEERING_ASSESSMENT
thunderstrike,3,0.551,1.022,7.29,0.1,74.45,25000.0,335.8,0.843,ENGINEERING_ASSESSMENT
crack,1,0.326,4.86,5.37,0.1,93.98,35000.0,372.4,0.955,ENGINEERING_ASSESSMENT
crack,3,0.745,5.202,12.01,0.54,810.79,85000.0,104.8,0.746,ENGINEERING_ASSESSMENT
thunderstrike,1,0.458,1.753,6.06,0.1,155.37,35000.0,225.3,0.977,ENGINEERING_ASSESSMENT
hide_craze,1,0.934,6.097,9.0,0.46,455.74,60000.0,131.7,0.883,MONITOR
corrosion,4,0.257,0.258,4.97,0.1,102.09,60000.0,587.7,0.77,MONITOR
corrosion,1,0.361,1.606,3.33,0.1,81.39,35000.0,430.0,0.769,MONITOR
surface_injure,2,0.96,1.049,8.21,1.07,2219.32,60000.0,27.0,0.707,MONITOR
craze,4,0.764,2.04,8.25,0.39,835.1,85000.0,101.8,0.741,MONITOR
corrosion,1,0.558,1.481,3.6,0.1,127.39,35000.0,274.7,0.737,MONITOR
thunderstrike,4,0.81,3.66,4.22,0.98,1084.91,35000.0,32.3,0.787,ENGINEERING_ASSESSMENT
surface_injure,2,0.619,3.284,11.04,0.1,85.99,25000.0,290.7,0.949,MONITOR
hide_craze,3,0.608,1.686,10.54,0.1,99.21,45000.0,453.6,0.738,MONITOR
corrosion,3,0.264,4.405,6.2,0.1,102.79,35000.0,340.5,0.825,MONITOR
surface_injure,3,0.705,0.229,9.24,0.32,290.06,85000.0,293.0,0.757,MONITOR
hide_craze,1,0.929,2.038,5.05,0.47,730.7,35000.0,47.9,0.923,MONITOR
surface_injure,2,0.785,2.801,8.82,0.43,551.94,85000.0,154.0,0.741,ENGINEERING_ASSESSMENT
craze,4,0.374,0.192,11.98,0.1,79.94,60000.0,750.6,0.725,MONITOR
hide_craze,1,0.405,5.71,6.02,0.1,67.3,25000.0,371.5,0.791,MONITOR
crack,1,0.721,3.723,6.47,0.1,152.05,85000.0,559.0,0.956,ENGINEERING_ASSESSMENT
crack,2,0.861,0.524,7.34,0.63,908.74,35000.0,38.5,0.742,ENGINEERING_ASSESSMENT
surface_injure,2,0.864,1.422,7.76,0.54,612.48,35000.0,57.1,0.738,MONITOR
hide_craze,4,0.714,1.008,3.61,0.47,925.46,35000.0,37.8,0.769,MONITOR
thunderstrike,2,0.377,3.098,5.48,0.1,92.98,45000.0,484.0,0.913,ENGINEERING_ASSESSMENT
thunderstrike,3,0.578,0.753,4.57,0.1,94.94,85000.0,895.3,0.797,ENGINEERING_ASSESSMENT
crack,1,0.926,7.58,3.65,0.5,302.1,25000.0,82.8,0.956,ENGINEERING_ASSESSMENT
surface_injure,2,0.444,7.47,8.89,0.1,192.57,35000.0,181.8,0.774,MONITOR
hide_craze,3,0.407,2.111,10.82,0.1,153.13,25000.0,163.3,0.84,MONITOR
thunderstrike,2,0.835,4.868,5.03,0.51,500.52,85000.0,169.8,0.96,ENGINEERING_ASSESSMENT
thunderstrike,2,0.922,1.623,8.03,0.77,1041.84,35000.0,33.6,0.844,ENGINEERING_ASSESSMENT
corrosion,4,0.253,2.077,15.97,0.1,183.42,25000.0,136.3,0.954,MONITOR
corrosion,5,0.966,0.892,5.31,5.04,6405.95,45000.0,7.0,0.826,REPAIR
crack,2,0.229,0.616,7.37,0.1,103.99,60000.0,577.0,0.777,ENGINEERING_ASSESSMENT
craze,2,0.77,3.086,4.45,0.18,198.69,45000.0,226.5,0.847,MONITOR
surface_injure,2,0.775,3.403,6.59,0.27,335.14,45000.0,134.3,0.977,MONITOR
craze,3,0.692,3.621,3.74,0.33,490.07,60000.0,122.4,0.762,ENGINEERING_ASSESSMENT
craze,1,0.772,0.735,4.96,0.13,159.61,85000.0,532.5,0.812,MONITOR
hide_craze,1,0.811,0.354,7.08,0.24,387.42,25000.0,64.5,0.702,MONITOR
crack,2,0.292,2.048,8.59,0.1,78.83,85000.0,1078.3,0.776,ENGINEERING_ASSESSMENT
crack,2,0.312,1.382,9.18,0.1,115.24,25000.0,216.9,0.821,ENGINEERING_ASSESSMENT
corrosion,4,0.358,1.55,5.79,0.1,71.53,35000.0,489.3,0.83,MONITOR
hide_craze,2,0.373,1.612,5.46,0.1,117.85,25000.0,212.1,0.773,MONITOR
thunderstrike,5,0.444,1.089,5.15,0.1,96.17,35000.0,363.9,0.905,ENGINEERING_ASSESSMENT
craze,1,0.389,0.202,6.16,0.1,140.91,25000.0,177.4,0.973,MONITOR
crack,2,0.902,1.033,7.82,0.8,653.15,60000.0,91.9,0.835,ENGINEERING_ASSESSMENT
surface_injure,2,0.162,1.556,3.45,0.1,117.54,45000.0,382.8,0.865,MONITOR
crack,1,0.535,3.857,3.76,0.1,157.63,25000.0,158.6,0.852,ENGINEERING_ASSESSMENT
hide_craze,3,0.724,3.819,3.94,0.24,184.41,45000.0,244.0,0.943,MONITOR
corrosion,1,0.474,2.426,6.46,0.1,116.22,85000.0,731.4,0.775,MONITOR
craze,2,0.192,1.532,9.59,0.1,117.24,25000.0,213.2,0.837,MONITOR
thunderstrike,4,0.4,0.934,3.05,0.1,99.98,60000.0,600.1,0.737,ENGINEERING_ASSESSMENT
hide_craze,5,0.898,4.414,3.0,2.59,3039.09,85000.0,28.0,0.778,REPAIR
thunderstrike,1,0.787,1.811,3.0,0.14,137.27,60000.0,437.1,0.858,ENGINEERING_ASSESSMENT
crack,1,0.404,0.59,6.09,0.1,97.83,45000.0,460.0,0.84,ENGINEERING_ASSESSMENT
craze,1,0.635,0.288,3.44,0.1,99.46,85000.0,854.6,0.729,MONITOR
hide_craze,1,0.558,0.533,5.86,0.1,121.44,45000.0,370.6,0.91,MONITOR
thunderstrike,2,0.692,1.293,5.33,0.14,185.9,45000.0,242.1,0.924,ENGINEERING_ASSESSMENT
hide_craze,4,0.878,0.709,6.67,2.71,2493.97,60000.0,24.1,0.914,REPAIR
corrosion,1,0.858,1.43,8.4,0.26,364.3,60000.0,164.7,0.878,REPAIR
craze,2,0.609,0.626,6.24,0.1,157.38,85000.0,540.1,0.735,MONITOR
surface_injure,2,0.858,0.646,7.65,0.81,537.31,60000.0,111.7,0.812,MONITOR
corrosion,3,0.243,0.96,3.25,0.1,119.74,25000.0,208.8,0.979,MONITOR
thunderstrike,3,0.389,1.774,3.57,0.1,155.36,60000.0,386.2,0.839,ENGINEERING_ASSESSMENT
corrosion,3,0.91,3.739,11.74,1.87,1671.09,45000.0,26.9,0.855,REPAIR
hide_craze,3,0.85,2.415,4.9,0.74,829.64,45000.0,54.2,0.826,REPAIR
crack,4,0.456,1.06,9.82,0.1,136.06,25000.0,183.7,0.888,ENGINEERING_ASSESSMENT
thunderstrike,2,0.529,0.531,9.99,0.1,86.04,35000.0,406.8,0.859,ENGINEERING_ASSESSMENT
crack,3,0.785,0.541,9.76,0.46,384.15,35000.0,91.1,0.702,ENGINEERING_ASSESSMENT
thunderstrike,1,0.678,0.46,6.35,0.1,127.58,35000.0,274.3,0.849,ENGINEERING_ASSESSMENT
thunderstrike,1,0.629,1.507,8.65,0.1,94.18,85000.0,902.5,0.709,ENGINEERING_ASSESSMENT
hide_craze,5,0.666,1.033,5.9,0.55,845.54,25000.0,29.6,0.776,MONITOR
craze,2,0.539,0.877,9.65,0.1,103.32,85000.0,822.7,0.977,MONITOR
surface_injure,2,0.715,3.802,6.29,0.14,184.2,35000.0,190.0,0.898,MONITOR
corrosion,2,0.29,0.691,10.4,0.1,92.6,60000.0,647.9,0.757,MONITOR
crack,3,0.389,1.465,5.36,0.1,139.68,85000.0,608.5,0.839,ENGINEERING_ASSESSMENT
thunderstrike,4,0.98,1.493,3.57,3.82,8294.72,85000.0,10.2,0.723,ENGINEERING_ASSESSMENT
surface_injure,2,0.295,6.095,8.66,0.1,149.92,85000.0,567.0,0.737,MONITOR
hide_craze,2,0.465,1.652,3.0,0.1,113.51,25000.0,220.2,0.856,ENGINEERING_ASSESSMENT
surface_injure,4,0.647,1.637,10.13,0.19,158.58,85000.0,536.0,0.951,MONITOR
surface_injure,2,0.934,5.215,9.42,0.9,1612.55,35000.0,21.7,0.761,MONITOR
crack,3,0.893,2.125,7.75,1.06,1571.23,35000.0,22.3,0.84,ENGINEERING_ASSESSMENT
crack,3,0.7,1.859,3.58,0.2,309.84,60000.0,193.6,0.813,ENGINEERING_ASSESSMENT
hide_craze,2,0.588,1.592,3.0,0.1,91.46,35000.0,382.7,0.783,MONITOR
craze,1,0.763,2.366,4.93,0.1,179.06,60000.0,335.1,0.725,MONITOR
surface_injure,3,0.843,1.619,4.06,0.52,365.71,25000.0,68.4,0.847,MONITOR
surface_injure,1,0.847,2.596,3.0,0.28,572.19,85000.0,148.6,0.912,MONITOR
thunderstrike,2,0.196,1.981,3.0,0.1,179.79,85000.0,472.8,0.783,ENGINEERING_ASSESSMENT
crack,2,0.57,4.22,5.31,0.1,107.76,45000.0,417.6,0.803,ENGINEERING_ASSESSMENT
hide_craze,3,0.219,0.744,4.5,0.1,183.56,25000.0,136.2,0.818,ENGINEERING_ASSESSMENT
craze,1,0.357,5.4,6.16,0.1,159.76,60000.0,375.6,0.79,MONITOR
crack,3,0.591,5.646,6.96,0.13,166.27,85000.0,511.2,0.898,ENGINEERING_ASSESSMENT
craze,1,0.367,3.336,8.47,0.1,141.28,60000.0,424.7,0.776,MONITOR
surface_injure,5,0.746,3.095,8.74,0.93,1442.81,85000.0,58.9,0.964,MONITOR
surface_injure,5,0.754,0.469,4.18,0.41,370.05,60000.0,162.1,0.974,MONITOR
thunderstrike,4,0.336,1.841,3.14,0.1,102.91,60000.0,583.0,0.781,ENGINEERING_ASSESSMENT
surface_injure,5,0.315,6.127,3.91,0.1,204.23,35000.0,171.4,0.717,MONITOR
corrosion,5,0.844,2.376,11.61,1.56,1900.37,25000.0,13.2,0.88,ENGINEERING_ASSESSMENT
crack,5,0.824,0.589,5.41,2.01,2075.39,60000.0,28.9,0.919,ENGINEERING_ASSESSMENT
hide_craze,5,0.378,2.737,3.0,0.1,93.82,60000.0,639.5,0.811,MONITOR
corrosion,2,0.261,0.763,3.0,0.1,78.11,35000.0,448.1,0.932,MONITOR
thunderstrike,3,0.7,0.708,9.73,0.33,297.69,45000.0,151.2,0.857,ENGINEERING_ASSESSMENT
surface_injure,1,0.569,1.02,3.0,0.1,177.66,35000.0,197.0,0.851,MONITOR
thunderstrike,1,0.545,5.087,4.21,0.1,123.36,25000.0,202.7,0.733,ENGINEERING_ASSESSMENT
thunderstrike,2,0.828,2.334,7.26,0.52,625.68,60000.0,95.9,0.789,ENGINEERING_ASSESSMENT
corrosion,3,0.793,1.817,6.03,0.65,590.53,85000.0,143.9,0.778,ENGINEERING_ASSESSMENT
craze,3,0.641,2.044,6.52,0.2,266.43,35000.0,131.4,0.815,ENGINEERING_ASSESSMENT
corrosion,1,0.428,1.745,10.26,0.1,117.91,25000.0,212.0,0.898,MONITOR
corrosion,2,0.474,4.46,3.88,0.1,82.61,60000.0,726.3,0.967,MONITOR
hide_craze,3,0.344,2.141,9.58,0.1,173.55,25000.0,144.1,0.977,ENGINEERING_ASSESSMENT
corrosion,1,0.297,2.28,6.28,0.1,115.14,45000.0,390.8,0.755,MONITOR
hide_craze,5,0.668,0.915,3.0,0.18,225.86,85000.0,376.3,0.853,MONITOR
surface_injure,4,0.337,4.399,8.34,0.1,110.25,35000.0,317.5,0.816,MONITOR
corrosion,5,0.73,0.283,6.45,0.9,893.78,35000.0,39.2,0.764,MONITOR
crack,3,0.499,0.459,5.65,0.1,82.02,25000.0,304.8,0.88,ENGINEERING_ASSESSMENT
hide_craze,4,0.401,1.423,12.76,0.1,155.37,45000.0,289.6,0.709,MONITOR
corrosion,2,0.325,1.883,6.72,0.1,183.03,35000.0,191.2,0.753,MONITOR
hide_craze,2,0.754,3.264,3.22,0.26,328.27,60000.0,182.8,0.703,MONITOR
craze,4,0.722,1.79,4.05,0.35,479.8,35000.0,72.9,0.739,MONITOR
craze,3,0.262,0.738,5.3,0.1,184.21,25000.0,135.7,0.727,ENGINEERING_ASSESSMENT
surface_injure,2,0.54,6.52,4.78,0.1,81.72,25000.0,305.9,0.721,MONITOR
corrosion,1,0.225,5.752,3.0,0.1,118.22,45000.0,380.6,0.873,MONITOR
corrosion,3,0.287,1.436,3.82,0.1,107.21,25000.0,233.2,0.872,MONITOR
corrosion,5,0.359,6.331,3.87,0.1,90.42,45000.0,497.7,0.81,MONITOR
crack,2,0.223,2.87,3.29,0.1,71.07,85000.0,1196.0,0.768,ENGINEERING_ASSESSMENT
crack,3,0.34,3.155,9.66,0.1,96.97,60000.0,618.7,0.901,ENGINEERING_ASSESSMENT
corrosion,4,0.322,2.846,4.34,0.1,125.95,60000.0,476.4,0.777,MONITOR
thunderstrike,2,0.384,0.297,3.0,0.1,172.28,35000.0,203.2,0.914,ENGINEERING_ASSESSMENT
surface_injure,1,0.795,0.853,5.45,0.24,278.62,85000.0,305.1,0.909,MONITOR
crack,2,0.683,2.625,13.57,0.13,123.42,60000.0,486.1,0.728,ENGINEERING_ASSESSMENT
crack,4,0.815,0.536,9.27,2.08,2756.71,45000.0,16.3,0.79,ENGINEERING_ASSESSMENT
corrosion,5,0.492,0.754,3.94,0.1,156.33,45000.0,287.9,0.968,MONITOR
craze,3,0.913,0.998,3.0,1.65,1643.57,35000.0,21.3,0.7,REPAIR
crack,1,0.72,3.282,13.07,0.1,173.06,60000.0,346.7,0.717,ENGINEERING_ASSESSMENT
corrosion,1,0.513,0.689,6.25,0.1,105.09,25000.0,237.9,0.745,MONITOR
corrosion,3,0.532,1.266,3.33,0.1,91.69,85000.0,927.0,0.845,MONITOR
thunderstrike,3,0.897,0.363,6.45,1.17,2508.89,45000.0,17.9,0.868,ENGINEERING_ASSESSMENT
surface_injure,4,0.254,1.022,3.7,0.1,76.01,25000.0,328.9,0.944,MONITOR
craze,1,0.75,3.831,5.95,0.13,146.31,60000.0,410.1,0.895,MONITOR
surface_injure,5,0.184,0.842,8.78,0.1,139.18,25000.0,179.6,0.723,MONITOR
surface_injure,1,0.396,1.452,14.1,0.1,133.37,85000.0,637.3,0.782,MONITOR
surface_injure,1,0.534,3.37,12.69,0.1,147.59,45000.0,304.9,0.923,MONITOR
corrosion,4,0.401,1.312,7.22,0.1,173.83,45000.0,258.9,0.713,MONITOR
corrosion,1,0.799,1.029,3.12,0.12,109.37,60000.0,548.6,0.766,MONITOR
thunderstrike,1,0.541,2.191,5.31,0.1,89.88,60000.0,667.6,0.924,ENGINEERING_ASSESSMENT
crack,5,0.63,9.345,5.6,0.28,439.83,85000.0,193.3,0.911,ENGINEERING_ASSESSMENT
craze,3,0.28,1.099,3.0,0.1,130.42,85000.0,651.7,0.931,MONITOR
corrosion,2,0.721,3.044,9.07,0.19,277.81,45000.0,162.0,0.71,MONITOR
crack,5,0.456,4.663,3.0,0.1,215.6,45000.0,208.7,0.923,ENGINEERING_ASSESSMENT
thunderstrike,1,0.834,1.55,8.59,0.25,206.92,85000.0,410.8,0.846,ENGINEERING_ASSESSMENT
surface_injure,1,0.526,2.775,5.06,0.1,110.11,60000.0,544.9,0.801,MONITOR
crack,3,0.651,5.101,10.2,0.19,230.79,25000.0,108.3,0.882,ENGINEERING_ASSESSMENT
corrosion,4,0.928,1.995,4.11,1.29,1250.71,60000.0,48.0,0.7,REPAIR
corrosion,4,0.749,3.774,6.5,0.7,855.88,60000.0,70.1,0.806,MONITOR
thunderstrike,2,0.393,2.191,11.03,0.1,117.78,45000.0,382.1,0.941,ENGINEERING_ASSESSMENT
thunderstrike,2,0.502,1.182,9.46,0.1,147.31,25000.0,169.7,0.854,ENGINEERING_ASSESSMENT
crack,2,0.976,4.039,8.65,1.11,1192.84,45000.0,37.7,0.855,ENGINEERING_ASSESSMENT
craze,1,0.418,1.213,7.23,0.1,130.36,35000.0,268.5,0.707,MONITOR
craze,3,0.291,0.458,6.08,0.1,122.8,35000.0,285.0,0.832,MONITOR
surface_injure,1,0.449,0.749,8.95,0.1,82.81,60000.0,724.6,0.93,MONITOR
craze,1,0.664,0.967,9.72,0.1,150.96,45000.0,298.1,0.731,MONITOR
hide_craze,1,0.594,0.312,6.97,0.1,216.32,45000.0,208.0,0.828,MONITOR
thunderstrike,2,0.907,1.702,5.9,0.47,713.45,25000.0,35.0,0.87,ENGINEERING_ASSESSMENT
craze,3,0.379,10.302,9.92,0.1,128.01,60000.0,468.7,0.811,MONITOR
hide_craze,4,0.508,2.333,10.12,0.11,119.4,60000.0,502.5,0.803,MONITOR
corrosion,2,0.438,0.25,10.11,0.1,99.95,60000.0,600.3,0.975,MONITOR
craze,3,0.569,2.692,7.32,0.1,121.15,60000.0,495.3,0.938,MONITOR
surface_injure,2,0.482,1.955,5.25,0.1,129.15,60000.0,464.6,0.892,MONITOR
thunderstrike,5,0.794,0.287,3.0,1.87,1443.24,35000.0,24.3,0.893,ENGINEERING_ASSESSMENT
crack,2,0.826,1.045,6.12,0.94,808.26,25000.0,30.9,0.717,ENGINEERING_ASSESSMENT
thunderstrike,3,0.735,3.926,10.3,0.47,758.43,35000.0,46.1,0.919,ENGINEERING_ASSESSMENT
hide_craze,4,0.273,1.838,4.93,0.1,82.19,25000.0,304.2,0.961,MONITOR
thunderstrike,2,0.728,0.772,10.15,0.1,87.2,25000.0,286.7,0.815,ENGINEERING_ASSESSMENT
crack,3,0.396,2.8,4.94,0.1,118.72,25000.0,210.6,0.962,ENGINEERING_ASSESSMENT
craze,3,0.645,0.329,10.11,0.1,170.85,25000.0,146.3,0.885,ENGINEERING_ASSESSMENT
thunderstrike,4,0.473,0.31,6.56,0.1,68.61,45000.0,655.9,0.971,ENGINEERING_ASSESSMENT
thunderstrike,4,0.366,1.208,7.67,0.1,122.46,60000.0,490.0,0.862,ENGINEERING_ASSESSMENT
crack,3,0.873,1.039,4.13,0.85,735.66,25000.0,34.0,0.837,ENGINEERING_ASSESSMENT
hide_craze,2,0.808,0.673,12.82,0.4,455.35,35000.0,76.9,0.924,MONITOR
thunderstrike,1,0.577,3.855,3.23,0.1,122.89,25000.0,203.4,0.867,ENGINEERING_ASSESSMENT
thunderstrike,2,0.911,0.235,5.56,0.55,531.27,85000.0,160.0,0.805,ENGINEERING_ASSESSMENT
hide_craze,4,0.494,0.383,9.63,0.1,111.42,85000.0,762.9,0.953,MONITOR
surface_injure,1,0.755,2.462,3.71,0.11,94.92,85000.0,895.5,0.848,MONITOR
hide_craze,1,0.885,1.087,5.72,0.3,347.24,35000.0,100.8,0.899,MONITOR
crack,1,0.501,1.955,8.45,0.1,110.17,85000.0,771.5,0.735,ENGINEERING_ASSESSMENT
hide_craze,2,0.815,1.39,6.9,0.3,307.89,45000.0,146.2,0.716,MONITOR
crack,5,0.621,3.275,10.41,0.21,276.02,60000.0,217.4,0.891,ENGINEERING_ASSESSMENT
thunderstrike,4,0.388,1.247,6.85,0.1,91.87,85000.0,925.2,0.94,ENGINEERING_ASSESSMENT
thunderstrike,1,0.451,0.884,3.0,0.1,155.47,85000.0,546.7,0.742,ENGINEERING_ASSESSMENT
crack,5,0.484,8.23,10.72,0.1,99.53,45000.0,452.1,0.797,ENGINEERING_ASSESSMENT
thunderstrike,1,0.302,0.399,10.67,0.1,109.81,25000.0,227.7,0.73,ENGINEERING_ASSESSMENT
craze,2,0.525,3.276,7.64,0.1,89.87,45000.0,500.7,0.955,MONITOR
hide_craze,3,0.913,1.77,6.34,1.46,1487.27,45000.0,30.3,0.826,REPAIR
thunderstrike,2,0.701,0.66,4.01,0.14,207.31,45000.0,217.1,0.961,ENGINEERING_ASSESSMENT
craze,2,0.372,0.362,9.45,0.1,94.13,25000.0,265.6,0.753,ENGINEERING_ASSESSMENT
hide_craze,2,0.451,3.088,3.0,0.1,83.77,45000.0,537.2,0.839,MONITOR
craze,3,0.316,0.219,3.0,0.1,88.16,35000.0,397.0,0.857,MONITOR
surface_injure,5,0.533,2.904,8.99,0.12,74.88,45000.0,601.0,0.772,MONITOR
crack,2,0.591,4.505,6.81,0.1,99.34,60000.0,604.0,0.749,ENGINEERING_ASSESSMENT
crack,5,0.256,2.843,6.94,0.1,82.27,85000.0,1033.2,0.725,ENGINEERING_ASSESSMENT
corrosion,2,0.69,3.72,12.15,0.1,66.66,25000.0,375.0,0.845,MONITOR
crack,4,0.651,0.934,8.16,0.39,603.5,35000.0,58.0,0.893,ENGINEERING_ASSESSMENT
craze,4,0.756,5.229,7.53,0.95,997.18,85000.0,85.2,0.891,MONITOR
hide_craze,2,0.291,3.777,8.26,0.1,166.92,25000.0,149.8,0.908,MONITOR
corrosion,2,0.414,0.658,9.12,0.1,152.5,60000.0,393.4,0.868,MONITOR
surface_injure,4,0.742,2.972,6.37,0.31,390.62,35000.0,89.6,0.97,MONITOR
craze,1,0.321,0.723,3.83,0.1,136.08,25000.0,183.7,0.789,MONITOR
thunderstrike,5,0.787,5.352,4.29,1.17,1193.42,35000.0,29.3,0.873,ENGINEERING_ASSESSMENT
thunderstrike,1,0.731,0.456,6.02,0.1,99.34,60000.0,604.0,0.756,ENGINEERING_ASSESSMENT
corrosion,4,0.395,12.106,7.42,0.1,88.5,85000.0,960.5,0.804,MONITOR
thunderstrike,1,0.579,6.733,7.64,0.1,103.33,35000.0,338.7,0.913,ENGINEERING_ASSESSMENT
craze,2,0.833,0.984,6.22,0.18,262.2,25000.0,95.3,0.952,REPAIR
corrosion,4,0.612,1.914,13.23,0.1,126.03,85000.0,674.4,0.82,MONITOR
corrosion,4,0.746,1.235,3.0,0.65,772.54,35000.0,45.3,0.939,MONITOR
crack,2,0.617,5.984,9.56,0.1,202.73,25000.0,123.3,0.765,ENGINEERING_ASSESSMENT
thunderstrike,2,0.378,0.305,3.0,0.1,161.76,60000.0,370.9,0.736,ENGINEERING_ASSESSMENT
hide_craze,1,0.614,2.419,7.69,0.1,142.94,60000.0,419.8,0.859,MONITOR
hide_craze,3,0.968,1.893,13.06,1.36,1727.09,45000.0,26.1,0.761,REPAIR
craze,3,0.654,1.029,11.39,0.21,382.14,45000.0,117.8,0.788,ENGINEERING_ASSESSMENT
crack,2,0.287,1.001,7.59,0.1,130.11,45000.0,345.9,0.976,ENGINEERING_ASSESSMENT
surface_injure,1,0.59,2.075,4.3,0.1,131.86,35000.0,265.4,0.854,MONITOR
surface_injure,1,0.656,4.255,3.28,0.1,138.38,35000.0,252.9,0.753,MONITOR
crack,4,0.255,0.943,5.78,0.1,167.97,45000.0,267.9,0.914,ENGINEERING_ASSESSMENT
corrosion,3,0.484,0.598,8.31,0.1,143.03,45000.0,314.6,0.708,MONITOR
craze,3,0.595,2.226,4.01,0.1,203.04,85000.0,418.6,0.706,MONITOR
corrosion,5,0.171,3.646,9.34,0.1,117.19,25000.0,213.3,0.777,MONITOR
surface_injure,3,0.412,1.696,9.02,0.1,143.05,85000.0,594.2,0.747,MONITOR
surface_injure,2,0.664,1.39,9.71,0.1,83.54,25000.0,299.3,0.838,MONITOR
craze,4,0.545,2.769,7.73,0.1,209.31,45000.0,215.0,0.719,MONITOR
craze,3,0.392,0.601,5.65,0.1,137.54,25000.0,181.8,0.913,MONITOR
corrosion,4,0.819,4.66,11.99,0.93,827.17,35000.0,42.3,0.968,MONITOR
corrosion,1,0.764,0.748,10.87,0.1,92.97,25000.0,268.9,0.798,MONITOR
craze,2,0.885,0.52,4.91,0.44,274.76,60000.0,218.4,0.756,MONITOR
thunderstrike,2,0.306,2.914,6.86,0.1,200.39,45000.0,224.6,0.754,ENGINEERING_ASSESSMENT
hide_craze,3,0.862,1.502,6.9,1.34,1307.77,60000.0,45.9,0.841,REPAIR
hide_craze,3,0.708,3.335,4.23,0.18,150.89,60000.0,397.6,0.774,MONITOR
craze,1,0.925,6.321,3.0,1.15,1483.07,45000.0,30.3,0.703,MONITOR
craze,3,0.774,2.828,13.39,0.61,869.62,35000.0,40.2,0.887,MONITOR
surface_injure,5,0.448,3.359,3.15,0.1,185.09,45000.0,243.1,0.856,MONITOR
hide_craze,3,0.691,0.877,6.48,0.1,126.39,85000.0,672.5,0.821,MONITOR
thunderstrike,2,0.392,1.739,6.77,0.1,91.85,85000.0,925.4,0.754,ENGINEERING_ASSESSMENT
craze,4,0.974,3.538,10.22,3.13,5176.06,35000.0,6.8,0.801,ENGINEERING_ASSESSMENT
surface_injure,5,0.715,2.267,16.67,0.84,826.31,85000.0,102.9,0.939,MONITOR
crack,4,0.45,1.428,7.35,0.1,100.47,85000.0,846.0,0.773,ENGINEERING_ASSESSMENT
hide_craze,3,0.679,1.401,8.37,0.2,295.1,35000.0,118.6,0.975,ENGINEERING_ASSESSMENT
thunderstrike,1,0.427,1.064,4.36,0.1,64.63,35000.0,541.5,0.776,ENGINEERING_ASSESSMENT
corrosion,2,0.864,1.272,9.51,0.78,626.43,45000.0,71.8,0.771,MONITOR
hide_craze,1,0.397,1.88,4.16,0.1,126.47,25000.0,197.7,0.762,MONITOR
crack,2,0.685,0.884,8.13,0.1,113.04,45000.0,398.1,0.723,ENGINEERING_ASSESSMENT
corrosion,5,0.313,2.714,5.86,0.1,122.0,85000.0,696.7,0.95,MONITOR
crack,5,0.835,0.727,11.15,1.91,2054.44,45000.0,21.9,0.713,ENGINEERING_ASSESSMENT
crack,2,0.83,1.154,5.75,0.93,1395.03,35000.0,25.1,0.815,ENGINEERING_ASSESSMENT
crack,2,0.802,1.007,5.9,0.47,369.33,45000.0,121.8,0.947,ENGINEERING_ASSESSMENT
hide_craze,1,0.494,2.826,6.96,0.1,96.46,85000.0,881.2,0.781,MONITOR
thunderstrike,1,0.579,2.397,4.64,0.1,112.18,85000.0,757.7,0.931,ENGINEERING_ASSESSMENT
craze,2,0.538,3.006,3.0,0.1,114.43,45000.0,393.3,0.757,MONITOR
surface_injure,5,0.676,2.162,3.2,0.64,498.85,25000.0,50.1,0.749,MONITOR
crack,3,0.802,0.449,5.15,0.56,817.16,25000.0,30.6,0.806,ENGINEERING_ASSESSMENT
craze,1,0.296,4.142,8.22,0.1,120.57,85000.0,705.0,0.957,ENGINEERING_ASSESSMENT
craze,3,0.29,3.205,3.0,0.1,169.28,25000.0,147.7,0.885,ENGINEERING_ASSESSMENT
crack,2,0.553,1.409,8.05,0.1,110.46,35000.0,316.9,0.705,ENGINEERING_ASSESSMENT
corrosion,1,0.218,1.521,4.78,0.1,99.47,85000.0,854.5,0.936,MONITOR
surface_injure,4,0.198,0.377,3.4,0.1,61.7,25000.0,405.2,0.87,MONITOR
corrosion,2,0.435,4.305,6.06,0.1,78.56,60000.0,763.7,0.856,MONITOR
corrosion,1,0.886,1.461,7.77,0.34,353.68,35000.0,99.0,0.747,MONITOR
thunderstrike,3,0.225,0.888,8.42,0.1,180.9,45000.0,248.8,0.927,ENGINEERING_ASSESSMENT
surface_injure,3,0.575,0.683,10.55,0.1,159.11,60000.0,377.1,0.793,MONITOR
craze,1,0.275,0.711,13.0,0.1,216.84,25000.0,115.3,0.889,MONITOR
surface_injure,4,0.638,2.518,6.88,0.15,188.74,60000.0,317.9,0.795,MONITOR
thunderstrike,1,0.445,1.899,11.9,0.1,182.25,60000.0,329.2,0.899,ENGINEERING_ASSESSMENT
surface_injure,5,0.261,1.921,9.42,0.1,91.15,85000.0,932.5,0.937,MONITOR
craze,1,0.585,0.332,3.0,0.1,216.34,85000.0,392.9,0.94,MONITOR
craze,5,0.879,0.187,10.82,3.13,2963.61,85000.0,28.7,0.968,REPAIR
crack,1,0.61,0.355,9.51,0.1,101.48,25000.0,246.4,0.725,ENGINEERING_ASSESSMENT
corrosion,2,0.182,1.569,6.67,0.1,88.63,60000.0,677.0,0.834,MONITOR
surface_injure,2,0.88,0.289,4.15,0.62,417.24,45000.0,107.9,0.773,ENGINEERING_ASSESSMENT
thunderstrike,3,0.644,1.728,3.91,0.1,169.44,45000.0,265.6,0.744,ENGINEERING_ASSESSMENT
corrosion,2,0.243,0.562,6.41,0.1,185.68,85000.0,457.8,0.924,MONITOR
thunderstrike,5,0.573,2.013,8.74,0.1,178.66,85000.0,475.8,0.753,ENGINEERING_ASSESSMENT
crack,3,0.557,1.895,5.08,0.1,100.03,60000.0,599.8,0.924,ENGINEERING_ASSESSMENT
surface_injure,3,0.259,4.292,3.93,0.1,146.18,35000.0,239.4,0.854,MONITOR
surface_injure,1,0.568,0.502,7.13,0.1,112.18,45000.0,401.1,0.979,MONITOR
corrosion,5,0.481,0.788,10.98,0.1,107.12,85000.0,793.5,0.734,MONITOR
craze,5,0.422,0.911,12.71,0.1,72.66,25000.0,344.1,0.942,MONITOR
crack,1,0.484,6.306,5.22,0.1,73.0,45000.0,616.4,0.751,ENGINEERING_ASSESSMENT
thunderstrike,2,0.646,3.175,8.17,0.16,324.88,85000.0,261.6,0.958,ENGINEERING_ASSESSMENT
hide_craze,4,0.838,3.208,7.57,1.7,1893.32,35000.0,18.5,0.715,REPAIR
surface_injure,2,0.591,2.223,6.93,0.1,154.65,45000.0,291.0,0.871,ENGINEERING_ASSESSMENT
surface_injure,3,0.943,1.453,6.82,1.69,2163.66,25000.0,11.6,0.948,REPAIR
hide_craze,1,0.722,0.33,3.54,0.1,107.0,85000.0,794.4,0.944,MONITOR
crack,2,0.269,1.096,8.48,0.1,176.93,25000.0,141.3,0.732,ENGINEERING_ASSESSMENT
hide_craze,3,0.878,4.281,5.35,1.04,1453.32,45000.0,31.0,0.812,REPAIR
thunderstrike,2,0.98,0.992,3.05,1.16,1122.2,85000.0,75.7,0.731,ENGINEERING_ASSESSMENT
thunderstrike,1,0.696,1.589,4.14,0.1,131.47,25000.0,190.2,0.781,ENGINEERING_ASSESSMENT
hide_craze,2,0.657,2.045,15.61,0.1,121.97,35000.0,287.0,0.703,MONITOR
surface_injure,1,0.715,4.149,3.57,0.12,75.96,45000.0,592.4,0.939,MONITOR
thunderstrike,1,0.332,1.23,9.85,0.1,77.4,45000.0,581.4,0.938,ENGINEERING_ASSESSMENT
crack,3,0.249,0.829,3.39,0.1,129.38,85000.0,657.0,0.916,ENGINEERING_ASSESSMENT
surface_injure,3,0.629,6.102,3.86,0.11,84.69,35000.0,413.3,0.919,MONITOR
hide_craze,2,0.939,0.75,5.83,1.2,771.14,60000.0,77.8,0.904,MONITOR
thunderstrike,3,0.273,0.888,9.33,0.1,122.33,35000.0,286.1,0.785,ENGINEERING_ASSESSMENT
surface_injure,3,0.615,4.082,5.0,0.1,114.67,35000.0,305.2,0.978,MONITOR
crack,3,0.577,0.372,5.64,0.1,174.73,25000.0,143.1,0.937,ENGINEERING_ASSESSMENT
craze,1,0.648,0.829,7.59,0.1,130.74,35000.0,267.7,0.888,MONITOR
hide_craze,5,0.831,0.747,7.46,2.33,4145.61,35000.0,8.4,0.939,REPAIR
crack,4,0.771,1.818,12.97,1.24,842.47,45000.0,53.4,0.791,ENGINEERING_ASSESSMENT
hide_craze,1,0.873,3.617,9.18,0.37,437.53,45000.0,102.9,0.776,MONITOR
craze,2,0.699,0.519,6.72,0.16,266.96,60000.0,224.8,0.927,MONITOR
thunderstrike,5,0.774,2.741,7.27,0.92,818.88,35000.0,42.7,0.742,ENGINEERING_ASSESSMENT
hide_craze,3,0.499,2.177,9.92,0.1,106.38,25000.0,235.0,0.774,MONITOR
surface_injure,1,0.852,1.445,10.18,0.14,230.55,60000.0,260.2,0.978,MONITOR
surface_injure,4,0.817,1.065,6.62,1.1,965.84,85000.0,88.0,0.944,REPAIR
corrosion,3,0.883,3.259,12.41,1.66,1936.92,60000.0,31.0,0.926,REPAIR
crack,1,0.624,3.922,5.36,0.1,103.12,35000.0,339.4,0.946,ENGINEERING_ASSESSMENT
crack,3,0.411,0.709,14.07,0.1,121.32,85000.0,700.6,0.957,ENGINEERING_ASSESSMENT
hide_craze,3,0.855,1.293,10.12,1.4,1755.69,35000.0,19.9,0.804,REPAIR
surface_injure,4,0.317,4.005,4.08,0.1,128.31,35000.0,272.8,0.921,MONITOR
crack,1,0.98,0.605,3.55,0.46,945.47,85000.0,89.9,0.824,ENGINEERING_ASSESSMENT
corrosion,2,0.826,2.898,9.17,0.63,1211.87,85000.0,70.1,0.913,MONITOR
crack,3,0.591,5.293,3.2,0.1,105.76,35000.0,330.9,0.912,ENGINEERING_ASSESSMENT
craze,1,0.399,6.224,3.03,0.1,94.72,60000.0,633.4,0.707,MONITOR
craze,3,0.304,5.71,6.2,0.1,182.24,45000.0,246.9,0.968,MONITOR
surface_injure,1,0.566,0.719,11.63,0.1,92.84,85000.0,915.6,0.722,MONITOR
hide_craze,2,0.811,1.517,13.72,0.56,635.54,60000.0,94.4,0.961,MONITOR
thunderstrike,1,0.769,0.356,12.39,0.2,300.5,85000.0,282.9,0.701,ENGINEERING_ASSESSMENT
crack,3,0.98,4.463,7.33,2.44,4515.78,45000.0,10.0,0.949,ENGINEERING_ASSESSMENT
hide_craze,1,0.81,3.33,3.37,0.49,456.83,85000.0,186.1,0.845,MONITOR
surface_injure,3,0.44,0.566,3.49,0.1,202.23,45000.0,222.5,0.732,MONITOR
corrosion,3,0.765,3.69,6.27,0.59,761.15,60000.0,78.8,0.729,MONITOR
corrosion,4,0.608,2.897,11.23,0.25,233.08,45000.0,193.1,0.801,MONITOR
crack,4,0.57,1.027,5.62,0.11,116.09,60000.0,516.8,0.864,ENGINEERING_ASSESSMENT
thunderstrike,3,0.274,1.798,6.31,0.1,116.83,85000.0,727.6,0.78,ENGINEERING_ASSESSMENT
crack,5,0.863,6.736,15.01,2.11,4107.12,35000.0,8.5,0.9,ENGINEERING_ASSESSMENT
crack,3,0.327,8.876,6.68,0.1,121.51,45000.0,370.3,0.741,ENGINEERING_ASSESSMENT
thunderstrike,5,0.804,1.7,11.4,0.9,1599.44,85000.0,53.1,0.828,ENGINEERING_ASSESSMENT
hide_craze,1,0.521,2.864,9.6,0.1,143.88,60000.0,417.0,0.842,MONITOR
thunderstrike,3,0.501,0.514,6.6,0.1,104.01,25000.0,240.4,0.957,ENGINEERING_ASSESSMENT
corrosion,3,0.415,5.282,11.3,0.1,172.18,85000.0,493.7,0.87,MONITOR
hide_craze,4,0.488,1.947,7.21,0.1,137.35,85000.0,618.9,0.884,MONITOR
thunderstrike,1,0.653,0.478,6.88,0.1,138.79,25000.0,180.1,0.975,ENGINEERING_ASSESSMENT
thunderstrike,4,0.679,4.811,4.23,0.33,490.27,85000.0,173.4,0.899,ENGINEERING_ASSESSMENT
crack,2,0.679,3.01,4.39,0.14,233.27,35000.0,150.0,0.853,ENGINEERING_ASSESSMENT
corrosion,1,0.743,0.364,6.97,0.14,202.45,35000.0,172.9,0.788,MONITOR
thunderstrike,2,0.775,0.37,9.07,0.34,341.95,45000.0,131.6,0.753,ENGINEERING_ASSESSMENT
thunderstrike,2,0.814,0.785,4.12,0.32,441.8,60000.0,135.8,0.768,ENGINEERING_ASSESSMENT
crack,3,0.183,2.962,3.92,0.1,75.64,35000.0,462.7,0.948,ENGINEERING_ASSESSMENT
craze,1,0.455,0.322,3.48,0.1,121.57,85000.0,699.2,0.776,MONITOR
craze,4,0.772,1.615,6.5,0.7,839.7,45000.0,53.6,0.98,REPAIR
hide_craze,2,0.717,14.307,3.0,0.1,97.1,35000.0,360.5,0.92,MONITOR
crack,5,0.296,1.135,3.55,0.1,204.2,45000.0,220.4,0.978,ENGINEERING_ASSESSMENT
hide_craze,1,0.569,6.466,3.04,0.1,185.71,35000.0,188.5,0.767,MONITOR
crack,3,0.67,1.09,15.26,0.2,194.1,35000.0,180.3,0.937,ENGINEERING_ASSESSMENT
crack,2,0.386,0.338,11.18,0.1,112.75,60000.0,532.2,0.731,ENGINEERING_ASSESSMENT
surface_injure,1,0.346,2.537,4.29,0.1,122.57,60000.0,489.5,0.931,MONITOR
corrosion,1,0.493,0.765,3.1,0.1,76.15,35000.0,459.6,0.714,MONITOR
crack,5,0.803,1.43,3.17,1.29,945.19,45000.0,47.6,0.912,ENGINEERING_ASSESSMENT
crack,2,0.674,2.276,11.55,0.1,111.7,25000.0,223.8,0.76,ENGINEERING_ASSESSMENT
surface_injure,4,0.262,1.997,4.24,0.1,98.8,60000.0,607.3,0.787,MONITOR
craze,1,0.736,5.364,5.35,0.1,163.47,45000.0,275.3,0.946,ENGINEERING_ASSESSMENT
crack,2,0.578,0.973,3.24,0.1,138.54,25000.0,180.5,0.863,ENGINEERING_ASSESSMENT
hide_craze,3,0.55,1.655,7.69,0.1,92.54,25000.0,270.2,0.854,MONITOR
corrosion,3,0.246,1.235,7.87,0.1,119.05,85000.0,714.0,0.975,MONITOR
surface_injure,3,0.818,2.157,4.08,0.91,1116.68,25000.0,22.4,0.739,REPAIR
thunderstrike,1,0.4,0.879,4.04,0.1,186.27,35000.0,187.9,0.951,ENGINEERING_ASSESSMENT
crack,4,0.655,5.069,12.07,0.16,228.98,85000.0,371.2,0.719,ENGINEERING_ASSESSMENT
hide_craze,1,0.568,1.41,4.33,0.1,135.29,85000.0,628.3,0.702,MONITOR
surface_injure,4,0.439,2.966,4.84,0.1,189.7,35000.0,184.5,0.784,MONITOR
corrosion,1,0.437,0.672,11.39,0.1,207.54,85000.0,409.6,0.764,MONITOR
corrosion,5,0.25,1.915,10.82,0.1,101.11,35000.0,346.2,0.776,MONITOR
hide_craze,2,0.923,0.969,7.95,0.87,1406.57,45000.0,32.0,0.885,MONITOR
craze,5,0.552,4.773,3.0,0.16,347.26,35000.0,100.8,0.736,MONITOR
thunderstrike,1,0.349,0.381,6.05,0.1,116.84,25000.0,214.0,0.717,ENGINEERING_ASSESSMENT
corrosion,5,0.543,7.565,6.02,0.1,106.19,35000.0,329.6,0.947,MONITOR
hide_craze,4,0.833,3.771,3.0,2.05,2695.44,45000.0,16.7,0.898,REPAIR
craze,1,0.288,0.73,3.0,0.1,123.1,25000.0,203.1,0.914,MONITOR
hide_craze,1,0.538,0.606,15.76,0.1,172.7,35000.0,202.7,0.794,MONITOR
corrosion,4,0.858,1.538,6.98,0.79,724.12,60000.0,82.9,0.858,MONITOR
hide_craze,5,0.423,4.908,3.53,0.1,117.75,25000.0,212.3,0.826,MONITOR
thunderstrike,3,0.326,1.243,4.32,0.1,175.4,60000.0,342.1,0.736,ENGINEERING_ASSESSMENT
surface_injure,2,0.613,0.188,5.47,0.1,112.49,35000.0,311.1,0.963,MONITOR
thunderstrike,4,0.705,1.265,3.23,0.3,354.01,25000.0,70.6,0.723,ENGINEERING_ASSESSMENT
surface_injure,4,0.785,0.381,10.31,1.37,1872.56,25000.0,13.4,0.886,REPAIR
craze,3,0.69,0.713,7.23,0.27,304.12,25000.0,82.2,0.736,MONITOR
craze,2,0.607,1.975,10.34,0.1,81.14,35000.0,431.4,0.765,MONITOR
thunderstrike,2,0.454,1.219,4.7,0.1,152.24,25000.0,164.2,0.793,ENGINEERING_ASSESSMENT
corrosion,2,0.807,0.519,5.44,0.39,674.93,85000.0,125.9,0.916,MONITOR
crack,1,0.592,1.128,3.0,0.1,113.25,25000.0,220.8,0.781,ENGINEERING_ASSESSMENT
surface_injure,1,0.699,0.621,6.69,0.1,78.5,25000.0,318.5,0.955,MONITOR
corrosion,2,0.298,2.305,13.71,0.1,136.76,25000.0,182.8,0.918,MONITOR
corrosion,2,0.382,0.467,4.44,0.1,77.16,45000.0,583.2,0.818,MONITOR
crack,2,0.247,2.695,12.6,0.1,119.43,60000.0,502.4,0.871,ENGINEERING_ASSESSMENT
thunderstrike,2,0.868,1.209,5.22,0.52,980.87,85000.0,86.7,0.929,ENGINEERING_ASSESSMENT
corrosion,2,0.285,1.813,7.42,0.1,113.78,85000.0,747.1,0.751,MONITOR
craze,3,0.909,0.913,3.5,1.4,1730.15,25000.0,14.4,0.714,REPAIR
crack,2,0.623,2.633,9.08,0.1,83.08,45000.0,541.6,0.794,ENGINEERING_ASSESSMENT
surface_injure,1,0.195,0.488,3.28,0.1,170.37,35000.0,205.4,0.911,MONITOR
surface_injure,5,0.275,6.92,8.51,0.1,135.17,25000.0,185.0,0.827,MONITOR
craze,5,0.524,3.09,5.48,0.1,78.18,35000.0,447.7,0.973,MONITOR
craze,3,0.689,2.982,3.51,0.44,514.26,45000.0,87.5,0.778,MONITOR
thunderstrike,1,0.605,6.171,8.58,0.1,166.65,25000.0,150.0,0.782,ENGINEERING_ASSESSMENT
thunderstrike,3,0.356,1.592,8.88,0.1,74.72,45000.0,602.2,0.909,ENGINEERING_ASSESSMENT
thunderstrike,1,0.827,0.422,3.0,0.14,158.44,60000.0,378.7,0.795,ENGINEERING_ASSESSMENT
thunderstrike,2,0.615,0.939,3.0,0.14,114.82,60000.0,522.6,0.92,ENGINEERING_ASSESSMENT
thunderstrike,3,0.663,0.602,6.06,0.11,218.61,60000.0,274.5,0.77,ENGINEERING_ASSESSMENT
crack,3,0.334,0.61,10.64,0.1,120.47,85000.0,705.6,0.788,ENGINEERING_ASSESSMENT
craze,1,0.707,1.57,3.13,0.1,92.67,60000.0,647.5,0.745,MONITOR
crack,1,0.609,1.016,8.18,0.1,136.58,85000.0,622.3,0.793,ENGINEERING_ASSESSMENT
craze,3,0.478,1.292,4.4,0.1,91.7,45000.0,490.7,0.971,MONITOR
hide_craze,3,0.888,3.516,6.33,2.22,1886.35,25000.0,13.3,0.82,REPAIR
corrosion,5,0.508,1.938,3.86,0.1,154.14,85000.0,551.4,0.905,MONITOR
thunderstrike,2,0.575,1.179,4.5,0.1,77.1,35000.0,454.0,0.94,ENGINEERING_ASSESSMENT
surface_injure,3,0.505,2.219,5.92,0.1,120.42,45000.0,373.7,0.954,MONITOR
surface_injure,1,0.494,2.43,3.76,0.1,112.05,85000.0,758.6,0.929,MONITOR
crack,5,0.385,0.204,3.6,0.1,182.07,35000.0,192.2,0.958,ENGINEERING_ASSESSMENT
surface_injure,2,0.547,0.745,6.26,0.1,173.21,25000.0,144.3,0.773,MONITOR
thunderstrike,5,0.428,11.254,10.95,0.1,90.61,25000.0,275.9,0.777,ENGINEERING_ASSESSMENT
crack,1,0.361,2.021,11.13,0.1,60.92,45000.0,738.7,0.962,ENGINEERING_ASSESSMENT
hide_craze,4,0.448,0.297,9.88,0.1,78.88,45000.0,570.5,0.948,MONITOR
thunderstrike,2,0.795,0.256,7.56,0.25,237.15,25000.0,105.4,0.706,ENGINEERING_ASSESSMENT
craze,5,0.6,2.483,3.0,0.24,495.53,45000.0,90.8,0.973,MONITOR
corrosion,4,0.329,0.501,7.79,0.1,132.51,45000.0,339.6,0.783,MONITOR
craze,2,0.451,1.102,8.71,0.1,217.04,35000.0,161.3,0.753,MONITOR
thunderstrike,2,0.957,0.542,4.82,0.85,547.22,45000.0,82.2,0.741,ENGINEERING_ASSESSMENT
crack,2,0.317,1.144,10.15,0.1,147.77,35000.0,236.9,0.763,ENGINEERING_ASSESSMENT
crack,2,0.58,1.685,3.41,0.1,150.33,85000.0,565.4,0.814,ENGINEERING_ASSESSMENT
corrosion,3,0.802,6.592,14.14,0.74,760.81,25000.0,32.9,0.725,REPAIR
thunderstrike,3,0.349,8.153,3.0,0.1,124.52,45000.0,361.4,0.853,ENGINEERING_ASSESSMENT
craze,2,0.631,3.276,8.88,0.1,186.19,85000.0,456.5,0.809,MONITOR
surface_injure,4,0.234,1.208,4.41,0.1,203.37,25000.0,122.9,0.759,MONITOR
thunderstrike,2,0.402,0.675,5.18,0.1,177.07,35000.0,197.7,0.877,ENGINEERING_ASSESSMENT
crack,3,0.655,4.834,6.85,0.24,241.07,45000.0,186.7,0.863,ENGINEERING_ASSESSMENT
thunderstrike,5,0.706,3.371,3.0,0.41,627.89,60000.0,95.6,0.767,ENGINEERING_ASSESSMENT
hide_craze,5,0.922,1.724,8.47,3.19,2663.86,60000.0,22.5,0.745,REPAIR
corrosion,4,0.274,1.8,7.28,0.1,114.91,25000.0,217.6,0.969,MONITOR
corrosion,3,0.756,0.47,12.99,0.36,652.02,45000.0,69.0,0.852,MONITOR
hide_craze,3,0.636,0.306,8.66,0.1,155.22,25000.0,161.1,0.87,MONITOR
craze,3,0.35,2.109,11.48,0.1,94.88,45000.0,474.3,0.714,MONITOR
craze,2,0.565,0.483,8.6,0.1,166.51,35000.0,210.2,0.803,MONITOR
thunderstrike,3,0.897,1.25,6.04,1.71,1614.09,85000.0,52.7,0.716,ENGINEERING_ASSESSMENT
surface_injure,2,0.333,2.618,4.66,0.1,175.99,85000.0,483.0,0.937,MONITOR
crack,3,0.444,3.027,4.14,0.1,94.16,45000.0,477.9,0.797,ENGINEERING_ASSESSMENT
thunderstrike,2,0.581,0.418,3.13,0.1,83.66,85000.0,1016.0,0.916,ENGINEERING_ASSESSMENT
thunderstrike,1,0.98,5.406,3.58,0.63,1122.43,85000.0,75.7,0.921,ENGINEERING_ASSESSMENT
surface_injure,3,0.257,2.129,6.55,0.1,171.05,85000.0,496.9,0.868,MONITOR
craze,2,0.263,0.728,7.31,0.1,128.46,60000.0,467.1,0.825,MONITOR
crack,4,0.849,3.502,9.14,0.93,1313.14,45000.0,34.3,0.71,ENGINEERING_ASSESSMENT
hide_craze,2,0.7,0.842,9.22,0.11,94.67,60000.0,633.8,0.895,MONITOR
thunderstrike,2,0.516,0.65,15.96,0.1,109.01,35000.0,321.1,0.928,ENGINEERING_ASSESSMENT
craze,2,0.496,1.593,7.33,0.1,209.09,60000.0,287.0,0.784,MONITOR
corrosion,3,0.942,1.742,8.74,2.22,2455.83,35000.0,14.3,0.911,REPAIR
hide_craze,4,0.349,0.713,3.0,0.1,117.71,60000.0,509.7,0.725,MONITOR
surface_injure,5,0.766,0.522,8.72,1.53,1564.62,35000.0,22.4,0.923,REPAIR
surface_injure,5,0.239,0.536,5.07,0.1,77.53,35000.0,451.4,0.921,MONITOR
hide_craze,4,0.226,1.902,3.48,0.1,123.7,45000.0,363.8,0.71,MONITOR
thunderstrike,2,0.471,2.833,3.0,0.1,97.14,85000.0,875.0,0.823,ENGINEERING_ASSESSMENT
hide_craze,2,0.678,0.236,6.46,0.1,120.52,45000.0,373.4,0.93,MONITOR
crack,2,0.381,1.915,5.31,0.1,65.59,85000.0,1295.9,0.771,ENGINEERING_ASSESSMENT
crack,1,0.378,1.6,6.14,0.1,75.39,35000.0,464.3,0.847,ENGINEERING_ASSESSMENT
corrosion,3,0.192,2.473,3.0,0.1,112.1,45000.0,401.4,0.834,MONITOR
corrosion,1,0.542,0.603,10.25,0.1,143.54,85000.0,592.2,0.867,MONITOR
hide_craze,3,0.814,2.397,5.96,1.0,1095.41,60000.0,54.8,0.7,REPAIR
surface_injure,5,0.364,4.175,4.49,0.1,145.82,85000.0,582.9,0.819,MONITOR
craze,3,0.311,2.326,4.07,0.1,111.93,35000.0,312.7,0.924,MONITOR
corrosion,4,0.694,0.942,3.0,0.47,681.95,35000.0,51.3,0.954,MONITOR
craze,5,0.257,0.803,11.07,0.1,62.85,45000.0,716.0,0.733,MONITOR
surface_injure,4,0.716,1.244,5.77,0.55,366.6,25000.0,68.2,0.841,MONITOR
surface_injure,3,0.704,1.543,6.93,0.14,204.02,45000.0,220.6,0.837,MONITOR
hide_craze,5,0.415,1.462,4.68,0.1,176.88,35000.0,197.9,0.846,MONITOR
crack,3,0.229,3.0,6.61,0.1,94.11,60000.0,637.6,0.751,ENGINEERING_ASSESSMENT
hide_craze,2,0.474,0.401,9.56,0.1,154.73,35000.0,226.2,0.961,MONITOR
craze,5,0.526,3.177,3.83,0.13,269.52,85000.0,315.4,0.916,MONITOR
hide_craze,5,0.368,5.104,5.64,0.1,126.38,45000.0,356.1,0.791,MONITOR
craze,4,0.511,0.568,7.34,0.1,188.26,60000.0,318.7,0.978,MONITOR
hide_craze,1,0.205,2.443,4.93,0.1,134.79,60000.0,445.1,0.904,MONITOR
thunderstrike,4,0.668,2.079,8.93,0.48,445.84,35000.0,78.5,0.715,ENGINEERING_ASSESSMENT
craze,1,0.468,0.445,7.07,0.1,80.7,25000.0,309.8,0.927,MONITOR
crack,4,0.246,0.351,6.6,0.1,123.73,60000.0,484.9,0.769,ENGINEERING_ASSESSMENT
crack,3,0.257,1.25,3.62,0.1,184.32,25000.0,135.6,0.938,ENGINEERING_ASSESSMENT
corrosion,5,0.803,1.654,5.36,0.87,722.38,25000.0,34.6,0.822,MONITOR
hide_craze,3,0.838,1.247,13.69,0.56,715.18,85000.0,118.9,0.84,ENGINEERING_ASSESSMENT
corrosion,3,0.236,0.227,7.13,0.1,162.86,35000.0,214.9,0.967,MONITOR
hide_craze,2,0.56,1.138,9.82,0.1,210.47,25000.0,118.8,0.823,MONITOR
corrosion,5,0.642,6.658,10.18,0.39,627.38,60000.0,95.6,0.871,MONITOR
crack,1,0.5,1.078,11.82,0.1,134.54,25000.0,185.8,0.821,ENGINEERING_ASSESSMENT
thunderstrike,2,0.249,0.33,4.91,0.1,140.98,60000.0,425.6,0.713,ENGINEERING_ASSESSMENT
thunderstrike,5,0.384,1.516,3.62,0.1,102.67,25000.0,243.5,0.77,ENGINEERING_ASSESSMENT
hide_craze,4,0.647,3.391,8.41,0.3,348.67,60000.0,172.1,0.756,MONITOR
craze,5,0.18,0.514,3.47,0.1,138.57,60000.0,433.0,0.976,MONITOR
crack,2,0.6,2.354,4.99,0.1,106.58,25000.0,234.6,0.833,ENGINEERING_ASSESSMENT
corrosion,5,0.926,0.369,5.99,3.2,3723.08,85000.0,22.8,0.805,REPAIR
crack,3,0.966,1.036,10.81,2.43,2296.57,45000.0,19.6,0.979,ENGINEERING_ASSESSMENT
corrosion,4,0.899,1.957,5.12,2.88,4902.92,45000.0,9.2,0.952,REPAIR
surface_injure,1,0.265,0.841,9.58,0.1,157.74,25000.0,158.5,0.822,MONITOR
crack,3,0.602,1.341,11.97,0.17,294.38,45000.0,152.9,0.742,ENGINEERING_ASSESSMENT
craze,5,0.355,3.546,3.0,0.1,133.45,25000.0,187.3,0.719,MONITOR
crack,4,0.203,0.336,3.0,0.1,94.02,35000.0,372.3,0.959,ENGINEERING_ASSESSMENT
surface_injure,1,0.779,1.405,7.71,0.13,81.17,60000.0,739.2,0.767,MONITOR
craze,2,0.674,0.304,14.26,0.1,83.36,45000.0,539.8,0.837,MONITOR
corrosion,1,0.81,2.056,5.07,0.18,114.88,35000.0,304.7,0.873,MONITOR
surface_injure,5,0.91,0.816,8.36,2.7,3767.3,60000.0,15.9,0.836,REPAIR
craze,2,0.296,6.219,8.53,0.1,92.35,60000.0,649.7,0.941,MONITOR
surface_injure,1,0.813,0.747,6.71,0.24,355.33,45000.0,126.6,0.794,MONITOR
surface_injure,3,0.659,4.45,10.27,0.26,269.0,85000.0,316.0,0.736,MONITOR
thunderstrike,2,0.453,2.606,5.3,0.1,96.53,85000.0,880.6,0.717,ENGINEERING_ASSESSMENT
thunderstrike,3,0.591,1.48,5.03,0.1,73.85,60000.0,812.5,0.713,ENGINEERING_ASSESSMENT
corrosion,1,0.765,1.742,12.45,0.13,127.96,85000.0,664.3,0.912,MONITOR
surface_injure,4,0.241,1.528,3.0,0.1,147.01,35000.0,238.1,0.916,MONITOR
craze,1,0.288,0.798,7.4,0.1,119.68,45000.0,376.0,0.963,MONITOR
corrosion,2,0.563,0.46,12.48,0.1,92.34,85000.0,920.5,0.859,MONITOR
craze,1,0.457,2.016,4.46,0.1,148.78,85000.0,571.3,0.907,MONITOR
surface_injure,2,0.85,1.225,4.83,0.65,713.18,25000.0,35.1,0.936,MONITOR
surface_injure,3,0.855,0.557,4.1,1.32,1157.24,60000.0,51.8,0.706,REPAIR
craze,1,0.717,0.39,3.03,0.3,262.78,45000.0,171.2,0.947,MONITOR
surface_injure,3,0.743,2.646,6.94,0.45,441.94,45000.0,101.8,0.884,ENGINEERING_ASSESSMENT
crack,2,0.361,0.934,3.19,0.1,98.76,85000.0,860.7,0.874,ENGINEERING_ASSESSMENT
surface_injure,2,0.518,1.733,6.49,0.1,143.57,45000.0,313.4,0.735,MONITOR
corrosion,2,0.366,2.861,3.17,0.1,141.44,85000.0,601.0,0.732,MONITOR
crack,3,0.799,0.755,3.57,0.4,765.5,45000.0,58.8,0.911,ENGINEERING_ASSESSMENT
crack,4,0.34,0.619,3.0,0.1,128.07,85000.0,663.7,0.852,ENGINEERING_ASSESSMENT
hide_craze,5,0.637,0.387,4.78,0.14,182.05,85000.0,466.9,0.882,MONITOR
hide_craze,2,0.374,0.793,8.74,0.1,125.67,45000.0,358.1,0.712,MONITOR
craze,2,0.503,1.64,12.14,0.1,207.38,60000.0,289.3,0.929,MONITOR
surface_injure,4,0.442,2.192,16.83,0.1,80.94,60000.0,741.3,0.974,MONITOR
craze,4,0.856,0.609,7.74,1.7,1649.29,85000.0,51.5,0.792,REPAIR
hide_craze,2,0.958,0.242,3.4,0.82,1126.72,60000.0,53.3,0.971,MONITOR
hide_craze,3,0.769,1.473,9.68,0.82,535.38,45000.0,84.1,0.883,REPAIR
crack,5,0.528,0.196,3.23,0.1,112.14,85000.0,758.0,0.871,ENGINEERING_ASSESSMENT
crack,4,0.809,1.799,11.55,1.01,1254.47,25000.0,19.9,0.865,ENGINEERING_ASSESSMENT
surface_injure,3,0.814,3.89,3.41,1.16,926.44,25000.0,27.0,0.895,REPAIR
surface_injure,1,0.848,1.406,3.62,0.39,489.36,35000.0,71.5,0.733,MONITOR
corrosion,4,0.712,1.175,4.6,0.52,460.55,25000.0,54.3,0.707,MONITOR
craze,4,0.98,4.074,12.59,3.91,4020.48,25000.0,6.2,0.783,REPAIR
surface_injure,1,0.231,1.154,8.63,0.1,180.78,85000.0,470.2,0.958,MONITOR
hide_craze,1,0.709,7.441,3.66,0.1,84.99,45000.0,529.5,0.901,MONITOR
craze,1,0.559,0.621,11.37,0.1,61.86,85000.0,1374.1,0.782,MONITOR
crack,3,0.873,1.053,11.28,1.07,1466.4,45000.0,30.7,0.768,ENGINEERING_ASSESSMENT
crack,4,0.847,0.62,7.92,0.99,1149.33,25000.0,21.8,0.774,ENGINEERING_ASSESSMENT
thunderstrike,4,0.902,2.237,4.9,2.34,2664.12,60000.0,22.5,0.971,ENGINEERING_ASSESSMENT
craze,1,0.734,2.782,6.73,0.1,115.87,60000.0,517.8,0.804,MONITOR
craze,5,0.952,0.738,8.94,3.7,6614.49,45000.0,6.8,0.923,REPAIR
surface_injure,2,0.286,0.871,7.57,0.1,162.03,45000.0,277.7,0.724,MONITOR
corrosion,3,0.552,0.38,3.42,0.1,68.65,60000.0,874.0,0.957,MONITOR
thunderstrike,1,0.778,1.648,8.08,0.17,220.7,45000.0,203.9,0.917,ENGINEERING_ASSESSMENT
crack,3,0.508,8.128,4.17,0.1,158.5,45000.0,283.9,0.843,ENGINEERING_ASSESSMENT
crack,1,0.267,3.924,4.18,0.1,162.06,35000.0,216.0,0.828,ENGINEERING_ASSESSMENT
hide_craze,1,0.941,2.034,6.73,0.41,408.38,25000.0,61.2,0.709,MONITOR
crack,2,0.454,0.422,7.0,0.1,160.2,45000.0,280.9,0.744,ENGINEERING_ASSESSMENT
corrosion,1,0.551,2.092,5.2,0.1,81.94,85000.0,1037.3,0.776,MONITOR
crack,1,0.98,2.284,6.57,0.67,1137.61,35000.0,30.8,0.733,ENGINEERING_ASSESSMENT
hide_craze,2,0.937,0.219,3.0,0.66,1210.58,45000.0,37.2,0.779,MONITOR
crack,1,0.431,1.025,6.5,0.1,101.51,85000.0,837.4,0.747,ENGINEERING_ASSESSMENT
thunderstrike,1,0.266,0.377,4.9,0.1,95.56,85000.0,889.5,0.89,ENGINEERING_ASSESSMENT
crack,2,0.516,0.563,6.53,0.1,127.68,25000.0,195.8,0.939,ENGINEERING_ASSESSMENT
hide_craze,5,0.863,0.377,4.72,3.05,2785.9,25000.0,9.0,0.786,REPAIR
crack,2,0.459,0.556,9.49,0.1,109.19,45000.0,412.1,0.72,ENGINEERING_ASSESSMENT
hide_craze,3,0.287,1.368,11.08,0.1,97.6,45000.0,461.1,0.931,MONITOR
surface_injure,2,0.625,1.509,3.34,0.1,87.68,25000.0,285.1,0.861,MONITOR
thunderstrike,1,0.534,0.757,3.72,0.1,69.66,60000.0,861.3,0.934,ENGINEERING_ASSESSMENT
crack,1,0.973,0.716,6.26,0.63,1083.9,45000.0,41.5,0.777,ENGINEERING_ASSESSMENT
surface_injure,3,0.754,0.945,7.63,0.77,1548.5,35000.0,22.6,0.742,MONITOR
crack,4,0.466,0.256,6.04,0.1,98.91,45000.0,455.0,0.82,ENGINEERING_ASSESSMENT
surface_injure,4,0.771,1.802,12.95,0.78,1097.33,25000.0,22.8,0.744,MONITOR
surface_injure,3,0.374,2.594,9.46,0.1,101.1,85000.0,840.8,0.952,MONITOR
corrosion,2,0.979,2.072,8.65,1.14,787.05,85000.0,108.0,0.91,MONITOR
corrosion,2,0.543,4.116,7.1,0.1,79.31,35000.0,441.3,0.72,MONITOR
hide_craze,5,0.261,1.536,7.85,0.1,193.86,85000.0,438.5,0.945,MONITOR
thunderstrike,1,0.893,5.647,6.99,0.42,412.56,25000.0,60.6,0.782,ENGINEERING_ASSESSMENT
thunderstrike,4,0.216,2.066,7.05,0.1,94.67,60000.0,633.8,0.922,ENGINEERING_ASSESSMENT
surface_injure,4,0.218,4.345,16.02,0.1,102.22,85000.0,831.5,0.757,MONITOR
hide_craze,3,0.457,1.663,4.44,0.1,101.8,45000.0,442.0,0.74,MONITOR
hide_craze,2,0.716,0.944,3.3,0.19,315.43,25000.0,79.3,0.869,MONITOR
surface_injure,2,0.902,1.383,8.64,0.82,1455.95,85000.0,58.4,0.779,MONITOR
thunderstrike,3,0.329,1.22,11.69,0.1,125.93,85000.0,675.0,0.961,ENGINEERING_ASSESSMENT
hide_craze,2,0.98,1.568,3.0,1.33,1376.75,25000.0,18.2,0.831,REPAIR
hide_craze,1,0.15,4.723,11.12,0.1,64.36,25000.0,388.4,0.926,MONITOR
corrosion,4,0.729,1.805,3.19,0.46,714.02,60000.0,84.0,0.911,MONITOR
corrosion,1,0.505,1.352,12.8,0.1,143.52,60000.0,418.1,0.899,MONITOR
hide_craze,1,0.344,0.673,11.17,0.1,196.37,25000.0,127.3,0.725,MONITOR
corrosion,2,0.616,2.66,4.26,0.1,135.29,25000.0,184.8,0.814,MONITOR
corrosion,3,0.447,0.849,3.36,0.1,110.82,25000.0,225.6,0.746,MONITOR
surface_injure,3,0.721,1.187,3.0,0.27,575.9,25000.0,43.4,0.74,MONITOR
craze,5,0.301,2.063,5.46,0.1,80.29,85000.0,1058.7,0.885,MONITOR
surface_injure,2,0.414,1.719,3.0,0.1,152.1,35000.0,230.1,0.912,MONITOR
craze,3,0.38,1.354,6.46,0.1,116.11,85000.0,732.1,0.872,MONITOR
thunderstrike,2,0.573,2.693,5.09,0.1,183.57,35000.0,190.7,0.732,ENGINEERING_ASSESSMENT
surface_injure,2,0.907,1.91,3.9,0.64,916.05,60000.0,65.5,0.789,MONITOR
corrosion,1,0.496,3.114,6.53,0.1,104.04,85000.0,817.0,0.974,MONITOR
crack,2,0.849,0.418,8.08,0.45,609.68,45000.0,73.8,0.864,ENGINEERING_ASSESSMENT
craze,1,0.393,0.382,5.1,0.1,168.61,85000.0,504.1,0.922,MONITOR
thunderstrike,3,0.881,3.083,8.64,1.07,718.78,45000.0,62.6,0.771,ENGINEERING_ASSESSMENT
corrosion,2,0.72,1.101,3.45,0.11,221.8,85000.0,383.2,0.75,MONITOR
corrosion,1,0.489,2.865,3.0,0.1,77.84,45000.0,578.1,0.753,MONITOR
surface_injure,3,0.298,5.789,3.0,0.1,177.34,45000.0,253.7,0.768,MONITOR
corrosion,3,0.51,6.869,10.64,0.1,190.67,45000.0,236.0,0.742,MONITOR
corrosion,2,0.859,4.06,4.26,0.28,492.69,35000.0,71.0,0.708,REPAIR
crack,3,0.952,0.436,12.19,1.47,3050.75,85000.0,27.9,0.905,ENGINEERING_ASSESSMENT
craze,1,0.841,1.508,3.88,0.14,195.06,25000.0,128.2,0.714,MONITOR
hide_craze,1,0.54,1.822,9.6,0.1,154.02,25000.0,162.3,0.931,MONITOR
craze,2,0.638,2.824,6.37,0.1,67.65,60000.0,886.9,0.959,MONITOR
surface_injure,3,0.331,1.842,3.5,0.1,69.57,60000.0,862.4,0.91,MONITOR
thunderstrike,3,0.933,1.592,3.49,1.52,2671.17,60000.0,22.5,0.757,ENGINEERING_ASSESSMENT
hide_craze,2,0.534,0.579,9.23,0.1,150.49,35000.0,232.6,0.721,MONITOR
thunderstrike,2,0.744,1.87,7.48,0.14,257.77,25000.0,97.0,0.962,ENGINEERING_ASSESSMENT
thunderstrike,2,0.799,2.99,7.86,0.18,179.22,35000.0,195.3,0.97,ENGINEERING_ASSESSMENT
surface_injure,4,0.452,2.578,3.46,0.1,129.59,45000.0,347.2,0.709,MONITOR
surface_injure,1,0.897,1.204,6.12,0.47,579.69,60000.0,103.5,0.743,MONITOR
hide_craze,2,0.731,0.354,3.45,0.22,174.98,45000.0,257.2,0.923,MONITOR
hide_craze,2,0.839,0.341,6.4,0.47,560.06,25000.0,44.6,0.861,MONITOR
thunderstrike,4,0.756,1.386,6.79,0.72,569.63,85000.0,149.2,0.868,ENGINEERING_ASSESSMENT
crack,2,0.426,1.076,6.53,0.1,78.26,60000.0,766.7,0.928,ENGINEERING_ASSESSMENT
crack,5,0.865,2.098,7.42,1.51,2692.27,25000.0,9.3,0.711,ENGINEERING_ASSESSMENT
craze,3,0.388,5.249,10.5,0.1,159.71,60000.0,375.7,0.904,MONITOR
surface_injure,2,0.253,0.631,8.42,0.1,149.45,60000.0,401.5,0.764,MONITOR
crack,4,0.291,0.489,3.29,0.1,94.81,25000.0,263.7,0.934,ENGINEERING_ASSESSMENT
hide_craze,1,0.624,4.568,4.24,0.1,146.15,85000.0,581.6,0.732,MONITOR
thunderstrike,1,0.311,1.513,6.82,0.1,121.98,25000.0,205.0,0.707,ENGINEERING_ASSESSMENT
craze,3,0.622,2.174,6.46,0.1,130.7,45000.0,344.3,0.807,MONITOR
thunderstrike,2,0.817,0.713,5.77,0.55,822.83,60000.0,72.9,0.808,ENGINEERING_ASSESSMENT
surface_injure,1,0.853,0.764,4.05,0.24,159.91,85000.0,531.5,0.783,MONITOR
crack,1,0.283,3.855,5.04,0.1,187.15,35000.0,187.0,0.831,ENGINEERING_ASSESSMENT
corrosion,3,0.358,0.498,3.0,0.1,111.0,45000.0,405.4,0.8,MONITOR
corrosion,3,0.624,0.921,3.09,0.24,251.55,45000.0,178.9,0.856,MONITOR
corrosion,2,0.483,3.175,11.92,0.1,173.8,45000.0,258.9,0.9,MONITOR
hide_craze,2,0.713,0.429,10.2,0.24,365.46,45000.0,123.1,0.726,MONITOR
thunderstrike,1,0.742,0.332,7.61,0.14,192.94,35000.0,181.4,0.791,ENGINEERING_ASSESSMENT
surface_injure,5,0.519,1.026,10.28,0.1,91.32,60000.0,657.0,0.842,MONITOR
surface_injure,1,0.505,0.453,3.45,0.1,101.0,35000.0,346.5,0.763,MONITOR
hide_craze,1,0.295,2.659,11.36,0.1,78.15,25000.0,319.9,0.865,MONITOR
thunderstrike,1,0.251,0.504,8.73,0.1,79.62,60000.0,753.6,0.834,ENGINEERING_ASSESSMENT
craze,3,0.797,0.852,6.03,0.35,307.93,60000.0,194.8,0.753,MONITOR
crack,1,0.541,5.987,3.32,0.1,114.13,85000.0,744.8,0.779,ENGINEERING_ASSESSMENT
thunderstrike,3,0.401,1.082,3.05,0.1,122.52,25000.0,204.0,0.98,ENGINEERING_ASSESSMENT
craze,1,0.98,1.122,5.22,0.6,381.91,35000.0,91.6,0.89,MONITOR
surface_injure,2,0.456,2.613,3.1,0.1,198.0,85000.0,429.3,0.834,MONITOR
surface_injure,4,0.84,4.529,4.94,1.12,1787.13,25000.0,14.0,0.839,ENGINEERING_ASSESSMENT
hide_craze,2,0.642,1.662,12.97,0.1,129.39,45000.0,347.8,0.858,MONITOR
thunderstrike,5,0.771,2.975,6.4,1.41,1295.69,85000.0,65.6,0.874,ENGINEERING_ASSESSMENT
surface_injure,1,0.501,6.113,13.41,0.1,148.28,45000.0,303.5,0.847,MONITOR
hide_craze,1,0.957,0.391,5.79,0.49,599.87,25000.0,41.7,0.832,MONITOR
crack,4,0.553,1.258,5.01,0.1,78.7,35000.0,444.7,0.975,ENGINEERING_ASSESSMENT
hide_craze,2,0.42,0.524,4.9,0.1,97.95,60000.0,612.6,0.778,MONITOR
thunderstrike,2,0.959,4.969,6.63,1.24,1011.41,45000.0,44.5,0.871,ENGINEERING_ASSESSMENT
craze,5,0.446,7.503,5.34,0.1,169.61,60000.0,353.8,0.876,MONITOR
corrosion,2,0.488,2.364,7.55,0.1,215.65,85000.0,394.2,0.87,MONITOR
hide_craze,3,0.608,0.29,7.1,0.11,129.76,85000.0,655.1,0.88,MONITOR
hide_craze,1,0.59,3.301,12.82,0.1,107.45,85000.0,791.1,0.872,MONITOR
surface_injure,4,0.35,1.563,7.41,0.1,102.19,35000.0,342.5,0.839,MONITOR
surface_injure,4,0.789,2.594,10.45,1.11,1228.25,85000.0,69.2,0.724,REPAIR
surface_injure,2,0.48,2.348,6.61,0.1,164.35,60000.0,365.1,0.964,MONITOR
thunderstrike,4,0.546,2.203,9.08,0.1,123.29,60000.0,486.7,0.824,ENGINEERING_ASSESSMENT
crack,2,0.98,2.519,3.39,1.22,1845.1,25000.0,13.5,0.943,ENGINEERING_ASSESSMENT
crack,3,0.758,0.487,3.0,0.78,1337.74,85000.0,63.5,0.785,ENGINEERING_ASSESSMENT
surface_injure,1,0.588,0.897,3.57,0.1,138.64,25000.0,180.3,0.721,MONITOR
craze,3,0.15,1.856,11.31,0.1,124.33,35000.0,281.5,0.837,MONITOR
hide_craze,2,0.918,0.903,10.46,1.08,1747.58,25000.0,14.3,0.923,REPAIR
craze,3,0.351,3.843,9.86,0.1,61.59,85000.0,1380.1,0.918,MONITOR
thunderstrike,2,0.821,0.775,12.95,0.34,435.79,45000.0,103.3,0.934,ENGINEERING_ASSESSMENT
surface_injure,1,0.865,0.299,3.41,0.23,254.08,35000.0,137.8,0.794,MONITOR
craze,2,0.758,0.65,6.44,0.3,256.53,85000.0,331.3,0.9,MONITOR
craze,3,0.503,0.661,8.21,0.1,138.03,85000.0,615.8,0.762,MONITOR
craze,4,0.476,1.402,3.64,0.1,155.38,45000.0,289.6,0.703,MONITOR
corrosion,3,0.74,0.221,10.64,0.38,347.44,85000.0,244.6,0.936,MONITOR
craze,3,0.586,1.485,4.99,0.1,168.03,60000.0,357.1,0.725,MONITOR
hide_craze,3,0.335,4.744,3.38,0.1,163.89,35000.0,213.6,0.872,MONITOR
corrosion,3,0.284,0.596,4.26,0.1,126.83,25000.0,197.1,0.826,MONITOR
crack,5,0.583,1.406,14.46,0.1,179.95,60000.0,333.4,0.869,ENGINEERING_ASSESSMENT
corrosion,4,0.464,2.484,8.43,0.1,179.38,85000.0,473.9,0.921,MONITOR
thunderstrike,2,0.211,2.304,6.12,0.1,115.24,45000.0,390.5,0.913,ENGINEERING_ASSESSMENT
crack,2,0.725,4.755,3.0,0.16,189.05,85000.0,449.6,0.872,ENGINEERING_ASSESSMENT
crack,1,0.976,1.079,3.26,0.45,660.18,45000.0,68.2,0.91,ENGINEERING_ASSESSMENT
corrosion,3,0.698,1.148,5.73,0.19,156.16,60000.0,384.2,0.844,MONITOR
hide_craze,1,0.355,0.241,4.1,0.1,85.52,25000.0,292.3,0.724,MONITOR
crack,3,0.98,1.471,9.97,1.78,3025.79,25000.0,8.3,0.932,ENGINEERING_ASSESSMENT
thunderstrike,1,0.407,0.736,5.18,0.1,117.83,45000.0,381.9,0.736,ENGINEERING_ASSESSMENT
surface_injure,3,0.613,7.643,6.46,0.12,90.25,60000.0,664.8,0.922,MONITOR
corrosion,5,0.269,5.519,7.3,0.1,131.05,35000.0,267.1,0.908,MONITOR
thunderstrike,3,0.543,1.688,11.41,0.1,132.53,35000.0,264.1,0.963,ENGINEERING_ASSESSMENT
hide_craze,4,0.764,3.029,4.68,0.84,1411.68,45000.0,31.9,0.876,MONITOR
hide_craze,3,0.851,0.572,4.12,0.84,1275.63,25000.0,19.6,0.782,REPAIR
hide_craze,1,0.964,0.796,4.17,1.13,1029.64,35000.0,34.0,0.941,MONITOR
surface_injure,4,0.737,1.265,3.0,0.49,419.96,25000.0,59.5,0.757,MONITOR
thunderstrike,1,0.15,1.544,6.9,0.1,189.15,45000.0,237.9,0.769,ENGINEERING_ASSESSMENT
surface_injure,4,0.601,2.589,5.76,0.14,115.46,25000.0,216.5,0.878,MONITOR
crack,2,0.362,1.646,6.92,0.1,105.16,25000.0,237.7,0.979,ENGINEERING_ASSESSMENT
hide_craze,2,0.628,0.405,5.0,0.1,83.52,45000.0,538.8,0.978,MONITOR
hide_craze,1,0.477,1.061,6.24,0.1,109.87,45000.0,409.6,0.773,MONITOR
craze,4,0.519,0.597,5.51,0.1,186.04,45000.0,241.9,0.838,MONITOR
corrosion,3,0.516,5.488,6.88,0.1,148.14,85000.0,573.8,0.906,MONITOR
craze,3,0.943,2.771,5.63,1.43,1810.0,60000.0,33.1,0.802,REPAIR
surface_injure,2,0.754,0.597,4.54,0.25,236.53,25000.0,105.7,0.923,MONITOR
surface_injure,1,0.472,0.759,8.49,0.1,74.94,35000.0,467.0,0.893,MONITOR
craze,2,0.41,2.926,5.86,0.1,80.22,85000.0,1059.6,0.829,MONITOR
hide_craze,3,0.562,3.621,6.31,0.1,123.67,35000.0,283.0,0.798,MONITOR
crack,5,0.815,5.453,8.54,0.94,869.64,60000.0,69.0,0.964,ENGINEERING_ASSESSMENT
surface_injure,4,0.918,2.388,4.72,2.53,2382.73,45000.0,18.9,0.757,MONITOR
craze,1,0.696,1.0,6.7,0.1,85.08,35000.0,411.4,0.812,MONITOR
surface_injure,1,0.335,1.703,6.42,0.1,149.58,25000.0,167.1,0.874,MONITOR
surface_injure,5,0.362,0.932,3.99,0.1,116.53,25000.0,214.5,0.871,MONITOR
thunderstrike,4,0.4,0.647,4.41,0.1,127.02,25000.0,196.8,0.886,ENGINEERING_ASSESSMENT
crack,3,0.669,0.323,6.09,0.26,360.04,35000.0,97.2,0.969,ENGINEERING_ASSESSMENT
hide_craze,1,0.851,1.728,4.28,0.25,349.09,60000.0,171.9,0.795,MONITOR
craze,4,0.834,0.709,9.86,0.65,533.63,85000.0,159.3,0.832,MONITOR
hide_craze,3,0.853,0.856,6.53,0.86,901.74,45000.0,49.9,0.918,ENGINEERING_ASSESSMENT
surface_injure,2,0.785,0.327,7.64,0.42,363.25,60000.0,165.2,0.719,MONITOR
thunderstrike,3,0.249,0.915,5.75,0.1,131.4,45000.0,342.5,0.961,ENGINEERING_ASSESSMENT
corrosion,1,0.625,2.754,3.34,0.1,148.69,85000.0,571.7,0.813,MONITOR
crack,5,0.399,3.528,3.46,0.1,118.18,60000.0,507.7,0.923,ENGINEERING_ASSESSMENT
crack,2,0.828,0.363,9.09,0.32,554.62,25000.0,45.1,0.863,ENGINEERING_ASSESSMENT
thunderstrike,1,0.293,1.672,14.28,0.1,95.36,25000.0,262.2,0.958,ENGINEERING_ASSESSMENT
craze,1,0.777,4.502,7.1,0.1,184.14,45000.0,244.4,0.767,MONITOR
thunderstrike,1,0.365,1.666,5.55,0.1,175.13,60000.0,342.6,0.846,ENGINEERING_ASSESSMENT
surface_injure,4,0.396,5.985,10.41,0.1,129.06,35000.0,271.2,0.953,MONITOR
hide_craze,4,0.929,1.303,3.73,2.68,2572.91,60000.0,23.3,0.956,REPAIR
crack,1,0.442,0.368,4.42,0.1,209.38,85000.0,406.0,0.795,ENGINEERING_ASSESSMENT
surface_injure,1,0.547,8.794,11.11,0.1,127.95,45000.0,351.7,0.818,MONITOR
craze,2,0.822,9.282,6.94,0.75,767.4,25000.0,32.6,0.933,MONITOR
thunderstrike,3,0.488,1.753,9.02,0.1,114.04,25000.0,219.2,0.964,ENGINEERING_ASSESSMENT
surface_injure,2,0.385,0.372,13.49,0.1,148.09,45000.0,303.9,0.759,MONITOR
crack,5,0.34,6.306,3.0,0.1,82.91,85000.0,1025.2,0.969,ENGINEERING_ASSESSMENT
crack,1,0.399,3.353,3.76,0.1,131.83,60000.0,455.1,0.779,ENGINEERING_ASSESSMENT
thunderstrike,3,0.611,2.136,5.33,0.18,241.21,45000.0,186.6,0.952,ENGINEERING_ASSESSMENT
crack,3,0.309,0.238,5.1,0.1,95.34,85000.0,891.5,0.959,ENGINEERING_ASSESSMENT
crack,3,0.718,1.942,6.7,0.3,470.44,25000.0,53.1,0.918,ENGINEERING_ASSESSMENT
thunderstrike,4,0.856,1.258,8.02,1.55,1240.34,85000.0,68.5,0.872,ENGINEERING_ASSESSMENT
corrosion,2,0.62,4.222,5.3,0.1,67.9,25000.0,368.2,0.887,MONITOR
hide_craze,3,0.256,1.41,7.1,0.1,101.68,45000.0,442.6,0.847,MONITOR
craze,4,0.324,3.482,3.0,0.1,134.38,85000.0,632.5,0.811,MONITOR
hide_craze,1,0.957,1.885,3.51,0.58,729.57,45000.0,61.7,0.71,MONITOR
thunderstrike,1,0.238,0.844,3.86,0.1,63.73,35000.0,549.2,0.935,ENGINEERING_ASSESSMENT
craze,2,0.915,9.299,5.76,0.63,991.69,60000.0,60.5,0.767,MONITOR
crack,2,0.746,1.349,8.1,0.24,439.0,35000.0,79.7,0.748,ENGINEERING_ASSESSMENT
crack,4,0.852,0.572,3.0,2.17,2541.03,25000.0,9.8,0.772,ENGINEERING_ASSESSMENT
hide_craze,2,0.656,1.347,3.0,0.18,133.69,25000.0,187.0,0.942,MONITOR
thunderstrike,2,0.611,5.575,3.61,0.1,136.52,60000.0,439.5,0.913,ENGINEERING_ASSESSMENT
surface_injure,5,0.766,1.882,8.9,1.02,1105.91,45000.0,40.7,0.725,MONITOR
hide_craze,4,0.944,5.517,6.73,2.98,3775.5,85000.0,22.5,0.906,REPAIR
craze,1,0.823,0.424,5.12,0.14,183.67,35000.0,190.6,0.845,MONITOR
crack,3,0.216,1.882,5.84,0.1,77.84,85000.0,1092.0,0.803,ENGINEERING_ASSESSMENT
thunderstrike,2,0.863,9.678,3.55,0.55,819.11,45000.0,54.9,0.766,ENGINEERING_ASSESSMENT
crack,3,0.839,0.846,3.77,1.2,1814.17,85000.0,46.9,0.918,ENGINEERING_ASSESSMENT
surface_injure,1,0.895,0.351,4.49,0.45,307.24,25000.0,81.4,0.778,MONITOR
thunderstrike,4,0.447,0.267,6.48,0.1,131.48,35000.0,266.2,0.874,ENGINEERING_ASSESSMENT
surface_injure,3,0.761,3.774,7.21,0.44,525.69,25000.0,47.6,0.954,MONITOR
crack,2,0.98,1.896,7.82,1.02,660.91,25000.0,37.8,0.903,ENGINEERING_ASSESSMENT
thunderstrike,4,0.901,0.613,17.93,2.54,4766.63,85000.0,17.8,0.944,ENGINEERING_ASSESSMENT
surface_injure,1,0.633,1.071,5.57,0.1,148.46,45000.0,303.1,0.926,MONITOR
craze,3,0.944,5.661,7.01,1.88,2576.85,25000.0,9.7,0.796,REPAIR
craze,2,0.436,1.901,7.47,0.1,96.9,60000.0,619.2,0.946,MONITOR
hide_craze,5,0.632,1.375,10.74,0.36,361.78,25000.0,69.1,0.746,MONITOR
craze,1,0.419,1.879,5.73,0.1,142.23,60000.0,421.9,0.863,MONITOR
hide_craze,4,0.803,0.451,3.0,1.14,1257.32,45000.0,35.8,0.972,REPAIR
hide_craze,2,0.291,1.12,5.38,0.1,183.82,60000.0,326.4,0.881,MONITOR
surface_injure,5,0.553,1.734,3.0,0.2,201.28,60000.0,298.1,0.878,MONITOR
craze,5,0.922,2.094,10.46,2.6,3123.0,85000.0,27.2,0.815,REPAIR
corrosion,2,0.256,0.636,5.21,0.1,127.42,85000.0,667.1,0.867,MONITOR
hide_craze,4,0.369,0.699,6.1,0.1,94.43,60000.0,635.4,0.948,MONITOR
hide_craze,5,0.22,2.747,10.31,0.1,118.26,85000.0,718.8,0.886,MONITOR
hide_craze,3,0.219,1.492,4.49,0.1,77.25,25000.0,323.6,0.834,MONITOR
craze,1,0.392,1.061,3.0,0.1,86.6,45000.0,519.6,0.736,MONITOR
surface_injure,4,0.265,4.144,6.67,0.1,127.37,45000.0,353.3,0.941,MONITOR
thunderstrike,4,0.948,1.564,3.46,3.88,4144.01,25000.0,6.0,0.969,ENGINEERING_ASSESSMENT
crack,5,0.951,2.761,5.05,4.74,5051.52,85000.0,16.8,0.837,ENGINEERING_ASSESSMENT
craze,1,0.392,0.231,3.03,0.1,78.9,45000.0,570.3,0.971,MONITOR
thunderstrike,1,0.418,0.603,6.73,0.1,85.46,45000.0,526.6,0.779,ENGINEERING_ASSESSMENT
hide_craze,2,0.335,0.256,3.47,0.1,143.13,85000.0,593.9,0.784,MONITOR
crack,1,0.95,2.244,11.13,0.57,620.15,45000.0,72.6,0.967,ENGINEERING_ASSESSMENT
craze,3,0.213,1.946,9.53,0.1,149.39,45000.0,301.2,0.83,MONITOR
thunderstrike,1,0.823,3.292,4.84,0.34,405.81,35000.0,86.2,0.833,ENGINEERING_ASSESSMENT
surface_injure,1,0.559,1.571,9.12,0.1,93.28,45000.0,482.4,0.805,MONITOR
hide_craze,2,0.258,0.491,8.95,0.1,110.18,60000.0,544.6,0.838,MONITOR
crack,4,0.239,1.245,3.2,0.1,127.58,25000.0,196.0,0.86,ENGINEERING_ASSESSMENT
craze,1,0.64,0.982,3.94,0.1,199.66,25000.0,125.2,0.963,MONITOR
surface_injure,2,0.35,0.541,8.94,0.1,129.53,35000.0,270.2,0.948,MONITOR
hide_craze,2,0.922,2.912,3.14,1.09,819.89,60000.0,73.2,0.799,MONITOR
hide_craze,1,0.32,8.027,11.8,0.1,121.82,35000.0,287.3,0.973,MONITOR
thunderstrike,1,0.709,9.938,3.0,0.1,185.55,25000.0,134.7,0.734,ENGINEERING_ASSESSMENT
hide_craze,1,0.948,0.447,4.39,0.61,851.19,60000.0,70.5,0.718,MONITOR
crack,1,0.882,2.252,11.69,0.37,360.28,25000.0,69.4,0.847,ENGINEERING_ASSESSMENT
surface_injure,2,0.872,2.331,7.01,0.79,651.46,85000.0,130.5,0.802,MONITOR
surface_injure,3,0.501,0.343,3.4,0.1,109.75,85000.0,774.5,0.867,MONITOR
hide_craze,4,0.269,0.217,6.53,0.1,64.99,85000.0,1307.9,0.771,MONITOR
hide_craze,5,0.737,0.705,3.59,0.79,1049.6,35000.0,33.3,0.701,MONITOR
craze,4,0.907,0.505,7.3,2.94,4181.38,60000.0,14.3,0.949,MONITOR
thunderstrike,2,0.98,2.695,9.0,0.77,790.5,35000.0,44.3,0.941,ENGINEERING_ASSESSMENT
crack,2,0.331,3.328,8.58,0.1,200.59,45000.0,224.3,0.843,ENGINEERING_ASSESSMENT
crack,2,0.673,1.598,3.0,0.1,70.74,60000.0,848.2,0.971,ENGINEERING_ASSESSMENT
corrosion,1,0.373,0.743,3.14,0.1,147.18,85000.0,577.5,0.844,MONITOR
hide_craze,2,0.714,2.597,9.32,0.33,325.37,85000.0,261.2,0.71,MONITOR
crack,5,0.542,1.912,8.05,0.1,185.11,60000.0,324.1,0.802,ENGINEERING_ASSESSMENT
hide_craze,2,0.484,0.423,5.54,0.1,121.01,60000.0,495.8,0.859,MONITOR
hide_craze,5,0.345,2.407,3.85,0.1,162.2,25000.0,154.1,0.717,MONITOR
corrosion,4,0.886,2.216,9.17,1.19,969.95,85000.0,87.6,0.786,REPAIR
hide_craze,4,0.413,4.234,4.81,0.1,78.28,45000.0,574.9,0.974,MONITOR
hide_craze,3,0.251,1.08,8.44,0.1,208.54,25000.0,119.9,0.963,ENGINEERING_ASSESSMENT
craze,3,0.41,1.597,8.31,0.1,85.83,35000.0,407.8,0.824,MONITOR
craze,4,0.467,0.556,11.3,0.1,114.37,85000.0,743.2,0.72,MONITOR
thunderstrike,4,0.966,2.209,9.67,2.98,2378.89,85000.0,35.7,0.947,ENGINEERING_ASSESSMENT
surface_injure,3,0.407,0.67,8.73,0.1,126.98,25000.0,196.9,0.817,MONITOR
corrosion,2,0.521,3.338,3.0,0.1,83.25,85000.0,1021.0,0.732,MONITOR
corrosion,2,0.264,1.148,9.43,0.1,100.78,60000.0,595.4,0.844,MONITOR
surface_injure,5,0.866,2.287,3.0,1.95,2888.68,60000.0,20.8,0.936,REPAIR
craze,1,0.876,0.179,11.09,0.27,262.41,35000.0,133.4,0.938,MONITOR
surface_injure,5,0.733,3.389,14.15,0.61,684.51,45000.0,65.7,0.932,MONITOR
craze,1,0.318,1.054,4.15,0.1,212.67,25000.0,117.6,0.739,MONITOR
hide_craze,3,0.452,2.709,3.39,0.1,122.99,45000.0,365.9,0.8,MONITOR
thunderstrike,5,0.383,2.081,15.28,0.1,113.24,25000.0,220.8,0.968,ENGINEERING_ASSESSMENT
thunderstrike,2,0.696,1.334,5.43,0.17,216.64,35000.0,161.6,0.873,ENGINEERING_ASSESSMENT
hide_craze,2,0.722,5.177,3.0,0.19,203.24,25000.0,123.0,0.971,MONITOR
corrosion,5,0.597,1.152,4.1,0.16,221.63,45000.0,203.0,0.973,MONITOR
crack,3,0.942,5.28,4.75,0.99,1983.02,60000.0,30.3,0.818,ENGINEERING_ASSESSMENT
corrosion,3,0.798,3.233,12.05,0.58,644.21,60000.0,93.1,0.819,ENGINEERING_ASSESSMENT
thunderstrike,2,0.296,0.308,8.17,0.1,124.37,45000.0,361.8,0.752,ENGINEERING_ASSESSMENT
hide_craze,4,0.419,0.25,3.19,0.1,164.5,60000.0,364.7,0.903,ENGINEERING_ASSESSMENT
corrosion,1,0.535,4.507,4.97,0.1,127.53,35000.0,274.4,0.897,MONITOR
craze,1,0.414,0.633,6.41,0.1,120.37,85000.0,706.2,0.778,MONITOR
thunderstrike,4,0.27,0.907,9.88,0.1,152.79,85000.0,556.3,0.806,ENGINEERING_ASSESSMENT
craze,3,0.881,2.884,8.89,0.47,850.05,45000.0,52.9,0.918,MONITOR
crack,5,0.475,4.184,9.0,0.1,132.3,35000.0,264.6,0.826,ENGINEERING_ASSESSMENT
thunderstrike,4,0.267,1.139,5.44,0.1,114.24,85000.0,744.0,0.939,ENGINEERING_ASSESSMENT
thunderstrike,3,0.322,2.894,7.52,0.1,174.88,35000.0,200.1,0.973,ENGINEERING_ASSESSMENT
thunderstrike,5,0.724,4.639,7.17,0.75,609.72,85000.0,139.4,0.817,ENGINEERING_ASSESSMENT
hide_craze,4,0.48,0.635,5.0,0.1,69.37,60000.0,864.9,0.772,MONITOR
craze,1,0.252,2.771,3.0,0.1,118.25,60000.0,507.4,0.968,MONITOR
corrosion,3,0.552,10.213,7.82,0.1,133.23,45000.0,337.8,0.892,MONITOR
crack,1,0.337,1.058,7.98,0.1,101.07,85000.0,841.0,0.757,ENGINEERING_ASSESSMENT
crack,1,0.852,1.552,12.39,0.24,186.31,85000.0,456.2,0.961,ENGINEERING_ASSESSMENT
thunderstrike,3,0.228,0.955,14.73,0.1,152.75,85000.0,556.5,0.849,ENGINEERING_ASSESSMENT
hide_craze,5,0.384,1.653,4.41,0.1,216.62,60000.0,277.0,0.928,MONITOR
surface_injure,1,0.845,0.79,8.65,0.15,142.59,25000.0,175.3,0.797,ENGINEERING_ASSESSMENT
craze,2,0.879,2.18,8.81,0.49,444.75,85000.0,191.1,0.766,MONITOR
craze,2,0.387,0.54,9.72,0.1,123.68,35000.0,283.0,0.971,MONITOR
crack,3,0.86,3.29,5.92,1.51,1427.17,60000.0,42.0,0.936,ENGINEERING_ASSESSMENT
corrosion,2,0.642,2.428,8.5,0.1,131.78,85000.0,645.0,0.915,MONITOR
crack,4,0.368,2.699,11.16,0.1,93.09,35000.0,376.0,0.735,ENGINEERING_ASSESSMENT
craze,1,0.494,0.588,5.86,0.1,102.49,60000.0,585.4,0.781,MONITOR
hide_craze,4,0.661,8.088,5.62,0.45,430.86,25000.0,58.0,0.926,MONITOR
crack,3,0.205,3.401,4.67,0.1,105.99,60000.0,566.1,0.803,ENGINEERING_ASSESSMENT
surface_injure,5,0.84,1.147,12.01,2.9,3400.2,85000.0,25.0,0.822,REPAIR
surface_injure,1,0.853,0.697,5.56,0.26,246.2,45000.0,182.8,0.916,MONITOR
crack,3,0.899,0.867,12.98,0.88,1076.34,85000.0,79.0,0.757,ENGINEERING_ASSESSMENT
corrosion,5,0.713,2.969,3.23,0.72,873.74,85000.0,97.3,0.926,MONITOR
thunderstrike,1,0.83,0.391,10.61,0.25,413.04,25000.0,60.5,0.881,ENGINEERING_ASSESSMENT
surface_injure,2,0.837,0.986,6.89,0.52,482.56,85000.0,176.1,0.943,MONITOR
crack,3,0.717,0.458,15.9,0.41,478.24,85000.0,177.7,0.7,ENGINEERING_ASSESSMENT
hide_craze,2,0.921,4.016,6.45,1.0,1758.54,35000.0,19.9,0.956,MONITOR
craze,5,0.829,2.95,8.08,2.77,3432.19,60000.0,17.5,0.81,ENGINEERING_ASSESSMENT
surface_injure,1,0.859,2.642,5.54,0.32,666.11,85000.0,127.6,0.797,MONITOR
corrosion,1,0.732,1.341,7.56,0.14,182.11,85000.0,466.8,0.821,MONITOR
thunderstrike,2,0.495,0.357,4.84,0.1,153.99,35000.0,227.3,0.826,ENGINEERING_ASSESSMENT
thunderstrike,1,0.679,1.208,9.67,0.1,167.11,25000.0,149.6,0.84,ENGINEERING_ASSESSMENT
craze,2,0.646,3.999,3.0,0.1,117.71,60000.0,509.7,0.703,MONITOR
crack,2,0.921,4.366,6.67,0.89,895.46,35000.0,39.1,0.874,ENGINEERING_ASSESSMENT
craze,3,0.911,3.083,8.04,1.61,2297.4,35000.0,15.2,0.902,REPAIR
thunderstrike,1,0.872,5.414,5.42,0.26,172.98,35000.0,202.3,0.757,ENGINEERING_ASSESSMENT
hide_craze,2,0.337,1.149,3.0,0.1,140.47,25000.0,178.0,0.919,MONITOR
craze,2,0.381,1.142,7.48,0.1,169.29,35000.0,206.7,0.748,MONITOR
corrosion,1,0.814,4.098,8.19,0.19,166.54,45000.0,270.2,0.955,MONITOR
thunderstrike,5,0.236,3.06,7.64,0.1,70.02,85000.0,1213.9,0.955,ENGINEERING_ASSESSMENT
corrosion,1,0.248,2.353,5.03,0.1,130.49,85000.0,651.4,0.961,MONITOR
craze,2,0.599,0.796,12.76,0.1,169.65,85000.0,501.0,0.868,MONITOR
corrosion,4,0.452,2.089,5.03,0.1,143.83,60000.0,417.2,0.758,MONITOR
corrosion,2,0.833,6.473,8.49,0.46,710.13,35000.0,49.3,0.797,MONITOR
thunderstrike,5,0.722,2.133,5.04,0.91,1791.25,45000.0,25.1,0.745,ENGINEERING_ASSESSMENT
thunderstrike,5,0.368,1.742,5.63,0.1,171.34,45000.0,262.6,0.801,ENGINEERING_ASSESSMENT
corrosion,4,0.583,0.364,7.38,0.1,103.04,35000.0,339.7,0.92,MONITOR
crack,2,0.334,0.969,9.81,0.1,187.3,45000.0,240.3,0.86,ENGINEERING_ASSESSMENT
surface_injure,4,0.695,0.32,8.17,0.31,338.66,60000.0,177.2,0.824,MONITOR
corrosion,2,0.257,2.477,10.89,0.1,152.25,25000.0,164.2,0.776,MONITOR
surface_injure,3,0.655,1.486,3.7,0.22,317.41,45000.0,141.8,0.94,ENGINEERING_ASSESSMENT
surface_injure,5,0.417,2.703,3.52,0.1,71.4,25000.0,350.1,0.861,MONITOR
craze,4,0.273,1.752,4.23,0.1,197.85,60000.0,303.3,0.866,MONITOR
craze,1,0.619,1.656,12.71,0.1,102.61,25000.0,243.6,0.874,MONITOR
crack,3,0.592,5.257,3.16,0.1,87.03,35000.0,402.2,0.914,ENGINEERING_ASSESSMENT
craze,3,0.665,0.743,5.1,0.13,143.87,85000.0,590.8,0.864,MONITOR
crack,2,0.793,6.545,10.93,0.38,423.07,35000.0,82.7,0.871,ENGINEERING_ASSESSMENT
craze,2,0.593,0.818,8.25,0.1,121.87,35000.0,287.2,0.942,MONITOR
thunderstrike,3,0.616,1.148,3.0,0.1,117.27,85000.0,724.8,0.911,ENGINEERING_ASSESSMENT
crack,2,0.427,1.415,3.0,0.1,107.91,35000.0,324.3,0.958,ENGINEERING_ASSESSMENT
hide_craze,3,0.858,0.751,4.19,0.76,791.33,45000.0,56.9,0.724,REPAIR
thunderstrike,1,0.623,1.794,9.38,0.1,71.12,60000.0,843.6,0.914,ENGINEERING_ASSESSMENT
craze,3,0.748,0.222,8.53,0.3,389.32,35000.0,89.9,0.928,MONITOR
hide_craze,3,0.377,0.565,5.71,0.1,209.48,25000.0,119.3,0.94,ENGINEERING_ASSESSMENT
surface_injure,2,0.849,1.859,6.98,0.5,569.74,25000.0,43.9,0.799,MONITOR
craze,1,0.58,3.101,10.21,0.1,173.5,45000.0,259.4,0.949,MONITOR
surface_injure,3,0.611,0.807,8.36,0.15,221.18,45000.0,203.5,0.729,MONITOR
hide_craze,2,0.397,0.949,3.0,0.1,75.82,35000.0,461.6,0.729,MONITOR
corrosion,2,0.678,1.072,9.87,0.16,134.05,85000.0,634.1,0.959,MONITOR
craze,2,0.56,0.279,3.84,0.1,116.95,60000.0,513.0,0.896,MONITOR
surface_injure,4,0.942,0.51,6.09,2.83,4960.62,60000.0,12.1,0.906,REPAIR
craze,3,0.539,1.291,4.21,0.1,156.96,35000.0,223.0,0.891,MONITOR
corrosion,5,0.737,0.364,5.56,0.74,937.18,85000.0,90.7,0.755,MONITOR
surface_injure,2,0.713,1.211,6.87,0.13,108.75,35000.0,321.8,0.958,MONITOR
crack,1,0.435,0.958,6.61,0.1,85.86,85000.0,990.0,0.959,ENGINEERING_ASSESSMENT
crack,3,0.484,2.545,3.0,0.1,106.21,45000.0,423.7,0.886,ENGINEERING_ASSESSMENT
thunderstrike,3,0.717,2.474,3.93,0.41,481.77,25000.0,51.9,0.867,ENGINEERING_ASSESSMENT
craze,2,0.519,1.104,3.26,0.1,102.82,60000.0,583.5,0.88,MONITOR
craze,3,0.621,2.487,8.03,0.13,167.71,35000.0,208.7,0.853,MONITOR
crack,5,0.428,1.498,3.16,0.1,80.03,45000.0,562.3,0.977,ENGINEERING_ASSESSMENT
thunderstrike,3,0.9,2.482,3.26,1.6,1992.81,45000.0,22.6,0.897,ENGINEERING_ASSESSMENT
corrosion,4,0.98,2.913,5.41,3.5,4492.95,25000.0,5.6,0.831,REPAIR
corrosion,3,0.192,0.564,3.13,0.1,133.41,60000.0,449.7,0.846,MONITOR
corrosion,5,0.595,0.692,7.35,0.35,402.1,25000.0,62.2,0.961,ENGINEERING_ASSESSMENT
surface_injure,5,0.524,1.111,7.78,0.1,202.8,60000.0,295.9,0.89,MONITOR
surface_injure,3,0.829,1.417,5.35,0.72,938.62,85000.0,90.6,0.843,ENGINEERING_ASSESSMENT
crack,1,0.266,1.974,6.16,0.1,106.22,35000.0,329.5,0.827,ENGINEERING_ASSESSMENT
hide_craze,3,0.588,1.101,3.0,0.1,154.44,45000.0,291.4,0.91,MONITOR
craze,4,0.819,1.396,3.76,1.79,1820.04,60000.0,33.0,0.794,REPAIR
corrosion,2,0.696,2.385,7.12,0.12,237.88,85000.0,357.3,0.887,MONITOR
crack,4,0.882,6.296,7.37,3.02,3663.14,45000.0,12.3,0.876,ENGINEERING_ASSESSMENT
corrosion,3,0.404,1.831,8.43,0.1,93.71,25000.0,266.8,0.704,MONITOR
surface_injure,3,0.932,2.34,6.37,1.01,1161.35,85000.0,73.2,0.832,REPAIR
surface_injure,5,0.976,1.034,15.43,4.71,9678.48,25000.0,2.6,0.964,REPAIR
crack,1,0.864,0.913,7.24,0.19,300.29,45000.0,149.9,0.764,ENGINEERING_ASSESSMENT
corrosion,1,0.523,4.345,3.08,0.1,85.52,35000.0,409.3,0.842,MONITOR
craze,2,0.601,0.783,10.12,0.1,91.65,85000.0,927.4,0.948,MONITOR
surface_injure,1,0.706,2.857,7.47,0.1,125.27,35000.0,279.4,0.876,MONITOR
craze,3,0.435,1.173,3.0,0.1,177.26,25000.0,141.0,0.966,ENGINEERING_ASSESSMENT
hide_craze,4,0.9,5.288,6.21,2.04,2047.49,60000.0,29.3,0.935,REPAIR
hide_craze,3,0.498,3.027,12.16,0.1,152.27,85000.0,558.2,0.826,MONITOR
craze,3,0.313,1.47,4.43,0.1,209.75,45000.0,214.5,0.939,MONITOR
craze,2,0.18,0.437,4.58,0.1,177.75,35000.0,196.9,0.76,ENGINEERING_ASSESSMENT
craze,1,0.267,1.223,9.4,0.1,107.4,60000.0,558.7,0.9,ENGINEERING_ASSESSMENT
crack,2,0.876,9.191,6.75,0.82,1199.87,85000.0,70.8,0.863,ENGINEERING_ASSESSMENT
craze,5,0.407,2.127,8.68,0.1,84.84,45000.0,530.4,0.978,MONITOR
crack,2,0.527,0.443,7.3,0.1,108.13,85000.0,786.1,0.775,ENGINEERING_ASSESSMENT
corrosion,5,0.308,1.451,4.57,0.1,127.39,35000.0,274.7,0.978,MONITOR
thunderstrike,1,0.206,0.803,8.28,0.1,157.89,85000.0,538.3,0.961,ENGINEERING_ASSESSMENT
thunderstrike,3,0.489,0.944,4.38,0.1,116.72,25000.0,214.2,0.926,ENGINEERING_ASSESSMENT
crack,5,0.254,0.606,3.12,0.1,91.75,35000.0,381.5,0.946,ENGINEERING_ASSESSMENT
hide_craze,1,0.636,1.373,6.62,0.1,98.71,60000.0,607.8,0.974,MONITOR
crack,1,0.754,1.061,14.67,0.13,141.32,45000.0,318.4,0.912,ENGINEERING_ASSESSMENT
hide_craze,1,0.616,1.474,6.42,0.1,116.96,60000.0,513.0,0.835,MONITOR
hide_craze,5,0.913,0.703,8.93,2.8,4692.61,60000.0,12.8,0.929,REPAIR
corrosion,2,0.783,1.775,11.46,0.25,387.75,85000.0,219.2,0.79,MONITOR
craze,2,0.316,4.295,3.55,0.1,163.38,25000.0,153.0,0.718,MONITOR
hide_craze,2,0.531,1.078,3.0,0.1,77.8,25000.0,321.3,0.947,MONITOR
surface_injure,1,0.151,0.206,11.79,0.1,85.35,25000.0,292.9,0.76,MONITOR
hide_craze,1,0.812,2.075,3.0,0.16,192.99,25000.0,129.5,0.966,MONITOR
hide_craze,1,0.499,3.337,5.85,0.1,141.0,25000.0,177.3,0.845,MONITOR
hide_craze,3,0.875,0.357,9.65,1.17,910.62,85000.0,93.3,0.902,ENGINEERING_ASSESSMENT
corrosion,4,0.249,0.462,4.16,0.1,76.12,25000.0,328.4,0.742,MONITOR
hide_craze,1,0.211,3.281,3.33,0.1,159.0,45000.0,283.0,0.898,MONITOR
surface_injure,3,0.408,2.908,6.62,0.1,128.51,85000.0,661.4,0.904,MONITOR
thunderstrike,5,0.871,2.504,11.03,3.79,5831.25,25000.0,4.3,0.788,ENGINEERING_ASSESSMENT
surface_injure,1,0.93,3.234,6.31,0.63,944.52,35000.0,37.1,0.826,MONITOR
craze,4,0.705,0.658,9.11,0.31,641.95,85000.0,132.4,0.862,ENGINEERING_ASSESSMENT
crack,1,0.69,0.985,11.1,0.1,145.23,35000.0,241.0,0.872,ENGINEERING_ASSESSMENT
thunderstrike,3,0.357,0.743,9.47,0.1,149.32,25000.0,167.4,0.803,ENGINEERING_ASSESSMENT
surface_injure,5,0.772,5.825,9.63,0.89,1134.18,35000.0,30.9,0.943,MONITOR
corrosion,1,0.781,3.242,3.52,0.15,235.75,85000.0,360.6,0.781,MONITOR
crack,1,0.451,1.141,7.71,0.1,133.55,45000.0,337.0,0.709,ENGINEERING_ASSESSMENT
corrosion,5,0.785,1.946,4.05,0.99,1519.47,85000.0,55.9,0.761,MONITOR
surface_injure,3,0.98,0.385,10.43,2.09,3370.02,85000.0,25.2,0.732,REPAIR
corrosion,2,0.239,0.854,14.6,0.1,99.67,35000.0,351.2,0.854,MONITOR
craze,1,0.438,5.88,3.88,0.1,126.51,35000.0,276.7,0.763,MONITOR
thunderstrike,4,0.534,1.792,6.81,0.1,153.52,35000.0,228.0,0.952,ENGINEERING_ASSESSMENT
thunderstrike,4,0.649,3.897,7.75,0.16,254.68,35000.0,137.4,0.705,ENGINEERING_ASSESSMENT
crack,3,0.65,4.831,13.48,0.17,240.56,85000.0,353.3,0.951,ENGINEERING_ASSESSMENT
corrosion,3,0.98,3.427,5.18,2.5,2949.93,45000.0,15.3,0.835,REPAIR
craze,3,0.661,4.337,7.58,0.12,121.38,45000.0,370.7,0.792,MONITOR
corrosion,2,0.675,10.157,11.06,0.16,235.37,45000.0,191.2,0.768,MONITOR
surface_injure,4,0.545,0.978,8.02,0.1,154.1,35000.0,227.1,0.975,MONITOR
thunderstrike,4,0.77,2.267,8.24,0.99,949.03,45000.0,47.4,0.954,ENGINEERING_ASSESSMENT
crack,3,0.915,4.761,4.58,1.62,1965.48,35000.0,17.8,0.707,ENGINEERING_ASSESSMENT
corrosion,1,0.66,8.936,6.46,0.11,96.71,85000.0,878.9,0.819,MONITOR
thunderstrike,3,0.547,2.531,8.87,0.1,108.53,45000.0,414.6,0.864,ENGINEERING_ASSESSMENT
craze,1,0.476,0.741,3.49,0.1,72.6,60000.0,826.4,0.774,ENGINEERING_ASSESSMENT
thunderstrike,2,0.495,2.899,4.08,0.1,87.85,45000.0,512.2,0.717,ENGINEERING_ASSESSMENT
surface_injure,1,0.812,0.915,4.19,0.15,278.09,45000.0,161.8,0.903,MONITOR
corrosion,1,0.445,1.607,4.81,0.1,114.26,25000.0,218.8,0.717,MONITOR
thunderstrike,2,0.893,3.581,3.16,1.17,1321.84,60000.0,45.4,0.73,ENGINEERING_ASSESSMENT
